Household_ID;Group;AffectsTimePoint;Timestamp;kWh_received_Total;kWh_received_HeatPump;kWh_received_Other;kWh_returned_Total;kvarh_received_capacitive_Total;kvarh_received_capacitive_HeatPump;kvarh_received_capacitive_Other;kvarh_received_inductive_Total;kvarh_received_inductive_HeatPump;kvarh_received_inductive_Other
108511;treatment;before visit;2018-11-02 23:59:59+00:00;36.45;27.26;9.19;;;;;;;
108511;treatment;before visit;2018-11-03 23:59:59+00:00;35.33;26.94;8.39;;;;;;;
108511;treatment;before visit;2018-11-04 23:59:59+00:00;36.61;27.05;9.56;;;;;;;
108511;treatment;before visit;2018-11-05 23:59:59+00:00;41.49;31.65;9.84;;;;;;;
108511;treatment;before visit;2018-11-06 23:59:59+00:00;41.0;32.5;8.5;;;;;;;
108511;treatment;before visit;2018-11-07 23:59:59+00:00;43.27;33.59;9.68;;;;;;;
108511;treatment;before visit;2018-11-08 23:59:59+00:00;40.04;31.77;8.27;;;;;;;
108511;treatment;before visit;2018-11-09 23:59:59+00:00;40.16;30.28;9.88;;;;;;;
108511;treatment;before visit;2018-11-10 23:59:59+00:00;41.08;31.48;9.6;;;;;;;
108511;treatment;before visit;2018-11-11 23:59:59+00:00;39.92;30.71;9.21;;;;;;;
108511;treatment;before visit;2018-11-12 23:59:59+00:00;44.01;32.88;11.13;;;;;;;
108511;treatment;before visit;2018-11-13 23:59:59+00:00;42.6;31.98;10.62;;;;;;;
108511;treatment;before visit;2018-11-14 23:59:59+00:00;46.51;34.86;11.65;;;;;;;
108511;treatment;before visit;2018-11-15 23:59:59+00:00;42.83;33.55;9.28;;;;;;;
108511;treatment;before visit;2018-11-16 23:59:59+00:00;47.56;36.52;11.04;;;;;;;
108511;treatment;before visit;2018-11-17 23:59:59+00:00;48.36;39.34;9.02;;;;;;;
108511;treatment;before visit;2018-11-18 23:59:59+00:00;54.74;45.79;8.95;;;;;;;
108511;treatment;before visit;2018-11-19 23:59:59+00:00;56.96;43.84;13.12;;;;;;;
108511;treatment;before visit;2018-11-20 23:59:59+00:00;54.23;44.45;9.78;;;;;;;
108511;treatment;before visit;2018-11-21 23:59:59+00:00;59.04;48.08;10.96;;;;;;;
108511;treatment;before visit;2018-11-22 23:59:59+00:00;55.4;45.5;9.9;;;;;;;
108511;treatment;before visit;2018-11-23 23:59:59+00:00;48.8;38.71;10.09;;;;;;;
108511;treatment;before visit;2018-11-24 23:59:59+00:00;43.87;34.54;9.33;;;;;;;
108511;treatment;before visit;2018-11-25 23:59:59+00:00;49.32;38.67;10.65;;;;;;;
108511;treatment;before visit;2018-11-26 23:59:59+00:00;52.59;39.87;12.72;;;;;;;
108511;treatment;before visit;2018-11-27 23:59:59+00:00;51.6;43.01;8.59;;;;;;;
108511;treatment;before visit;2018-11-28 23:59:59+00:00;56.21;46.18;10.03;;;;;;;
108511;treatment;before visit;2018-11-29 23:59:59+00:00;53.85;43.73;10.12;;;;;;;
108511;treatment;before visit;2018-11-30 23:59:59+00:00;55.0;43.73;11.27;;;;;;;
108511;treatment;before visit;2018-12-01 23:59:59+00:00;48.49;38.8;9.69;;;;;;;
108511;treatment;before visit;2018-12-02 23:59:59+00:00;46.68;37.3;9.38;;;;;;;
108511;treatment;before visit;2018-12-03 23:59:59+00:00;44.26;33.86;10.4;;;;;;;
108511;treatment;before visit;2018-12-04 23:59:59+00:00;43.19;33.18;10.01;;;;;;;
108511;treatment;before visit;2018-12-05 23:59:59+00:00;45.3;35.26;10.04;;;;;;;
108511;treatment;before visit;2018-12-06 23:59:59+00:00;43.81;34.3;9.51;;;;;;;
108511;treatment;before visit;2018-12-07 23:59:59+00:00;45.33;32.81;12.52;;;;;;;
108511;treatment;before visit;2018-12-08 23:59:59+00:00;47.33;36.63;10.7;;;;;;;
108511;treatment;before visit;2018-12-09 23:59:59+00:00;47.44;38.16;9.28;;;;;;;
108511;treatment;before visit;2018-12-10 23:59:59+00:00;53.07;42.36;10.71;;;;;;;
108511;treatment;before visit;2018-12-11 23:59:59+00:00;60.57;49.22;11.35;;;;;;;
108511;treatment;before visit;2018-12-12 23:59:59+00:00;63.53;53.24;10.29;;;;;;;
108511;treatment;before visit;2018-12-13 23:59:59+00:00;63.02;54.29;8.73;;;;;;;
108511;treatment;before visit;2018-12-14 23:59:59+00:00;66.56;54.61;11.95;;;;;;;
108511;treatment;before visit;2018-12-15 23:59:59+00:00;61.5;52.56;8.94;;;;;;;
108511;treatment;before visit;2018-12-16 23:59:59+00:00;59.27;51.24;8.03;;;;;;;
108511;treatment;before visit;2018-12-17 23:59:59+00:00;63.74;51.95;11.79;;;;;;;
108511;treatment;before visit;2018-12-18 23:59:59+00:00;58.41;50.9;7.51;;;;;;;
108511;treatment;before visit;2018-12-19 23:59:59+00:00;56.72;46.64;10.08;;;;;;;
108511;treatment;before visit;2018-12-20 23:59:59+00:00;57.35;45.0;12.35;;;;;;;
108511;treatment;before visit;2018-12-21 23:59:59+00:00;49.46;38.45;11.01;;;;;;;
108511;treatment;before visit;2018-12-22 23:59:59+00:00;43.15;35.21;7.94;;;;;;;
108511;treatment;before visit;2018-12-23 23:59:59+00:00;42.99;31.59;11.4;;;;;;;
108511;treatment;before visit;2018-12-24 23:59:59+00:00;36.64;30.2;6.44;;;;;;;
108511;treatment;before visit;2018-12-25 23:59:59+00:00;48.96;38.86;10.1;;;;;;;
108511;treatment;before visit;2018-12-26 23:59:59+00:00;56.6;45.07;11.53;;;;;;;
108511;treatment;before visit;2018-12-27 23:59:59+00:00;55.02;44.67;10.35;;;;;;;
108511;treatment;before visit;2018-12-28 23:59:59+00:00;50.13;41.84;8.29;;;;;;;
108511;treatment;before visit;2018-12-29 23:59:59+00:00;51.81;42.06;9.75;;;;;;;
108511;treatment;before visit;2018-12-30 23:59:59+00:00;52.25;41.64;10.61;;;;;;;
108511;treatment;before visit;2018-12-31 23:59:59+00:00;47.85;37.14;10.71;;;;;;;
108511;treatment;before visit;2019-01-01 23:59:59+00:00;42.45;33.7;8.75;;;;;;;
108511;treatment;before visit;2019-01-02 23:59:59+00:00;51.79;41.33;10.46;;;;;;;
108511;treatment;before visit;2019-01-03 23:59:59+00:00;54.09;45.44;8.65;;;;;;;
108511;treatment;before visit;2019-01-04 23:59:59+00:00;55.88;47.55;8.33;;;;;;;
108511;treatment;before visit;2019-01-05 23:59:59+00:00;55.92;44.75;11.17;;;;;;;
108511;treatment;before visit;2019-01-06 23:59:59+00:00;56.58;48.77;7.81;;;;;;;
108511;treatment;before visit;2019-01-07 23:59:59+00:00;62.98;51.76;11.22;;;;;;;
108511;treatment;before visit;2019-01-08 23:59:59+00:00;61.36;50.28;11.08;;;;;;;
108511;treatment;before visit;2019-01-09 23:59:59+00:00;64.4;53.66;10.74;;;;;;;
108511;treatment;before visit;2019-01-10 23:59:59+00:00;62.8;53.43;9.37;;;;;;;
108511;treatment;before visit;2019-01-11 23:59:59+00:00;64.41;55.17;9.24;;;;;;;
108511;treatment;before visit;2019-01-12 23:59:59+00:00;62.14;53.52;8.62;;;;;;;
108511;treatment;before visit;2019-01-13 23:59:59+00:00;60.15;50.36;9.79;;;;;;;
108511;treatment;before visit;2019-01-14 23:59:59+00:00;61.68;50.65;11.03;;;;;;;
108511;treatment;before visit;2019-01-15 23:59:59+00:00;59.21;50.01;9.2;;;;;;;
108511;treatment;before visit;2019-01-16 23:59:59+00:00;67.21;56.64;10.57;;;;;;;
108511;treatment;before visit;2019-01-17 23:59:59+00:00;59.54;50.23;9.31;;;;;;;
108511;treatment;before visit;2019-01-18 23:59:59+00:00;62.76;53.05;9.71;;;;;;;
108511;treatment;before visit;2019-01-19 23:59:59+00:00;65.96;55.77;10.19;;;;;;;
108511;treatment;before visit;2019-01-20 23:59:59+00:00;62.77;55.75;7.02;;;;;;;
108511;treatment;before visit;2019-01-21 23:59:59+00:00;65.98;56.45;9.53;;;;;;;
108511;treatment;before visit;2019-01-22 23:59:59+00:00;64.36;55.13;9.23;;;;;;;
108511;treatment;before visit;2019-01-23 23:59:59+00:00;67.79;58.04;9.75;;;;;;;
108511;treatment;before visit;2019-01-24 23:59:59+00:00;65.19;56.44;8.75;;;;;;;
108511;treatment;before visit;2019-01-25 23:59:59+00:00;65.67;56.38;9.29;;;;;;;
108511;treatment;before visit;2019-01-26 23:59:59+00:00;63.05;53.71;9.34;;;;;;;
108511;treatment;before visit;2019-01-27 23:59:59+00:00;62.22;52.44;9.78;;;;;;;
108511;treatment;before visit;2019-01-28 23:59:59+00:00;62.58;53.65;8.93;;;;;;;
108511;treatment;before visit;2019-01-29 23:59:59+00:00;62.4;54.11;8.29;;;;;;;
108511;treatment;before visit;2019-01-30 23:59:59+00:00;64.27;55.94;8.33;;;;;;;
108511;treatment;before visit;2019-01-31 23:59:59+00:00;64.36;55.2;9.16;;;;;;;
108511;treatment;before visit;2019-02-01 23:59:59+00:00;62.06;52.01;10.05;;;;;;;
108511;treatment;before visit;2019-02-02 23:59:59+00:00;61.81;51.16;10.65;;;;;;;
108511;treatment;before visit;2019-02-03 23:59:59+00:00;64.53;55.71;8.82;;;;;;;
108511;treatment;before visit;2019-02-04 23:59:59+00:00;67.9;55.77;12.13;;;;;;;
108511;treatment;before visit;2019-02-05 23:59:59+00:00;67.53;59.18;8.35;;;;;;;
108511;treatment;before visit;2019-02-06 23:59:59+00:00;65.26;56.57;8.69;;;;;;;
108511;treatment;before visit;2019-02-07 23:59:59+00:00;62.44;54.61;7.83;;;;;;;
108511;treatment;before visit;2019-02-08 23:59:59+00:00;61.74;53.74;8.0;;;;;;;
108511;treatment;before visit;2019-02-09 23:59:59+00:00;56.44;48.03;8.41;;;;;;;
108511;treatment;before visit;2019-02-10 23:59:59+00:00;54.44;45.49;8.95;;;;;;;
108511;treatment;before visit;2019-02-11 23:59:59+00:00;62.02;52.39;9.63;;;;;;;
108511;treatment;before visit;2019-02-12 23:59:59+00:00;60.07;51.09;8.98;;;;;;;
108511;treatment;before visit;2019-02-13 23:59:59+00:00;60.73;52.3;8.43;;;;;;;
108511;treatment;before visit;2019-02-14 23:59:59+00:00;58.56;50.38;8.18;;;;;;;
108511;treatment;before visit;2019-02-15 23:59:59+00:00;56.23;48.8;7.43;;;;;;;
108511;treatment;before visit;2019-02-16 23:59:59+00:00;57.68;48.39;9.29;;;;;;;
108511;treatment;before visit;2019-02-17 23:59:59+00:00;46.67;42.65;4.02;;;;;;;
108511;treatment;before visit;2019-02-18 23:59:59+00:00;45.2;42.5;2.7;;;;;;;
108511;treatment;before visit;2019-02-19 23:59:59+00:00;44.76;42.18;2.58;;;;;;;
108511;treatment;before visit;2019-02-20 23:59:59+00:00;43.04;40.47;2.57;;;;;;;
108511;treatment;before visit;2019-02-21 23:59:59+00:00;42.46;39.91;2.55;;;;;;;
108511;treatment;before visit;2019-02-22 23:59:59+00:00;38.56;35.97;2.59;;;;;;;
108511;treatment;before visit;2019-02-23 23:59:59+00:00;43.76;39.11;4.65;;;;;;;
108511;treatment;before visit;2019-02-24 23:59:59+00:00;53.44;46.18;7.26;;;;;;;
108511;treatment;before visit;2019-02-25 23:59:59+00:00;53.67;43.63;10.04;;;;;;;
108511;treatment;before visit;2019-02-26 23:59:59+00:00;48.65;41.84;6.81;;;;;;;
108511;treatment;before visit;2019-02-27 23:59:59+00:00;45.31;37.43;7.88;;;;;;;
108511;treatment;before visit;2019-02-28 23:59:59+00:00;39.69;32.4;7.29;;;;;;;
108511;treatment;before visit;2019-03-01 23:59:59+00:00;45.89;37.24;8.65;;;;;;;
108511;treatment;before visit;2019-03-02 23:59:59+00:00;47.06;37.62;9.44;;;;;;;
108511;treatment;before visit;2019-03-03 23:59:59+00:00;40.23;32.72;7.51;;;;;;;
108511;treatment;before visit;2019-03-04 23:59:59+00:00;48.78;39.47;9.31;;;;;;;
108511;treatment;before visit;2019-03-05 23:59:59+00:00;47.66;39.39;8.27;;;;;;;
108511;treatment;before visit;2019-03-06 23:59:59+00:00;46.8;38.8;8.0;;;;;;;
108511;treatment;before visit;2019-03-07 23:59:59+00:00;44.11;35.28;8.83;;;;;;;
108511;treatment;before visit;2019-03-08 23:59:59+00:00;49.27;40.29;8.98;;;;;;;
108511;treatment;before visit;2019-03-09 23:59:59+00:00;45.46;37.8;7.66;;;;;;;
108511;treatment;before visit;2019-03-10 23:59:59+00:00;42.93;33.74;9.19;;;;;;;
108511;treatment;before visit;2019-03-11 23:59:59+00:00;55.66;46.43;9.23;;;;;;;
108511;treatment;before visit;2019-03-12 23:59:59+00:00;50.45;42.37;8.08;;;;;;;
108511;treatment;before visit;2019-03-13 23:59:59+00:00;52.88;43.24;9.64;;;;;;;
108511;treatment;before visit;2019-03-14 23:59:59+00:00;52.91;43.94;8.97;;;;;;;
108511;treatment;before visit;2019-03-15 23:59:59+00:00;51.0;41.76;9.24;;;;;;;
108511;treatment;before visit;2019-03-16 23:59:59+00:00;38.1;28.58;9.52;;;;;;;
108511;treatment;before visit;2019-03-17 23:59:59+00:00;42.87;35.29;7.58;;;;;;;
108511;treatment;before visit;2019-03-18 23:59:59+00:00;57.05;48.14;8.91;;;;;;;
108511;treatment;before visit;2019-03-19 23:59:59+00:00;49.04;41.23;7.81;;;;;;;
108511;treatment;before visit;2019-03-20 23:59:59+00:00;47.66;40.05;7.61;;;;;;;
108511;treatment;before visit;2019-03-21 23:59:59+00:00;42.08;34.66;7.42;;;;;;;
108511;treatment;before visit;2019-03-22 23:59:59+00:00;33.75;26.03;7.72;;;;;;;
108511;treatment;before visit;2019-03-23 23:59:59+00:00;17.24;11.06;6.18;;;;;;;
108511;treatment;before visit;2019-03-24 23:59:59+00:00;17.05;10.9;6.15;;;;;;;
108511;treatment;before visit;2019-03-25 23:59:59+00:00;22.13;11.51;10.62;;;;;;;
108511;treatment;before visit;2019-03-26 23:59:59+00:00;44.81;36.3;8.51;;;;;;;
108511;treatment;before visit;2019-03-27 23:59:59+00:00;51.91;43.64;8.27;;;;;;;
108511;treatment;before visit;2019-03-28 23:59:59+00:00;45.75;37.08;8.67;;;;;;;
108511;treatment;before visit;2019-03-29 23:59:59+00:00;37.32;30.81;6.51;;;;;;;
108511;treatment;before visit;2019-03-30 23:59:59+00:00;34.1;26.58;7.52;;;;;;;
108511;treatment;before visit;2019-03-31 23:59:59+00:00;32.82;26.31;6.51;;;;;;;
108511;treatment;before visit;2019-04-01 23:59:59+00:00;38.5;28.58;9.92;;;;;;;
108511;treatment;before visit;2019-04-02 23:59:59+00:00;29.36;22.6;6.76;;;;;;;
108511;treatment;before visit;2019-04-03 23:59:59+00:00;34.32;25.62;8.7;;;;;;;
108511;treatment;before visit;2019-04-04 23:59:59+00:00;51.11;43.12;7.99;;;;;;;
108511;treatment;before visit;2019-04-05 23:59:59+00:00;50.68;42.99;7.69;;;;;;;
108511;treatment;before visit;2019-04-06 23:59:59+00:00;43.16;36.08;7.08;;;;;;;
108511;treatment;before visit;2019-04-07 23:59:59+00:00;40.55;35.1;5.45;;;;;;;
108511;treatment;before visit;2019-04-08 23:59:59+00:00;43.14;33.79;9.35;;;;;;;
108511;treatment;before visit;2019-04-09 23:59:59+00:00;36.63;29.32;7.31;;;;;;;
108511;treatment;before visit;2019-04-10 23:59:59+00:00;45.3;35.01;10.29;;;;;;;
108511;treatment;before visit;2019-04-11 23:59:59+00:00;46.12;36.64;9.48;;;;;;;
108511;treatment;before visit;2019-04-12 23:59:59+00:00;39.98;34.01;5.97;;;;;;;
108511;treatment;before visit;2019-04-13 23:59:59+00:00;44.14;36.05;8.09;;;;;;;
108511;treatment;before visit;2019-04-14 23:59:59+00:00;53.05;45.86;7.19;;;;;;;
108511;treatment;before visit;2019-04-15 23:59:59+00:00;50.5;41.13;9.37;;;;;;;
108511;treatment;before visit;2019-04-16 23:59:59+00:00;33.83;27.73;6.1;;;;;;;
108511;treatment;before visit;2019-04-17 23:59:59+00:00;32.51;25.41;7.1;;;;;;;
108511;treatment;before visit;2019-04-18 23:59:59+00:00;25.34;19.1;6.24;;;;;;;
108511;treatment;before visit;2019-04-19 23:59:59+00:00;23.78;16.96;6.82;;;;;;;
108511;treatment;before visit;2019-04-20 23:59:59+00:00;18.11;9.84;8.27;;;;;;;
108511;treatment;before visit;2019-04-21 23:59:59+00:00;14.71;10.46;4.25;;;;;;;
108511;treatment;before visit;2019-04-22 23:59:59+00:00;19.7;11.04;8.66;;;;;;;
108511;treatment;before visit;2019-04-23 23:59:59+00:00;15.74;10.52;5.22;;;;;;;
108511;treatment;before visit;2019-04-24 23:59:59+00:00;16.91;10.85;6.06;;;;;;;
108511;treatment;before visit;2019-04-25 23:59:59+00:00;16.05;10.23;5.82;;;;;;;
108511;treatment;before visit;2019-04-26 23:59:59+00:00;37.8;28.08;9.72;;;;;;;
108511;treatment;before visit;2019-04-27 23:59:59+00:00;40.51;32.9;7.61;;;;;;;
108511;treatment;before visit;2019-04-28 23:59:59+00:00;39.93;32.84;7.09;;;;;;;
108511;treatment;before visit;2019-04-29 23:59:59+00:00;44.43;36.38;8.05;;;;;;;
108511;treatment;before visit;2019-04-30 23:59:59+00:00;38.53;32.7;5.83;;;;;;;
108511;treatment;before visit;2019-05-01 23:59:59+00:00;35.26;26.34;8.92;;;;;;;
108511;treatment;before visit;2019-05-02 23:59:59+00:00;31.71;24.14;7.57;;;;;;;
108511;treatment;before visit;2019-05-03 23:59:59+00:00;34.94;29.8;5.14;;;;;;;
108511;treatment;before visit;2019-05-04 23:59:59+00:00;40.76;35.39;5.37;;;;;;;
108511;treatment;before visit;2019-05-05 23:59:59+00:00;44.5;38.4;6.1;;;;;;;
108511;treatment;before visit;2019-05-06 23:59:59+00:00;44.98;38.66;6.32;;;;;;;
108511;treatment;before visit;2019-05-07 23:59:59+00:00;33.6;27.59;6.01;;;;;;;
108511;treatment;before visit;2019-05-08 23:59:59+00:00;39.84;33.69;6.15;;;;;;;
108511;treatment;before visit;2019-05-09 23:59:59+00:00;36.4;29.0;7.4;;;;;;;
108511;treatment;before visit;2019-05-10 23:59:59+00:00;33.26;25.85;7.41;;;;;;;
108511;treatment;before visit;2019-05-11 23:59:59+00:00;33.96;26.52;7.44;;;;;;;
108511;treatment;before visit;2019-05-12 23:59:59+00:00;33.03;25.9;7.13;;;;;;;
108511;treatment;before visit;2019-05-13 23:59:59+00:00;34.88;28.28;6.6;;;;;;;
108511;treatment;before visit;2019-05-14 23:59:59+00:00;31.09;23.6;7.49;;;;;;;
108511;treatment;before visit;2019-05-15 23:59:59+00:00;33.18;26.93;6.25;;;;;;;
108511;treatment;before visit;2019-05-16 23:59:59+00:00;32.51;26.31;6.2;;;;;;;
108511;treatment;before visit;2019-05-17 23:59:59+00:00;26.87;19.87;7.0;;;;;;;
108511;treatment;before visit;2019-05-18 23:59:59+00:00;25.95;18.6;7.35;;;;;;;
108511;treatment;before visit;2019-05-19 23:59:59+00:00;24.33;18.79;5.54;;;;;;;
108511;treatment;before visit;2019-05-20 23:59:59+00:00;34.01;26.16;7.85;;;;;;;
108511;treatment;before visit;2019-05-21 23:59:59+00:00;33.26;27.52;5.74;;;;;;;
108511;treatment;before visit;2019-05-22 23:59:59+00:00;29.35;21.1;8.25;;;;;;;
108511;treatment;before visit;2019-05-23 23:59:59+00:00;20.96;14.82;6.14;;;;;;;
108511;treatment;before visit;2019-05-24 23:59:59+00:00;18.86;12.92;5.94;;;;;;;
108511;treatment;before visit;2019-05-25 23:59:59+00:00;15.59;9.4;6.19;;;;;;;
108511;treatment;before visit;2019-05-26 23:59:59+00:00;16.63;11.17;5.46;;;;;;;
108511;treatment;before visit;2019-05-27 23:59:59+00:00;17.61;10.76;6.85;;;;;;;
108511;treatment;before visit;2019-05-28 23:59:59+00:00;18.49;10.52;7.97;;;;;;;
108511;treatment;before visit;2019-05-29 23:59:59+00:00;34.62;29.25;5.37;;;;;;;
108511;treatment;before visit;2019-05-30 23:59:59+00:00;27.47;21.69;5.78;;;;;;;
108511;treatment;before visit;2019-05-31 23:59:59+00:00;22.54;15.31;7.23;;;;;;;
108511;treatment;before visit;2019-06-01 23:59:59+00:00;14.17;8.71;5.46;;;;;;;
108511;treatment;before visit;2019-06-02 23:59:59+00:00;17.71;12.24;5.47;;;;;;;
108511;treatment;before visit;2019-06-03 23:59:59+00:00;15.49;10.1;5.39;;;;;;;
108511;treatment;before visit;2019-06-04 23:59:59+00:00;16.86;9.58;7.28;;;;;;;
108511;treatment;before visit;2019-06-05 23:59:59+00:00;15.74;9.04;6.7;;;;;;;
108511;treatment;before visit;2019-06-06 23:59:59+00:00;13.86;7.24;6.62;;;;;;;
108511;treatment;before visit;2019-06-07 23:59:59+00:00;16.57;9.17;7.4;;;;;;;
108511;treatment;before visit;2019-06-08 23:59:59+00:00;16.02;10.1;5.92;;;;;;;
108511;treatment;before visit;2019-06-09 23:59:59+00:00;16.58;9.59;6.99;;;;;;;
108511;treatment;before visit;2019-06-10 23:59:59+00:00;23.85;16.53;7.32;;;;;;;
108511;treatment;before visit;2019-06-11 23:59:59+00:00;30.33;24.28;6.05;;;;;;;
108511;treatment;before visit;2019-06-12 23:59:59+00:00;27.1;20.15;6.95;;;;;;;
108511;treatment;before visit;2019-06-13 23:59:59+00:00;17.18;10.16;7.02;;;;;;;
108511;treatment;before visit;2019-06-14 23:59:59+00:00;16.35;9.22;7.13;;;;;;;
108511;treatment;before visit;2019-06-15 23:59:59+00:00;18.79;10.1;8.69;;;;;;;
108511;treatment;before visit;2019-06-16 23:59:59+00:00;16.69;10.6;6.09;;;;;;;
108511;treatment;before visit;2019-06-17 23:59:59+00:00;19.14;12.27;6.87;;;;;;;
108511;treatment;before visit;2019-06-18 23:59:59+00:00;15.85;9.78;6.07;;;;;;;
108511;treatment;before visit;2019-06-19 23:59:59+00:00;17.71;10.86;6.85;;;;;;;
108511;treatment;before visit;2019-06-20 23:59:59+00:00;15.16;8.54;6.62;;;;;;;
108511;treatment;before visit;2019-06-21 23:59:59+00:00;16.29;10.54;5.75;;;;;;;
108511;treatment;before visit;2019-06-22 23:59:59+00:00;17.06;10.95;6.11;;;;;;;
108511;treatment;before visit;2019-06-23 23:59:59+00:00;18.44;12.25;6.19;;;;;;;
108511;treatment;before visit;2019-06-24 23:59:59+00:00;19.25;11.78;7.47;;;;;;;
108511;treatment;before visit;2019-06-25 23:59:59+00:00;16.65;8.92;7.73;;;;;;;
108511;treatment;before visit;2019-06-26 23:59:59+00:00;16.32;9.73;6.59;;;;;;;
108511;treatment;before visit;2019-06-27 23:59:59+00:00;15.69;8.01;7.68;;;;;;;
108511;treatment;before visit;2019-06-28 23:59:59+00:00;16.05;8.52;7.53;;;;;;;
108511;treatment;before visit;2019-06-29 23:59:59+00:00;14.9;8.24;6.66;;;;;;;
108511;treatment;before visit;2019-06-30 23:59:59+00:00;14.88;9.13;5.75;;;;;;;
108511;treatment;before visit;2019-07-01 23:59:59+00:00;17.8;10.23;7.57;;;;;;;
108511;treatment;before visit;2019-07-02 23:59:59+00:00;14.82;8.18;6.64;;;;;;;
108511;treatment;before visit;2019-07-03 23:59:59+00:00;15.7;9.21;6.49;;;;;;;
108511;treatment;before visit;2019-07-04 23:59:59+00:00;15.53;8.26;7.27;;;;;;;
108511;treatment;before visit;2019-07-05 23:59:59+00:00;14.68;8.58;6.1;;;;;;;
108511;treatment;before visit;2019-07-06 23:59:59+00:00;14.67;7.69;6.98;;;;;;;
108511;treatment;before visit;2019-07-07 23:59:59+00:00;14.75;9.17;5.58;;;;;;;
108511;treatment;before visit;2019-07-08 23:59:59+00:00;17.83;10.52;7.31;;;;;;;
108511;treatment;before visit;2019-07-09 23:59:59+00:00;15.27;10.51;4.76;;;;;;;
108511;treatment;before visit;2019-07-10 23:59:59+00:00;17.3;11.02;6.28;;;;;;;
108511;treatment;before visit;2019-07-11 23:59:59+00:00;15.24;8.86;6.38;;;;;;;
108511;treatment;before visit;2019-07-12 23:59:59+00:00;16.04;10.01;6.03;;;;;;;
108511;treatment;before visit;2019-07-13 23:59:59+00:00;15.67;10.38;5.29;;;;;;;
108511;treatment;before visit;2019-07-14 23:59:59+00:00;15.46;10.83;4.63;;;;;;;
108511;treatment;before visit;2019-07-15 23:59:59+00:00;17.05;10.54;6.51;;;;;;;
108511;treatment;before visit;2019-07-16 23:59:59+00:00;18.53;12.09;6.44;;;;;;;
108511;treatment;before visit;2019-07-17 23:59:59+00:00;13.76;10.35;3.41;;;;;;;
108511;treatment;before visit;2019-07-18 23:59:59+00:00;10.76;8.15;2.61;;;;;;;
108511;treatment;before visit;2019-07-19 23:59:59+00:00;10.72;8.1;2.62;;;;;;;
108511;treatment;before visit;2019-07-20 23:59:59+00:00;10.86;8.18;2.68;;;;;;;
108511;treatment;before visit;2019-07-21 23:59:59+00:00;11.55;8.85;2.7;;;;;;;
108511;treatment;before visit;2019-07-22 23:59:59+00:00;11.07;8.31;2.76;;;;;;;
108511;treatment;before visit;2019-07-23 23:59:59+00:00;11.88;9.1;2.78;;;;;;;
108511;treatment;before visit;2019-07-24 23:59:59+00:00;10.84;7.88;2.96;;;;;;;
108511;treatment;before visit;2019-07-25 23:59:59+00:00;14.39;10.06;4.33;;;;;;;
108511;treatment;before visit;2019-07-26 23:59:59+00:00;18.58;10.54;8.04;;;;;;;
108511;treatment;before visit;2019-07-27 23:59:59+00:00;15.26;8.28;6.98;;;;;;;
108511;treatment;before visit;2019-07-28 23:59:59+00:00;17.93;8.55;9.38;;;;;;;
108511;treatment;before visit;2019-07-29 23:59:59+00:00;18.8;11.34;7.46;;;;;;;
108511;treatment;before visit;2019-07-30 23:59:59+00:00;14.87;9.8;5.07;;;;;;;
108511;treatment;before visit;2019-07-31 23:59:59+00:00;14.51;9.25;5.26;;;;;;;
108511;treatment;before visit;2019-08-01 23:59:59+00:00;12.54;8.66;3.88;;;;;;;
108511;treatment;before visit;2019-08-02 23:59:59+00:00;15.07;9.26;5.81;;;;;;;
108511;treatment;before visit;2019-08-03 23:59:59+00:00;16.63;9.58;7.05;;;;;;;
108511;treatment;before visit;2019-08-04 23:59:59+00:00;19.71;11.36;8.35;;;;;;;
108511;treatment;before visit;2019-08-05 23:59:59+00:00;15.0;9.12;5.88;;;;;;;
108511;treatment;before visit;2019-08-06 23:59:59+00:00;14.96;7.88;7.08;;;;;;;
108511;treatment;before visit;2019-08-07 23:59:59+00:00;18.94;9.39;9.55;;;;;;;
108511;treatment;before visit;2019-08-08 23:59:59+00:00;17.68;10.79;6.89;;;;;;;
108511;treatment;before visit;2019-08-09 23:59:59+00:00;17.18;10.29;6.89;;;;;;;
108511;treatment;before visit;2019-08-10 23:59:59+00:00;17.0;8.08;8.92;;;;;;;
108511;treatment;before visit;2019-08-11 23:59:59+00:00;18.83;11.26;7.57;;;;;;;
108511;treatment;before visit;2019-08-12 23:59:59+00:00;18.48;9.61;8.87;;;;;;;
108511;treatment;before visit;2019-08-13 23:59:59+00:00;20.05;11.21;8.84;;;;;;;
108511;treatment;before visit;2019-08-14 23:59:59+00:00;20.49;11.88;8.61;;;;;;;
108511;treatment;before visit;2019-08-15 23:59:59+00:00;20.9;10.3;10.6;;;;;;;
108511;treatment;before visit;2019-08-16 23:59:59+00:00;19.23;10.31;8.92;;;;;;;
108511;treatment;before visit;2019-08-17 23:59:59+00:00;17.31;9.85;7.46;;;;;;;
108511;treatment;before visit;2019-08-18 23:59:59+00:00;21.53;11.98;9.55;;;;;;;
108511;treatment;before visit;2019-08-19 23:59:59+00:00;25.14;12.7;12.44;;;;;;;
108511;treatment;before visit;2019-08-20 23:59:59+00:00;20.12;10.2;9.92;;;;;;;
108511;treatment;before visit;2019-08-21 23:59:59+00:00;23.12;12.87;10.25;;;;;;;
108511;treatment;before visit;2019-08-22 23:59:59+00:00;19.7;10.98;8.72;;;;;;;
108511;treatment;before visit;2019-08-23 23:59:59+00:00;20.79;12.18;8.61;;;;;;;
108511;treatment;before visit;2019-08-24 23:59:59+00:00;19.71;11.33;8.38;;;;;;;
108511;treatment;before visit;2019-08-25 23:59:59+00:00;20.85;11.93;8.92;;;;;;;
108511;treatment;before visit;2019-08-26 23:59:59+00:00;18.35;9.5;8.85;;;;;;;
108511;treatment;before visit;2019-08-27 23:59:59+00:00;16.89;8.42;8.47;;;;;;;
108511;treatment;before visit;2019-08-28 23:59:59+00:00;20.22;10.22;10.0;;;;;;;
108511;treatment;before visit;2019-08-29 23:59:59+00:00;19.2;8.68;10.52;;;;;;;
108511;treatment;before visit;2019-08-30 23:59:59+00:00;16.56;9.04;7.52;;;;;;;
108511;treatment;before visit;2019-08-31 23:59:59+00:00;18.28;9.13;9.15;;;;;;;
108511;treatment;before visit;2019-09-01 23:59:59+00:00;16.58;9.18;7.4;;;;;;;
108511;treatment;before visit;2019-09-02 23:59:59+00:00;21.54;10.17;11.37;;;;;;;
108511;treatment;before visit;2019-09-03 23:59:59+00:00;16.92;11.5;5.42;;;;;;;
108511;treatment;before visit;2019-09-04 23:59:59+00:00;19.06;11.41;7.65;;;;;;;
108511;treatment;before visit;2019-09-05 23:59:59+00:00;17.28;8.8;8.48;;;;;;;
108511;treatment;before visit;2019-09-06 23:59:59+00:00;19.57;9.7;9.87;;;;;;;
108511;treatment;before visit;2019-09-07 23:59:59+00:00;21.81;12.26;9.55;;;;;;;
108511;treatment;before visit;2019-09-08 23:59:59+00:00;19.18;12.91;6.27;;;;;;;
108511;treatment;before visit;2019-09-09 23:59:59+00:00;30.27;24.4;5.87;;;;;;;
108511;treatment;before visit;2019-09-10 23:59:59+00:00;29.64;21.94;7.7;;;;;;;
108511;treatment;before visit;2019-09-11 23:59:59+00:00;23.44;17.67;5.77;;;;;;;
108511;treatment;before visit;2019-09-12 23:59:59+00:00;21.85;15.38;6.47;;;;;;;
108511;treatment;before visit;2019-09-13 23:59:59+00:00;16.06;10.24;5.82;;;;;;;
108511;treatment;before visit;2019-09-14 23:59:59+00:00;16.87;9.8;7.07;;;;;;;
108511;treatment;before visit;2019-09-15 23:59:59+00:00;17.28;10.78;6.5;;;;;;;
108511;treatment;before visit;2019-09-16 23:59:59+00:00;16.61;10.21;6.4;;;;;;;
108511;treatment;before visit;2019-09-17 23:59:59+00:00;14.19;8.42;5.77;;;;;;;
108511;treatment;before visit;2019-09-18 23:59:59+00:00;16.7;10.23;6.47;;;;;;;
108511;treatment;before visit;2019-09-19 23:59:59+00:00;22.23;16.52;5.71;;;;;;;
108511;treatment;before visit;2019-09-20 23:59:59+00:00;27.13;20.05;7.08;;;;;;;
108511;treatment;before visit;2019-09-21 23:59:59+00:00;25.24;18.51;6.73;;;;;;;
108511;treatment;before visit;2019-09-22 23:59:59+00:00;21.23;16.01;5.22;;;;;;;
108511;treatment;before visit;2019-09-23 23:59:59+00:00;18.57;10.39;8.18;;;;;;;
108511;treatment;before visit;2019-09-24 23:59:59+00:00;32.3;25.21;7.09;;;;;;;
108511;treatment;before visit;2019-09-25 23:59:59+00:00;29.04;20.8;8.24;;;;;;;
108511;treatment;before visit;2019-09-26 23:59:59+00:00;26.18;19.51;6.67;;;;;;;
108511;treatment;before visit;2019-09-27 23:59:59+00:00;23.04;15.62;7.42;;;;;;;
108511;treatment;before visit;2019-09-28 23:59:59+00:00;19.22;10.93;8.29;;;;;;;
108511;treatment;before visit;2019-09-29 23:59:59+00:00;22.03;17.64;4.39;;;;;;;
108511;treatment;before visit;2019-09-30 23:59:59+00:00;21.48;12.51;8.97;;;;;;;
108511;treatment;before visit;2019-10-01 23:59:59+00:00;22.46;15.42;7.04;;;;;;;
108511;treatment;before visit;2019-10-02 23:59:59+00:00;29.89;23.1;6.79;;;;;;;
108511;treatment;before visit;2019-10-03 23:59:59+00:00;34.16;26.24;7.92;;;;;;;
108511;treatment;before visit;2019-10-04 23:59:59+00:00;36.08;30.1;5.98;;;;;;;
108511;treatment;before visit;2019-10-05 23:59:59+00:00;35.53;27.01;8.52;;;;;;;
108511;treatment;before visit;2019-10-06 23:59:59+00:00;34.82;26.88;7.94;;;;;;;
108511;treatment;before visit;2019-10-07 23:59:59+00:00;35.41;28.34;7.07;;;;;;;
108511;treatment;before visit;2019-10-08 23:59:59+00:00;33.65;26.21;7.44;;;;;;;
108511;treatment;before visit;2019-10-09 23:59:59+00:00;36.16;27.07;9.09;;;;;;;
108511;treatment;before visit;2019-10-10 23:59:59+00:00;32.88;27.41;5.47;;;;;;;
108511;treatment;before visit;2019-10-11 23:59:59+00:00;31.96;25.51;6.45;;;;;;;
108511;treatment;before visit;2019-10-12 23:59:59+00:00;28.96;20.29;8.67;;;;;;;
108511;treatment;before visit;2019-10-13 23:59:59+00:00;25.76;19.44;6.32;;;;;;;
108511;treatment;before visit;2019-10-14 23:59:59+00:00;22.08;17.4;4.68;;;;;;;
108511;treatment;before visit;2019-10-15 23:59:59+00:00;31.13;21.78;9.35;;;;;;;
108511;treatment;before visit;2019-10-16 23:59:59+00:00;29.54;23.28;6.26;;;;;;;
108511;treatment;before visit;2019-10-17 23:59:59+00:00;30.15;22.19;7.96;;;;;;;
108511;treatment;before visit;2019-10-18 23:59:59+00:00;30.2;21.59;8.61;;;;;;;
108511;treatment;before visit;2019-10-19 23:59:59+00:00;29.33;22.12;7.21;;;;;;;
108511;treatment;before visit;2019-10-20 23:59:59+00:00;32.73;25.02;7.71;;;;;;;
108511;treatment;before visit;2019-10-21 23:59:59+00:00;32.06;23.94;8.12;;;;;;;
108511;treatment;before visit;2019-10-22 23:59:59+00:00;37.2;28.85;8.35;;;;;;;
108511;treatment;before visit;2019-10-23 23:59:59+00:00;37.61;27.9;9.71;;;;;;;
108511;treatment;before visit;2019-10-24 23:59:59+00:00;34.31;26.62;7.69;;;;;;;
108511;treatment;before visit;2019-10-25 23:59:59+00:00;35.41;26.48;8.93;;;;;;;
108511;treatment;before visit;2019-10-26 23:59:59+00:00;35.29;27.41;7.88;;;;;;;
108511;treatment;before visit;2019-10-27 23:59:59+00:00;34.51;27.86;6.65;;;;;;;
108511;treatment;before visit;2019-10-28 23:59:59+00:00;42.13;29.85;12.28;;;;;;;
108511;treatment;before visit;2019-10-29 23:59:59+00:00;40.79;34.08;6.71;;;;;;;
108511;treatment;before visit;2019-10-30 23:59:59+00:00;46.55;38.03;8.52;;;;;;;
108511;treatment;before visit;2019-10-31 23:59:59+00:00;44.56;37.15;7.41;;;;;;;
108511;treatment;before visit;2019-11-01 23:59:59+00:00;42.99;34.61;8.38;;;;;;;
108511;treatment;before visit;2019-11-02 23:59:59+00:00;37.78;28.83;8.95;;;;;;;
108511;treatment;before visit;2019-11-03 23:59:59+00:00;38.22;31.59;6.63;;;;;;;
108511;treatment;before visit;2019-11-04 23:59:59+00:00;43.47;34.62;8.85;;;;;;;
108511;treatment;before visit;2019-11-05 23:59:59+00:00;42.72;34.03;8.69;;;;;;;
108511;treatment;before visit;2019-11-06 23:59:59+00:00;47.38;38.32;9.06;;;;;;;
108511;treatment;before visit;2019-11-07 23:59:59+00:00;46.69;39.85;6.84;;;;;;;
108511;treatment;before visit;2019-11-08 23:59:59+00:00;52.54;44.55;7.99;;;;;;;
108511;treatment;before visit;2019-11-09 23:59:59+00:00;55.95;46.54;9.41;;;;;;;
108511;treatment;before visit;2019-11-10 23:59:59+00:00;57.03;49.89;7.14;;;;;;;
108511;treatment;before visit;2019-11-11 23:59:59+00:00;53.45;45.45;8.0;;;;;;;
108511;treatment;before visit;2019-11-12 23:59:59+00:00;55.77;47.44;8.33;;;;;;;
108511;treatment;before visit;2019-11-13 23:59:59+00:00;57.61;48.61;9.0;;;;;;;
108511;treatment;before visit;2019-11-14 23:59:59+00:00;57.78;48.82;8.96;;;;;;;
108511;treatment;before visit;2019-11-15 23:59:59+00:00;56.82;46.9;9.92;;;;;;;
108511;treatment;before visit;2019-11-16 23:59:59+00:00;55.63;47.56;8.07;;;;;;;
108511;treatment;before visit;2019-11-17 23:59:59+00:00;55.31;47.59;7.72;;;;;;;
108511;treatment;before visit;2019-11-18 23:59:59+00:00;55.55;47.53;8.02;;;;;;;
108511;treatment;before visit;2019-11-19 23:59:59+00:00;61.21;50.25;10.96;;;;;;;
108511;treatment;before visit;2019-11-20 23:59:59+00:00;58.55;47.75;10.8;;;;;;;
108511;treatment;before visit;2019-11-21 23:59:59+00:00;53.82;44.62;9.2;;;;;;;
108511;treatment;before visit;2019-11-22 23:59:59+00:00;54.53;45.51;9.02;;;;;;;
108511;treatment;before visit;2019-11-23 23:59:59+00:00;55.38;46.69;8.69;;;;;;;
108511;treatment;before visit;2019-11-24 23:59:59+00:00;49.84;41.38;8.46;;;;;;;
108511;treatment;before visit;2019-11-25 23:59:59+00:00;48.64;39.06;9.58;;;;;;;
108511;treatment;before visit;2019-11-26 23:59:59+00:00;45.56;38.04;7.52;;;;;;;
108511;treatment;before visit;2019-11-27 23:59:59+00:00;41.19;32.62;8.57;;;;;;;
108511;treatment;before visit;2019-11-28 23:59:59+00:00;39.18;29.46;9.72;;;;;;;
108511;treatment;before visit;2019-11-29 23:59:59+00:00;41.42;33.17;8.25;;;;;;;
108511;treatment;before visit;2019-11-30 23:59:59+00:00;56.64;47.85;8.79;;;;;;;
108511;treatment;before visit;2019-12-01 23:59:59+00:00;60.85;51.87;8.98;;;;;;;
108511;treatment;before visit;2019-12-02 23:59:59+00:00;61.32;51.35;9.97;;;;;;;
108511;treatment;before visit;2019-12-03 23:59:59+00:00;61.31;52.56;8.75;;;;;;;
108511;treatment;before visit;2019-12-04 23:59:59+00:00;65.32;55.84;9.48;;;;;;;
108511;treatment;before visit;2019-12-05 23:59:59+00:00;61.0;52.82;8.18;;;;;;;
108511;treatment;before visit;2019-12-06 23:59:59+00:00;63.79;55.53;8.26;;;;;;;
108511;treatment;before visit;2019-12-07 23:59:59+00:00;53.27;45.22;8.05;;;;;;;
108511;treatment;before visit;2019-12-08 23:59:59+00:00;53.62;45.35;8.27;;;;;;;
108511;treatment;before visit;2019-12-09 23:59:59+00:00;55.19;45.05;10.14;;;;;;;
108511;treatment;before visit;2019-12-10 23:59:59+00:00;56.05;48.68;7.37;;;;;;;
108511;treatment;before visit;2019-12-11 23:59:59+00:00;66.28;55.98;10.3;;;;;;;
108511;treatment;before visit;2019-12-12 23:59:59+00:00;65.7;56.42;9.28;;;;;;;
108511;treatment;before visit;2019-12-13 23:59:59+00:00;58.88;51.5;7.38;;;;;;;
108511;treatment;before visit;2019-12-14 23:59:59+00:00;52.57;46.92;5.65;;;;;;;
108511;treatment;before visit;2019-12-15 23:59:59+00:00;51.73;41.91;9.82;;;;;;;
108511;treatment;before visit;2019-12-16 23:59:59+00:00;57.55;49.12;8.43;;;;;;;
108511;treatment;before visit;2019-12-17 23:59:59+00:00;55.37;45.83;9.54;;;;;;;
108511;treatment;before visit;2019-12-18 23:59:59+00:00;46.72;32.35;14.37;;;;;;;
108511;treatment;before visit;2019-12-19 23:59:59+00:00;48.18;39.45;8.73;;;;;;;
108511;treatment;before visit;2019-12-20 23:59:59+00:00;61.67;53.83;7.84;;;;;;;
108511;treatment;before visit;2019-12-21 23:59:59+00:00;62.74;51.88;10.86;;;;;;;
108511;treatment;before visit;2019-12-22 23:59:59+00:00;64.38;51.59;12.79;;;;;;;
108511;treatment;before visit;2019-12-23 23:59:59+00:00;55.28;47.72;7.56;;;;;;;
108511;treatment;before visit;2019-12-24 23:59:59+00:00;60.13;48.82;11.31;;;;;;;
108511;treatment;before visit;2019-12-25 23:59:59+00:00;55.6;48.09;7.51;;;;;;;
108511;treatment;before visit;2019-12-26 23:59:59+00:00;58.75;50.26;8.49;;;;;;;
108511;treatment;before visit;2019-12-27 23:59:59+00:00;59.86;49.44;10.42;;;;;;;
108511;treatment;before visit;2019-12-28 23:59:59+00:00;59.99;50.5;9.49;;;;;;;
108511;treatment;before visit;2019-12-29 23:59:59+00:00;64.46;54.29;10.17;;;;;;;
108511;treatment;before visit;2019-12-30 23:59:59+00:00;64.81;56.26;8.55;;;;;;;
108511;treatment;before visit;2019-12-31 23:59:59+00:00;64.94;55.62;9.32;;;;;;;
108511;treatment;before visit;2020-01-01 23:59:59+00:00;65.9;56.53;9.37;;;;;;;
108511;treatment;before visit;2020-01-02 23:59:59+00:00;64.67;56.17;8.5;;;;;;;
108511;treatment;before visit;2020-01-03 23:59:59+00:00;60.82;54.51;6.31;;;;;;;
108511;treatment;before visit;2020-01-04 23:59:59+00:00;62.06;53.84;8.22;;;;;;;
108511;treatment;before visit;2020-01-05 23:59:59+00:00;62.97;55.77;7.2;;;;;;;
108511;treatment;before visit;2020-01-06 23:59:59+00:00;64.51;56.08;8.43;;;;;;;
108511;treatment;before visit;2020-01-07 23:59:59+00:00;64.32;55.68;8.64;;;;;;;
108511;treatment;before visit;2020-01-08 23:59:59+00:00;65.18;55.91;9.27;;;;;;;
108511;treatment;before visit;2020-01-09 23:59:59+00:00;61.32;52.88;8.44;;;;;;;
108511;treatment;before visit;2020-01-10 23:59:59+00:00;59.04;51.45;7.59;;;;;;;
108511;treatment;before visit;2020-01-11 23:59:59+00:00;59.02;51.01;8.01;;;;;;;
108511;treatment;before visit;2020-01-12 23:59:59+00:00;59.62;52.63;6.99;;;;;;;
108511;treatment;before visit;2020-01-13 23:59:59+00:00;65.05;55.74;9.31;;;;;;;
108511;treatment;before visit;2020-01-14 23:59:59+00:00;61.42;54.76;6.66;;;;;;;
108511;treatment;before visit;2020-01-15 23:59:59+00:00;61.99;53.73;8.26;;;;;;;
108511;treatment;before visit;2020-01-16 23:59:59+00:00;59.52;51.64;7.88;;;;;;;
108511;treatment;before visit;2020-01-17 23:59:59+00:00;64.06;54.26;9.8;;;;;;;
108511;treatment;before visit;2020-01-18 23:59:59+00:00;63.18;54.33;8.85;;;;;;;
108511;treatment;before visit;2020-01-19 23:59:59+00:00;60.6;53.47;7.13;;;;;;;
108511;treatment;before visit;2020-01-20 23:59:59+00:00;64.89;56.64;8.25;;;;;;;
108511;treatment;before visit;2020-01-21 23:59:59+00:00;63.98;57.05;6.93;;;;;;;
108511;treatment;before visit;2020-01-22 23:59:59+00:00;67.01;57.79;9.22;;;;;;;
108511;treatment;before visit;2020-01-23 23:59:59+00:00;66.42;57.1;9.32;;;;;;;
108511;treatment;before visit;2020-01-24 23:59:59+00:00;65.04;57.21;7.83;;;;;;;
108511;treatment;before visit;2020-01-25 23:59:59+00:00;64.52;57.47;7.05;;;;;;;
108511;treatment;before visit;2020-01-26 23:59:59+00:00;62.66;55.54;7.12;;;;;;;
108511;treatment;before visit;2020-01-27 23:59:59+00:00;63.17;55.67;7.5;;;;;;;
108511;treatment;before visit;2020-01-28 23:59:59+00:00;59.89;51.97;7.92;;;;;;;
108511;treatment;before visit;2020-01-29 23:59:59+00:00;60.61;52.83;7.78;;;;;;;
108511;treatment;before visit;2020-01-30 23:59:59+00:00;59.81;51.19;8.62;;;;;;;
108511;treatment;before visit;2020-01-31 23:59:59+00:00;55.52;47.6;7.92;;;;;;;
108511;treatment;before visit;2020-02-01 23:59:59+00:00;50.85;43.33;7.52;;;;;;;
108511;treatment;before visit;2020-02-02 23:59:59+00:00;45.19;37.02;8.17;;;;;;;
108511;treatment;before visit;2020-02-03 23:59:59+00:00;41.33;33.2;8.13;;;;;;;
108511;treatment;before visit;2020-02-04 23:59:59+00:00;49.97;41.82;8.15;;;;;;;
108511;treatment;before visit;2020-02-05 23:59:59+00:00;56.82;49.48;7.34;;;;;;;
108511;treatment;before visit;2020-02-06 23:59:59+00:00;58.69;49.38;9.31;;;;;;;
108511;treatment;before visit;2020-02-07 23:59:59+00:00;59.95;51.42;8.53;;;;;;;
108511;treatment;before visit;2020-02-08 23:59:59+00:00;60.34;54.1;6.24;;;;;;;
108511;treatment;before visit;2020-02-09 23:59:59+00:00;55.55;49.01;6.54;;;;;;;
108511;treatment;before visit;2020-02-10 23:59:59+00:00;45.21;38.77;6.44;;;;;;;
108511;treatment;before visit;2020-02-11 23:59:59+00:00;52.37;44.74;7.63;;;;;;;
108511;treatment;before visit;2020-02-12 23:59:59+00:00;56.78;49.34;7.44;;;;;;;
108511;treatment;before visit;2020-02-13 23:59:59+00:00;54.63;48.63;6.0;;;;;;;
108511;treatment;before visit;2020-02-14 23:59:59+00:00;55.28;46.73;8.55;;;;;;;
108511;treatment;before visit;2020-02-15 23:59:59+00:00;55.43;46.79;8.64;;;;;;;
108511;treatment;before visit;2020-02-16 23:59:59+00:00;51.27;43.3;7.97;;;;;;;
108511;treatment;before visit;2020-02-17 23:59:59+00:00;49.08;40.26;8.82;;;;;;;
108511;treatment;before visit;2020-02-18 23:59:59+00:00;48.99;42.84;6.15;;;;;;;
108511;treatment;before visit;2020-02-19 23:59:59+00:00;53.7;47.26;6.44;;;;;;;
108511;treatment;before visit;2020-02-20 23:59:59+00:00;46.77;40.76;6.01;;;;;;;
108511;treatment;before visit;2020-02-21 23:59:59+00:00;47.38;41.28;6.1;;;;;;;
108511;treatment;before visit;2020-02-22 23:59:59+00:00;46.8;39.99;6.81;;;;;;;
108511;treatment;before visit;2020-02-23 23:59:59+00:00;40.47;32.83;7.64;;;;;;;
108511;treatment;before visit;2020-02-24 23:59:59+00:00;34.62;27.18;7.44;;;;;;;
108511;treatment;before visit;2020-02-25 23:59:59+00:00;42.74;36.89;5.85;;;;;;;
108511;treatment;before visit;2020-02-26 23:59:59+00:00;56.23;48.8;7.43;;;;;;;
108511;treatment;before visit;2020-02-27 23:59:59+00:00;57.85;50.21;7.64;;;;;;;
108511;treatment;before visit;2020-02-28 23:59:59+00:00;52.02;44.0;8.02;;;;;;;
108511;treatment;before visit;2020-02-29 23:59:59+00:00;50.03;42.39;7.64;;;;;;;
108511;treatment;before visit;2020-03-01 23:59:59+00:00;42.4;33.79;8.61;;;;;;;
108511;treatment;before visit;2020-03-02 23:59:59+00:00;54.05;45.84;8.21;;;;;;;
108511;treatment;before visit;2020-03-03 23:59:59+00:00;49.94;42.8;7.14;;;;;;;
108511;treatment;before visit;2020-03-04 23:59:59+00:00;49.84;43.4;6.44;;;;;;;
108511;treatment;before visit;2020-03-05 23:59:59+00:00;53.24;44.16;9.08;;;;;;;
108511;treatment;before visit;2020-03-06 23:59:59+00:00;53.84;44.8;9.04;;;;;;;
108511;treatment;before visit;2020-03-07 23:59:59+00:00;56.08;47.36;8.72;;;;;;;
108511;treatment;before visit;2020-03-08 23:59:59+00:00;49.14;43.02;6.12;;;;;;;
108511;treatment;before visit;2020-03-09 23:59:59+00:00;53.74;44.37;9.37;;;;;;;
108511;treatment;before visit;2020-03-10 23:59:59+00:00;52.99;45.85;7.14;;;;;;;
108511;treatment;before visit;2020-03-11 23:59:59+00:00;45.66;38.13;7.53;;;;;;;
108511;treatment;before visit;2020-03-12 23:59:59+00:00;40.06;32.27;7.79;;;;;;;
108511;treatment;before visit;2020-03-13 23:59:59+00:00;40.63;34.08;6.55;;;;;;;
108511;treatment;before visit;2020-03-14 23:59:59+00:00;46.15;39.37;6.78;;;;;;;
108511;treatment;before visit;2020-03-15 23:59:59+00:00;42.85;35.71;7.14;;;;;;;
108511;treatment;before visit;2020-03-16 23:59:59+00:00;38.38;30.86;7.52;;;;;;;
108511;treatment;before visit;2020-03-17 23:59:59+00:00;32.92;26.59;6.33;;;;;;;
108511;treatment;before visit;2020-03-18 23:59:59+00:00;31.38;25.53;5.85;;;;;;;
108511;treatment;before visit;2020-03-19 23:59:59+00:00;30.12;23.0;7.12;;;;;;;
108511;treatment;before visit;2020-03-20 23:59:59+00:00;31.67;24.14;7.53;;;;;;;
108511;treatment;before visit;2020-03-21 23:59:59+00:00;44.07;35.13;8.94;;;;;;;
108511;treatment;before visit;2020-03-22 23:59:59+00:00;46.52;40.74;5.78;;;;;;;
108511;treatment;before visit;2020-03-23 23:59:59+00:00;49.3;41.28;8.02;;;;;;;
108511;treatment;before visit;2020-03-24 23:59:59+00:00;48.34;40.64;7.7;;;;;;;
108511;treatment;before visit;2020-03-25 23:59:59+00:00;44.47;38.71;5.76;;;;;;;
108511;treatment;before visit;2020-03-26 23:59:59+00:00;47.64;41.28;6.36;;;;;;;
108511;treatment;before visit;2020-03-27 23:59:59+00:00;43.58;35.45;8.13;;;;;;;
108511;treatment;before visit;2020-03-28 23:59:59+00:00;33.69;26.77;6.92;;;;;;;
108511;treatment;before visit;2020-03-29 23:59:59+00:00;44.88;37.18;7.7;;;;;;;
108511;treatment;before visit;2020-03-30 23:59:59+00:00;54.39;45.46;8.93;;;;;;;
108511;treatment;before visit;2020-03-31 23:59:59+00:00;45.61;38.61;7.0;;;;;;;
108511;treatment;before visit;2020-04-01 23:59:59+00:00;44.59;36.08;8.51;;;;;;;
108511;treatment;before visit;2020-04-02 23:59:59+00:00;39.82;33.35;6.47;;;;;;;
108511;treatment;before visit;2020-04-03 23:59:59+00:00;33.11;27.24;5.87;;;;;;;
108511;treatment;before visit;2020-04-04 23:59:59+00:00;33.41;26.89;6.52;;;;;;;
108511;treatment;before visit;2020-04-05 23:59:59+00:00;34.89;28.67;6.22;;;;;;;
108511;treatment;before visit;2020-04-06 23:59:59+00:00;29.62;22.78;6.84;;;;;;;
108511;treatment;before visit;2020-04-07 23:59:59+00:00;24.15;18.29;5.86;;;;;;;
108511;treatment;before visit;2020-04-08 23:59:59+00:00;25.73;19.13;6.6;;;;;;;
108511;treatment;before visit;2020-04-09 23:59:59+00:00;22.75;15.29;7.46;;;;;;;
108511;treatment;before visit;2020-04-10 23:59:59+00:00;23.2;15.72;7.48;;;;;;;
108511;treatment;before visit;2020-04-11 23:59:59+00:00;22.69;15.6;7.09;;;;;;;
108511;treatment;before visit;2020-04-12 23:59:59+00:00;22.75;15.95;6.8;;;;;;;
108511;treatment;before visit;2020-04-13 23:59:59+00:00;18.42;11.29;7.13;;;;;;;
108511;treatment;before visit;2020-04-14 23:59:59+00:00;23.54;18.5;5.04;;;;;;;
108511;treatment;before visit;2020-04-15 23:59:59+00:00;28.99;22.43;6.56;;;;;;;
108511;treatment;before visit;2020-04-16 23:59:59+00:00;26.47;18.24;8.23;;;;;;;
108511;treatment;before visit;2020-04-17 23:59:59+00:00;20.88;14.37;6.51;;;;;;;
108511;treatment;before visit;2020-04-18 23:59:59+00:00;17.01;9.79;7.22;;;;;;;
108511;treatment;before visit;2020-04-19 23:59:59+00:00;19.86;11.68;8.18;;;;;;;
108511;treatment;before visit;2020-04-20 23:59:59+00:00;19.14;11.37;7.77;;;;;;;
108511;treatment;before visit;2020-04-21 23:59:59+00:00;20.58;13.95;6.63;;;;;;;
108511;treatment;before visit;2020-04-22 23:59:59+00:00;26.08;18.3;7.78;;;;;;;
108511;treatment;before visit;2020-04-23 23:59:59+00:00;21.64;13.71;7.93;;;;;;;
108511;treatment;before visit;2020-04-24 23:59:59+00:00;18.02;11.51;6.51;;;;;;;
108511;treatment;before visit;2020-04-25 23:59:59+00:00;17.54;10.58;6.96;;;;;;;
108511;treatment;before visit;2020-04-26 23:59:59+00:00;18.16;10.52;7.64;;;;;;;
108511;treatment;before visit;2020-04-27 23:59:59+00:00;16.49;10.24;6.25;;;;;;;
108511;treatment;before visit;2020-04-28 23:59:59+00:00;16.63;8.13;8.5;;;;;;;
108511;treatment;before visit;2020-04-29 23:59:59+00:00;28.11;19.35;8.76;;;;;;;
108511;treatment;before visit;2020-04-30 23:59:59+00:00;31.09;22.37;8.72;;;;;;;
108511;treatment;before visit;2020-05-01 23:59:59+00:00;34.65;26.13;8.52;;;;;;;
108511;treatment;before visit;2020-05-02 23:59:59+00:00;35.65;26.51;9.14;;;;;;;
108511;treatment;before visit;2020-05-03 23:59:59+00:00;29.07;21.65;7.42;;;;;;;
108511;treatment;before visit;2020-05-04 23:59:59+00:00;24.35;17.53;6.82;;;;;;;
108511;treatment;before visit;2020-05-05 23:59:59+00:00;25.12;16.16;8.96;;;;;;;
108511;treatment;before visit;2020-05-06 23:59:59+00:00;28.48;19.29;9.19;;;;;;;
108511;treatment;before visit;2020-05-07 23:59:59+00:00;24.86;18.55;6.31;;;;;;;
108511;treatment;before visit;2020-05-08 23:59:59+00:00;21.82;13.37;8.45;;;;;;;
108511;treatment;before visit;2020-05-09 23:59:59+00:00;19.02;11.48;7.54;;;;;;;
108511;treatment;before visit;2020-05-10 23:59:59+00:00;18.56;9.51;9.05;;;;;;;
108511;treatment;before visit;2020-05-11 23:59:59+00:00;19.93;10.25;9.68;;;;;;;
108511;treatment;before visit;2020-05-12 23:59:59+00:00;31.58;23.78;7.8;;;;;;;
108511;treatment;before visit;2020-05-13 23:59:59+00:00;35.56;27.77;7.79;;;;;;;
108511;treatment;before visit;2020-05-14 23:59:59+00:00;35.73;27.11;8.62;;;;;;;
108511;treatment;before visit;2020-05-15 23:59:59+00:00;34.79;26.81;7.98;;;;;;;
108511;treatment;before visit;2020-05-16 23:59:59+00:00;28.27;20.73;7.54;;;;;;;
108511;treatment;before visit;2020-05-17 23:59:59+00:00;23.03;17.3;5.73;;;;;;;
108511;treatment;before visit;2020-05-18 23:59:59+00:00;21.51;14.01;7.5;;;;;;;
108511;treatment;before visit;2020-05-19 23:59:59+00:00;18.5;11.92;6.58;;;;;;;
108511;treatment;before visit;2020-05-20 23:59:59+00:00;17.16;9.69;7.47;;;;;;;
108511;treatment;before visit;2020-05-21 23:59:59+00:00;16.64;8.99;7.65;;;;;;;
108511;treatment;before visit;2020-05-22 23:59:59+00:00;17.47;8.5;8.97;;;;;;;
108511;treatment;before visit;2020-05-23 23:59:59+00:00;19.08;9.19;9.89;;;;;;;
108511;treatment;before visit;2020-05-24 23:59:59+00:00;26.36;16.74;9.62;;;;;;;
108511;treatment;before visit;2020-05-25 23:59:59+00:00;21.18;13.68;7.5;;;;;;;
108511;treatment;before visit;2020-05-26 23:59:59+00:00;17.06;10.35;6.71;;;;;;;
108511;treatment;before visit;2020-05-27 23:59:59+00:00;19.22;12.28;6.94;;;;;;;
108511;treatment;before visit;2020-05-28 23:59:59+00:00;15.95;8.53;7.42;;;;;;;
108511;treatment;before visit;2020-05-29 23:59:59+00:00;18.29;10.87;7.42;;;;;;;
108511;treatment;before visit;2020-05-30 23:59:59+00:00;18.01;9.82;8.19;;;;;;;
108511;treatment;before visit;2020-05-31 23:59:59+00:00;19.78;12.67;7.11;;;;;;;
108511;treatment;before visit;2020-06-01 23:59:59+00:00;19.64;11.58;8.06;;;;;;;
108511;treatment;before visit;2020-06-02 23:59:59+00:00;15.52;8.58;6.94;;;;;;;
108511;treatment;before visit;2020-06-03 23:59:59+00:00;17.23;9.17;8.06;;;;;;;
108511;treatment;before visit;2020-06-04 23:59:59+00:00;19.22;7.9;11.32;;;;;;;
108511;treatment;before visit;2020-06-05 23:59:59+00:00;23.31;15.0;8.31;;;;;;;
108511;treatment;before visit;2020-06-06 23:59:59+00:00;24.37;15.95;8.42;;;;;;;
108511;treatment;before visit;2020-06-07 23:59:59+00:00;31.17;22.22;8.95;;;;;;;
108511;treatment;before visit;2020-06-08 23:59:59+00:00;24.74;17.1;7.64;;;;;;;
108511;treatment;before visit;2020-06-09 23:59:59+00:00;27.57;20.0;7.57;;;;;;;
108511;treatment;before visit;2020-06-10 23:59:59+00:00;30.58;21.67;8.91;;;;;;;
108511;treatment;before visit;2020-06-11 23:59:59+00:00;22.52;16.03;6.49;;;;;;;
108511;treatment;before visit;2020-06-12 23:59:59+00:00;17.14;10.83;6.31;;;;;;;
108511;treatment;before visit;2020-06-13 23:59:59+00:00;16.93;10.26;6.67;;;;;;;
108511;treatment;before visit;2020-06-14 23:59:59+00:00;20.62;10.27;10.35;;;;;;;
108511;treatment;before visit;2020-06-15 23:59:59+00:00;20.25;12.14;8.11;;;;;;;
108511;treatment;before visit;2020-06-16 23:59:59+00:00;18.06;11.45;6.61;;;;;;;
108511;treatment;before visit;2020-06-17 23:59:59+00:00;19.03;10.36;8.67;;;;;;;
108511;treatment;before visit;2020-06-18 23:59:59+00:00;21.4;13.89;7.51;;;;;;;
108511;treatment;before visit;2020-06-19 23:59:59+00:00;18.11;11.75;6.36;;;;;;;
108511;treatment;before visit;2020-06-20 23:59:59+00:00;21.91;13.84;8.07;;;;;;;
108511;treatment;before visit;2020-06-21 23:59:59+00:00;19.51;12.27;7.24;;;;;;;
108511;treatment;before visit;2020-06-22 23:59:59+00:00;17.98;10.7;7.28;;;;;;;
108511;treatment;before visit;2020-06-23 23:59:59+00:00;18.82;10.44;8.38;;;;;;;
108511;treatment;before visit;2020-06-24 23:59:59+00:00;17.04;9.88;7.16;;;;;;;
108511;treatment;before visit;2020-06-25 23:59:59+00:00;15.12;8.17;6.95;;;;;;;
108511;treatment;before visit;2020-06-26 23:59:59+00:00;14.85;7.86;6.99;;;;;;;
108511;treatment;before visit;2020-06-27 23:59:59+00:00;14.84;8.84;6.0;;;;;;;
108511;treatment;before visit;2020-06-28 23:59:59+00:00;18.94;11.61;7.33;;;;;;;
108511;treatment;before visit;2020-06-29 23:59:59+00:00;20.89;12.28;8.61;;;;;;;
108511;treatment;before visit;2020-06-30 23:59:59+00:00;17.29;10.31;6.98;;;;;;;
108511;treatment;before visit;2020-07-01 23:59:59+00:00;18.19;11.27;6.92;;;;;;;
108511;treatment;before visit;2020-07-02 23:59:59+00:00;16.33;8.06;8.27;;;;;;;
108511;treatment;before visit;2020-07-03 23:59:59+00:00;15.84;8.41;7.43;;;;;;;
108511;treatment;before visit;2020-07-04 23:59:59+00:00;15.75;10.37;5.38;;;;;;;
108511;treatment;before visit;2020-07-05 23:59:59+00:00;19.26;11.71;7.55;;;;;;;
108511;treatment;before visit;2020-07-06 23:59:59+00:00;17.98;10.3;7.68;;;;;;;
108511;treatment;before visit;2020-07-07 23:59:59+00:00;15.6;9.64;5.96;;;;;;;
108511;treatment;before visit;2020-07-08 23:59:59+00:00;17.06;10.74;6.32;;;;;;;
108511;treatment;before visit;2020-07-09 23:59:59+00:00;14.58;8.28;6.3;;;;;;;
108511;treatment;before visit;2020-07-10 23:59:59+00:00;15.34;8.78;6.56;;;;;;;
108511;treatment;before visit;2020-07-11 23:59:59+00:00;13.54;8.63;4.91;;;;;;;
108511;treatment;before visit;2020-07-12 23:59:59+00:00;16.57;10.96;5.61;;;;;;;
108511;treatment;before visit;2020-07-13 23:59:59+00:00;18.15;10.82;7.33;;;;;;;
108511;treatment;before visit;2020-07-14 23:59:59+00:00;14.03;8.53;5.5;;;;;;;
108511;treatment;before visit;2020-07-15 23:59:59+00:00;13.87;8.76;5.11;;;;;;;
108511;treatment;before visit;2020-07-16 23:59:59+00:00;16.54;8.8;7.74;;;;;;;
108511;treatment;before visit;2020-07-17 23:59:59+00:00;16.87;10.37;6.5;;;;;;;
108511;treatment;before visit;2020-07-18 23:59:59+00:00;16.5;10.96;5.54;;;;;;;
108511;treatment;before visit;2020-07-19 23:59:59+00:00;17.69;11.91;5.78;;;;;;;
108511;treatment;before visit;2020-07-20 23:59:59+00:00;18.67;10.62;8.05;;;;;;;
108511;treatment;before visit;2020-07-21 23:59:59+00:00;13.47;8.23;5.24;;;;;;;
108511;treatment;before visit;2020-07-22 23:59:59+00:00;17.61;10.51;7.1;;;;;;;
108511;treatment;before visit;2020-07-23 23:59:59+00:00;15.63;9.14;6.49;;;;;;;
108511;treatment;before visit;2020-07-24 23:59:59+00:00;14.87;8.11;6.76;;;;;;;
108511;treatment;before visit;2020-07-25 23:59:59+00:00;14.66;9.31;5.35;;;;;;;
108511;treatment;before visit;2020-07-26 23:59:59+00:00;19.29;11.94;7.35;;;;;;;
108511;treatment;before visit;2020-07-27 23:59:59+00:00;15.69;9.38;6.31;;;;;;;
108511;treatment;before visit;2020-07-28 23:59:59+00:00;14.7;8.71;5.99;;;;;;;
108511;treatment;before visit;2020-07-29 23:59:59+00:00;16.78;9.52;7.26;;;;;;;
108511;treatment;before visit;2020-07-30 23:59:59+00:00;13.97;8.28;5.69;;;;;;;
108511;treatment;before visit;2020-07-31 23:59:59+00:00;16.75;9.3;7.45;;;;;;;
108511;treatment;before visit;2020-08-01 23:59:59+00:00;15.18;9.24;5.94;;;;;;;
108511;treatment;before visit;2020-08-02 23:59:59+00:00;16.37;8.82;7.55;;;;;;;
108511;treatment;before visit;2020-08-03 23:59:59+00:00;19.01;10.06;8.95;;;;;;;
108511;treatment;before visit;2020-08-04 23:59:59+00:00;16.74;10.19;6.55;;;;;;;
108511;treatment;before visit;2020-08-05 23:59:59+00:00;20.7;15.28;5.42;;;;;;;
108511;treatment;before visit;2020-08-06 23:59:59+00:00;17.38;10.08;7.3;;;;;;;
108511;treatment;before visit;2020-08-07 23:59:59+00:00;14.84;8.54;6.3;;;;;;;
108511;treatment;before visit;2020-08-08 23:59:59+00:00;15.99;8.45;7.54;;;;;;;
108511;treatment;before visit;2020-08-09 23:59:59+00:00;17.28;10.07;7.21;;;;;;;
108511;treatment;before visit;2020-08-10 23:59:59+00:00;16.78;10.07;6.71;;;;;;;
108511;treatment;before visit;2020-08-11 23:59:59+00:00;15.13;8.28;6.85;;;;;;;
108511;treatment;before visit;2020-08-12 23:59:59+00:00;15.16;9.2;5.96;;;;;;;
108511;treatment;before visit;2020-08-13 23:59:59+00:00;14.67;8.09;6.58;;;;;;;
108511;treatment;before visit;2020-08-14 23:59:59+00:00;15.58;8.38;7.2;;;;;;;
108511;treatment;before visit;2020-08-15 23:59:59+00:00;17.19;9.71;7.48;;;;;;;
108511;treatment;before visit;2020-08-16 23:59:59+00:00;19.79;11.43;8.36;;;;;;;
108511;treatment;before visit;2020-08-17 23:59:59+00:00;18.74;8.64;10.1;;;;;;;
108511;treatment;before visit;2020-08-18 23:59:59+00:00;15.91;8.18;7.73;;;;;;;
108511;treatment;before visit;2020-08-19 23:59:59+00:00;19.02;10.08;8.94;;;;;;;
108511;treatment;before visit;2020-08-20 23:59:59+00:00;15.62;9.17;6.45;;;;;;;
108511;treatment;before visit;2020-08-21 23:59:59+00:00;17.63;8.51;9.12;;;;;;;
108511;treatment;before visit;2020-08-22 23:59:59+00:00;17.49;8.35;9.14;;;;;;;
108511;treatment;before visit;2020-08-23 23:59:59+00:00;19.23;11.17;8.06;;;;;;;
108511;treatment;before visit;2020-08-24 23:59:59+00:00;21.0;10.8;10.2;;;;;;;
108511;treatment;before visit;2020-08-25 23:59:59+00:00;18.39;10.42;7.97;;;;;;;
108511;treatment;before visit;2020-08-26 23:59:59+00:00;16.77;10.42;6.35;;;;;;;
108511;treatment;before visit;2020-08-27 23:59:59+00:00;19.54;11.12;8.42;;;;;;;
108511;treatment;before visit;2020-08-28 23:59:59+00:00;17.15;8.52;8.63;;;;;;;
108511;treatment;before visit;2020-08-29 23:59:59+00:00;17.25;8.68;8.57;;;;;;;
108511;treatment;before visit;2020-08-30 23:59:59+00:00;30.88;22.62;8.26;;;;;;;
108511;treatment;before visit;2020-08-31 23:59:59+00:00;27.18;18.38;8.8;;;;;;;
108511;treatment;before visit;2020-09-01 23:59:59+00:00;23.03;14.85;8.18;;;;;;;
108511;treatment;before visit;2020-09-02 23:59:59+00:00;19.4;12.81;6.59;;;;;;;
108511;treatment;before visit;2020-09-03 23:59:59+00:00;18.75;12.23;6.52;;;;;;;
108511;treatment;before visit;2020-09-04 23:59:59+00:00;18.62;10.49;8.13;;;;;;;
108511;treatment;before visit;2020-09-05 23:59:59+00:00;18.71;8.52;10.19;;;;;;;
108511;treatment;before visit;2020-09-06 23:59:59+00:00;18.84;9.87;8.97;;;;;;;
108511;treatment;before visit;2020-09-07 23:59:59+00:00;21.38;11.4;9.98;;;;;;;
108511;treatment;before visit;2020-09-08 23:59:59+00:00;18.72;12.75;5.97;;;;;;;
108511;treatment;before visit;2020-09-09 23:59:59+00:00;19.0;11.45;7.55;;;;;;;
108511;treatment;before visit;2020-09-10 23:59:59+00:00;17.22;9.39;7.83;;;;;;;
108511;treatment;before visit;2020-09-11 23:59:59+00:00;16.91;9.18;7.73;;;;;;;
108511;treatment;before visit;2020-09-12 23:59:59+00:00;17.31;9.04;8.27;;;;;;;
108511;treatment;before visit;2020-09-13 23:59:59+00:00;16.08;9.8;6.28;;;;;;;
108511;treatment;before visit;2020-09-14 23:59:59+00:00;18.1;9.33;8.77;;;;;;;
108511;treatment;before visit;2020-09-15 23:59:59+00:00;16.1;8.46;7.64;;;;;;;
108511;treatment;before visit;2020-09-16 23:59:59+00:00;16.63;9.56;7.07;;;;;;;
108511;treatment;before visit;2020-09-17 23:59:59+00:00;19.73;10.24;9.49;;;;;;;
108511;treatment;before visit;2020-09-18 23:59:59+00:00;16.66;9.38;7.28;;;;;;;
108511;treatment;before visit;2020-09-19 23:59:59+00:00;15.1;6.51;8.59;;;;;;;
108511;treatment;before visit;2020-09-20 23:59:59+00:00;14.85;8.27;6.58;;;;;;;
108511;treatment;before visit;2020-09-21 23:59:59+00:00;17.85;8.17;9.68;;;;;;;
108511;treatment;before visit;2020-09-22 23:59:59+00:00;15.68;7.47;8.21;;;;;;;
108511;treatment;before visit;2020-09-23 23:59:59+00:00;14.61;8.05;6.56;;;;;;;
108511;treatment;before visit;2020-09-24 23:59:59+00:00;17.13;8.0;9.13;;;;;;;
108511;treatment;before visit;2020-09-25 23:59:59+00:00;30.37;17.4;12.97;;;;;;;
108511;treatment;before visit;2020-09-26 23:59:59+00:00;37.7;28.76;8.94;;;;;;;
108511;treatment;before visit;2020-09-27 23:59:59+00:00;35.55;26.35;9.2;;;;;;;
108511;treatment;before visit;2020-09-28 23:59:59+00:00;30.35;21.57;8.78;;;;;;;
108511;treatment;before visit;2020-09-29 23:59:59+00:00;33.0;23.6;9.4;;;;;;;
108511;treatment;before visit;2020-09-30 23:59:59+00:00;29.16;21.51;7.65;;;;;;;
108511;treatment;before visit;2020-10-01 23:59:59+00:00;26.52;17.74;8.78;;;;;;;
108511;treatment;before visit;2020-10-02 23:59:59+00:00;28.48;19.59;8.89;;;;;;;
108511;treatment;before visit;2020-10-03 23:59:59+00:00;29.28;21.62;7.66;;;;;;;
108511;treatment;before visit;2020-10-04 23:59:59+00:00;33.49;23.04;10.45;;;;;;;
108511;treatment;before visit;2020-10-05 23:59:59+00:00;32.96;24.11;8.85;;;;;;;
108511;treatment;before visit;2020-10-06 23:59:59+00:00;29.67;22.05;7.62;;;;;;;
108511;treatment;before visit;2020-10-07 23:59:59+00:00;35.67;25.58;10.09;;;;;;;
108511;treatment;before visit;2020-10-08 23:59:59+00:00;30.32;21.45;8.87;;;;;;;
108511;treatment;before visit;2020-10-09 23:59:59+00:00;26.5;18.25;8.25;;;;;;;
108511;treatment;before visit;2020-10-10 23:59:59+00:00;25.39;21.55;3.84;;;;;;;
108511;treatment;before visit;2020-10-11 23:59:59+00:00;28.45;26.28;2.17;;;;;;;
108511;treatment;before visit;2020-10-12 23:59:59+00:00;30.27;28.1;2.17;;;;;;;
108511;treatment;before visit;2020-10-13 23:59:59+00:00;28.14;25.94;2.2;;;;;;;
108511;treatment;before visit;2020-10-14 23:59:59+00:00;28.86;26.59;2.27;;;;;;;
108511;treatment;before visit;2020-10-15 23:59:59+00:00;31.54;29.26;2.28;;;;;;;
108511;treatment;before visit;2020-10-16 23:59:59+00:00;29.74;27.55;2.19;;;;;;;
108511;treatment;before visit;2020-10-17 23:59:59+00:00;34.06;29.14;4.92;;;;;;;
108511;treatment;before visit;2020-10-18 23:59:59+00:00;38.77;29.36;9.41;;;;;;;
108511;treatment;before visit;2020-10-19 23:59:59+00:00;36.29;28.31;7.98;;;;;;;
108511;treatment;before visit;2020-10-20 23:59:59+00:00;37.11;28.36;8.75;;;;;;;
108511;treatment;before visit;2020-10-21 23:59:59+00:00;36.21;26.43;9.78;;;;;;;
108511;treatment;before visit;2020-10-22 23:59:59+00:00;34.11;23.74;10.37;;;;;;;
108511;treatment;before visit;2020-10-23 23:59:59+00:00;31.91;21.34;10.57;;;;;;;
108511;treatment;before visit;2020-10-24 23:59:59+00:00;33.44;21.07;12.37;;;;;;;
108511;treatment;before visit;2020-10-25 23:59:59+00:00;36.68;27.23;9.45;;;;;;;
108511;treatment;before visit;2020-10-26 23:59:59+00:00;41.08;29.34;11.74;;;;;;;
108511;treatment;before visit;2020-10-27 23:59:59+00:00;38.61;28.71;9.9;;;;;;;
108511;treatment;before visit;2020-10-28 23:59:59+00:00;39.12;28.13;10.99;;;;;;;
108511;treatment;before visit;2020-10-29 23:59:59+00:00;37.18;25.2;11.98;;;;;;;
108511;treatment;before visit;2020-10-30 23:59:59+00:00;35.22;24.12;11.1;;;;;;;
108511;treatment;before visit;2020-10-31 23:59:59+00:00;38.25;28.34;9.91;;;;;;;
108511;treatment;before visit;2020-11-01 23:59:59+00:00;41.59;28.61;12.98;;;;;;;
108511;treatment;before visit;2020-11-02 23:59:59+00:00;26.47;17.74;8.73;;;;;;;
108511;treatment;before visit;2020-11-03 23:59:59+00:00;31.07;20.7;10.37;;;;;;;
108511;treatment;before visit;2020-11-04 23:59:59+00:00;39.84;29.18;10.66;;;;;;;
108511;treatment;before visit;2020-11-05 23:59:59+00:00;40.8;29.52;11.28;;;;;;;
108511;treatment;before visit;2020-11-06 23:59:59+00:00;39.72;29.32;10.4;;;;;;;
108511;treatment;before visit;2020-11-07 23:59:59+00:00;40.38;28.52;11.86;;;;;;;
108511;treatment;before visit;2020-11-08 23:59:59+00:00;48.13;32.55;15.58;;;;;;;
108511;treatment;before visit;2020-11-09 23:59:59+00:00;43.22;31.24;11.98;;;;;;;
108511;treatment;before visit;2020-11-10 23:59:59+00:00;40.79;31.29;9.5;;;;;;;
108511;treatment;before visit;2020-11-11 23:59:59+00:00;42.69;32.96;9.73;;;;;;;
108511;treatment;before visit;2020-11-12 23:59:59+00:00;40.75;29.94;10.81;;;;;;;
108511;treatment;before visit;2020-11-13 23:59:59+00:00;40.27;31.07;9.2;;;;;;;
108511;treatment;before visit;2020-11-14 23:59:59+00:00;40.5;31.59;8.91;;;;;;;
108511;treatment;before visit;2020-11-15 23:59:59+00:00;43.54;32.86;10.68;;;;;;;
108511;treatment;before visit;2020-11-16 23:59:59+00:00;42.88;29.92;12.96;;;;;;;
108511;treatment;before visit;2020-11-17 23:59:59+00:00;41.38;31.99;9.39;;;;;;;
108511;treatment;before visit;2020-11-18 23:59:59+00:00;45.81;36.31;9.5;;;;;;;
108511;treatment;before visit;2020-11-19 23:59:59+00:00;45.48;33.69;11.79;;;;;;;
108511;treatment;before visit;2020-11-20 23:59:59+00:00;48.23;37.13;11.1;;;;;;;
108511;treatment;before visit;2020-11-21 23:59:59+00:00;54.45;42.68;11.77;;;;;;;
108511;treatment;before visit;2020-11-22 23:59:59+00:00;58.81;48.4;10.41;;;;;;;
108511;treatment;before visit;2020-11-23 23:59:59+00:00;55.0;43.26;11.74;;;;;;;
108511;treatment;before visit;2020-11-24 23:59:59+00:00;53.0;41.37;11.63;;;;;;;
108511;treatment;before visit;2020-11-25 23:59:59+00:00;54.03;42.8;11.23;;;;;;;
108511;treatment;before visit;2020-11-26 23:59:59+00:00;52.97;41.69;11.28;;;;;;;
108511;treatment;before visit;2020-11-27 23:59:59+00:00;56.94;43.91;13.03;;;;;;;
108511;treatment;before visit;2020-11-28 23:59:59+00:00;55.08;42.49;12.59;;;;;;;
108511;treatment;before visit;2020-11-29 23:59:59+00:00;65.52;49.32;16.2;;;;;;;
108511;treatment;before visit;2020-11-30 23:59:59+00:00;63.71;47.77;15.94;;;;;;;
108511;treatment;before visit;2020-12-01 23:59:59+00:00;58.66;46.7;11.96;;;;;;;
108511;treatment;before visit;2020-12-02 23:59:59+00:00;61.56;48.3;13.26;;;;;;;
108511;treatment;before visit;2020-12-03 23:59:59+00:00;56.8;46.78;10.02;;;;;;;
108511;treatment;before visit;2020-12-04 23:59:59+00:00;57.14;48.06;9.08;;;;;;;
108511;treatment;before visit;2020-12-05 23:59:59+00:00;58.36;46.23;12.13;;;;;;;
108511;treatment;before visit;2020-12-06 23:59:59+00:00;58.56;48.22;10.34;;;;;;;
108511;treatment;before visit;2020-12-07 23:59:59+00:00;57.6;47.36;10.24;;;;;;;
108511;treatment;before visit;2020-12-08 23:59:59+00:00;57.44;47.17;10.27;;;;;;;
108511;treatment;before visit;2020-12-09 23:59:59+00:00;57.31;47.43;9.88;;;;;;;
108511;treatment;before visit;2020-12-10 23:59:59+00:00;58.2;47.49;10.71;;;;;;;
108511;treatment;before visit;2020-12-11 23:59:59+00:00;61.01;49.11;11.9;;;;;;;
108511;treatment;before visit;2020-12-12 23:59:59+00:00;55.26;44.55;10.71;;;;;;;
108511;treatment;before visit;2020-12-13 23:59:59+00:00;53.47;41.93;11.54;;;;;;;
108511;treatment;before visit;2020-12-14 23:59:59+00:00;60.77;47.2;13.57;;;;;;;
108511;treatment;before visit;2020-12-15 23:59:59+00:00;53.22;41.88;11.34;;;;;;;
108511;treatment;before visit;2020-12-16 23:59:59+00:00;53.2;41.92;11.28;;;;;;;
108511;treatment;before visit;2020-12-17 23:59:59+00:00;52.68;41.77;10.91;;;;;;;
108511;treatment;before visit;2020-12-18 23:59:59+00:00;51.69;41.53;10.16;;;;;;;
108511;treatment;before visit;2020-12-19 23:59:59+00:00;60.11;47.73;12.38;;;;;;;
108511;treatment;before visit;2020-12-20 23:59:59+00:00;57.12;45.02;12.1;;;;;;;
108511;treatment;before visit;2020-12-21 23:59:59+00:00;52.47;39.69;12.78;;;;;;;
108511;treatment;before visit;2020-12-22 23:59:59+00:00;42.86;32.15;10.71;;;;;;;
108511;treatment;before visit;2020-12-23 23:59:59+00:00;44.18;32.25;11.93;;;;;;;
108511;treatment;before visit;2020-12-24 23:59:59+00:00;47.41;35.49;11.92;;;;;;;
108511;treatment;before visit;2020-12-25 23:59:59+00:00;53.55;41.54;12.01;;;;;;;
108511;treatment;before visit;2020-12-26 23:59:59+00:00;55.98;47.15;8.83;;;;;;;
108511;treatment;before visit;2020-12-27 23:59:59+00:00;65.3;52.15;13.15;;;;;;;
108511;treatment;before visit;2020-12-28 23:59:59+00:00;66.78;50.75;16.03;;;;;;;
108511;treatment;before visit;2020-12-29 23:59:59+00:00;55.06;44.77;10.29;;;;;;;
108511;treatment;before visit;2020-12-30 23:59:59+00:00;59.38;46.14;13.24;;;;;;;
108511;treatment;before visit;2020-12-31 23:59:59+00:00;60.09;47.3;12.79;;;;;;;
108511;treatment;before visit;2021-01-01 23:59:59+00:00;59.22;45.99;13.23;;;;;;;
108511;treatment;before visit;2021-01-02 23:59:59+00:00;61.03;47.99;13.04;;;;;;;
108511;treatment;before visit;2021-01-03 23:59:59+00:00;65.13;51.85;13.28;;;;;;;
108511;treatment;before visit;2021-01-04 23:59:59+00:00;62.55;51.19;11.36;;;;;;;
108511;treatment;before visit;2021-01-05 23:59:59+00:00;63.92;51.74;12.18;;;;;;;
108511;treatment;before visit;2021-01-06 23:59:59+00:00;60.77;50.79;9.98;;;;;;;
108511;treatment;before visit;2021-01-07 23:59:59+00:00;60.79;49.18;11.61;;;;;;;
108511;treatment;before visit;2021-01-08 23:59:59+00:00;60.29;49.78;10.51;;;;;;;
108511;treatment;before visit;2021-01-09 23:59:59+00:00;63.02;52.17;10.85;;;;;;;
108511;treatment;before visit;2021-01-10 23:59:59+00:00;67.99;56.41;11.58;;;;;;;
108511;treatment;before visit;2021-01-11 23:59:59+00:00;68.9;57.36;11.54;;;;;;;
108511;treatment;before visit;2021-01-12 23:59:59+00:00;65.32;52.59;12.73;;;;;;;
108511;treatment;before visit;2021-01-13 23:59:59+00:00;57.81;47.2;10.61;;;;;;;
108511;treatment;before visit;2021-01-14 23:59:59+00:00;57.88;46.36;11.52;;;;;;;
108511;treatment;before visit;2021-01-15 23:59:59+00:00;64.26;53.15;11.11;;;;;;;
108511;treatment;before visit;2021-01-16 23:59:59+00:00;65.28;54.62;10.66;;;;;;;
108511;treatment;before visit;2021-01-17 23:59:59+00:00;62.86;51.82;11.04;;;;;;;
108511;treatment;before visit;2021-01-18 23:59:59+00:00;58.02;47.48;10.54;;;;;;;
108511;treatment;before visit;2021-01-19 23:59:59+00:00;59.2;47.72;11.48;;;;;;;
108511;treatment;before visit;2021-01-20 23:59:59+00:00;59.08;48.29;10.79;;;;;;;
108511;treatment;before visit;2021-01-21 23:59:59+00:00;52.69;42.06;10.63;;;;;;;
108511;treatment;before visit;2021-01-22 23:59:59+00:00;50.89;41.69;9.2;;;;;;;
108511;treatment;before visit;2021-01-23 23:59:59+00:00;52.25;43.78;8.47;;;;;;;
108511;treatment;before visit;2021-01-24 23:59:59+00:00;60.68;49.21;11.47;;;;;;;
108511;treatment;before visit;2021-01-25 23:59:59+00:00;60.27;48.41;11.86;;;;;;;
108511;treatment;before visit;2021-01-26 23:59:59+00:00;58.31;48.72;9.59;;;;;;;
108511;treatment;before visit;2021-01-27 23:59:59+00:00;65.33;51.97;13.36;;;;;;;
108511;treatment;before visit;2021-01-28 23:59:59+00:00;60.64;44.45;16.19;;;;;;;
108511;treatment;before visit;2021-01-29 23:59:59+00:00;51.35;37.02;14.33;;;;;;;
108511;treatment;before visit;2021-01-30 23:59:59+00:00;47.93;36.85;11.08;;;;;;;
108511;treatment;before visit;2021-01-31 23:59:59+00:00;53.5;38.51;14.99;;;;;;;
108511;treatment;before visit;2021-02-01 23:59:59+00:00;52.06;38.02;14.04;;;;;;;
108511;treatment;before visit;2021-02-02 23:59:59+00:00;45.02;34.01;11.01;;;;;;;
108511;treatment;before visit;2021-02-03 23:59:59+00:00;47.44;33.41;14.03;;;;;;;
108511;treatment;before visit;2021-02-04 23:59:59+00:00;55.41;35.51;19.9;;;;;;;
108511;treatment;before visit;2021-02-05 23:59:59+00:00;53.09;34.9;18.19;;;;;;;
108511;treatment;before visit;2021-02-06 23:59:59+00:00;53.12;35.32;17.8;;;;;;;
108511;treatment;before visit;2021-02-07 23:59:59+00:00;60.8;40.36;20.44;;;;;;;
108511;treatment;before visit;2021-02-08 23:59:59+00:00;55.1;41.75;13.35;;;;;;;
108511;treatment;before visit;2021-02-09 23:59:59+00:00;59.31;44.81;14.5;;;;;;;
108511;treatment;before visit;2021-02-10 23:59:59+00:00;68.76;50.21;18.55;;;;;;;
108511;treatment;before visit;2021-02-11 23:59:59+00:00;67.86;54.99;12.87;;;;;;;
108511;treatment;before visit;2021-02-12 23:59:59+00:00;73.65;57.83;15.82;;;;;;;
108511;treatment;before visit;2021-02-13 23:59:59+00:00;65.48;55.9;9.58;;;;;;;
108511;treatment;before visit;2021-02-14 23:59:59+00:00;72.0;58.42;13.58;;;;;;;
108511;treatment;before visit;2021-02-15 23:59:59+00:00;65.77;52.69;13.08;;;;;;;
108511;treatment;before visit;2021-02-16 23:59:59+00:00;53.46;42.7;10.76;;;;;;;
108511;treatment;before visit;2021-02-17 23:59:59+00:00;55.07;38.61;16.46;;;;;;;
108511;treatment;before visit;2021-02-18 23:59:59+00:00;50.26;39.85;10.41;;;;;;;
108511;treatment;before visit;2021-02-19 23:59:59+00:00;46.44;35.57;10.87;;;;;;;
108511;treatment;before visit;2021-02-20 23:59:59+00:00;46.6;33.88;12.72;;;;;;;
108511;treatment;before visit;2021-02-21 23:59:59+00:00;43.56;33.96;9.6;;;;;;;
108511;treatment;before visit;2021-02-22 23:59:59+00:00;48.38;35.8;12.58;;;;;;;
108511;treatment;before visit;2021-02-23 23:59:59+00:00;41.22;30.68;10.54;;;;;;;
108511;treatment;before visit;2021-02-24 23:59:59+00:00;37.6;29.21;8.39;;;;;;;
108511;treatment;before visit;2021-02-25 23:59:59+00:00;40.01;27.1;12.91;;;;;;;
108511;treatment;before visit;2021-02-26 23:59:59+00:00;36.48;28.71;7.77;;;;;;;
108511;treatment;before visit;2021-02-27 23:59:59+00:00;43.85;32.14;11.71;;;;;;;
108511;treatment;before visit;2021-02-28 23:59:59+00:00;52.21;39.38;12.83;;;;;;;
108511;treatment;before visit;2021-03-01 23:59:59+00:00;44.22;34.11;10.11;;;;;;;
108511;treatment;before visit;2021-03-02 23:59:59+00:00;43.16;33.92;9.24;;;;;;;
108511;treatment;before visit;2021-03-03 23:59:59+00:00;46.87;36.86;10.01;;;;;;;
108511;treatment;before visit;2021-03-04 23:59:59+00:00;42.1;32.15;9.95;;;;;;;
108511;treatment;before visit;2021-03-05 23:59:59+00:00;51.34;37.0;14.34;;;;;;;
108511;treatment;before visit;2021-03-06 23:59:59+00:00;50.76;41.31;9.45;;;;;;;
108511;treatment;before visit;2021-03-07 23:59:59+00:00;53.14;42.18;10.96;;;;;;;
108511;treatment;before visit;2021-03-08 23:59:59+00:00;46.21;35.33;10.88;;;;;;;
108511;treatment;before visit;2021-03-09 23:59:59+00:00;48.2;37.65;10.55;;;;;;;
108511;treatment;before visit;2021-03-10 23:59:59+00:00;44.05;35.01;9.04;;;;;;;
108511;treatment;before visit;2021-03-11 23:59:59+00:00;40.08;27.03;13.05;;;;;;;
108511;treatment;before visit;2021-03-12 23:59:59+00:00;41.79;31.08;10.71;;;;;;;
108511;treatment;before visit;2021-03-13 23:59:59+00:00;40.67;31.96;8.71;;;;;;;
108511;treatment;before visit;2021-03-14 23:59:59+00:00;51.68;40.48;11.2;;;;;;;
108511;treatment;before visit;2021-03-15 23:59:59+00:00;55.98;42.86;13.12;;;;;;;
108511;treatment;before visit;2021-03-16 23:59:59+00:00;49.12;40.68;8.44;;;;;;;
108511;treatment;before visit;2021-03-17 23:59:59+00:00;54.7;44.43;10.27;;;;;;;
108511;treatment;before visit;2021-03-18 23:59:59+00:00;54.12;43.64;10.48;;;;;;;
108511;treatment;before visit;2021-03-19 23:59:59+00:00;55.4;41.91;13.49;;;;;;;
108511;treatment;before visit;2021-03-20 23:59:59+00:00;52.83;44.26;8.57;;;;;;;
108511;treatment;before visit;2021-03-21 23:59:59+00:00;59.05;46.17;12.88;;;;;;;
108511;treatment;before visit;2021-03-22 23:59:59+00:00;52.2;41.94;10.26;;;;;;;
108511;treatment;before visit;2021-03-23 23:59:59+00:00;46.27;36.4;9.87;;;;;;;
108511;treatment;before visit;2021-03-24 23:59:59+00:00;40.39;32.25;8.14;;;;;;;
108511;treatment;before visit;2021-03-25 23:59:59+00:00;37.51;27.22;10.29;;;;;;;
108511;treatment;before visit;2021-03-26 23:59:59+00:00;34.28;24.3;9.98;;;;;;;
108511;treatment;before visit;2021-03-27 23:59:59+00:00;32.98;26.16;6.82;;;;;;;
108511;treatment;before visit;2021-03-28 23:59:59+00:00;36.41;27.62;8.79;;;;;;;
108511;treatment;before visit;2021-03-29 23:59:59+00:00;31.41;23.06;8.35;;;;;;;
108511;treatment;before visit;2021-03-30 23:59:59+00:00;27.43;20.25;7.18;;;;;;;
108511;treatment;before visit;2021-03-31 23:59:59+00:00;26.35;18.06;8.29;;;;;;;
108511;treatment;before visit;2021-04-01 23:59:59+00:00;22.43;15.04;7.39;;;;;;;
108511;treatment;before visit;2021-04-02 23:59:59+00:00;20.36;12.71;7.65;;;;;;;
108511;treatment;before visit;2021-04-03 23:59:59+00:00;32.95;24.6;8.35;;;;;;;
108511;treatment;before visit;2021-04-04 23:59:59+00:00;36.42;28.15;8.27;;;;;;;
108511;treatment;before visit;2021-04-05 23:59:59+00:00;40.73;31.07;9.66;;;;;;;
108511;treatment;before visit;2021-04-06 23:59:59+00:00;42.31;34.64;7.67;;;;;;;
108511;treatment;before visit;2021-04-07 23:59:59+00:00;53.65;44.53;9.12;;;;;;;
108511;treatment;before visit;2021-04-08 23:59:59+00:00;37.63;30.09;7.54;;;;;;;
108511;treatment;before visit;2021-04-09 23:59:59+00:00;33.91;26.36;7.55;;;;;;;
108511;treatment;before visit;2021-04-10 23:59:59+00:00;25.58;18.72;6.86;;;;;;;
108511;treatment;before visit;2021-04-11 23:59:59+00:00;29.5;20.18;9.32;;;;;;;
108511;treatment;before visit;2021-04-12 23:59:59+00:00;41.01;32.94;8.07;;;;;;;
108511;treatment;before visit;2021-04-13 23:59:59+00:00;42.3;34.36;7.94;;;;;;;
108511;treatment;before visit;2021-04-14 23:59:59+00:00;44.64;35.95;8.69;;;;;;;
108511;treatment;before visit;2021-04-15 23:59:59+00:00;46.4;37.32;9.08;;;;;;;
108511;treatment;before visit;2021-04-16 23:59:59+00:00;38.73;30.89;7.84;;;;;;;
108511;treatment;before visit;2021-04-17 23:59:59+00:00;41.31;33.16;8.15;;;;;;;
108511;treatment;before visit;2021-04-18 23:59:59+00:00;43.51;33.03;10.48;;;;;;;
108511;treatment;before visit;2021-04-19 23:59:59+00:00;34.52;27.38;7.14;;;;;;;
108511;treatment;before visit;2021-04-20 23:59:59+00:00;30.8;21.53;9.27;;;;;;;
108511;treatment;before visit;2021-04-21 23:59:59+00:00;26.84;20.46;6.38;;;;;;;
108511;treatment;before visit;2021-04-22 23:59:59+00:00;25.68;16.67;9.01;;;;;;;
108511;treatment;before visit;2021-04-23 23:59:59+00:00;26.78;18.85;7.93;;;;;;;
108511;treatment;before visit;2021-04-24 23:59:59+00:00;23.64;17.34;6.3;;;;;;;
108511;treatment;before visit;2021-04-25 23:59:59+00:00;24.46;14.82;9.64;;;;;;;
108511;treatment;before visit;2021-04-26 23:59:59+00:00;23.42;16.13;7.29;;;;;;;
108511;treatment;before visit;2021-04-27 23:59:59+00:00;24.7;16.86;7.84;;;;;;;
108511;treatment;before visit;2021-04-28 23:59:59+00:00;24.98;15.78;9.2;;;;;;;
108511;treatment;before visit;2021-04-29 23:59:59+00:00;27.48;17.64;9.84;;;;;;;
108511;treatment;before visit;2021-04-30 23:59:59+00:00;29.2;20.07;9.13;;;;;;;
108511;treatment;before visit;2021-05-01 23:59:59+00:00;39.56;29.1;10.46;;;;;;;
108511;treatment;before visit;2021-05-02 23:59:59+00:00;34.49;26.93;7.56;;;;;;;
108511;treatment;before visit;2021-05-03 23:59:59+00:00;33.48;23.13;10.35;;;;;;;
108511;treatment;before visit;2021-05-04 23:59:59+00:00;27.93;20.24;7.69;;;;;;;
108511;treatment;before visit;2021-05-05 23:59:59+00:00;32.34;24.46;7.88;;;;;;;
108511;treatment;before visit;2021-05-06 23:59:59+00:00;39.77;28.24;11.53;;;;;;;
108511;treatment;before visit;2021-05-07 23:59:59+00:00;34.47;26.02;8.45;;;;;;;
108511;treatment;before visit;2021-05-08 23:59:59+00:00;29.14;18.79;10.35;;;;;;;
108511;treatment;before visit;2021-05-09 23:59:59+00:00;22.82;16.45;6.37;;;;;;;
108511;treatment;before visit;2021-05-10 23:59:59+00:00;18.93;8.72;10.21;;;;;;;
108511;treatment;before visit;2021-05-11 23:59:59+00:00;23.21;13.53;9.68;;;;;;;
108511;treatment;before visit;2021-05-12 23:59:59+00:00;33.71;24.41;9.3;;;;;;;
108511;treatment;before visit;2021-05-13 23:59:59+00:00;31.4;23.83;7.57;;;;;;;
108511;treatment;before visit;2021-05-14 23:59:59+00:00;29.83;21.45;8.38;;;;;;;
108511;treatment;before visit;2021-05-15 23:59:59+00:00;29.81;21.32;8.49;;;;;;;
108511;treatment;before visit;2021-05-16 23:59:59+00:00;35.94;24.32;11.62;;;;;;;
108511;treatment;before visit;2021-05-17 23:59:59+00:00;30.09;23.19;6.9;;;;;;;
108511;treatment;before visit;2021-05-18 23:59:59+00:00;28.23;19.44;8.79;;;;;;;
108511;treatment;before visit;2021-05-19 23:59:59+00:00;33.44;25.29;8.15;;;;;;;
108511;treatment;before visit;2021-05-20 23:59:59+00:00;31.49;21.35;10.14;;;;;;;
108511;treatment;before visit;2021-05-21 23:59:59+00:00;35.86;24.93;10.93;;;;;;;
108511;treatment;before visit;2021-05-22 23:59:59+00:00;26.51;17.52;8.99;;;;;;;
108511;treatment;before visit;2021-05-23 23:59:59+00:00;24.11;17.88;6.23;;;;;;;
108511;treatment;before visit;2021-05-24 23:59:59+00:00;35.66;24.11;11.55;;;;;;;
108511;treatment;before visit;2021-05-25 23:59:59+00:00;28.57;19.87;8.7;;;;;;;
108511;treatment;before visit;2021-05-26 23:59:59+00:00;31.89;22.95;8.94;;;;;;;
108511;treatment;before visit;2021-05-27 23:59:59+00:00;32.32;19.95;12.37;;;;;;;
108511;treatment;before visit;2021-05-28 23:59:59+00:00;24.49;16.27;8.22;;;;;;;
108511;treatment;before visit;2021-05-29 23:59:59+00:00;21.12;12.26;8.86;;;;;;;
108511;treatment;before visit;2021-05-30 23:59:59+00:00;21.98;11.97;10.01;;;;;;;
108511;treatment;before visit;2021-05-31 23:59:59+00:00;21.65;11.97;9.68;;;;;;;
108511;treatment;before visit;2021-06-01 23:59:59+00:00;17.85;9.53;8.32;;;;;;;
108511;treatment;before visit;2021-06-02 23:59:59+00:00;15.95;8.98;6.97;;;;;;;
108511;treatment;before visit;2021-06-03 23:59:59+00:00;13.2;6.4;6.8;;;;;;;
108511;treatment;before visit;2021-06-04 23:59:59+00:00;15.31;6.56;8.75;;;;;;;
108511;treatment;before visit;2021-06-05 23:59:59+00:00;18.75;6.9;11.85;;;;;;;
108511;treatment;before visit;2021-06-06 23:59:59+00:00;21.53;9.95;11.58;;;;;;;
108511;treatment;before visit;2021-06-07 23:59:59+00:00;19.45;10.12;9.33;;;;;;;
108511;treatment;before visit;2021-06-08 23:59:59+00:00;21.96;9.38;12.58;;;;;;;
108511;treatment;before visit;2021-06-09 23:59:59+00:00;19.94;10.54;9.4;;;;;;;
108511;treatment;before visit;2021-06-10 23:59:59+00:00;21.91;9.43;12.48;;;;;;;
108511;treatment;before visit;2021-06-11 23:59:59+00:00;17.27;7.99;9.28;;;;;;;
108511;treatment;before visit;2021-06-12 23:59:59+00:00;14.87;6.25;8.62;;;;;;;
108511;treatment;before visit;2021-06-13 23:59:59+00:00;30.95;7.32;23.63;;;;;;;
108511;treatment;before visit;2021-06-14 23:59:59+00:00;19.53;6.85;12.68;;;;;;;
108511;treatment;before visit;2021-06-15 23:59:59+00:00;20.19;5.62;14.57;;;;;;;
108511;treatment;before visit;2021-06-16 23:59:59+00:00;20.75;6.48;14.27;;;;;;;
108511;treatment;before visit;2021-06-17 23:59:59+00:00;22.36;6.09;16.27;;;;;;;
108511;treatment;before visit;2021-06-18 23:59:59+00:00;14.66;5.37;9.29;;;;;;;
108511;treatment;before visit;2021-06-19 23:59:59+00:00;23.45;6.05;17.4;;;;;;;
108511;treatment;before visit;2021-06-20 23:59:59+00:00;28.41;9.59;18.82;;;;;;;
108511;treatment;before visit;2021-06-21 23:59:59+00:00;17.98;7.53;10.45;;;;;;;
108511;treatment;before visit;2021-06-22 23:59:59+00:00;19.18;6.5;12.68;;;;;;;
108511;treatment;before visit;2021-06-23 23:59:59+00:00;17.24;8.81;8.43;;;;;;;
108511;treatment;before visit;2021-06-24 23:59:59+00:00;23.5;8.64;14.86;;;;;;;
108511;treatment;before visit;2021-06-25 23:59:59+00:00;22.08;7.98;14.1;;;;;;;
108511;treatment;before visit;2021-06-26 23:59:59+00:00;27.43;8.78;18.65;;;;;;;
108511;treatment;before visit;2021-06-27 23:59:59+00:00;16.79;9.04;7.75;;;;;;;
108511;treatment;before visit;2021-06-28 23:59:59+00:00;17.59;6.77;10.82;;;;;;;
108511;treatment;before visit;2021-06-29 23:59:59+00:00;20.87;6.47;14.4;;;;;;;
108511;treatment;before visit;2021-06-30 23:59:59+00:00;16.85;8.24;8.61;;;;;;;
108511;treatment;before visit;2021-07-01 23:59:59+00:00;21.46;7.67;13.79;;;;;;;
108511;treatment;before visit;2021-07-02 23:59:59+00:00;16.34;8.15;8.19;;;;;;;
108511;treatment;before visit;2021-07-03 23:59:59+00:00;29.11;7.44;21.67;;;;;;;
108511;treatment;before visit;2021-07-04 23:59:59+00:00;16.08;7.53;8.55;;;;;;;
108511;treatment;before visit;2021-07-05 23:59:59+00:00;17.03;9.21;7.82;;;;;;;
108511;treatment;before visit;2021-07-06 23:59:59+00:00;23.79;8.46;15.33;;;;;;;
108511;treatment;before visit;2021-07-07 23:59:59+00:00;30.81;12.23;18.58;;;;;;;
108511;treatment;before visit;2021-07-08 23:59:59+00:00;19.56;8.87;10.69;;;;;;;
108511;treatment;before visit;2021-07-09 23:59:59+00:00;17.16;9.85;7.31;;;;;;;
108511;treatment;before visit;2021-07-10 23:59:59+00:00;31.6;9.18;22.42;;;;;;;
108511;treatment;before visit;2021-07-11 23:59:59+00:00;22.43;8.03;14.4;;;;;;;
108511;treatment;before visit;2021-07-12 23:59:59+00:00;15.89;7.13;8.76;;;;;;;
108511;treatment;before visit;2021-07-13 23:59:59+00:00;26.1;7.95;18.15;;;;;;;
108511;treatment;before visit;2021-07-14 23:59:59+00:00;22.08;15.0;7.08;;;;;;;
108511;treatment;before visit;2021-07-15 23:59:59+00:00;18.63;10.17;8.46;;;;;;;
108511;treatment;before visit;2021-07-16 23:59:59+00:00;25.33;9.46;15.87;;;;;;;
108511;treatment;before visit;2021-07-17 23:59:59+00:00;26.66;9.81;16.85;;;;;;;
108511;treatment;before visit;2021-07-18 23:59:59+00:00;23.39;9.58;13.81;;;;;;;
108511;treatment;before visit;2021-07-19 23:59:59+00:00;17.87;9.85;8.02;;;;;;;
108511;treatment;before visit;2021-07-20 23:59:59+00:00;10.3;7.2;3.1;;;;;;;
108511;treatment;before visit;2021-07-21 23:59:59+00:00;12.79;7.64;5.15;;;;;;;
108511;treatment;before visit;2021-07-22 23:59:59+00:00;27.53;5.61;21.92;;;;;;;
108511;treatment;before visit;2021-07-23 23:59:59+00:00;27.21;8.75;18.46;;;;;;;
108511;treatment;before visit;2021-07-24 23:59:59+00:00;13.92;6.07;7.85;;;;;;;
108511;treatment;before visit;2021-07-25 23:59:59+00:00;26.45;9.01;17.44;;;;;;;
108511;treatment;before visit;2021-07-26 23:59:59+00:00;17.93;8.96;8.97;;;;;;;
108511;treatment;before visit;2021-07-27 23:59:59+00:00;15.92;8.34;7.58;;;;;;;
108511;treatment;before visit;2021-07-28 23:59:59+00:00;28.59;9.43;19.16;;;;;;;
108511;treatment;before visit;2021-07-29 23:59:59+00:00;25.67;8.93;16.74;;;;;;;
108511;treatment;before visit;2021-07-30 23:59:59+00:00;29.3;8.7;20.6;;;;;;;
108511;treatment;before visit;2021-07-31 23:59:59+00:00;17.29;11.01;6.28;;;;;;;
108511;treatment;before visit;2021-08-01 23:59:59+00:00;28.14;8.48;19.66;;;;;;;
108511;treatment;before visit;2021-08-02 23:59:59+00:00;16.81;9.14;7.67;;;;;;;
108511;treatment;before visit;2021-08-03 23:59:59+00:00;14.82;7.61;7.21;;;;;;;
108511;treatment;before visit;2021-08-04 23:59:59+00:00;15.98;8.66;7.32;;;;;;;
108511;treatment;before visit;2021-08-05 23:59:59+00:00;20.1;9.47;10.63;;;;;;;
108511;treatment;before visit;2021-08-06 23:59:59+00:00;13.34;9.19;4.15;;;;;;;
108511;treatment;before visit;2021-08-07 23:59:59+00:00;24.55;7.8;16.75;;;;;;;
108511;treatment;before visit;2021-08-08 23:59:59+00:00;27.98;10.07;17.91;;;;;;;
108511;treatment;before visit;2021-08-09 23:59:59+00:00;18.5;9.86;8.64;;;;;;;
108511;treatment;before visit;2021-08-10 23:59:59+00:00;24.65;8.77;15.88;;;;;;;
108511;treatment;before visit;2021-08-11 23:59:59+00:00;26.9;10.45;16.45;;;;;;;
108511;treatment;before visit;2021-08-12 23:59:59+00:00;24.29;8.34;15.95;;;;;;;
108511;treatment;before visit;2021-08-13 23:59:59+00:00;10.64;6.65;3.99;;;;;;;
108511;treatment;before visit;2021-08-14 23:59:59+00:00;14.88;6.35;8.53;;;;;;;
108511;treatment;before visit;2021-08-15 23:59:59+00:00;14.48;6.88;7.6;;;;;;;
108511;treatment;before visit;2021-08-16 23:59:59+00:00;27.22;7.18;20.04;;;;;;;
108511;treatment;before visit;2021-08-17 23:59:59+00:00;24.78;9.17;15.61;;;;;;;
108511;treatment;before visit;2021-08-18 23:59:59+00:00;16.15;9.7;6.45;;;;;;;
108511;treatment;before visit;2021-08-19 23:59:59+00:00;19.57;9.17;10.4;;;;;;;
108511;treatment;before visit;2021-08-20 23:59:59+00:00;26.58;9.29;17.29;;;;;;;
108511;treatment;before visit;2021-08-21 23:59:59+00:00;13.81;8.01;5.8;;;;;;;
108511;treatment;before visit;2021-08-22 23:59:59+00:00;35.14;9.87;25.27;;;;;;;
108511;treatment;before visit;2021-08-23 23:59:59+00:00;21.39;10.79;10.6;;;;;;;
108511;treatment;before visit;2021-08-24 23:59:59+00:00;23.94;8.85;15.09;;;;;;;
108511;treatment;before visit;2021-08-25 23:59:59+00:00;21.5;10.02;11.48;;;;;;;
108511;treatment;before visit;2021-08-26 23:59:59+00:00;28.87;11.47;17.4;;;;;;;
108511;treatment;before visit;2021-08-27 23:59:59+00:00;20.77;8.59;12.18;;;;;;;
108511;treatment;before visit;2021-08-28 23:59:59+00:00;32.43;13.32;19.11;;;;;;;
108511;treatment;before visit;2021-08-29 23:59:59+00:00;39.25;17.94;21.31;;;;;;;
108511;treatment;before visit;2021-08-30 23:59:59+00:00;26.11;15.98;10.13;;;;;;;
108511;treatment;before visit;2021-08-31 23:59:59+00:00;19.66;12.57;7.09;;;;;;;
108511;treatment;before visit;2021-09-01 23:59:59+00:00;19.75;13.32;6.43;;;;;;;
108511;treatment;before visit;2021-09-02 23:59:59+00:00;17.7;9.65;8.05;;;;;;;
108511;treatment;before visit;2021-09-03 23:59:59+00:00;25.85;7.4;18.45;;;;;;;
108511;treatment;before visit;2021-09-04 23:59:59+00:00;26.74;6.26;20.48;;;;;;;
108511;treatment;before visit;2021-09-05 23:59:59+00:00;20.89;7.48;13.41;;;;;;;
108511;treatment;before visit;2021-09-06 23:59:59+00:00;16.87;7.57;9.3;;;;;;;
108511;treatment;before visit;2021-09-07 23:59:59+00:00;18.68;8.22;10.46;;;;;;;
108511;treatment;before visit;2021-09-08 23:59:59+00:00;17.83;9.36;8.47;;;;;;;
108511;treatment;before visit;2021-09-09 23:59:59+00:00;14.74;6.99;7.75;;;;;;;
108511;treatment;before visit;2021-09-10 23:59:59+00:00;26.88;6.99;19.89;;;;;;;
108511;treatment;before visit;2021-09-11 23:59:59+00:00;31.02;8.54;22.48;;;;;;;
108511;treatment;before visit;2021-09-12 23:59:59+00:00;27.01;9.78;17.23;;;;;;;
108511;treatment;before visit;2021-09-13 23:59:59+00:00;23.91;9.27;14.64;;;;;;;
108511;treatment;before visit;2021-09-14 23:59:59+00:00;27.13;8.13;19.0;;;;;;;
108511;treatment;before visit;2021-09-15 23:59:59+00:00;16.44;8.52;7.92;;;;;;;
108511;treatment;before visit;2021-09-16 23:59:59+00:00;18.48;8.64;9.84;;;;;;;
108511;treatment;before visit;2021-09-17 23:59:59+00:00;28.37;9.8;18.57;;;;;;;
108511;treatment;before visit;2021-09-18 23:59:59+00:00;24.33;9.72;14.61;;;;;;;
108511;treatment;before visit;2021-09-19 23:59:59+00:00;35.72;16.4;19.32;;;;;;;
108511;treatment;before visit;2021-09-20 23:59:59+00:00;33.24;20.56;12.68;;;;;;;
108511;treatment;before visit;2021-09-21 23:59:59+00:00;34.52;16.39;18.13;;;;;;;
108511;treatment;before visit;2021-09-22 23:59:59+00:00;25.66;17.77;7.89;;;;;;;
108511;treatment;before visit;2021-09-23 23:59:59+00:00;39.06;17.77;21.29;;;;;;;
108511;treatment;before visit;2021-09-24 23:59:59+00:00;26.15;13.3;12.85;;;;;;;
108511;treatment;before visit;2021-09-25 23:59:59+00:00;23.06;12.78;10.28;;;;;;;
108511;treatment;before visit;2021-09-26 23:59:59+00:00;33.97;8.97;25.0;;;;;;;
108511;treatment;before visit;2021-09-27 23:59:59+00:00;25.8;10.36;15.44;;;;;;;
108511;treatment;before visit;2021-09-28 23:59:59+00:00;23.57;8.63;14.94;;;;;;;
108511;treatment;before visit;2021-09-29 23:59:59+00:00;34.41;17.03;17.38;;;;;;;
108511;treatment;before visit;2021-09-30 23:59:59+00:00;31.71;15.73;15.98;;;;;;;
108511;treatment;before visit;2021-10-01 23:59:59+00:00;32.64;16.9;15.74;;;;;;;
108511;treatment;before visit;2021-10-02 23:59:59+00:00;26.51;12.64;13.87;;;;;;;
108511;treatment;before visit;2021-10-03 23:59:59+00:00;25.75;16.07;9.68;;;;;;;
108511;treatment;before visit;2021-10-04 23:59:59+00:00;30.66;20.03;10.63;;;;;;;
108511;treatment;before visit;2021-10-05 23:59:59+00:00;41.1;19.71;21.39;;;;;;;
108511;treatment;before visit;2021-10-06 23:59:59+00:00;32.77;23.3;9.47;;;;;;;
108511;treatment;before visit;2021-10-07 23:59:59+00:00;32.75;22.46;10.29;;;;;;;
108511;treatment;before visit;2021-10-08 23:59:59+00:00;39.86;22.71;17.15;;;;;;;
108511;treatment;before visit;2021-10-09 23:59:59+00:00;37.2;22.61;14.59;;;;;;;
108511;treatment;before visit;2021-10-10 23:59:59+00:00;43.71;27.41;16.3;;;;;;;
108511;treatment;before visit;2021-10-11 23:59:59+00:00;37.73;28.79;8.94;;;;;;;
108511;treatment;before visit;2021-10-12 23:59:59+00:00;36.5;28.72;7.78;;;;;;;
108511;treatment;before visit;2021-10-13 23:59:59+00:00;31.4;24.76;6.64;;;;;;;
108511;treatment;before visit;2021-10-14 23:59:59+00:00;32.89;29.19;3.7;;;;;;;
108511;treatment;before visit;2021-10-15 23:59:59+00:00;47.45;29.94;17.51;;;;;;;
108511;treatment;before visit;2021-10-16 23:59:59+00:00;38.1;29.03;9.07;;;;;;;
108511;treatment;before visit;2021-10-17 23:59:59+00:00;37.3;28.23;9.07;;;;;;;
108511;treatment;before visit;2021-10-18 23:59:59+00:00;28.98;24.99;3.99;;;;;;;
108511;treatment;before visit;2021-10-19 23:59:59+00:00;28.28;25.88;2.4;;;;;;;
108511;treatment;before visit;2021-10-20 23:59:59+00:00;24.91;22.53;2.38;;;;;;;
108511;treatment;before visit;2021-10-21 23:59:59+00:00;21.62;19.23;2.39;;;;;;;
108511;treatment;before visit;2021-10-22 23:59:59+00:00;28.85;26.38;2.47;;;;;;;
108511;treatment;before visit;2021-10-23 23:59:59+00:00;39.08;30.48;8.6;;;;;;;
108511;treatment;before visit;2021-10-24 23:59:59+00:00;55.0;35.65;19.35;;;;;;;
108511;treatment;before visit;2021-10-25 23:59:59+00:00;41.93;31.71;10.22;;;;;;;
108511;treatment;before visit;2021-10-26 23:59:59+00:00;37.05;28.82;8.23;;;;;;;
108511;treatment;before visit;2021-10-27 23:59:59+00:00;39.37;30.15;9.22;;;;;;;
108511;treatment;before visit;2021-10-28 23:59:59+00:00;43.61;29.62;13.99;;;;;;;
108511;treatment;before visit;2021-10-29 23:59:59+00:00;46.78;30.88;15.9;;;;;;;
108511;treatment;before visit;2021-10-30 23:59:59+00:00;55.46;34.45;21.01;;;;;;;
108511;treatment;before visit;2021-10-31 23:59:59+00:00;48.71;31.16;17.55;;;;;;;
108511;treatment;before visit;2021-11-01 23:59:59+00:00;41.93;30.0;11.93;;;;;;;
108511;treatment;before visit;2021-11-02 23:59:59+00:00;51.95;33.67;18.28;;;;;;;
108511;treatment;before visit;2021-11-03 23:59:59+00:00;50.43;39.41;11.02;;;;;;;
108511;treatment;before visit;2021-11-04 23:59:59+00:00;56.84;39.74;17.1;;;;;;;
108511;treatment;before visit;2021-11-05 23:59:59+00:00;57.84;41.35;16.49;;;;;;;
108511;treatment;before visit;2021-11-06 23:59:59+00:00;53.89;39.37;14.52;;;;;;;
108511;treatment;before visit;2021-11-07 23:59:59+00:00;52.93;43.31;9.62;;;;;;;
108511;treatment;before visit;2021-11-08 23:59:59+00:00;50.72;40.58;10.14;;;;;;;
108511;treatment;before visit;2021-11-09 23:59:59+00:00;60.67;41.8;18.87;;;;;;;
108511;treatment;before visit;2021-11-10 23:59:59+00:00;59.56;44.02;15.54;;;;;;;
108511;treatment;before visit;2021-11-11 23:59:59+00:00;50.56;41.68;8.88;;;;;;;
108511;treatment;before visit;2021-11-12 23:59:59+00:00;64.52;42.69;21.83;;;;;;;
108511;treatment;before visit;2021-11-13 23:59:59+00:00;62.84;38.37;24.47;;;;;;;
108511;treatment;before visit;2021-11-14 23:59:59+00:00;61.9;39.01;22.89;;;;;;;
108511;treatment;before visit;2021-11-15 23:59:59+00:00;52.05;38.41;13.64;;;;;;;
108511;treatment;before visit;2021-11-16 23:59:59+00:00;63.83;44.21;19.62;;;;;;;
108511;treatment;before visit;2021-11-17 23:59:59+00:00;52.58;43.82;8.76;;;;;;;
108511;treatment;before visit;2021-11-18 23:59:59+00:00;48.4;38.88;9.52;;;;;;;
108511;treatment;before visit;2021-11-19 23:59:59+00:00;54.29;43.22;11.07;;;;;;;
108511;treatment;before visit;2021-11-20 23:59:59+00:00;66.9;42.92;23.98;;;;;;;
108511;treatment;before visit;2021-11-21 23:59:59+00:00;52.34;43.3;9.04;;;;;;;
108511;treatment;before visit;2021-11-22 23:59:59+00:00;55.37;43.39;11.98;;;;;;;
108511;treatment;before visit;2021-11-23 23:59:59+00:00;59.61;42.66;16.95;;;;;;;
108511;treatment;before visit;2021-11-24 23:59:59+00:00;62.46;41.58;20.88;;;;;;;
108511;treatment;before visit;2021-11-25 23:59:59+00:00;53.79;42.2;11.59;;;;;;;
108511;treatment;before visit;2021-11-26 23:59:59+00:00;61.96;51.16;10.8;;;;;;;
108511;treatment;before visit;2021-11-27 23:59:59+00:00;63.86;43.95;19.91;;;;;;;
108511;treatment;before visit;2021-11-28 23:59:59+00:00;65.1;48.62;16.48;;;;;;;
108511;treatment;before visit;2021-11-29 23:59:59+00:00;59.0;48.59;10.41;;;;;;;
108511;treatment;before visit;2021-11-30 23:59:59+00:00;63.56;47.66;15.9;;;;;;;
108511;treatment;before visit;2021-12-01 23:59:59+00:00;55.21;41.59;13.62;;;;;;;
108511;treatment;before visit;2021-12-02 23:59:59+00:00;60.33;41.55;18.78;;;;;;;
108511;treatment;before visit;2021-12-03 23:59:59+00:00;60.41;51.22;9.19;;;;;;;
108511;treatment;before visit;2021-12-04 23:59:59+00:00;54.3;42.97;11.33;;;;;;;
108511;treatment;before visit;2021-12-05 23:59:59+00:00;70.59;47.9;22.69;;;;;;;
108511;treatment;before visit;2021-12-06 23:59:59+00:00;64.27;52.7;11.57;;;;;;;
108511;treatment;before visit;2021-12-07 23:59:59+00:00;79.93;60.24;19.69;;;;;;;
108511;treatment;before visit;2021-12-08 23:59:59+00:00;75.37;59.26;16.11;;;;;;;
108511;treatment;before visit;2021-12-09 23:59:59+00:00;72.58;57.37;15.21;;;;;;;
108511;treatment;before visit;2021-12-10 23:59:59+00:00;77.48;59.88;17.6;;;;;;;
108511;treatment;before visit;2021-12-11 23:59:59+00:00;74.3;52.74;21.56;;;;;;;
108511;treatment;before visit;2021-12-12 23:59:59+00:00;64.21;49.56;14.65;;;;;;;
108511;treatment;before visit;2021-12-13 23:59:59+00:00;66.09;55.03;11.06;;;;;;;
108511;treatment;before visit;2021-12-14 23:59:59+00:00;74.78;53.84;20.94;;;;;;;
108511;treatment;before visit;2021-12-15 23:59:59+00:00;65.93;54.33;11.6;;;;;;;
108511;treatment;before visit;2021-12-16 23:59:59+00:00;66.87;47.52;19.35;;;;;;;
108511;treatment;before visit;2021-12-17 23:59:59+00:00;64.74;46.73;18.01;;;;;;;
108511;treatment;before visit;2021-12-18 23:59:59+00:00;71.06;52.63;18.43;;;;;;;
108511;treatment;before visit;2021-12-19 23:59:59+00:00;72.94;54.32;18.62;;;;;;;
108511;treatment;before visit;2021-12-20 23:59:59+00:00;70.82;57.7;13.12;;;;;;;
108511;treatment;before visit;2021-12-21 23:59:59+00:00;68.94;54.68;14.26;;;;;;;
108511;treatment;before visit;2021-12-22 23:59:59+00:00;73.75;61.57;12.18;;;;;;;
108511;treatment;before visit;2021-12-23 23:59:59+00:00;78.4;57.92;20.48;;;;;;;
108511;treatment;before visit;2021-12-24 23:59:59+00:00;63.24;45.73;17.51;;;;;;;
108511;treatment;before visit;2021-12-25 23:59:59+00:00;63.02;46.19;16.83;;;;;;;
108511;treatment;before visit;2021-12-26 23:59:59+00:00;56.53;41.73;14.8;;;;;;;
108511;treatment;before visit;2021-12-27 23:59:59+00:00;58.13;42.97;15.16;;;;;;;
108511;treatment;before visit;2021-12-28 23:59:59+00:00;54.56;38.9;15.66;;;;;;;
108511;treatment;before visit;2021-12-29 23:59:59+00:00;50.98;37.01;13.97;;;;;;;
108511;treatment;before visit;2021-12-30 23:59:59+00:00;43.43;27.61;15.82;;;;;;;
108511;treatment;before visit;2021-12-31 23:59:59+00:00;46.66;33.4;13.26;;;;;;;
108511;treatment;before visit;2022-01-01 23:59:59+00:00;54.24;46.16;8.08;;;;;;;
108511;treatment;before visit;2022-01-02 23:59:59+00:00;71.1;48.62;22.48;;;;;;;
108511;treatment;before visit;2022-01-03 23:59:59+00:00;49.94;36.42;13.52;;;;;;;
108511;treatment;before visit;2022-01-04 23:59:59+00:00;46.23;28.71;17.52;;;;;;;
108511;treatment;before visit;2022-01-05 23:59:59+00:00;56.15;45.01;11.14;;;;;;;
108511;treatment;before visit;2022-01-06 23:59:59+00:00;65.03;48.9;16.13;;;;;;;
108511;treatment;before visit;2022-01-07 23:59:59+00:00;75.84;51.76;24.08;;;;;;;
108511;treatment;before visit;2022-01-08 23:59:59+00:00;73.57;54.14;19.43;;;;;;;
108511;treatment;before visit;2022-01-09 23:59:59+00:00;74.52;53.94;20.58;;;;;;;
108511;treatment;during visit;2022-01-10 23:59:59+00:00;68.65;53.0;15.65;;;;;;;
108511;treatment;after visit;2022-01-11 23:59:59+00:00;69.79;52.78;17.01;;;;;;;
108511;treatment;after visit;2022-01-12 23:59:59+00:00;68.08;55.52;12.56;;;;;;;
108511;treatment;after visit;2022-01-13 23:59:59+00:00;70.22;59.5;10.72;;;;;;;
108511;treatment;after visit;2022-01-14 23:59:59+00:00;88.99;61.39;27.6;;;;;;;
108511;treatment;after visit;2022-01-15 23:59:59+00:00;78.86;61.7;17.16;;;;;;;
108511;treatment;after visit;2022-01-16 23:59:59+00:00;72.54;60.6;11.94;;;;;;;
108511;treatment;after visit;2022-01-17 23:59:59+00:00;74.72;57.79;16.93;;;;;;;
108511;treatment;after visit;2022-01-18 23:59:59+00:00;71.4;53.99;17.41;;;;;;;
108511;treatment;after visit;2022-01-19 23:59:59+00:00;77.7;54.6;23.1;;;;;;;
108511;treatment;after visit;2022-01-20 23:59:59+00:00;69.65;52.62;17.03;;;;;;;
108511;treatment;after visit;2022-01-21 23:59:59+00:00;79.53;57.61;21.92;;;;;;;
108511;treatment;after visit;2022-01-22 23:59:59+00:00;83.93;55.76;28.17;;;;;;;
108511;treatment;after visit;2022-01-23 23:59:59+00:00;89.87;60.89;28.98;;;;;;;
108511;treatment;after visit;2022-01-24 23:59:59+00:00;68.67;56.75;11.92;;;;;;;
108511;treatment;after visit;2022-01-25 23:59:59+00:00;75.04;57.56;17.48;;;;;;;
108511;treatment;after visit;2022-01-26 23:59:59+00:00;74.4;59.99;14.41;;;;;;;
108511;treatment;after visit;2022-01-27 23:59:59+00:00;78.12;59.56;18.56;;;;;;;
108511;treatment;after visit;2022-01-28 23:59:59+00:00;74.65;53.75;20.9;;;;;;;
108511;treatment;after visit;2022-01-29 23:59:59+00:00;65.1;49.45;15.65;;;;;;;
108511;treatment;after visit;2022-01-30 23:59:59+00:00;66.28;47.17;19.11;;;;;;;
108511;treatment;after visit;2022-01-31 23:59:59+00:00;78.45;53.8;24.65;;;;;;;
108511;treatment;after visit;2022-02-01 23:59:59+00:00;68.59;54.68;13.91;;;;;;;
108511;treatment;after visit;2022-02-02 23:59:59+00:00;64.86;46.25;18.61;;;;;;;
108511;treatment;after visit;2022-02-03 23:59:59+00:00;57.51;44.14;13.37;;;;;;;
108511;treatment;after visit;2022-02-04 23:59:59+00:00;54.85;45.22;9.63;;;;;;;
108511;treatment;after visit;2022-02-05 23:59:59+00:00;69.1;47.11;21.99;;;;;;;
108511;treatment;after visit;2022-02-06 23:59:59+00:00;65.56;49.38;16.18;;;;;;;
108511;treatment;after visit;2022-02-07 23:59:59+00:00;63.16;50.14;13.02;;;;;;;
108511;treatment;after visit;2022-02-08 23:59:59+00:00;65.31;48.38;16.93;;;;;;;
108511;treatment;after visit;2022-02-09 23:59:59+00:00;61.29;50.9;10.39;;;;;;;
108511;treatment;after visit;2022-02-10 23:59:59+00:00;55.5;43.55;11.95;;;;;;;
108511;treatment;after visit;2022-02-11 23:59:59+00:00;68.12;41.15;26.97;;;;;;;
108511;treatment;after visit;2022-02-12 23:59:59+00:00;73.42;50.3;23.12;;;;;;;
108511;treatment;after visit;2022-02-13 23:59:59+00:00;73.79;53.46;20.33;;;;;;;
108511;treatment;after visit;2022-02-14 23:59:59+00:00;62.97;50.59;12.38;;;;;;;
108511;treatment;after visit;2022-02-15 23:59:59+00:00;67.89;45.19;22.7;;;;;;;
108511;treatment;after visit;2022-02-16 23:59:59+00:00;53.57;45.12;8.45;;;;;;;
108511;treatment;after visit;2022-02-17 23:59:59+00:00;47.58;28.97;18.61;;;;;;;
108511;treatment;after visit;2022-02-18 23:59:59+00:00;43.18;31.01;12.17;;;;;;;
108511;treatment;after visit;2022-02-19 23:59:59+00:00;58.42;40.49;17.93;;;;;;;
108511;treatment;after visit;2022-02-20 23:59:59+00:00;47.37;39.75;7.62;;;;;;;
108511;treatment;after visit;2022-02-21 23:59:59+00:00;54.08;39.45;14.63;;;;;;;
108511;treatment;after visit;2022-02-22 23:59:59+00:00;54.11;39.93;14.18;;;;;;;
108511;treatment;after visit;2022-02-23 23:59:59+00:00;51.29;33.78;17.51;;;;;;;
108511;treatment;after visit;2022-02-24 23:59:59+00:00;48.95;37.4;11.55;;;;;;;
108511;treatment;after visit;2022-02-25 23:59:59+00:00;48.39;39.6;8.79;;;;;;;
108511;treatment;after visit;2022-02-26 23:59:59+00:00;59.9;48.66;11.24;;;;;;;
108511;treatment;after visit;2022-02-27 23:59:59+00:00;68.86;46.17;22.69;;;;;;;
108511;treatment;after visit;2022-02-28 23:59:59+00:00;55.14;43.82;11.32;;;;;;;
108511;treatment;after visit;2022-03-01 23:59:59+00:00;64.22;42.43;21.79;;;;;;;
108511;treatment;after visit;2022-03-02 23:59:59+00:00;56.1;43.18;12.92;;;;;;;
108511;treatment;after visit;2022-03-03 23:59:59+00:00;42.1;32.31;9.79;;;;;;;
108511;treatment;after visit;2022-03-04 23:59:59+00:00;46.85;36.1;10.75;;;;;;;
108511;treatment;after visit;2022-03-05 23:59:59+00:00;59.58;41.17;18.41;;;;;;;
108511;treatment;after visit;2022-03-06 23:59:59+00:00;65.15;47.87;17.28;;;;;;;
108511;treatment;after visit;2022-03-07 23:59:59+00:00;61.98;47.66;14.32;;;;;;;
108511;treatment;after visit;2022-03-08 23:59:59+00:00;55.16;43.07;12.09;;;;;;;
108511;treatment;after visit;2022-03-09 23:59:59+00:00;51.84;39.92;11.92;;;;;;;
108511;treatment;after visit;2022-03-10 23:59:59+00:00;49.26;35.42;13.84;;;;;;;
108511;treatment;after visit;2022-03-11 23:59:59+00:00;51.91;37.21;14.7;;;;;;;
108511;treatment;after visit;2022-03-12 23:59:59+00:00;56.32;32.68;23.64;;;;;;;
108511;treatment;after visit;2022-03-13 23:59:59+00:00;42.68;29.05;13.63;;;;;;;
108511;treatment;after visit;2022-03-14 23:59:59+00:00;33.71;24.57;9.14;;;;;;;
108511;treatment;after visit;2022-03-15 23:59:59+00:00;41.95;30.21;11.74;;;;;;;
108511;treatment;after visit;2022-03-16 23:59:59+00:00;39.56;30.0;9.56;;;;;;;
108511;treatment;after visit;2022-03-17 23:59:59+00:00;37.53;25.71;11.82;;;;;;;
108511;treatment;after visit;2022-03-18 23:59:59+00:00;38.39;29.17;9.22;;;;;;;
108511;treatment;after visit;2022-03-19 23:59:59+00:00;32.75;26.77;5.98;;;;;;;
108511;treatment;after visit;2022-03-20 23:59:59+00:00;33.63;26.18;7.45;;;;;;;
108511;treatment;after visit;2022-03-21 23:59:59+00:00;36.68;27.82;8.86;;;;;;;
108511;treatment;after visit;2022-03-22 23:59:59+00:00;36.48;26.65;9.83;;;;;;;
108511;treatment;after visit;2022-03-23 23:59:59+00:00;40.5;25.66;14.84;;;;;;;
108511;treatment;after visit;2022-03-24 23:59:59+00:00;31.91;22.29;9.62;;;;;;;
108511;treatment;after visit;2022-03-25 23:59:59+00:00;36.1;22.02;14.08;;;;;;;
108511;treatment;after visit;2022-03-26 23:59:59+00:00;28.81;19.41;9.4;;;;;;;
108511;treatment;after visit;2022-03-27 23:59:59+00:00;35.45;19.94;15.51;;;;;;;
108511;treatment;after visit;2022-03-28 23:59:59+00:00;28.38;20.11;8.27;;;;;;;
108511;treatment;after visit;2022-03-29 23:59:59+00:00;27.56;19.0;8.56;;;;;;;
108511;treatment;after visit;2022-03-30 23:59:59+00:00;38.39;24.32;14.07;;;;;;;
108511;treatment;after visit;2022-03-31 23:59:59+00:00;38.15;26.39;11.76;;;;;;;
108511;treatment;after visit;2022-04-01 23:59:59+00:00;57.0;40.03;16.97;;;;;;;
108511;treatment;after visit;2022-04-02 23:59:59+00:00;53.52;46.31;7.21;;;;;;;
108511;treatment;after visit;2022-04-03 23:59:59+00:00;55.2;46.84;8.36;;;;;;;
108511;treatment;after visit;2022-04-04 23:59:59+00:00;46.4;39.36;7.04;;;;;;;
108511;treatment;after visit;2022-04-05 23:59:59+00:00;51.4;32.32;19.08;;;;;;;
108511;treatment;after visit;2022-04-06 23:59:59+00:00;36.88;22.6;14.28;;;;;;;
108511;treatment;after visit;2022-04-07 23:59:59+00:00;31.79;22.5;9.29;;;;;;;
108511;treatment;after visit;2022-04-08 23:59:59+00:00;46.32;31.45;14.87;;;;;;;
108511;treatment;after visit;2022-04-09 23:59:59+00:00;39.19;22.78;16.41;;;;;;;
108511;treatment;after visit;2022-04-10 23:59:59+00:00;47.14;32.67;14.47;;;;;;;
108511;treatment;after visit;2022-04-11 23:59:59+00:00;38.26;27.07;11.19;;;;;;;
108511;treatment;after visit;2022-04-12 23:59:59+00:00;27.07;19.01;8.06;;;;;;;
108511;treatment;after visit;2022-04-13 23:59:59+00:00;34.82;15.58;19.24;;;;;;;
108511;treatment;after visit;2022-04-14 23:59:59+00:00;20.77;11.96;8.81;;;;;;;
108511;treatment;after visit;2022-04-15 23:59:59+00:00;18.11;9.85;8.26;;;;;;;
108511;treatment;after visit;2022-04-16 23:59:59+00:00;34.33;16.19;18.14;;;;;;;
108511;treatment;after visit;2022-04-17 23:59:59+00:00;42.99;21.62;21.37;;;;;;;
108511;treatment;after visit;2022-04-18 23:59:59+00:00;27.56;18.42;9.14;;;;;;;
108511;treatment;after visit;2022-04-19 23:59:59+00:00;21.52;16.17;5.35;;;;;;;
108511;treatment;after visit;2022-04-20 23:59:59+00:00;19.37;15.88;3.49;;;;;;;
108511;treatment;after visit;2022-04-21 23:59:59+00:00;19.86;16.11;3.75;;;;;;;
108511;treatment;after visit;2022-04-22 23:59:59+00:00;20.48;16.63;3.85;;;;;;;
108511;treatment;after visit;2022-04-23 23:59:59+00:00;33.52;19.44;14.08;;;;;;;
108511;treatment;after visit;2022-04-24 23:59:59+00:00;31.99;22.89;9.1;;;;;;;
108511;treatment;after visit;2022-04-25 23:59:59+00:00;27.46;22.48;4.98;;;;;;;
108511;treatment;after visit;2022-04-26 23:59:59+00:00;30.62;22.66;7.96;;;;;;;
108511;treatment;after visit;2022-04-27 23:59:59+00:00;23.06;18.58;4.48;;;;;;;
108511;treatment;after visit;2022-04-28 23:59:59+00:00;19.92;16.03;3.89;;;;;;;
108511;treatment;after visit;2022-04-29 23:59:59+00:00;23.15;13.79;9.36;;;;;;;
108511;treatment;after visit;2022-04-30 23:59:59+00:00;27.59;17.45;10.14;;;;;;;
108511;treatment;after visit;2022-05-01 23:59:59+00:00;29.02;17.01;12.01;;;;;;;
108511;treatment;after visit;2022-05-02 23:59:59+00:00;17.68;14.66;3.02;;;;;;;
108511;treatment;after visit;2022-05-03 23:59:59+00:00;18.49;13.65;4.84;;;;;;;
108511;treatment;after visit;2022-05-04 23:59:59+00:00;24.87;13.76;11.11;;;;;;;
108511;treatment;after visit;2022-05-05 23:59:59+00:00;19.89;17.01;2.88;;;;;;;
108511;treatment;after visit;2022-05-06 23:59:59+00:00;21.46;19.34;2.12;;;;;;;
108511;treatment;after visit;2022-05-07 23:59:59+00:00;19.91;17.79;2.12;;;;;;;
108511;treatment;after visit;2022-05-08 23:59:59+00:00;30.36;22.2;8.16;;;;;;;
108511;treatment;after visit;2022-05-09 23:59:59+00:00;36.24;16.35;19.89;;;;;;;
108511;treatment;after visit;2022-05-10 23:59:59+00:00;23.85;11.57;12.28;;;;;;;
108511;treatment;after visit;2022-05-11 23:59:59+00:00;23.4;9.86;13.54;;;;;;;
108511;treatment;after visit;2022-05-12 23:59:59+00:00;21.86;8.74;13.12;;;;;;;
108511;treatment;after visit;2022-05-13 23:59:59+00:00;26.53;8.68;17.85;;;;;;;
108511;treatment;after visit;2022-05-14 23:59:59+00:00;26.21;10.19;16.02;;;;;;;
108511;treatment;after visit;2022-05-15 23:59:59+00:00;29.5;10.94;18.56;;;;;;;
108511;treatment;after visit;2022-05-16 23:59:59+00:00;18.33;9.62;8.71;;;;;;;
108511;treatment;after visit;2022-05-17 23:59:59+00:00;14.98;9.1;5.88;;;;;;;
108511;treatment;after visit;2022-05-18 23:59:59+00:00;26.13;9.0;17.13;;;;;;;
108511;treatment;after visit;2022-05-19 23:59:59+00:00;18.74;8.03;10.71;;;;;;;
108511;treatment;after visit;2022-05-20 23:59:59+00:00;27.8;8.44;19.36;;;;;;;
108511;treatment;after visit;2022-05-21 23:59:59+00:00;25.59;6.81;18.78;;;;;;;
108511;treatment;after visit;2022-05-22 23:59:59+00:00;25.26;9.95;15.31;;;;;;;
108511;treatment;after visit;2022-05-23 23:59:59+00:00;18.4;9.52;8.88;;;;;;;
108511;treatment;after visit;2022-05-24 23:59:59+00:00;23.91;10.36;13.55;;;;;;;
108511;treatment;after visit;2022-05-25 23:59:59+00:00;26.28;13.14;13.14;;;;;;;
108511;treatment;after visit;2022-05-26 23:59:59+00:00;23.5;10.43;13.07;;;;;;;
108511;treatment;after visit;2022-05-27 23:59:59+00:00;30.67;8.95;21.72;;;;;;;
108511;treatment;after visit;2022-05-28 23:59:59+00:00;28.78;8.81;19.97;;;;;;;
108511;treatment;after visit;2022-05-29 23:59:59+00:00;27.93;13.07;14.86;;;;;;;
108511;treatment;after visit;2022-05-30 23:59:59+00:00;31.43;13.32;18.11;;;;;;;
108511;treatment;after visit;2022-05-31 23:59:59+00:00;21.8;10.3;11.5;;;;;;;
108511;treatment;after visit;2022-06-01 23:59:59+00:00;29.15;13.13;16.02;;;;;;;
108511;treatment;after visit;2022-06-02 23:59:59+00:00;18.2;13.09;5.11;;;;;;;
108511;treatment;after visit;2022-06-03 23:59:59+00:00;20.95;7.5;13.45;;;;;;;
108511;treatment;after visit;2022-06-04 23:59:59+00:00;24.74;7.99;16.75;;;;;;;
108511;treatment;after visit;2022-06-05 23:59:59+00:00;21.84;9.14;12.7;;;;;;;
108511;treatment;after visit;2022-06-06 23:59:59+00:00;22.47;9.24;13.23;;;;;;;
108511;treatment;after visit;2022-06-07 23:59:59+00:00;28.11;7.95;20.16;;;;;;;
108511;treatment;after visit;2022-06-08 23:59:59+00:00;23.28;9.78;13.5;;;;;;;
108511;treatment;after visit;2022-06-09 23:59:59+00:00;21.99;11.95;10.04;;;;;;;
108511;treatment;after visit;2022-06-10 23:59:59+00:00;26.33;13.97;12.36;;;;;;;
108511;treatment;after visit;2022-06-11 23:59:59+00:00;25.09;8.79;16.3;;;;;;;
108511;treatment;after visit;2022-06-12 23:59:59+00:00;18.89;9.35;9.54;;;;;;;
108511;treatment;after visit;2022-06-13 23:59:59+00:00;23.85;12.42;11.43;;;;;;;
108511;treatment;after visit;2022-06-14 23:59:59+00:00;21.73;9.02;12.71;;;;;;;
108511;treatment;after visit;2022-06-15 23:59:59+00:00;24.73;9.14;15.59;;;;;;;
108511;treatment;after visit;2022-06-16 23:59:59+00:00;24.1;7.75;16.35;;;;;;;
108511;treatment;after visit;2022-06-17 23:59:59+00:00;23.77;7.45;16.32;;;;;;;
108511;treatment;after visit;2022-06-18 23:59:59+00:00;26.07;8.42;17.65;;;;;;;
108511;treatment;after visit;2022-06-19 23:59:59+00:00;23.59;10.03;13.56;;;;;;;
108511;treatment;after visit;2022-06-20 23:59:59+00:00;23.96;9.2;14.76;;;;;;;
108511;treatment;after visit;2022-06-21 23:59:59+00:00;19.98;7.77;12.21;;;;;;;
108511;treatment;after visit;2022-06-22 23:59:59+00:00;21.78;8.34;13.44;;;;;;;
108511;treatment;after visit;2022-06-23 23:59:59+00:00;18.71;9.79;8.92;;;;;;;
108511;treatment;after visit;2022-06-24 23:59:59+00:00;25.58;8.49;17.09;;;;;;;
108511;treatment;after visit;2022-06-25 23:59:59+00:00;28.47;10.52;17.95;;;;;;;
108511;treatment;after visit;2022-06-26 23:59:59+00:00;26.23;9.28;16.95;;;;;;;
108511;treatment;after visit;2022-06-27 23:59:59+00:00;20.8;10.34;10.46;;;;;;;
108511;treatment;after visit;2022-06-28 23:59:59+00:00;22.0;10.95;11.05;;;;;;;
108511;treatment;after visit;2022-06-29 23:59:59+00:00;32.6;13.24;19.36;;;;;;;
108511;treatment;after visit;2022-06-30 23:59:59+00:00;20.37;9.24;11.13;;;;;;;
108511;treatment;after visit;2022-07-01 23:59:59+00:00;23.92;8.51;15.41;;;;;;;
108511;treatment;after visit;2022-07-02 23:59:59+00:00;32.97;10.13;22.84;;;;;;;
108511;treatment;after visit;2022-07-03 23:59:59+00:00;25.45;9.7;15.75;;;;;;;
108511;treatment;after visit;2022-07-04 23:59:59+00:00;21.47;9.06;12.41;;;;;;;
108511;treatment;after visit;2022-07-05 23:59:59+00:00;23.83;12.25;11.58;;;;;;;
108511;treatment;after visit;2022-07-06 23:59:59+00:00;21.56;9.17;12.39;;;;;;;
108511;treatment;after visit;2022-07-07 23:59:59+00:00;19.65;8.69;10.96;;;;;;;
108511;treatment;after visit;2022-07-08 23:59:59+00:00;19.59;9.05;10.54;;;;;;;
108511;treatment;after visit;2022-07-09 23:59:59+00:00;21.29;9.2;12.09;;;;;;;
108511;treatment;after visit;2022-07-10 23:59:59+00:00;33.33;10.53;22.8;;;;;;;
108511;treatment;after visit;2022-07-11 23:59:59+00:00;26.12;10.15;15.97;;;;;;;
108511;treatment;after visit;2022-07-12 23:59:59+00:00;27.96;8.24;19.72;;;;;;;
108511;treatment;after visit;2022-07-13 23:59:59+00:00;19.98;8.71;11.27;;;;;;;
108511;treatment;after visit;2022-07-14 23:59:59+00:00;20.59;7.78;12.81;;;;;;;
108511;treatment;after visit;2022-07-15 23:59:59+00:00;25.46;8.53;16.93;;;;;;;
108511;treatment;after visit;2022-07-16 23:59:59+00:00;22.09;8.01;14.08;;;;;;;
108511;treatment;after visit;2022-07-17 23:59:59+00:00;30.53;8.99;21.54;;;;;;;
108511;treatment;after visit;2022-07-18 23:59:59+00:00;24.99;9.45;15.54;;;;;;;
108511;treatment;after visit;2022-07-19 23:59:59+00:00;19.35;8.02;11.33;;;;;;;
108511;treatment;after visit;2022-07-20 23:59:59+00:00;31.39;8.34;23.05;;;;;;;
108511;treatment;after visit;2022-07-21 23:59:59+00:00;26.07;9.29;16.78;;;;;;;
108511;treatment;after visit;2022-07-22 23:59:59+00:00;23.52;12.95;10.57;;;;;;;
108511;treatment;after visit;2022-07-23 23:59:59+00:00;38.06;12.73;25.33;;;;;;;
108511;treatment;after visit;2022-07-24 23:59:59+00:00;30.29;13.54;16.75;;;;;;;
108511;treatment;after visit;2022-07-25 23:59:59+00:00;21.01;10.93;10.08;;;;;;;
108511;treatment;after visit;2022-07-26 23:59:59+00:00;19.67;9.17;10.5;;;;;;;
108511;treatment;after visit;2022-07-27 23:59:59+00:00;21.26;8.83;12.43;;;;;;;
108511;treatment;after visit;2022-07-28 23:59:59+00:00;20.49;8.5;11.99;;;;;;;
108511;treatment;after visit;2022-07-29 23:59:59+00:00;18.7;7.87;10.83;;;;;;;
108511;treatment;after visit;2022-07-30 23:59:59+00:00;12.38;8.45;3.93;;;;;;;
108511;treatment;after visit;2022-07-31 23:59:59+00:00;28.96;10.98;17.98;;;;;;;
108511;treatment;after visit;2022-08-01 23:59:59+00:00;16.89;8.25;8.64;;;;;;;
108511;treatment;after visit;2022-08-02 23:59:59+00:00;19.73;9.13;10.6;;;;;;;
108511;treatment;after visit;2022-08-03 23:59:59+00:00;22.39;9.74;12.65;;;;;;;
108511;treatment;after visit;2022-08-04 23:59:59+00:00;17.78;8.39;9.39;;;;;;;
108511;treatment;after visit;2022-08-05 23:59:59+00:00;18.0;8.05;9.95;;;;;;;
108511;treatment;after visit;2022-08-06 23:59:59+00:00;22.66;7.45;15.21;;;;;;;
108511;treatment;after visit;2022-08-07 23:59:59+00:00;33.63;9.7;23.93;;;;;;;
108511;treatment;after visit;2022-08-08 23:59:59+00:00;26.16;10.58;15.58;;;;;;;
108511;treatment;after visit;2022-08-09 23:59:59+00:00;25.71;9.68;16.03;;;;;;;
108511;treatment;after visit;2022-08-10 23:59:59+00:00;22.25;9.45;12.8;;;;;;;
108511;treatment;after visit;2022-08-11 23:59:59+00:00;18.31;7.57;10.74;;;;;;;
108511;treatment;after visit;2022-08-12 23:59:59+00:00;19.56;8.74;10.82;;;;;;;
108511;treatment;after visit;2022-08-13 23:59:59+00:00;19.55;8.31;11.24;;;;;;;
108511;treatment;after visit;2022-08-14 23:59:59+00:00;23.82;10.19;13.63;;;;;;;
108511;treatment;after visit;2022-08-15 23:59:59+00:00;16.58;8.78;7.8;;;;;;;
108511;treatment;after visit;2022-08-16 23:59:59+00:00;19.11;8.11;11.0;;;;;;;
108511;treatment;after visit;2022-08-17 23:59:59+00:00;21.46;9.49;11.97;;;;;;;
108511;treatment;after visit;2022-08-18 23:59:59+00:00;23.08;10.51;12.57;;;;;;;
108511;treatment;after visit;2022-08-19 23:59:59+00:00;21.28;7.68;13.6;;;;;;;
108511;treatment;after visit;2022-08-20 23:59:59+00:00;19.93;9.4;10.53;;;;;;;
108511;treatment;after visit;2022-08-21 23:59:59+00:00;20.88;9.54;11.34;;;;;;;
108511;treatment;after visit;2022-08-22 23:59:59+00:00;28.66;9.14;19.52;;;;;;;
108511;treatment;after visit;2022-08-23 23:59:59+00:00;22.54;8.27;14.27;;;;;;;
108511;treatment;after visit;2022-08-24 23:59:59+00:00;21.21;8.95;12.26;;;;;;;
108511;treatment;after visit;2022-08-25 23:59:59+00:00;28.73;11.05;17.68;;;;;;;
108511;treatment;after visit;2022-08-26 23:59:59+00:00;20.63;7.75;12.88;;;;;;;
108511;treatment;after visit;2022-08-27 23:59:59+00:00;28.53;9.16;19.37;;;;;;;
108511;treatment;after visit;2022-08-28 23:59:59+00:00;31.09;10.95;20.14;;;;;;;
108511;treatment;after visit;2022-08-29 23:59:59+00:00;20.75;9.8;10.95;;;;;;;
108511;treatment;after visit;2022-08-30 23:59:59+00:00;19.25;8.97;10.28;;;;;;;
108511;treatment;after visit;2022-08-31 23:59:59+00:00;22.02;9.48;12.54;;;;;;;
108511;treatment;after visit;2022-09-01 23:59:59+00:00;17.86;7.62;10.24;;;;;;;
108511;treatment;after visit;2022-09-02 23:59:59+00:00;24.6;9.86;14.74;;;;;;;
108511;treatment;after visit;2022-09-03 23:59:59+00:00;27.36;7.65;19.71;;;;;;;
108511;treatment;after visit;2022-09-04 23:59:59+00:00;19.55;10.1;9.45;;;;;;;
108511;treatment;after visit;2022-09-05 23:59:59+00:00;20.64;9.5;11.14;;;;;;;
108511;treatment;after visit;2022-09-06 23:59:59+00:00;20.73;8.24;12.49;;;;;;;
108511;treatment;after visit;2022-09-07 23:59:59+00:00;21.81;9.55;12.26;;;;;;;
108511;treatment;after visit;2022-09-08 23:59:59+00:00;27.95;7.56;20.39;;;;;;;
108511;treatment;after visit;2022-09-09 23:59:59+00:00;20.58;8.68;11.9;;;;;;;
108511;treatment;after visit;2022-09-10 23:59:59+00:00;23.03;8.08;14.95;;;;;;;
108511;treatment;after visit;2022-09-11 23:59:59+00:00;26.55;10.43;16.12;;;;;;;
108511;treatment;after visit;2022-09-12 23:59:59+00:00;21.58;8.95;12.63;;;;;;;
108511;treatment;after visit;2022-09-13 23:59:59+00:00;28.36;9.4;18.96;;;;;;;
108511;treatment;after visit;2022-09-14 23:59:59+00:00;24.7;9.75;14.95;;;;;;;
108511;treatment;after visit;2022-09-15 23:59:59+00:00;29.74;8.17;21.57;;;;;;;
108511;treatment;after visit;2022-09-16 23:59:59+00:00;27.88;8.89;18.99;;;;;;;
108511;treatment;after visit;2022-09-17 23:59:59+00:00;20.42;10.42;10.0;;;;;;;
108511;treatment;after visit;2022-09-18 23:59:59+00:00;32.62;12.32;20.3;;;;;;;
108511;treatment;after visit;2022-09-19 23:59:59+00:00;22.94;10.56;12.38;;;;;;;
108511;treatment;after visit;2022-09-20 23:59:59+00:00;25.99;10.54;15.45;;;;;;;
108511;treatment;after visit;2022-09-21 23:59:59+00:00;24.55;13.18;11.37;;;;;;;
108511;treatment;after visit;2022-09-22 23:59:59+00:00;31.46;11.21;20.25;;;;;;;
108511;treatment;after visit;2022-09-23 23:59:59+00:00;30.13;9.16;20.97;;;;;;;
108511;treatment;after visit;2022-09-24 23:59:59+00:00;31.5;9.42;22.08;;;;;;;
108511;treatment;after visit;2022-09-25 23:59:59+00:00;29.46;11.2;18.26;;;;;;;
108511;treatment;after visit;2022-09-26 23:59:59+00:00;27.42;10.86;16.56;;;;;;;
108511;treatment;after visit;2022-09-27 23:59:59+00:00;28.84;13.26;15.58;;;;;;;
108511;treatment;after visit;2022-09-28 23:59:59+00:00;33.57;14.3;19.27;;;;;;;
108511;treatment;after visit;2022-09-29 23:59:59+00:00;45.26;26.9;18.36;;;;;;;
108511;treatment;after visit;2022-09-30 23:59:59+00:00;33.85;19.75;14.1;;;;;;;
108511;treatment;after visit;2022-10-01 23:59:59+00:00;45.23;22.72;22.51;;;;;;;
108511;treatment;after visit;2022-10-02 23:59:59+00:00;30.49;14.84;15.65;;;;;;;
108511;treatment;after visit;2022-10-03 23:59:59+00:00;25.9;15.5;10.4;;;;;;;
108511;treatment;after visit;2022-10-04 23:59:59+00:00;32.69;19.14;13.55;;;;;;;
108511;treatment;after visit;2022-10-05 23:59:59+00:00;27.02;14.88;12.14;;;;;;;
108511;treatment;after visit;2022-10-06 23:59:59+00:00;23.49;11.91;11.58;;;;;;;
108511;treatment;after visit;2022-10-07 23:59:59+00:00;23.39;11.62;11.77;;;;;;;
108511;treatment;after visit;2022-10-08 23:59:59+00:00;28.68;13.29;15.39;;;;;;;
108511;treatment;after visit;2022-10-09 23:59:59+00:00;39.36;17.65;21.71;;;;;;;
108511;treatment;after visit;2022-10-10 23:59:59+00:00;26.5;14.48;12.02;;;;;;;
108511;treatment;after visit;2022-10-11 23:59:59+00:00;24.45;14.03;10.42;;;;;;;
108511;treatment;after visit;2022-10-12 23:59:59+00:00;28.31;13.24;15.07;;;;;;;
108511;treatment;after visit;2022-10-13 23:59:59+00:00;31.85;14.73;17.12;;;;;;;
108511;treatment;after visit;2022-10-14 23:59:59+00:00;29.68;15.64;14.04;;;;;;;
108511;treatment;after visit;2022-10-15 23:59:59+00:00;26.45;15.56;10.89;;;;;;;
108511;treatment;after visit;2022-10-16 23:59:59+00:00;16.32;12.56;3.76;;;;;;;
108511;treatment;after visit;2022-10-17 23:59:59+00:00;15.37;13.01;2.36;;;;;;;
108511;treatment;after visit;2022-10-18 23:59:59+00:00;14.66;12.38;2.28;;;;;;;
108511;treatment;after visit;2022-10-19 23:59:59+00:00;16.15;13.76;2.39;;;;;;;
108511;treatment;after visit;2022-10-20 23:59:59+00:00;14.93;12.55;2.38;;;;;;;
108511;treatment;after visit;2022-10-21 23:59:59+00:00;15.56;13.24;2.32;;;;;;;
108511;treatment;after visit;2022-10-22 23:59:59+00:00;16.74;14.43;2.31;;;;;;;
108511;treatment;after visit;2022-10-23 23:59:59+00:00;16.9;14.65;2.25;;;;;;;
108511;treatment;after visit;2022-10-24 23:59:59+00:00;23.02;17.22;5.8;;;;;;;
108511;treatment;after visit;2022-10-25 23:59:59+00:00;39.85;21.32;18.53;;;;;;;
108511;treatment;after visit;2022-10-26 23:59:59+00:00;32.06;16.13;15.93;;;;;;;
108511;treatment;after visit;2022-10-27 23:59:59+00:00;34.78;17.35;17.43;;;;;;;
108511;treatment;after visit;2022-10-28 23:59:59+00:00;29.94;15.88;14.06;;;;;;;
108511;treatment;after visit;2022-10-29 23:59:59+00:00;33.33;16.47;16.86;;;;;;;
108511;treatment;after visit;2022-10-30 23:59:59+00:00;35.5;20.27;15.23;;;;;;;
108511;treatment;after visit;2022-10-31 23:59:59+00:00;31.24;20.11;11.13;;;;;;;
108511;treatment;after visit;2022-11-01 23:59:59+00:00;35.29;17.79;17.5;;;;;;;
108511;treatment;after visit;2022-11-02 23:59:59+00:00;36.52;20.15;16.37;;;;;;;
108511;treatment;after visit;2022-11-03 23:59:59+00:00;40.9;22.59;18.31;;;;;;;
108511;treatment;after visit;2022-11-04 23:59:59+00:00;38.05;23.2;14.85;;;;;;;
108511;treatment;after visit;2022-11-05 23:59:59+00:00;46.34;26.58;19.76;;;;;;;
108511;treatment;after visit;2022-11-06 23:59:59+00:00;46.47;34.22;12.25;;;;;;;
108511;treatment;after visit;2022-11-07 23:59:59+00:00;46.37;30.13;16.24;;;;;;;
108511;treatment;after visit;2022-11-08 23:59:59+00:00;49.48;29.21;20.27;;;;;;;
108511;treatment;after visit;2022-11-09 23:59:59+00:00;38.98;26.88;12.1;;;;;;;
108511;treatment;after visit;2022-11-10 23:59:59+00:00;42.17;25.56;16.61;;;;;;;
108511;treatment;after visit;2022-11-11 23:59:59+00:00;42.04;27.18;14.86;;;;;;;
108511;treatment;after visit;2022-11-12 23:59:59+00:00;49.59;28.44;21.15;;;;;;;
108511;treatment;after visit;2022-11-13 23:59:59+00:00;54.13;33.17;20.96;;;;;;;
108511;treatment;after visit;2022-11-14 23:59:59+00:00;47.34;29.17;18.17;;;;;;;
108511;treatment;after visit;2022-11-15 23:59:59+00:00;42.18;26.36;15.82;;;;;;;
108511;treatment;after visit;2022-11-16 23:59:59+00:00;41.21;26.45;14.76;;;;;;;
108511;treatment;after visit;2022-11-17 23:59:59+00:00;38.08;23.87;14.21;;;;;;;
108511;treatment;after visit;2022-11-18 23:59:59+00:00;49.77;27.54;22.23;;;;;;;
108511;treatment;after visit;2022-11-19 23:59:59+00:00;52.34;33.12;19.22;;;;;;;
108511;treatment;after visit;2022-11-20 23:59:59+00:00;42.6;33.17;9.43;;;;;;;
108511;treatment;after visit;2022-11-21 23:59:59+00:00;50.46;33.97;16.49;;;;;;;
108511;treatment;after visit;2022-11-22 23:59:59+00:00;47.94;34.16;13.78;;;;;;;
108511;treatment;after visit;2022-11-23 23:59:59+00:00;52.55;34.6;17.95;;;;;;;
108511;treatment;after visit;2022-11-24 23:59:59+00:00;51.33;34.2;17.13;;;;;;;
108511;treatment;after visit;2022-11-25 23:59:59+00:00;47.19;32.47;14.72;;;;;;;
108511;treatment;after visit;2022-11-26 23:59:59+00:00;54.86;35.32;19.54;;;;;;;
108511;treatment;after visit;2022-11-27 23:59:59+00:00;54.21;37.19;17.02;;;;;;;
108511;treatment;after visit;2022-11-28 23:59:59+00:00;54.55;33.56;20.99;;;;;;;
108511;treatment;after visit;2022-11-29 23:59:59+00:00;52.35;28.82;23.53;;;;;;;
108511;treatment;after visit;2022-11-30 23:59:59+00:00;49.36;34.37;14.99;;;;;;;
108511;treatment;after visit;2022-12-01 23:59:59+00:00;60.19;37.2;22.99;;;;;;;
108511;treatment;after visit;2022-12-02 23:59:59+00:00;52.87;37.34;15.53;;;;;;;
108511;treatment;after visit;2022-12-03 23:59:59+00:00;65.12;42.09;23.03;;;;;;;
108511;treatment;after visit;2022-12-04 23:59:59+00:00;56.34;42.5;13.84;;;;;;;
108511;treatment;after visit;2022-12-05 23:59:59+00:00;64.08;41.26;22.82;;;;;;;
108511;treatment;after visit;2022-12-06 23:59:59+00:00;67.22;45.31;21.91;;;;;;;
108511;treatment;after visit;2022-12-07 23:59:59+00:00;63.4;44.27;19.13;;;;;;;
108511;treatment;after visit;2022-12-08 23:59:59+00:00;61.97;47.72;14.25;;;;;;;
108511;treatment;after visit;2022-12-09 23:59:59+00:00;72.83;47.64;25.19;;;;;;;
108511;treatment;after visit;2022-12-10 23:59:59+00:00;71.86;42.69;29.17;;;;;;;
108511;treatment;after visit;2022-12-11 23:59:59+00:00;71.27;58.43;12.84;;;;;;;
108511;treatment;after visit;2022-12-12 23:59:59+00:00;84.35;59.78;24.57;;;;;;;
108511;treatment;after visit;2022-12-13 23:59:59+00:00;82.34;59.94;22.4;;;;;;;
108511;treatment;after visit;2022-12-14 23:59:59+00:00;68.17;54.04;14.13;;;;;;;
108511;treatment;after visit;2022-12-15 23:59:59+00:00;67.29;46.98;20.31;;;;;;;
108511;treatment;after visit;2022-12-16 23:59:59+00:00;67.24;51.58;15.66;;;;;;;
108511;treatment;after visit;2022-12-17 23:59:59+00:00;73.46;53.22;20.24;;;;;;;
108511;treatment;after visit;2022-12-18 23:59:59+00:00;77.69;57.12;20.57;;;;;;;
108511;treatment;after visit;2022-12-19 23:59:59+00:00;66.68;50.85;15.83;;;;;;;
108511;treatment;after visit;2022-12-20 23:59:59+00:00;65.51;46.14;19.37;;;;;;;
108511;treatment;after visit;2022-12-21 23:59:59+00:00;61.3;38.34;22.96;;;;;;;
108511;treatment;after visit;2022-12-22 23:59:59+00:00;42.2;30.09;12.11;;;;;;;
108511;treatment;after visit;2022-12-23 23:59:59+00:00;45.61;25.84;19.77;;;;;;;
108511;treatment;after visit;2022-12-24 23:59:59+00:00;38.1;26.75;11.35;;;;;;;
108511;treatment;after visit;2022-12-25 23:59:59+00:00;50.41;32.43;17.98;;;;;;;
108511;treatment;after visit;2022-12-26 23:59:59+00:00;50.38;31.04;19.34;;;;;;;
108511;treatment;after visit;2022-12-27 23:59:59+00:00;51.88;35.38;16.5;;;;;;;
108511;treatment;after visit;2022-12-28 23:59:59+00:00;50.97;40.29;10.68;;;;;;;
108511;treatment;after visit;2022-12-29 23:59:59+00:00;42.7;32.8;9.9;;;;;;;
108511;treatment;after visit;2022-12-30 23:59:59+00:00;46.21;33.03;13.18;;;;;;;
108511;treatment;after visit;2022-12-31 23:59:59+00:00;52.87;28.57;24.3;;;;;;;
108511;treatment;after visit;2023-01-01 23:59:59+00:00;38.7;28.49;10.21;;;;;;;
108511;treatment;after visit;2023-01-02 23:59:59+00:00;51.42;29.36;22.06;;;;;;;
108511;treatment;after visit;2023-01-03 23:59:59+00:00;49.72;30.25;19.47;;;;;;;
108511;treatment;after visit;2023-01-04 23:59:59+00:00;46.76;32.15;14.61;;;;;;;
108511;treatment;after visit;2023-01-05 23:59:59+00:00;41.93;27.88;14.05;;;;;;;
108511;treatment;after visit;2023-01-06 23:59:59+00:00;44.18;32.5;11.68;;;;;;;
108511;treatment;after visit;2023-01-07 23:59:59+00:00;47.5;30.63;16.87;;;;;;;
108511;treatment;after visit;2023-01-08 23:59:59+00:00;60.6;34.02;26.58;;;;;;;
108511;treatment;after visit;2023-01-09 23:59:59+00:00;57.0;37.37;19.63;;;;;;;
108511;treatment;after visit;2023-01-10 23:59:59+00:00;56.32;42.27;14.05;;;;;;;
108511;treatment;after visit;2023-01-11 23:59:59+00:00;53.01;37.55;15.46;;;;;;;
108511;treatment;after visit;2023-01-12 23:59:59+00:00;49.05;34.48;14.57;;;;;;;
108511;treatment;after visit;2023-01-13 23:59:59+00:00;51.43;32.65;18.78;;;;;;;
108511;treatment;after visit;2023-01-14 23:59:59+00:00;63.2;35.26;27.94;;;;;;;
108511;treatment;after visit;2023-01-15 23:59:59+00:00;56.82;33.66;23.16;;;;;;;
108511;treatment;after visit;2023-01-16 23:59:59+00:00;61.57;45.52;16.05;;;;;;;
108511;treatment;after visit;2023-01-17 23:59:59+00:00;71.37;50.54;20.83;;;;;;;
108511;treatment;after visit;2023-01-18 23:59:59+00:00;64.2;49.37;14.83;;;;;;;
108511;treatment;after visit;2023-01-19 23:59:59+00:00;72.49;53.22;19.27;;;;;;;
108511;treatment;after visit;2023-01-20 23:59:59+00:00;74.17;56.38;17.79;;;;;;;
108511;treatment;after visit;2023-01-21 23:59:59+00:00;81.93;62.0;19.93;;;;;;;
108511;treatment;after visit;2023-01-22 23:59:59+00:00;74.46;57.04;17.42;;;;;;;
108511;treatment;after visit;2023-01-23 23:59:59+00:00;71.23;52.17;19.06;;;;;;;
108511;treatment;after visit;2023-01-24 23:59:59+00:00;70.15;52.1;18.05;;;;;;;
108511;treatment;after visit;2023-01-25 23:59:59+00:00;61.06;47.76;13.3;;;;;;;
108511;treatment;after visit;2023-01-26 23:59:59+00:00;64.89;51.15;13.74;;;;;;;
108511;treatment;after visit;2023-01-27 23:59:59+00:00;72.14;57.15;14.99;;;;;;;
108511;treatment;after visit;2023-01-28 23:59:59+00:00;63.64;53.44;10.2;;;;;;;
108511;treatment;after visit;2023-01-29 23:59:59+00:00;67.07;55.1;11.97;;;;;;;
108511;treatment;after visit;2023-01-30 23:59:59+00:00;68.31;53.43;14.88;;;;;;;
108511;treatment;after visit;2023-01-31 23:59:59+00:00;67.98;47.58;20.4;;;;;;;
108511;treatment;after visit;2023-02-01 23:59:59+00:00;59.79;47.71;12.08;;;;;;;
108511;treatment;after visit;2023-02-02 23:59:59+00:00;54.7;40.02;14.68;;;;;;;
108511;treatment;after visit;2023-02-03 23:59:59+00:00;53.7;38.19;15.51;;;;;;;
108511;treatment;after visit;2023-02-04 23:59:59+00:00;51.81;39.72;12.09;;;;;;;
108511;treatment;after visit;2023-02-05 23:59:59+00:00;60.63;46.22;14.41;;;;;;;
108511;treatment;after visit;2023-02-06 23:59:59+00:00;58.95;45.51;13.44;;;;;;;
108511;treatment;after visit;2023-02-07 23:59:59+00:00;70.82;52.59;18.23;;;;;;;
108511;treatment;after visit;2023-02-08 23:59:59+00:00;66.06;53.85;12.21;;;;;;;
108511;treatment;after visit;2023-02-09 23:59:59+00:00;69.61;52.93;16.68;;;;;;;
108511;treatment;after visit;2023-02-10 23:59:59+00:00;74.56;54.02;20.54;;;;;;;
108511;treatment;after visit;2023-02-11 23:59:59+00:00;64.17;51.47;12.7;;;;;;;
108511;treatment;after visit;2023-02-12 23:59:59+00:00;68.42;45.5;22.92;;;;;;;
108511;treatment;after visit;2023-02-13 23:59:59+00:00;55.24;43.43;11.81;;;;;;;
108511;treatment;after visit;2023-02-14 23:59:59+00:00;59.99;45.79;14.2;;;;;;;
108511;treatment;after visit;2023-02-15 23:59:59+00:00;56.64;44.58;12.06;;;;;;;
108511;treatment;after visit;2023-02-16 23:59:59+00:00;54.58;40.32;14.26;;;;;;;
108511;treatment;after visit;2023-02-17 23:59:59+00:00;43.1;28.91;14.19;;;;;;;
108511;treatment;after visit;2023-02-18 23:59:59+00:00;46.07;26.0;20.07;;;;;;;
108511;treatment;after visit;2023-02-19 23:59:59+00:00;47.98;29.57;18.41;;;;;;;
108511;treatment;after visit;2023-02-20 23:59:59+00:00;41.64;31.26;10.38;;;;;;;
108511;treatment;after visit;2023-02-21 23:59:59+00:00;44.08;31.34;12.74;;;;;;;
108511;treatment;after visit;2023-02-22 23:59:59+00:00;54.67;33.07;21.6;;;;;;;
108511;treatment;after visit;2023-02-23 23:59:59+00:00;44.3;28.23;16.07;;;;;;;
108511;treatment;after visit;2023-02-24 23:59:59+00:00;40.62;27.91;12.71;;;;;;;
108511;treatment;after visit;2023-02-25 23:59:59+00:00;43.12;35.93;7.19;;;;;;;
108511;treatment;after visit;2023-02-26 23:59:59+00:00;68.44;54.08;14.36;;;;;;;
108511;treatment;after visit;2023-02-27 23:59:59+00:00;77.61;52.71;24.9;;;;;;;
108511;treatment;after visit;2023-02-28 23:59:59+00:00;70.81;54.03;16.78;;;;;;;
108511;treatment;after visit;2023-03-01 23:59:59+00:00;62.07;52.33;9.74;;;;;;;
108511;treatment;after visit;2023-03-02 23:59:59+00:00;60.24;47.61;12.63;;;;;;;
108511;treatment;after visit;2023-03-03 23:59:59+00:00;57.97;42.79;15.18;;;;;;;
108511;treatment;after visit;2023-03-04 23:59:59+00:00;53.81;37.37;16.44;;;;;;;
108511;treatment;after visit;2023-03-05 23:59:59+00:00;60.05;40.11;19.94;;;;;;;
108511;treatment;after visit;2023-03-06 23:59:59+00:00;51.39;40.92;10.47;;;;;;;
108511;treatment;after visit;2023-03-07 23:59:59+00:00;56.97;38.97;18.0;;;;;;;
108511;treatment;after visit;2023-03-08 23:59:59+00:00;49.84;34.9;14.94;;;;;;;
108511;treatment;after visit;2023-03-09 23:59:59+00:00;40.71;24.8;15.91;;;;;;;
108511;treatment;after visit;2023-03-10 23:59:59+00:00;52.25;30.27;21.98;;;;;;;
108511;treatment;after visit;2023-03-11 23:59:59+00:00;55.72;38.06;17.66;;;;;;;
108511;treatment;after visit;2023-03-12 23:59:59+00:00;60.44;35.17;25.27;;;;;;;
108511;treatment;after visit;2023-03-13 23:59:59+00:00;34.0;22.99;11.01;;;;;;;
108511;treatment;after visit;2023-03-14 23:59:59+00:00;49.36;27.71;21.65;;;;;;;
108511;treatment;after visit;2023-03-15 23:59:59+00:00;62.04;37.45;24.59;;;;;;;
108511;treatment;after visit;2023-03-16 23:59:59+00:00;43.93;34.87;9.06;;;;;;;
108511;treatment;after visit;2023-03-17 23:59:59+00:00;42.99;29.5;13.49;;;;;;;
108511;treatment;after visit;2023-03-18 23:59:59+00:00;39.3;23.4;15.9;;;;;;;
108511;treatment;after visit;2023-03-19 23:59:59+00:00;34.23;24.09;10.14;;;;;;;
108511;treatment;after visit;2023-03-20 23:59:59+00:00;37.26;23.46;13.8;;;;;;;
108511;treatment;after visit;2023-03-21 23:59:59+00:00;39.67;24.25;15.42;;;;;;;
108511;treatment;after visit;2023-03-22 23:59:59+00:00;30.87;20.93;9.94;;;;;;;
108511;treatment;after visit;2023-03-23 23:59:59+00:00;35.29;16.9;18.39;;;;;;;
108511;treatment;after visit;2023-03-24 23:59:59+00:00;38.51;21.16;17.35;;;;;;;
108511;treatment;after visit;2023-03-25 23:59:59+00:00;38.64;27.26;11.38;;;;;;;
108511;treatment;after visit;2023-03-26 23:59:59+00:00;51.42;31.96;19.46;;;;;;;
108511;treatment;after visit;2023-03-27 23:59:59+00:00;50.14;35.43;14.71;;;;;;;
108511;treatment;after visit;2023-03-28 23:59:59+00:00;56.31;35.83;20.48;;;;;;;
108511;treatment;after visit;2023-03-29 23:59:59+00:00;34.09;24.52;9.57;;;;;;;
108511;treatment;after visit;2023-03-30 23:59:59+00:00;33.47;20.48;12.99;;;;;;;
108511;treatment;after visit;2023-03-31 23:59:59+00:00;38.5;22.38;16.12;;;;;;;
108511;treatment;after visit;2023-04-01 23:59:59+00:00;34.02;26.81;7.21;;;;;;;
108511;treatment;after visit;2023-04-02 23:59:59+00:00;38.22;26.21;12.01;;;;;;;
108511;treatment;after visit;2023-04-03 23:59:59+00:00;64.66;35.87;28.79;;;;;;;
108511;treatment;after visit;2023-04-04 23:59:59+00:00;57.86;39.92;17.94;;;;;;;
108511;treatment;after visit;2023-04-05 23:59:59+00:00;45.65;36.46;9.19;;;;;;;
108511;treatment;after visit;2023-04-06 23:59:59+00:00;42.99;29.09;13.9;;;;;;;
108511;treatment;after visit;2023-04-07 23:59:59+00:00;35.61;28.29;7.32;;;;;;;
108511;treatment;after visit;2023-04-08 23:59:59+00:00;43.77;28.13;15.64;;;;;;;
108511;treatment;after visit;2023-04-09 23:59:59+00:00;44.6;27.58;17.02;;;;;;;
108511;treatment;after visit;2023-04-10 23:59:59+00:00;31.62;22.15;9.47;;;;;;;
108511;treatment;after visit;2023-04-11 23:59:59+00:00;39.13;22.61;16.52;;;;;;;
108511;treatment;after visit;2023-04-12 23:59:59+00:00;35.97;23.73;12.24;;;;;;;
108511;treatment;after visit;2023-04-13 23:59:59+00:00;45.97;28.97;17.0;;;;;;;
108511;treatment;after visit;2023-04-14 23:59:59+00:00;46.49;27.77;18.72;;;;;;;
108511;treatment;after visit;2023-04-15 23:59:59+00:00;49.59;27.03;22.56;;;;;;;
108511;treatment;after visit;2023-04-16 23:59:59+00:00;55.76;30.34;25.42;;;;;;;
108511;treatment;after visit;2023-04-17 23:59:59+00:00;43.29;27.32;15.97;;;;;;;
108511;treatment;after visit;2023-04-18 23:59:59+00:00;35.29;21.55;13.74;;;;;;;
108511;treatment;after visit;2023-04-19 23:59:59+00:00;37.54;22.02;15.52;;;;;;;
108511;treatment;after visit;2023-04-20 23:59:59+00:00;39.18;29.33;9.85;;;;;;;
108511;treatment;after visit;2023-04-21 23:59:59+00:00;40.34;26.96;13.38;;;;;;;
108511;treatment;after visit;2023-04-22 23:59:59+00:00;38.53;19.61;18.92;;;;;;;
108511;treatment;after visit;2023-04-23 23:59:59+00:00;24.63;17.21;7.42;;;;;;;
108511;treatment;after visit;2023-04-24 23:59:59+00:00;26.41;18.37;8.04;;;;;;;
108511;treatment;after visit;2023-04-25 23:59:59+00:00;30.95;22.07;8.88;;;;;;;
108511;treatment;after visit;2023-04-26 23:59:59+00:00;30.72;20.92;9.8;;;;;;;
108511;treatment;after visit;2023-04-27 23:59:59+00:00;31.84;15.99;15.85;;;;;;;
108511;treatment;after visit;2023-04-28 23:59:59+00:00;30.33;14.34;15.99;;;;;;;
108511;treatment;after visit;2023-04-29 23:59:59+00:00;19.9;10.38;9.52;;;;;;;
108511;treatment;after visit;2023-04-30 23:59:59+00:00;32.36;15.93;16.43;;;;;;;
108511;treatment;after visit;2023-05-01 23:59:59+00:00;26.97;16.03;10.94;;;;;;;
108511;treatment;after visit;2023-05-02 23:59:59+00:00;18.76;14.5;4.26;;;;;;;
108511;treatment;after visit;2023-05-03 23:59:59+00:00;25.78;15.61;10.17;;;;;;;
108511;treatment;after visit;2023-05-04 23:59:59+00:00;17.62;10.53;7.09;;;;;;;
108511;treatment;after visit;2023-05-05 23:59:59+00:00;20.53;8.61;11.92;;;;;;;
108511;treatment;after visit;2023-05-06 23:59:59+00:00;14.06;7.08;6.98;;;;;;;
108511;treatment;after visit;2023-05-07 23:59:59+00:00;34.82;12.17;22.65;;;;;;;
108511;treatment;after visit;2023-05-08 23:59:59+00:00;18.02;6.94;11.08;;;;;;;
108511;treatment;after visit;2023-05-09 23:59:59+00:00;15.35;7.84;7.51;;;;;;;
108511;treatment;after visit;2023-05-10 23:59:59+00:00;30.34;13.65;16.69;;;;;;;
108511;treatment;after visit;2023-05-11 23:59:59+00:00;26.75;17.23;9.52;;;;;;;
108511;treatment;after visit;2023-05-12 23:59:59+00:00;31.27;15.61;15.66;;;;;;;
108511;treatment;after visit;2023-05-13 23:59:59+00:00;29.09;13.73;15.36;;;;;;;
108511;treatment;after visit;2023-05-14 23:59:59+00:00;27.47;16.23;11.24;;;;;;;
108511;treatment;after visit;2023-05-15 23:59:59+00:00;29.11;15.93;13.18;;;;;;;
108511;treatment;after visit;2023-05-16 23:59:59+00:00;26.42;18.07;8.35;;;;;;;
108511;treatment;after visit;2023-05-17 23:59:59+00:00;36.09;19.82;16.27;;;;;;;
108511;treatment;after visit;2023-05-18 23:59:59+00:00;26.82;19.52;7.3;;;;;;;
108511;treatment;after visit;2023-05-19 23:59:59+00:00;38.3;17.09;21.21;;;;;;;
108511;treatment;after visit;2023-05-20 23:59:59+00:00;24.69;15.56;9.13;;;;;;;
108511;treatment;after visit;2023-05-21 23:59:59+00:00;29.89;12.48;17.41;;;;;;;
108511;treatment;after visit;2023-05-22 23:59:59+00:00;18.58;6.17;12.41;;;;;;;
108511;treatment;after visit;2023-05-23 23:59:59+00:00;18.46;8.82;9.64;;;;;;;
108511;treatment;after visit;2023-05-24 23:59:59+00:00;29.31;11.23;18.08;;;;;;;
108511;treatment;after visit;2023-05-25 23:59:59+00:00;22.58;14.57;8.01;;;;;;;
108511;treatment;after visit;2023-05-26 23:59:59+00:00;22.2;10.72;11.48;;;;;;;
108511;treatment;after visit;2023-05-27 23:59:59+00:00;28.13;8.41;19.72;;;;;;;
108511;treatment;after visit;2023-05-28 23:59:59+00:00;14.55;9.12;5.43;;;;;;;
108511;treatment;after visit;2023-05-29 23:59:59+00:00;28.57;10.15;18.42;;;;;;;
108511;treatment;after visit;2023-05-30 23:59:59+00:00;25.46;9.23;16.23;;;;;;;
108511;treatment;after visit;2023-05-31 23:59:59+00:00;24.47;8.46;16.01;;;;;;;
108511;treatment;after visit;2023-06-01 23:59:59+00:00;27.38;8.81;18.57;;;;;;;
108511;treatment;after visit;2023-06-02 23:59:59+00:00;24.89;8.16;16.73;;;;;;;
108511;treatment;after visit;2023-06-03 23:59:59+00:00;28.76;8.36;20.4;;;;;;;
108511;treatment;after visit;2023-06-04 23:59:59+00:00;23.88;9.27;14.61;;;;;;;
108511;treatment;after visit;2023-06-05 23:59:59+00:00;20.47;7.04;13.43;;;;;;;
108511;treatment;after visit;2023-06-06 23:59:59+00:00;18.73;7.6;11.13;;;;;;;
108511;treatment;after visit;2023-06-07 23:59:59+00:00;18.02;9.54;8.48;;;;;;;
108511;treatment;after visit;2023-06-08 23:59:59+00:00;29.21;7.1;22.11;;;;;;;
108511;treatment;after visit;2023-06-09 23:59:59+00:00;22.2;7.3;14.9;;;;;;;
108511;treatment;after visit;2023-06-10 23:59:59+00:00;13.91;7.84;6.07;;;;;;;
108511;treatment;after visit;2023-06-11 23:59:59+00:00;30.17;10.63;19.54;;;;;;;
108511;treatment;after visit;2023-06-12 23:59:59+00:00;19.27;6.41;12.86;;;;;;;
108511;treatment;after visit;2023-06-13 23:59:59+00:00;18.51;7.85;10.66;;;;;;;
108511;treatment;after visit;2023-06-14 23:59:59+00:00;21.89;10.7;11.19;;;;;;;
108511;treatment;after visit;2023-06-15 23:59:59+00:00;13.07;6.23;6.84;;;;;;;
108511;treatment;after visit;2023-06-16 23:59:59+00:00;26.7;7.34;19.36;;;;;;;
108511;treatment;after visit;2023-06-17 23:59:59+00:00;18.63;8.48;10.15;;;;;;;
108511;treatment;after visit;2023-06-18 23:59:59+00:00;15.16;7.51;7.65;;;;;;;
108511;treatment;after visit;2023-06-19 23:59:59+00:00;24.85;6.07;18.78;;;;;;;
108511;treatment;after visit;2023-06-20 23:59:59+00:00;21.65;6.56;15.09;;;;;;;
108511;treatment;after visit;2023-06-21 23:59:59+00:00;20.86;7.64;13.22;;;;;;;
108511;treatment;after visit;2023-06-22 23:59:59+00:00;22.51;7.06;15.45;;;;;;;
108511;treatment;after visit;2023-06-23 23:59:59+00:00;21.7;6.77;14.93;;;;;;;
108511;treatment;after visit;2023-06-24 23:59:59+00:00;22.35;8.15;14.2;;;;;;;
108511;treatment;after visit;2023-06-25 23:59:59+00:00;23.81;9.22;14.59;;;;;;;
108511;treatment;after visit;2023-06-26 23:59:59+00:00;21.0;6.19;14.81;;;;;;;
108511;treatment;after visit;2023-06-27 23:59:59+00:00;19.72;6.86;12.86;;;;;;;
108511;treatment;after visit;2023-06-28 23:59:59+00:00;15.08;7.68;7.4;;;;;;;
108511;treatment;after visit;2023-06-29 23:59:59+00:00;12.52;6.05;6.47;;;;;;;
108511;treatment;after visit;2023-06-30 23:59:59+00:00;22.26;6.63;15.63;;;;;;;
108511;treatment;after visit;2023-07-01 23:59:59+00:00;12.05;7.16;4.89;;;;;;;
108511;treatment;after visit;2023-07-02 23:59:59+00:00;25.0;7.92;17.08;;;;;;;
108511;treatment;after visit;2023-07-03 23:59:59+00:00;16.83;5.41;11.42;;;;;;;
108511;treatment;after visit;2023-07-04 23:59:59+00:00;19.8;7.51;12.29;;;;;;;
108511;treatment;after visit;2023-07-05 23:59:59+00:00;19.37;7.46;11.91;;;;;;;
108511;treatment;after visit;2023-07-06 23:59:59+00:00;20.55;5.75;14.8;;;;;;;
108511;treatment;after visit;2023-07-07 23:59:59+00:00;18.11;6.6;11.51;;;;;;;
108511;treatment;after visit;2023-07-08 23:59:59+00:00;20.35;7.03;13.32;;;;;;;
108511;treatment;after visit;2023-07-09 23:59:59+00:00;14.63;8.06;6.57;;;;;;;
108511;treatment;after visit;2023-07-10 23:59:59+00:00;16.02;6.7;9.32;;;;;;;
108511;treatment;after visit;2023-07-11 23:59:59+00:00;19.24;7.26;11.98;;;;;;;
108511;treatment;after visit;2023-07-12 23:59:59+00:00;20.7;7.59;13.11;;;;;;;
108511;treatment;after visit;2023-07-13 23:59:59+00:00;19.52;6.07;13.45;;;;;;;
108511;treatment;after visit;2023-07-14 23:59:59+00:00;19.27;6.82;12.45;;;;;;;
108511;treatment;after visit;2023-07-15 23:59:59+00:00;17.42;5.84;11.58;;;;;;;
108511;treatment;after visit;2023-07-16 23:59:59+00:00;27.09;7.98;19.11;;;;;;;
108511;treatment;after visit;2023-07-17 23:59:59+00:00;22.79;7.76;15.03;;;;;;;
108511;treatment;after visit;2023-07-18 23:59:59+00:00;12.7;5.15;7.55;;;;;;;
108511;treatment;after visit;2023-07-19 23:59:59+00:00;8.31;5.13;3.18;;;;;;;
108511;treatment;after visit;2023-07-20 23:59:59+00:00;7.9;5.23;2.67;;;;;;;
108511;treatment;after visit;2023-07-21 23:59:59+00:00;17.78;5.1;12.68;;;;;;;
108511;treatment;after visit;2023-07-22 23:59:59+00:00;12.73;5.15;7.58;;;;;;;
108511;treatment;after visit;2023-07-23 23:59:59+00:00;8.42;5.12;3.3;;;;;;;
108511;treatment;after visit;2023-07-24 23:59:59+00:00;9.06;5.22;3.84;;;;;;;
108511;treatment;after visit;2023-07-25 23:59:59+00:00;11.64;5.33;6.31;;;;;;;
108511;treatment;after visit;2023-07-26 23:59:59+00:00;10.54;6.21;4.33;;;;;;;
108511;treatment;after visit;2023-07-27 23:59:59+00:00;8.44;5.23;3.21;;;;;;;
108511;treatment;after visit;2023-07-28 23:59:59+00:00;10.11;5.83;4.28;;;;;;;
108511;treatment;after visit;2023-07-29 23:59:59+00:00;9.84;5.33;4.51;;;;;;;
108511;treatment;after visit;2023-07-30 23:59:59+00:00;10.35;5.6;4.75;;;;;;;
108511;treatment;after visit;2023-07-31 23:59:59+00:00;11.43;5.6;5.83;;;;;;;
108511;treatment;after visit;2023-08-01 23:59:59+00:00;9.27;5.2;4.07;;;;;;;
108511;treatment;after visit;2023-08-02 23:59:59+00:00;20.01;5.52;14.49;;;;;;;
108511;treatment;after visit;2023-08-03 23:59:59+00:00;10.16;5.21;4.95;;;;;;;
108511;treatment;after visit;2023-08-04 23:59:59+00:00;15.96;6.56;9.4;;;;;;;
108511;treatment;after visit;2023-08-05 23:59:59+00:00;11.15;7.73;3.42;;;;;;;
108511;treatment;after visit;2023-08-06 23:59:59+00:00;8.74;5.23;3.51;;;;;;;
108511;treatment;after visit;2023-08-07 23:59:59+00:00;20.5;7.26;13.24;;;;;;;
108511;treatment;after visit;2023-08-08 23:59:59+00:00;12.55;9.46;3.09;;;;;;;
108511;treatment;after visit;2023-08-09 23:59:59+00:00;10.93;5.31;5.62;;;;;;;
108511;treatment;after visit;2023-08-10 23:59:59+00:00;9.93;5.95;3.98;;;;;;;
108511;treatment;after visit;2023-08-11 23:59:59+00:00;11.47;5.79;5.68;;;;;;;
108511;treatment;after visit;2023-08-12 23:59:59+00:00;8.45;5.06;3.39;;;;;;;
108511;treatment;after visit;2023-08-13 23:59:59+00:00;8.61;5.06;3.55;;;;;;;
108511;treatment;after visit;2023-08-14 23:59:59+00:00;8.12;5.22;2.9;;;;;;;
108511;treatment;after visit;2023-08-15 23:59:59+00:00;9.39;5.12;4.27;;;;;;;
108511;treatment;after visit;2023-08-16 23:59:59+00:00;11.75;6.1;5.65;;;;;;;
108511;treatment;after visit;2023-08-17 23:59:59+00:00;8.69;5.02;3.67;;;;;;;
108511;treatment;after visit;2023-08-18 23:59:59+00:00;17.38;5.24;12.14;;;;;;;
108511;treatment;after visit;2023-08-19 23:59:59+00:00;22.3;7.49;14.81;;;;;;;
108511;treatment;after visit;2023-08-20 23:59:59+00:00;21.32;7.41;13.91;;;;;;;
108511;treatment;after visit;2023-08-21 23:59:59+00:00;21.93;7.8;14.13;;;;;;;
108511;treatment;after visit;2023-08-22 23:59:59+00:00;16.4;6.23;10.17;;;;;;;
108511;treatment;after visit;2023-08-23 23:59:59+00:00;23.76;6.39;17.37;;;;;;;
108511;treatment;after visit;2023-08-24 23:59:59+00:00;32.48;6.54;25.94;;;;;;;
108511;treatment;after visit;2023-08-25 23:59:59+00:00;20.09;6.05;14.04;;;;;;;
108511;treatment;after visit;2023-08-26 23:59:59+00:00;14.89;7.16;7.73;;;;;;;
108511;treatment;after visit;2023-08-27 23:59:59+00:00;24.43;7.25;17.18;;;;;;;
108511;treatment;after visit;2023-08-28 23:59:59+00:00;27.85;9.63;18.22;;;;;;;
108511;treatment;after visit;2023-08-29 23:59:59+00:00;30.83;15.48;15.35;;;;;;;
108511;treatment;after visit;2023-08-30 23:59:59+00:00;21.28;10.65;10.63;;;;;;;
108511;treatment;after visit;2023-08-31 23:59:59+00:00;20.45;6.22;14.23;;;;;;;
108511;treatment;after visit;2023-09-01 23:59:59+00:00;20.58;6.47;14.11;;;;;;;
108511;treatment;after visit;2023-09-02 23:59:59+00:00;23.92;7.29;16.63;;;;;;;
108511;treatment;after visit;2023-09-03 23:59:59+00:00;16.22;8.1;8.12;;;;;;;
108511;treatment;after visit;2023-09-04 23:59:59+00:00;19.5;7.55;11.95;;;;;;;
108511;treatment;after visit;2023-09-05 23:59:59+00:00;14.64;5.41;9.23;;;;;;;
108511;treatment;after visit;2023-09-06 23:59:59+00:00;19.28;7.8;11.48;;;;;;;
