Household_ID;Group;AffectsTimePoint;Timestamp;kWh_received_Total;kWh_received_HeatPump;kWh_received_Other;kWh_returned_Total;kvarh_received_capacitive_Total;kvarh_received_capacitive_HeatPump;kvarh_received_capacitive_Other;kvarh_received_inductive_Total;kvarh_received_inductive_HeatPump;kvarh_received_inductive_Other
1141047;treatment;before visit;2019-03-02 23:59:59+00:00;25.79;;;;;;;;;
1141047;treatment;before visit;2019-03-03 23:59:59+00:00;19.06;;;;;;;;;
1141047;treatment;before visit;2019-03-04 23:59:59+00:00;26.16;;;;;;;;;
1141047;treatment;before visit;2019-03-05 23:59:59+00:00;21.18;;;;;;;;;
1141047;treatment;before visit;2019-03-06 23:59:59+00:00;32.02;;;;;;;;;
1141047;treatment;before visit;2019-03-07 23:59:59+00:00;24.04;;;;;;;;;
1141047;treatment;before visit;2019-03-08 23:59:59+00:00;17.26;;;;;;;;;
1141047;treatment;before visit;2019-03-09 23:59:59+00:00;15.47;;;;;;;;;
1141047;treatment;before visit;2019-03-10 23:59:59+00:00;26.42;;;;;;;;;
1141047;treatment;before visit;2019-03-11 23:59:59+00:00;28.73;;;;;;;;;
1141047;treatment;before visit;2019-03-12 23:59:59+00:00;25.58;;;;;;;;;
1141047;treatment;before visit;2019-03-13 23:59:59+00:00;30.35;;;;;;;;;
1141047;treatment;before visit;2019-03-14 23:59:59+00:00;27.9;;;;;;;;;
1141047;treatment;before visit;2019-03-15 23:59:59+00:00;24.95;;;;;;;;;
1141047;treatment;before visit;2019-03-16 23:59:59+00:00;27.03;;;;;;;;;
1141047;treatment;before visit;2019-03-17 23:59:59+00:00;29.69;;;;;;;;;
1141047;treatment;before visit;2019-03-18 23:59:59+00:00;30.3;;;;;;;;;
1141047;treatment;before visit;2019-03-19 23:59:59+00:00;31.6;;;;;;;;;
1141047;treatment;before visit;2019-03-20 23:59:59+00:00;28.28;;;;;;;;;
1141047;treatment;before visit;2019-03-21 23:59:59+00:00;30.55;;;;;;;;;
1141047;treatment;before visit;2019-03-22 23:59:59+00:00;24.82;;;;;;;;;
1141047;treatment;before visit;2019-03-23 23:59:59+00:00;24.36;;;;;;;;;
1141047;treatment;before visit;2019-03-24 23:59:59+00:00;27.69;;;;;;;;;
1141047;treatment;before visit;2019-03-25 23:59:59+00:00;21.18;;;;;;;;;
1141047;treatment;before visit;2019-03-26 23:59:59+00:00;29.32;;;;;;;;;
1141047;treatment;before visit;2019-03-27 23:59:59+00:00;27.54;;;;;;;;;
1141047;treatment;before visit;2019-03-28 23:59:59+00:00;22.12;;;;;;;;;
1141047;treatment;before visit;2019-03-29 23:59:59+00:00;20.06;;;;;;;;;
1141047;treatment;before visit;2019-03-30 23:59:59+00:00;17.95;;;;;;;;;
1141047;treatment;before visit;2019-03-31 23:59:59+00:00;21.57;;;;;;;;;
1141047;treatment;before visit;2019-04-01 23:59:59+00:00;24.18;;;;;;;;;
1141047;treatment;before visit;2019-04-02 23:59:59+00:00;24.58;;;;;;;;;
1141047;treatment;before visit;2019-04-03 23:59:59+00:00;15.28;;;;;;;;;
1141047;treatment;before visit;2019-04-04 23:59:59+00:00;27.47;;;;;;;;;
1141047;treatment;before visit;2019-04-05 23:59:59+00:00;28.27;;;;;;;;;
1141047;treatment;before visit;2019-04-06 23:59:59+00:00;24.52;;;;;;;;;
1141047;treatment;before visit;2019-04-07 23:59:59+00:00;16.57;;;;;;;;;
1141047;treatment;before visit;2019-04-08 23:59:59+00:00;13.62;;;;;;;;;
1141047;treatment;before visit;2019-04-09 23:59:59+00:00;12.03;;;;;;;;;
1141047;treatment;before visit;2019-04-10 23:59:59+00:00;14.14;;;;;;;;;
1141047;treatment;before visit;2019-04-11 23:59:59+00:00;13.3;;;;;;;;;
1141047;treatment;before visit;2019-04-12 23:59:59+00:00;15.83;;;;;;;;;
1141047;treatment;before visit;2019-04-13 23:59:59+00:00;15.5;;;;;;;;;
1141047;treatment;before visit;2019-04-14 23:59:59+00:00;19.66;;;;;;;;;
1141047;treatment;before visit;2019-04-15 23:59:59+00:00;15.68;;;;;;;;;
1141047;treatment;before visit;2019-04-16 23:59:59+00:00;14.99;;;;;;;;;
1141047;treatment;before visit;2019-04-17 23:59:59+00:00;11.46;;;;;;;;;
1141047;treatment;before visit;2019-04-18 23:59:59+00:00;14.07;;;;;;;;;
1141047;treatment;before visit;2019-04-19 23:59:59+00:00;12.51;;;;;;;;;
1141047;treatment;before visit;2019-04-20 23:59:59+00:00;12.7;;;;;;;;;
1141047;treatment;before visit;2019-04-21 23:59:59+00:00;11.4;;;;;;;;;
1141047;treatment;before visit;2019-04-22 23:59:59+00:00;23.55;;;;;;;;;
1141047;treatment;before visit;2019-04-23 23:59:59+00:00;19.36;;;;;;;;;
1141047;treatment;before visit;2019-04-24 23:59:59+00:00;21.86;;;;;;;;;
1141047;treatment;before visit;2019-04-25 23:59:59+00:00;22.91;;;;;;;;;
1141047;treatment;before visit;2019-04-26 23:59:59+00:00;18.13;;;;;;;;;
1141047;treatment;before visit;2019-04-27 23:59:59+00:00;22.06;;;;;;;;;
1141047;treatment;before visit;2019-04-28 23:59:59+00:00;22.93;;;;;;;;;
1141047;treatment;before visit;2019-04-29 23:59:59+00:00;22.94;;;;;;;;;
1141047;treatment;before visit;2019-04-30 23:59:59+00:00;19.98;;;;;;;;;
1141047;treatment;before visit;2019-05-01 23:59:59+00:00;19.43;;;;;;;;;
1141047;treatment;before visit;2019-05-02 23:59:59+00:00;24.7;;;;;;;;;
1141047;treatment;before visit;2019-05-03 23:59:59+00:00;21.65;;;;;;;;;
1141047;treatment;before visit;2019-05-04 23:59:59+00:00;25.13;;;;;;;;;
1141047;treatment;before visit;2019-05-05 23:59:59+00:00;29.49;;;;;;;;;
1141047;treatment;before visit;2019-05-06 23:59:59+00:00;26.36;;;;;;;;;
1141047;treatment;before visit;2019-05-07 23:59:59+00:00;22.29;;;;;;;;;
1141047;treatment;before visit;2019-05-08 23:59:59+00:00;23.8;;;;;;;;;
1141047;treatment;before visit;2019-05-09 23:59:59+00:00;19.63;;;;;;;;;
1141047;treatment;before visit;2019-05-10 23:59:59+00:00;20.06;;;;;;;;;
1141047;treatment;before visit;2019-05-11 23:59:59+00:00;21.07;;;;;;;;;
1141047;treatment;before visit;2019-05-12 23:59:59+00:00;25.7;;;;;;;;;
1141047;treatment;before visit;2019-05-13 23:59:59+00:00;22.65;;;;;;;;;
1141047;treatment;before visit;2019-05-14 23:59:59+00:00;25.31;;;;;;;;;
1141047;treatment;before visit;2019-05-15 23:59:59+00:00;23.11;;;;;;;;;
1141047;treatment;before visit;2019-05-16 23:59:59+00:00;24.13;;;;;;;;;
1141047;treatment;before visit;2019-05-17 23:59:59+00:00;20.83;;;;;;;;;
1141047;treatment;before visit;2019-05-18 23:59:59+00:00;17.48;;;;;;;;;
1141047;treatment;before visit;2019-05-19 23:59:59+00:00;22.55;;;;;;;;;
1141047;treatment;before visit;2019-05-20 23:59:59+00:00;23.06;;;;;;;;;
1141047;treatment;before visit;2019-05-21 23:59:59+00:00;19.53;;;;;;;;;
1141047;treatment;before visit;2019-05-22 23:59:59+00:00;19.01;;;;;;;;;
1141047;treatment;before visit;2019-05-23 23:59:59+00:00;18.95;;;;;;;;;
1141047;treatment;before visit;2019-05-24 23:59:59+00:00;16.67;;;;;;;;;
1141047;treatment;before visit;2019-05-25 23:59:59+00:00;18.58;;;;;;;;;
1141047;treatment;before visit;2019-05-26 23:59:59+00:00;20.34;;;;;;;;;
1141047;treatment;before visit;2019-05-27 23:59:59+00:00;20.23;;;;;;;;;
1141047;treatment;before visit;2019-05-28 23:59:59+00:00;28.64;;;;;;;;;
1141047;treatment;before visit;2019-05-29 23:59:59+00:00;15.58;;;;;;;;;
1141047;treatment;before visit;2019-05-30 23:59:59+00:00;15.74;;;;;;;;;
1141047;treatment;before visit;2019-05-31 23:59:59+00:00;20.57;;;;;;;;;
1141047;treatment;before visit;2019-06-01 23:59:59+00:00;13.37;;;;;;;;;
1141047;treatment;before visit;2019-06-02 23:59:59+00:00;14.1;;;;;;;;;
1141047;treatment;before visit;2019-06-03 23:59:59+00:00;15.02;;;;;;;;;
1141047;treatment;before visit;2019-06-04 23:59:59+00:00;11.82;;;;;;;;;
1141047;treatment;before visit;2019-06-05 23:59:59+00:00;12.72;;;;;;;;;
1141047;treatment;before visit;2019-06-06 23:59:59+00:00;8.29;;;;;;;;;
1141047;treatment;before visit;2019-06-07 23:59:59+00:00;10.89;;;;;;;;;
1141047;treatment;before visit;2019-06-08 23:59:59+00:00;12.92;;;;;;;;;
1141047;treatment;before visit;2019-06-09 23:59:59+00:00;17.77;;;;;;;;;
1141047;treatment;before visit;2019-06-10 23:59:59+00:00;20.4;;;;;;;;;
1141047;treatment;before visit;2019-06-11 23:59:59+00:00;20.51;;;;;;;;;
1141047;treatment;before visit;2019-06-12 23:59:59+00:00;16.98;;;;;;;;;
1141047;treatment;before visit;2019-06-13 23:59:59+00:00;18.29;;;;;;;;;
1141047;treatment;before visit;2019-06-14 23:59:59+00:00;15.49;;;;;;;;;
1141047;treatment;before visit;2019-06-15 23:59:59+00:00;17.4;;;;;;;;;
1141047;treatment;before visit;2019-06-16 23:59:59+00:00;19.75;;;;;;;;;
1141047;treatment;before visit;2019-06-17 23:59:59+00:00;14.8;;;;;;;;;
1141047;treatment;before visit;2019-06-18 23:59:59+00:00;14.44;;;;;;;;;
1141047;treatment;before visit;2019-06-19 23:59:59+00:00;12.29;;;;;;;;;
1141047;treatment;before visit;2019-06-20 23:59:59+00:00;14.37;;;;;;;;;
1141047;treatment;before visit;2019-06-21 23:59:59+00:00;14.32;;;;;;;;;
1141047;treatment;before visit;2019-06-22 23:59:59+00:00;19.29;;;;;;;;;
1141047;treatment;before visit;2019-06-23 23:59:59+00:00;24.25;;;;;;;;;
1141047;treatment;before visit;2019-06-24 23:59:59+00:00;14.53;;;;;;;;;
1141047;treatment;before visit;2019-06-25 23:59:59+00:00;16.42;;;;;;;;;
1141047;treatment;before visit;2019-06-26 23:59:59+00:00;14.21;;;;;;;;;
1141047;treatment;before visit;2019-06-27 23:59:59+00:00;13.53;;;;;;;;;
1141047;treatment;before visit;2019-06-28 23:59:59+00:00;15.77;;;;;;;;;
1141047;treatment;before visit;2019-06-29 23:59:59+00:00;13.24;;;;;;;;;
1141047;treatment;before visit;2019-06-30 23:59:59+00:00;17.69;;;;;;;;;
1141047;treatment;before visit;2019-07-01 23:59:59+00:00;18.48;;;;;;;;;
1141047;treatment;before visit;2019-07-02 23:59:59+00:00;19.32;;;;;;;;;
1141047;treatment;before visit;2019-07-03 23:59:59+00:00;15.59;;;;;;;;;
1141047;treatment;before visit;2019-07-04 23:59:59+00:00;15.19;;;;;;;;;
1141047;treatment;before visit;2019-07-05 23:59:59+00:00;17.59;;;;;;;;;
1141047;treatment;before visit;2019-07-06 23:59:59+00:00;20.69;;;;;;;;;
1141047;treatment;before visit;2019-07-07 23:59:59+00:00;14.33;;;;;;;;;
1141047;treatment;before visit;2019-07-08 23:59:59+00:00;9.75;;;;;;;;;
1141047;treatment;before visit;2019-07-09 23:59:59+00:00;9.81;;;;;;;;;
1141047;treatment;before visit;2019-07-10 23:59:59+00:00;10.54;;;;;;;;;
1141047;treatment;before visit;2019-07-11 23:59:59+00:00;10.21;;;;;;;;;
1141047;treatment;before visit;2019-07-12 23:59:59+00:00;10.56;;;;;;;;;
1141047;treatment;before visit;2019-07-13 23:59:59+00:00;10.42;;;;;;;;;
1141047;treatment;before visit;2019-07-14 23:59:59+00:00;10.23;;;;;;;;;
1141047;treatment;before visit;2019-07-15 23:59:59+00:00;10.2;;;;;;;;;
1141047;treatment;before visit;2019-07-16 23:59:59+00:00;10.18;;;;;;;;;
1141047;treatment;before visit;2019-07-17 23:59:59+00:00;9.53;;;;;;;;;
1141047;treatment;before visit;2019-07-18 23:59:59+00:00;9.52;;;;;;;;;
1141047;treatment;before visit;2019-07-19 23:59:59+00:00;9.26;;;;;;;;;
1141047;treatment;before visit;2019-07-20 23:59:59+00:00;9.71;;;;;;;;;
1141047;treatment;before visit;2019-07-21 23:59:59+00:00;9.07;;;;;;;;;
1141047;treatment;before visit;2019-07-22 23:59:59+00:00;8.97;;;;;;;;;
1141047;treatment;before visit;2019-07-23 23:59:59+00:00;10.12;;;;;;;;;
1141047;treatment;before visit;2019-07-24 23:59:59+00:00;9.55;;;;;;;;;
1141047;treatment;before visit;2019-07-25 23:59:59+00:00;13.58;;;;;;;;;
1141047;treatment;before visit;2019-07-26 23:59:59+00:00;18.58;;;;;;;;;
1141047;treatment;before visit;2019-07-27 23:59:59+00:00;15.47;;;;;;;;;
1141047;treatment;before visit;2019-07-28 23:59:59+00:00;17.62;;;;;;;;;
1141047;treatment;before visit;2019-07-29 23:59:59+00:00;17.59;;;;;;;;;
1141047;treatment;before visit;2019-07-30 23:59:59+00:00;13.18;;;;;;;;;
1141047;treatment;before visit;2019-07-31 23:59:59+00:00;13.03;;;;;;;;;
1141047;treatment;before visit;2019-08-01 23:59:59+00:00;8.16;;;;;;;;;
1141047;treatment;before visit;2019-08-02 23:59:59+00:00;8.61;;;;;;;;;
1141047;treatment;before visit;2019-08-03 23:59:59+00:00;8.96;;;;;;;;;
1141047;treatment;before visit;2019-08-04 23:59:59+00:00;14.6;;;;;;;;;
1141047;treatment;before visit;2019-08-05 23:59:59+00:00;13.71;;;;;;;;;
1141047;treatment;before visit;2019-08-06 23:59:59+00:00;16.31;;;;;;;;;
1141047;treatment;before visit;2019-08-07 23:59:59+00:00;17.46;;;;;;;;;
1141047;treatment;before visit;2019-08-08 23:59:59+00:00;15.46;;;;;;;;;
1141047;treatment;before visit;2019-08-09 23:59:59+00:00;16.69;;;;;;;;;
1141047;treatment;before visit;2019-08-10 23:59:59+00:00;12.9;;;;;;;;;
1141047;treatment;before visit;2019-08-11 23:59:59+00:00;15.74;;;;;;;;;
1141047;treatment;before visit;2019-08-12 23:59:59+00:00;18.36;;;;;;;;;
1141047;treatment;before visit;2019-08-13 23:59:59+00:00;13.84;;;;;;;;;
1141047;treatment;before visit;2019-08-14 23:59:59+00:00;10.78;;;;;;;;;
1141047;treatment;before visit;2019-08-15 23:59:59+00:00;16.77;;;;;;;;;
1141047;treatment;before visit;2019-08-16 23:59:59+00:00;21.09;;;;;;;;;
1141047;treatment;before visit;2019-08-17 23:59:59+00:00;15.12;;;;;;;;;
1141047;treatment;before visit;2019-08-18 23:59:59+00:00;19.94;;;;;;;;;
1141047;treatment;before visit;2019-08-19 23:59:59+00:00;14.26;;;;;;;;;
1141047;treatment;before visit;2019-08-20 23:59:59+00:00;13.08;;;;;;;;;
1141047;treatment;before visit;2019-08-21 23:59:59+00:00;12.56;;;;;;;;;
1141047;treatment;before visit;2019-08-22 23:59:59+00:00;15.03;;;;;;;;;
1141047;treatment;before visit;2019-08-23 23:59:59+00:00;11.48;;;;;;;;;
1141047;treatment;before visit;2019-08-24 23:59:59+00:00;9.54;;;;;;;;;
1141047;treatment;before visit;2019-08-25 23:59:59+00:00;15.86;;;;;;;;;
1141047;treatment;before visit;2019-08-26 23:59:59+00:00;15.4;;;;;;;;;
1141047;treatment;before visit;2019-08-27 23:59:59+00:00;14.96;;;;;;;;;
1141047;treatment;before visit;2019-08-28 23:59:59+00:00;11.45;;;;;;;;;
1141047;treatment;before visit;2019-08-29 23:59:59+00:00;14.16;;;;;;;;;
1141047;treatment;before visit;2019-08-30 23:59:59+00:00;13.28;;;;;;;;;
1141047;treatment;before visit;2019-08-31 23:59:59+00:00;12.97;;;;;;;;;
1141047;treatment;before visit;2019-09-01 23:59:59+00:00;16.29;;;;;;;;;
1141047;treatment;before visit;2019-09-02 23:59:59+00:00;14.26;;;;;;;;;
1141047;treatment;before visit;2019-09-03 23:59:59+00:00;15.36;;;;;;;;;
1141047;treatment;before visit;2019-09-04 23:59:59+00:00;13.67;;;;;;;;;
1141047;treatment;before visit;2019-09-05 23:59:59+00:00;16.57;;;;;;;;;
1141047;treatment;before visit;2019-09-06 23:59:59+00:00;14.67;;;;;;;;;
1141047;treatment;before visit;2019-09-07 23:59:59+00:00;16.26;;;;;;;;;
1141047;treatment;before visit;2019-09-08 23:59:59+00:00;20.97;;;;;;;;;
1141047;treatment;before visit;2019-09-09 23:59:59+00:00;17.49;;;;;;;;;
1141047;treatment;before visit;2019-09-10 23:59:59+00:00;12.74;;;;;;;;;
1141047;treatment;before visit;2019-09-11 23:59:59+00:00;13.6;;;;;;;;;
1141047;treatment;before visit;2019-09-12 23:59:59+00:00;18.4;;;;;;;;;
1141047;treatment;before visit;2019-09-13 23:59:59+00:00;13.12;;;;;;;;;
1141047;treatment;before visit;2019-09-14 23:59:59+00:00;15.24;;;;;;;;;
1141047;treatment;before visit;2019-09-15 23:59:59+00:00;21.22;;;;;;;;;
1141047;treatment;before visit;2019-09-16 23:59:59+00:00;16.4;;;;;;;;;
1141047;treatment;before visit;2019-09-17 23:59:59+00:00;15.68;;;;;;;;;
1141047;treatment;before visit;2019-09-18 23:59:59+00:00;15.0;;;;;;;;;
1141047;treatment;before visit;2019-09-19 23:59:59+00:00;16.47;;;;;;;;;
1141047;treatment;before visit;2019-09-20 23:59:59+00:00;13.49;;;;;;;;;
1141047;treatment;before visit;2019-09-21 23:59:59+00:00;14.2;;;;;;;;;
1141047;treatment;before visit;2019-09-22 23:59:59+00:00;15.89;;;;;;;;;
1141047;treatment;before visit;2019-09-23 23:59:59+00:00;16.1;;;;;;;;;
1141047;treatment;before visit;2019-09-24 23:59:59+00:00;20.51;;;;;;;;;
1141047;treatment;before visit;2019-09-25 23:59:59+00:00;14.61;;;;;;;;;
1141047;treatment;before visit;2019-09-26 23:59:59+00:00;14.97;;;;;;;;;
1141047;treatment;before visit;2019-09-27 23:59:59+00:00;12.2;;;;;;;;;
1141047;treatment;before visit;2019-09-28 23:59:59+00:00;16.28;;;;;;;;;
1141047;treatment;before visit;2019-09-29 23:59:59+00:00;17.92;;;;;;;;;
1141047;treatment;before visit;2019-09-30 23:59:59+00:00;15.91;;;;;;;;;
1141047;treatment;before visit;2019-10-01 23:59:59+00:00;18.3;;;;;;;;;
1141047;treatment;before visit;2019-10-02 23:59:59+00:00;16.38;;;;;;;;;
1141047;treatment;before visit;2019-10-03 23:59:59+00:00;19.64;;;;;;;;;
1141047;treatment;before visit;2019-10-04 23:59:59+00:00;22.45;;;;;;;;;
1141047;treatment;before visit;2019-10-05 23:59:59+00:00;24.47;;;;;;;;;
1141047;treatment;before visit;2019-10-06 23:59:59+00:00;18.76;;;;;;;;;
1141047;treatment;before visit;2019-10-07 23:59:59+00:00;19.94;;;;;;;;;
1141047;treatment;before visit;2019-10-08 23:59:59+00:00;15.35;;;;;;;;;
1141047;treatment;before visit;2019-10-09 23:59:59+00:00;14.48;;;;;;;;;
1141047;treatment;before visit;2019-10-10 23:59:59+00:00;12.52;;;;;;;;;
1141047;treatment;before visit;2019-10-11 23:59:59+00:00;14.97;;;;;;;;;
1141047;treatment;before visit;2019-10-12 23:59:59+00:00;13.65;;;;;;;;;
1141047;treatment;before visit;2019-10-13 23:59:59+00:00;12.1;;;;;;;;;
1141047;treatment;before visit;2019-10-14 23:59:59+00:00;16.89;;;;;;;;;
1141047;treatment;before visit;2019-10-15 23:59:59+00:00;23.9;;;;;;;;;
1141047;treatment;before visit;2019-10-16 23:59:59+00:00;17.74;;;;;;;;;
1141047;treatment;before visit;2019-10-17 23:59:59+00:00;11.41;;;;;;;;;
1141047;treatment;before visit;2019-10-18 23:59:59+00:00;10.9;;;;;;;;;
1141047;treatment;before visit;2019-10-19 23:59:59+00:00;15.13;;;;;;;;;
1141047;treatment;before visit;2019-10-20 23:59:59+00:00;22.44;;;;;;;;;
1141047;treatment;before visit;2019-10-21 23:59:59+00:00;18.34;;;;;;;;;
1141047;treatment;before visit;2019-10-22 23:59:59+00:00;19.43;;;;;;;;;
1141047;treatment;before visit;2019-10-23 23:59:59+00:00;18.78;;;;;;;;;
1141047;treatment;before visit;2019-10-24 23:59:59+00:00;18.79;;;;;;;;;
1141047;treatment;before visit;2019-10-25 23:59:59+00:00;18.72;;;;;;;;;
1141047;treatment;before visit;2019-10-26 23:59:59+00:00;21.79;;;;;;;;;
1141047;treatment;before visit;2019-10-27 23:59:59+00:00;23.27;;;;;;;;;
1141047;treatment;before visit;2019-10-28 23:59:59+00:00;22.6;;;;;;;;;
1141047;treatment;before visit;2019-10-29 23:59:59+00:00;22.0;;;;;;;;;
1141047;treatment;before visit;2019-10-30 23:59:59+00:00;22.04;;;;;;;;;
1141047;treatment;before visit;2019-10-31 23:59:59+00:00;22.6;;;;;;;;;
1141047;treatment;before visit;2019-11-01 23:59:59+00:00;19.66;;;;;;;;;
1141047;treatment;before visit;2019-11-02 23:59:59+00:00;23.03;;;;;;;;;
1141047;treatment;before visit;2019-11-03 23:59:59+00:00;28.02;;;;;;;;;
1141047;treatment;before visit;2019-11-04 23:59:59+00:00;25.41;;;;;;;;;
1141047;treatment;before visit;2019-11-05 23:59:59+00:00;21.73;;;;;;;;;
1141047;treatment;before visit;2019-11-06 23:59:59+00:00;23.82;;;;;;;;;
1141047;treatment;before visit;2019-11-07 23:59:59+00:00;25.39;;;;;;;;;
1141047;treatment;before visit;2019-11-08 23:59:59+00:00;23.85;;;;;;;;;
1141047;treatment;before visit;2019-11-09 23:59:59+00:00;26.07;;;;;;;;;
1141047;treatment;before visit;2019-11-10 23:59:59+00:00;31.69;;;;;;;;;
1141047;treatment;before visit;2019-11-11 23:59:59+00:00;26.8;;;;;;;;;
1141047;treatment;before visit;2019-11-12 23:59:59+00:00;22.29;;;;;;;;;
1141047;treatment;before visit;2019-11-13 23:59:59+00:00;27.09;;;;;;;;;
1141047;treatment;before visit;2019-11-14 23:59:59+00:00;30.24;;;;;;;;;
1141047;treatment;before visit;2019-11-15 23:59:59+00:00;28.68;;;;;;;;;
1141047;treatment;before visit;2019-11-16 23:59:59+00:00;27.19;;;;;;;;;
1141047;treatment;before visit;2019-11-17 23:59:59+00:00;34.91;;;;;;;;;
1141047;treatment;before visit;2019-11-18 23:59:59+00:00;31.57;;;;;;;;;
1141047;treatment;before visit;2019-11-19 23:59:59+00:00;33.78;;;;;;;;;
1141047;treatment;before visit;2019-11-20 23:59:59+00:00;24.87;;;;;;;;;
1141047;treatment;before visit;2019-11-21 23:59:59+00:00;25.41;;;;;;;;;
1141047;treatment;before visit;2019-11-22 23:59:59+00:00;26.24;;;;;;;;;
1141047;treatment;before visit;2019-11-23 23:59:59+00:00;31.63;;;;;;;;;
1141047;treatment;before visit;2019-11-24 23:59:59+00:00;27.55;;;;;;;;;
1141047;treatment;before visit;2019-11-25 23:59:59+00:00;25.6;;;;;;;;;
1141047;treatment;before visit;2019-11-26 23:59:59+00:00;24.09;;;;;;;;;
1141047;treatment;before visit;2019-11-27 23:59:59+00:00;25.09;;;;;;;;;
1141047;treatment;before visit;2019-11-28 23:59:59+00:00;24.12;;;;;;;;;
1141047;treatment;before visit;2019-11-29 23:59:59+00:00;25.6;;;;;;;;;
1141047;treatment;before visit;2019-11-30 23:59:59+00:00;34.86;;;;;;;;;
1141047;treatment;before visit;2019-12-01 23:59:59+00:00;31.72;;;;;;;;;
1141047;treatment;before visit;2019-12-02 23:59:59+00:00;32.36;;;;;;;;;
1141047;treatment;before visit;2019-12-03 23:59:59+00:00;39.56;;;;;;;;;
1141047;treatment;before visit;2019-12-04 23:59:59+00:00;38.5;;;;;;;;;
1141047;treatment;before visit;2019-12-05 23:59:59+00:00;37.2;;;;;;;;;
1141047;treatment;before visit;2019-12-06 23:59:59+00:00;26.44;;;;;;;;;
1141047;treatment;before visit;2019-12-07 23:59:59+00:00;16.18;;;;;;;;;
1141047;treatment;before visit;2019-12-08 23:59:59+00:00;24.18;;;;;;;;;
1141047;treatment;before visit;2019-12-09 23:59:59+00:00;26.63;;;;;;;;;
1141047;treatment;before visit;2019-12-10 23:59:59+00:00;34.72;;;;;;;;;
1141047;treatment;before visit;2019-12-11 23:59:59+00:00;36.97;;;;;;;;;
1141047;treatment;before visit;2019-12-12 23:59:59+00:00;34.97;;;;;;;;;
1141047;treatment;before visit;2019-12-13 23:59:59+00:00;28.65;;;;;;;;;
1141047;treatment;before visit;2019-12-14 23:59:59+00:00;27.88;;;;;;;;;
1141047;treatment;before visit;2019-12-15 23:59:59+00:00;26.0;;;;;;;;;
1141047;treatment;before visit;2019-12-16 23:59:59+00:00;29.84;;;;;;;;;
1141047;treatment;before visit;2019-12-17 23:59:59+00:00;31.57;;;;;;;;;
1141047;treatment;before visit;2019-12-18 23:59:59+00:00;28.17;;;;;;;;;
1141047;treatment;before visit;2019-12-19 23:59:59+00:00;32.47;;;;;;;;;
1141047;treatment;before visit;2019-12-20 23:59:59+00:00;23.35;;;;;;;;;
1141047;treatment;before visit;2019-12-21 23:59:59+00:00;22.07;;;;;;;;;
1141047;treatment;before visit;2019-12-22 23:59:59+00:00;20.29;;;;;;;;;
1141047;treatment;before visit;2019-12-23 23:59:59+00:00;19.85;;;;;;;;;
1141047;treatment;before visit;2019-12-24 23:59:59+00:00;25.69;;;;;;;;;
1141047;treatment;before visit;2019-12-25 23:59:59+00:00;28.25;;;;;;;;;
1141047;treatment;before visit;2019-12-26 23:59:59+00:00;23.05;;;;;;;;;
1141047;treatment;before visit;2019-12-27 23:59:59+00:00;15.63;;;;;;;;;
1141047;treatment;before visit;2019-12-28 23:59:59+00:00;22.4;;;;;;;;;
1141047;treatment;before visit;2019-12-29 23:59:59+00:00;29.5;;;;;;;;;
1141047;treatment;before visit;2019-12-30 23:59:59+00:00;26.58;;;;;;;;;
1141047;treatment;before visit;2019-12-31 23:59:59+00:00;27.54;;;;;;;;;
1141047;treatment;before visit;2020-01-01 23:59:59+00:00;28.03;;;;;;;;;
1141047;treatment;before visit;2020-01-02 23:59:59+00:00;27.08;;;;;;;;;
1141047;treatment;before visit;2020-01-03 23:59:59+00:00;20.62;;;;;;;;;
1141047;treatment;before visit;2020-01-04 23:59:59+00:00;19.09;;;;;;;;;
1141047;treatment;before visit;2020-01-05 23:59:59+00:00;35.25;;;;;;;;;
1141047;treatment;before visit;2020-01-06 23:59:59+00:00;39.32;;;;;;;;;
1141047;treatment;before visit;2020-01-07 23:59:59+00:00;34.87;;;;;;;;;
1141047;treatment;before visit;2020-01-08 23:59:59+00:00;36.07;;;;;;;;;
1141047;treatment;before visit;2020-01-09 23:59:59+00:00;29.38;;;;;;;;;
1141047;treatment;before visit;2020-01-10 23:59:59+00:00;27.25;;;;;;;;;
1141047;treatment;before visit;2020-01-11 23:59:59+00:00;34.44;;;;;;;;;
1141047;treatment;before visit;2020-01-12 23:59:59+00:00;37.93;;;;;;;;;
1141047;treatment;before visit;2020-01-13 23:59:59+00:00;32.62;;;;;;;;;
1141047;treatment;before visit;2020-01-14 23:59:59+00:00;34.89;;;;;;;;;
1141047;treatment;before visit;2020-01-15 23:59:59+00:00;27.34;;;;;;;;;
1141047;treatment;before visit;2020-01-16 23:59:59+00:00;23.11;;;;;;;;;
1141047;treatment;before visit;2020-01-17 23:59:59+00:00;32.84;;;;;;;;;
1141047;treatment;before visit;2020-01-18 23:59:59+00:00;36.15;;;;;;;;;
1141047;treatment;before visit;2020-01-19 23:59:59+00:00;45.75;;;;;;;;;
1141047;treatment;before visit;2020-01-20 23:59:59+00:00;37.35;;;;;;;;;
1141047;treatment;before visit;2020-01-21 23:59:59+00:00;38.7;;;;;;;;;
1141047;treatment;before visit;2020-01-22 23:59:59+00:00;34.03;;;;;;;;;
1141047;treatment;before visit;2020-01-23 23:59:59+00:00;42.36;;;;;;;;;
1141047;treatment;before visit;2020-01-24 23:59:59+00:00;37.7;;;;;;;;;
1141047;treatment;before visit;2020-01-25 23:59:59+00:00;32.38;;;;;;;;;
1141047;treatment;before visit;2020-01-26 23:59:59+00:00;26.01;;;;;;;;;
1141047;treatment;before visit;2020-01-27 23:59:59+00:00;20.17;;;;;;;;;
1141047;treatment;before visit;2020-01-28 23:59:59+00:00;20.8;;;;;;;;;
1141047;treatment;before visit;2020-01-29 23:59:59+00:00;20.56;;;;;;;;;
1141047;treatment;before visit;2020-01-30 23:59:59+00:00;18.57;;;;;;;;;
1141047;treatment;before visit;2020-01-31 23:59:59+00:00;14.32;;;;;;;;;
1141047;treatment;before visit;2020-02-01 23:59:59+00:00;16.42;;;;;;;;;
1141047;treatment;before visit;2020-02-02 23:59:59+00:00;19.37;;;;;;;;;
1141047;treatment;before visit;2020-02-03 23:59:59+00:00;21.99;;;;;;;;;
1141047;treatment;before visit;2020-02-04 23:59:59+00:00;28.01;;;;;;;;;
1141047;treatment;before visit;2020-02-05 23:59:59+00:00;31.46;;;;;;;;;
1141047;treatment;before visit;2020-02-06 23:59:59+00:00;37.0;;;;;;;;;
1141047;treatment;before visit;2020-02-07 23:59:59+00:00;36.52;;;;;;;;;
1141047;treatment;before visit;2020-02-08 23:59:59+00:00;39.69;;;;;;;;;
1141047;treatment;before visit;2020-02-09 23:59:59+00:00;38.06;;;;;;;;;
1141047;treatment;before visit;2020-02-10 23:59:59+00:00;22.66;;;;;;;;;
1141047;treatment;before visit;2020-02-11 23:59:59+00:00;25.51;;;;;;;;;
1141047;treatment;before visit;2020-02-12 23:59:59+00:00;29.94;;;;;;;;;
1141047;treatment;before visit;2020-02-13 23:59:59+00:00;28.73;;;;;;;;;
1141047;treatment;before visit;2020-02-14 23:59:59+00:00;26.77;;;;;;;;;
1141047;treatment;before visit;2020-02-15 23:59:59+00:00;27.74;;;;;;;;;
1141047;treatment;before visit;2020-02-16 23:59:59+00:00;26.03;;;;;;;;;
1141047;treatment;before visit;2020-02-17 23:59:59+00:00;24.38;;;;;;;;;
1141047;treatment;before visit;2020-02-18 23:59:59+00:00;23.24;;;;;;;;;
1141047;treatment;before visit;2020-02-19 23:59:59+00:00;23.84;;;;;;;;;
1141047;treatment;before visit;2020-02-20 23:59:59+00:00;26.53;;;;;;;;;
1141047;treatment;before visit;2020-02-21 23:59:59+00:00;25.76;;;;;;;;;
1141047;treatment;before visit;2020-02-22 23:59:59+00:00;26.74;;;;;;;;;
1141047;treatment;before visit;2020-02-23 23:59:59+00:00;22.44;;;;;;;;;
1141047;treatment;before visit;2020-02-24 23:59:59+00:00;15.98;;;;;;;;;
1141047;treatment;before visit;2020-02-25 23:59:59+00:00;21.15;;;;;;;;;
1141047;treatment;before visit;2020-02-26 23:59:59+00:00;30.48;;;;;;;;;
1141047;treatment;before visit;2020-02-27 23:59:59+00:00;25.82;;;;;;;;;
1141047;treatment;before visit;2020-02-28 23:59:59+00:00;22.8;;;;;;;;;
1141047;treatment;before visit;2020-02-29 23:59:59+00:00;14.14;;;;;;;;;
1141047;treatment;before visit;2020-03-01 23:59:59+00:00;20.91;;;;;;;;;
1141047;treatment;before visit;2020-03-02 23:59:59+00:00;26.22;;;;;;;;;
1141047;treatment;before visit;2020-03-03 23:59:59+00:00;27.67;;;;;;;;;
1141047;treatment;before visit;2020-03-04 23:59:59+00:00;25.45;;;;;;;;;
1141047;treatment;before visit;2020-03-05 23:59:59+00:00;23.49;;;;;;;;;
1141047;treatment;before visit;2020-03-06 23:59:59+00:00;28.71;;;;;;;;;
1141047;treatment;before visit;2020-03-07 23:59:59+00:00;26.01;;;;;;;;;
1141047;treatment;before visit;2020-03-08 23:59:59+00:00;28.4;;;;;;;;;
1141047;treatment;before visit;2020-03-09 23:59:59+00:00;21.75;;;;;;;;;
1141047;treatment;before visit;2020-03-10 23:59:59+00:00;29.01;;;;;;;;;
1141047;treatment;before visit;2020-03-11 23:59:59+00:00;18.06;;;;;;;;;
1141047;treatment;before visit;2020-03-12 23:59:59+00:00;20.22;;;;;;;;;
1141047;treatment;before visit;2020-03-13 23:59:59+00:00;27.01;;;;;;;;;
1141047;treatment;before visit;2020-03-14 23:59:59+00:00;31.37;;;;;;;;;
1141047;treatment;before visit;2020-03-15 23:59:59+00:00;29.3;;;;;;;;;
1141047;treatment;before visit;2020-03-16 23:59:59+00:00;25.45;;;;;;;;;
1141047;treatment;before visit;2020-03-17 23:59:59+00:00;19.96;;;;;;;;;
1141047;treatment;before visit;2020-03-18 23:59:59+00:00;26.0;;;;;;;;;
1141047;treatment;before visit;2020-03-19 23:59:59+00:00;22.2;;;;;;;;;
1141047;treatment;before visit;2020-03-20 23:59:59+00:00;23.84;;;;;;;;;
1141047;treatment;before visit;2020-03-21 23:59:59+00:00;24.83;;;;;;;;;
1141047;treatment;before visit;2020-03-22 23:59:59+00:00;32.61;;;;;;;;;
1141047;treatment;before visit;2020-03-23 23:59:59+00:00;33.24;;;;;;;;;
1141047;treatment;before visit;2020-03-24 23:59:59+00:00;33.39;;;;;;;;;
1141047;treatment;before visit;2020-03-25 23:59:59+00:00;31.24;;;;;;;;;
1141047;treatment;before visit;2020-03-26 23:59:59+00:00;35.6;;;;;;;;;
1141047;treatment;before visit;2020-03-27 23:59:59+00:00;23.74;;;;;;;;;
1141047;treatment;before visit;2020-03-28 23:59:59+00:00;18.76;;;;;;;;;
1141047;treatment;before visit;2020-03-29 23:59:59+00:00;26.23;;;;;;;;;
1141047;treatment;before visit;2020-03-30 23:59:59+00:00;34.6;;;;;;;;;
1141047;treatment;before visit;2020-03-31 23:59:59+00:00;36.22;;;;;;;;;
1141047;treatment;before visit;2020-04-01 23:59:59+00:00;34.97;;;;;;;;;
1141047;treatment;before visit;2020-04-02 23:59:59+00:00;30.28;;;;;;;;;
1141047;treatment;before visit;2020-04-03 23:59:59+00:00;25.6;;;;;;;;;
1141047;treatment;before visit;2020-04-04 23:59:59+00:00;26.78;;;;;;;;;
1141047;treatment;before visit;2020-04-05 23:59:59+00:00;32.8;;;;;;;;;
1141047;treatment;before visit;2020-04-06 23:59:59+00:00;26.79;;;;;;;;;
1141047;treatment;before visit;2020-04-07 23:59:59+00:00;23.76;;;;;;;;;
1141047;treatment;before visit;2020-04-08 23:59:59+00:00;24.48;;;;;;;;;
1141047;treatment;before visit;2020-04-09 23:59:59+00:00;24.68;;;;;;;;;
1141047;treatment;before visit;2020-04-10 23:59:59+00:00;22.94;;;;;;;;;
1141047;treatment;before visit;2020-04-11 23:59:59+00:00;19.7;;;;;;;;;
1141047;treatment;before visit;2020-04-12 23:59:59+00:00;22.05;;;;;;;;;
1141047;treatment;before visit;2020-04-13 23:59:59+00:00;22.6;;;;;;;;;
1141047;treatment;before visit;2020-04-14 23:59:59+00:00;24.96;;;;;;;;;
1141047;treatment;before visit;2020-04-15 23:59:59+00:00;28.73;;;;;;;;;
1141047;treatment;before visit;2020-04-16 23:59:59+00:00;20.42;;;;;;;;;
1141047;treatment;before visit;2020-04-17 23:59:59+00:00;19.81;;;;;;;;;
1141047;treatment;before visit;2020-04-18 23:59:59+00:00;18.28;;;;;;;;;
1141047;treatment;before visit;2020-04-19 23:59:59+00:00;21.68;;;;;;;;;
1141047;treatment;before visit;2020-04-20 23:59:59+00:00;19.17;;;;;;;;;
1141047;treatment;before visit;2020-04-21 23:59:59+00:00;16.44;;;;;;;;;
1141047;treatment;before visit;2020-04-22 23:59:59+00:00;24.93;;;;;;;;;
1141047;treatment;before visit;2020-04-23 23:59:59+00:00;19.51;;;;;;;;;
1141047;treatment;before visit;2020-04-24 23:59:59+00:00;22.08;;;;;;;;;
1141047;treatment;before visit;2020-04-25 23:59:59+00:00;18.03;;;;;;;;;
1141047;treatment;before visit;2020-04-26 23:59:59+00:00;20.96;;;;;;;;;
1141047;treatment;before visit;2020-04-27 23:59:59+00:00;17.24;;;;;;;;;
1141047;treatment;before visit;2020-04-28 23:59:59+00:00;20.23;;;;;;;;;
1141047;treatment;before visit;2020-04-29 23:59:59+00:00;16.92;;;;;;;;;
1141047;treatment;before visit;2020-04-30 23:59:59+00:00;22.53;;;;;;;;;
1141047;treatment;before visit;2020-05-01 23:59:59+00:00;18.34;;;;;;;;;
1141047;treatment;before visit;2020-05-02 23:59:59+00:00;39.13;;;;;;;;;
1141047;treatment;before visit;2020-05-03 23:59:59+00:00;23.95;;;;;;;;;
1141047;treatment;before visit;2020-05-04 23:59:59+00:00;19.68;;;;;;;;;
1141047;treatment;before visit;2020-05-05 23:59:59+00:00;17.1;;;;;;;;;
1141047;treatment;before visit;2020-05-06 23:59:59+00:00;21.05;;;;;;;;;
1141047;treatment;before visit;2020-05-07 23:59:59+00:00;18.67;;;;;;;;;
1141047;treatment;before visit;2020-05-08 23:59:59+00:00;12.95;;;;;;;;;
1141047;treatment;before visit;2020-05-09 23:59:59+00:00;10.55;;;;;;;;;
1141047;treatment;before visit;2020-05-10 23:59:59+00:00;18.78;;;;;;;;;
1141047;treatment;before visit;2020-05-11 23:59:59+00:00;20.69;;;;;;;;;
1141047;treatment;before visit;2020-05-12 23:59:59+00:00;23.48;;;;;;;;;
1141047;treatment;before visit;2020-05-13 23:59:59+00:00;18.59;;;;;;;;;
1141047;treatment;before visit;2020-05-14 23:59:59+00:00;23.57;;;;;;;;;
1141047;treatment;before visit;2020-05-15 23:59:59+00:00;21.25;;;;;;;;;
1141047;treatment;before visit;2020-05-16 23:59:59+00:00;19.72;;;;;;;;;
1141047;treatment;before visit;2020-05-17 23:59:59+00:00;26.74;;;;;;;;;
1141047;treatment;before visit;2020-05-18 23:59:59+00:00;20.44;;;;;;;;;
1141047;treatment;before visit;2020-05-19 23:59:59+00:00;22.59;;;;;;;;;
1141047;treatment;before visit;2020-05-20 23:59:59+00:00;14.13;;;;;;;;;
1141047;treatment;before visit;2020-05-21 23:59:59+00:00;16.11;;;;;;;;;
1141047;treatment;before visit;2020-05-22 23:59:59+00:00;21.07;;;;;;;;;
1141047;treatment;before visit;2020-05-23 23:59:59+00:00;15.78;;;;;;;;;
1141047;treatment;before visit;2020-05-24 23:59:59+00:00;14.77;;;;;;;;;
1141047;treatment;before visit;2020-05-25 23:59:59+00:00;15.18;;;;;;;;;
1141047;treatment;before visit;2020-05-26 23:59:59+00:00;12.34;;;;;;;;;
1141047;treatment;before visit;2020-05-27 23:59:59+00:00;17.64;;;;;;;;;
1141047;treatment;before visit;2020-05-28 23:59:59+00:00;11.58;;;;;;;;;
1141047;treatment;before visit;2020-05-29 23:59:59+00:00;19.1;;;;;;;;;
1141047;treatment;before visit;2020-05-30 23:59:59+00:00;21.72;;;;;;;;;
1141047;treatment;before visit;2020-05-31 23:59:59+00:00;20.17;;;;;;;;;
1141047;treatment;before visit;2020-06-01 23:59:59+00:00;20.31;;;;;;;;;
1141047;treatment;before visit;2020-06-02 23:59:59+00:00;19.17;;;;;;;;;
1141047;treatment;before visit;2020-06-03 23:59:59+00:00;14.26;;;;;;;;;
1141047;treatment;before visit;2020-06-04 23:59:59+00:00;19.25;;;;;;;;;
1141047;treatment;before visit;2020-06-05 23:59:59+00:00;24.18;;;;;;;;;
1141047;treatment;before visit;2020-06-06 23:59:59+00:00;13.06;;;;;;;;;
1141047;treatment;before visit;2020-06-07 23:59:59+00:00;14.18;;;;;;;;;
1141047;treatment;before visit;2020-06-08 23:59:59+00:00;16.94;;;;;;;;;
1141047;treatment;before visit;2020-06-09 23:59:59+00:00;17.35;;;;;;;;;
1141047;treatment;before visit;2020-06-10 23:59:59+00:00;17.25;;;;;;;;;
1141047;treatment;before visit;2020-06-11 23:59:59+00:00;14.95;;;;;;;;;
1141047;treatment;before visit;2020-06-12 23:59:59+00:00;16.97;;;;;;;;;
1141047;treatment;before visit;2020-06-13 23:59:59+00:00;15.06;;;;;;;;;
1141047;treatment;before visit;2020-06-14 23:59:59+00:00;16.12;;;;;;;;;
1141047;treatment;before visit;2020-06-15 23:59:59+00:00;17.52;;;;;;;;;
1141047;treatment;before visit;2020-06-16 23:59:59+00:00;13.76;;;;;;;;;
1141047;treatment;before visit;2020-06-17 23:59:59+00:00;16.26;;;;;;;;;
1141047;treatment;before visit;2020-06-18 23:59:59+00:00;16.17;;;;;;;;;
1141047;treatment;before visit;2020-06-19 23:59:59+00:00;18.98;;;;;;;;;
1141047;treatment;before visit;2020-06-20 23:59:59+00:00;20.97;;;;;;;;;
1141047;treatment;before visit;2020-06-21 23:59:59+00:00;21.38;;;;;;;;;
1141047;treatment;before visit;2020-06-22 23:59:59+00:00;11.12;;;;;;;;;
1141047;treatment;before visit;2020-06-23 23:59:59+00:00;15.28;;;;;;;;;
1141047;treatment;before visit;2020-06-24 23:59:59+00:00;11.06;;;;;;;;;
1141047;treatment;before visit;2020-06-25 23:59:59+00:00;11.51;;;;;;;;;
1141047;treatment;before visit;2020-06-26 23:59:59+00:00;8.43;;;;;;;;;
1141047;treatment;before visit;2020-06-27 23:59:59+00:00;5.88;;;;;;;;;
1141047;treatment;before visit;2020-06-28 23:59:59+00:00;14.89;;;;;;;;;
1141047;treatment;before visit;2020-06-29 23:59:59+00:00;13.21;;;;;;;;;
1141047;treatment;before visit;2020-06-30 23:59:59+00:00;16.81;;;;;;;;;
1141047;treatment;before visit;2020-07-01 23:59:59+00:00;12.07;;;;;;;;;
1141047;treatment;before visit;2020-07-02 23:59:59+00:00;14.24;;;;;;;;;
1141047;treatment;before visit;2020-07-03 23:59:59+00:00;10.5;;;;;;;;;
1141047;treatment;before visit;2020-07-04 23:59:59+00:00;19.29;;;;;;;;;
1141047;treatment;before visit;2020-07-05 23:59:59+00:00;11.77;;;;;;;;;
1141047;treatment;before visit;2020-07-06 23:59:59+00:00;13.11;;;;;;;;;
1141047;treatment;before visit;2020-07-07 23:59:59+00:00;18.05;;;;;;;;;
1141047;treatment;before visit;2020-07-08 23:59:59+00:00;13.98;;;;;;;;;
1141047;treatment;before visit;2020-07-09 23:59:59+00:00;14.96;;;;;;;;;
1141047;treatment;before visit;2020-07-10 23:59:59+00:00;11.51;;;;;;;;;
1141047;treatment;before visit;2020-07-11 23:59:59+00:00;16.39;;;;;;;;;
1141047;treatment;before visit;2020-07-12 23:59:59+00:00;17.54;;;;;;;;;
1141047;treatment;before visit;2020-07-13 23:59:59+00:00;14.06;;;;;;;;;
1141047;treatment;before visit;2020-07-14 23:59:59+00:00;9.84;;;;;;;;;
1141047;treatment;before visit;2020-07-15 23:59:59+00:00;5.22;;;;;;;;;
1141047;treatment;before visit;2020-07-16 23:59:59+00:00;12.36;;;;;;;;;
1141047;treatment;before visit;2020-07-17 23:59:59+00:00;9.53;;;;;;;;;
1141047;treatment;before visit;2020-07-18 23:59:59+00:00;19.55;;;;;;;;;
1141047;treatment;before visit;2020-07-19 23:59:59+00:00;17.9;;;;;;;;;
1141047;treatment;before visit;2020-07-20 23:59:59+00:00;9.65;;;;;;;;;
1141047;treatment;before visit;2020-07-21 23:59:59+00:00;8.29;;;;;;;;;
1141047;treatment;before visit;2020-07-22 23:59:59+00:00;5.29;;;;;;;;;
1141047;treatment;before visit;2020-07-23 23:59:59+00:00;9.92;;;;;;;;;
1141047;treatment;before visit;2020-07-24 23:59:59+00:00;5.35;;;;;;;;;
1141047;treatment;before visit;2020-07-25 23:59:59+00:00;9.99;;;;;;;;;
1141047;treatment;before visit;2020-07-26 23:59:59+00:00;5.44;;;;;;;;;
1141047;treatment;before visit;2020-07-27 23:59:59+00:00;9.96;;;;;;;;;
1141047;treatment;before visit;2020-07-28 23:59:59+00:00;5.46;;;;;;;;;
1141047;treatment;before visit;2020-07-29 23:59:59+00:00;9.74;;;;;;;;;
1141047;treatment;before visit;2020-07-30 23:59:59+00:00;5.5;;;;;;;;;
1141047;treatment;before visit;2020-07-31 23:59:59+00:00;10.02;;;;;;;;;
1141047;treatment;before visit;2020-08-01 23:59:59+00:00;5.53;;;;;;;;;
1141047;treatment;before visit;2020-08-02 23:59:59+00:00;9.87;;;;;;;;;
1141047;treatment;before visit;2020-08-03 23:59:59+00:00;11.4;;;;;;;;;
1141047;treatment;before visit;2020-08-04 23:59:59+00:00;20.65;;;;;;;;;
1141047;treatment;before visit;2020-08-05 23:59:59+00:00;19.81;;;;;;;;;
1141047;treatment;before visit;2020-08-06 23:59:59+00:00;18.83;;;;;;;;;
1141047;treatment;before visit;2020-08-07 23:59:59+00:00;11.16;;;;;;;;;
1141047;treatment;before visit;2020-08-08 23:59:59+00:00;8.98;;;;;;;;;
1141047;treatment;before visit;2020-08-09 23:59:59+00:00;5.43;;;;;;;;;
1141047;treatment;before visit;2020-08-10 23:59:59+00:00;10.69;;;;;;;;;
1141047;treatment;before visit;2020-08-11 23:59:59+00:00;9.7;;;;;;;;;
1141047;treatment;before visit;2020-08-12 23:59:59+00:00;16.03;;;;;;;;;
1141047;treatment;before visit;2020-08-13 23:59:59+00:00;19.02;;;;;;;;;
1141047;treatment;before visit;2020-08-14 23:59:59+00:00;16.85;;;;;;;;;
1141047;treatment;before visit;2020-08-15 23:59:59+00:00;11.36;;;;;;;;;
1141047;treatment;before visit;2020-08-16 23:59:59+00:00;15.7;;;;;;;;;
1141047;treatment;before visit;2020-08-17 23:59:59+00:00;14.4;;;;;;;;;
1141047;treatment;before visit;2020-08-18 23:59:59+00:00;15.98;;;;;;;;;
1141047;treatment;before visit;2020-08-19 23:59:59+00:00;14.65;;;;;;;;;
1141047;treatment;before visit;2020-08-20 23:59:59+00:00;11.84;;;;;;;;;
1141047;treatment;before visit;2020-08-21 23:59:59+00:00;15.93;;;;;;;;;
1141047;treatment;before visit;2020-08-22 23:59:59+00:00;16.27;;;;;;;;;
1141047;treatment;before visit;2020-08-23 23:59:59+00:00;13.33;;;;;;;;;
1141047;treatment;before visit;2020-08-24 23:59:59+00:00;14.51;;;;;;;;;
1141047;treatment;before visit;2020-08-25 23:59:59+00:00;18.59;;;;;;;;;
1141047;treatment;before visit;2020-08-26 23:59:59+00:00;16.46;;;;;;;;;
1141047;treatment;before visit;2020-08-27 23:59:59+00:00;14.33;;;;;;;;;
1141047;treatment;before visit;2020-08-28 23:59:59+00:00;20.08;;;;;;;;;
1141047;treatment;before visit;2020-08-29 23:59:59+00:00;25.56;;;;;;;;;
1141047;treatment;before visit;2020-08-30 23:59:59+00:00;28.94;;;;;;;;;
1141047;treatment;before visit;2020-08-31 23:59:59+00:00;20.56;;;;;;;;;
1141047;treatment;before visit;2020-09-01 23:59:59+00:00;21.18;;;;;;;;;
1141047;treatment;before visit;2020-09-02 23:59:59+00:00;20.47;;;;;;;;;
1141047;treatment;before visit;2020-09-03 23:59:59+00:00;21.36;;;;;;;;;
1141047;treatment;before visit;2020-09-04 23:59:59+00:00;13.96;;;;;;;;;
1141047;treatment;before visit;2020-09-05 23:59:59+00:00;6.8;;;;;;;;;
1141047;treatment;before visit;2020-09-06 23:59:59+00:00;11.0;;;;;;;;;
1141047;treatment;before visit;2020-09-07 23:59:59+00:00;12.55;;;;;;;;;
1141047;treatment;before visit;2020-09-08 23:59:59+00:00;21.08;;;;;;;;;
1141047;treatment;before visit;2020-09-09 23:59:59+00:00;18.38;;;;;;;;;
1141047;treatment;before visit;2020-09-10 23:59:59+00:00;16.48;;;;;;;;;
1141047;treatment;before visit;2020-09-11 23:59:59+00:00;20.62;;;;;;;;;
1141047;treatment;before visit;2020-09-12 23:59:59+00:00;19.45;;;;;;;;;
1141047;treatment;before visit;2020-09-13 23:59:59+00:00;14.74;;;;;;;;;
1141047;treatment;before visit;2020-09-14 23:59:59+00:00;16.65;;;;;;;;;
1141047;treatment;before visit;2020-09-15 23:59:59+00:00;14.58;;;;;;;;;
1141047;treatment;before visit;2020-09-16 23:59:59+00:00;14.62;;;;;;;;;
1141047;treatment;before visit;2020-09-17 23:59:59+00:00;13.52;;;;;;;;;
1141047;treatment;before visit;2020-09-18 23:59:59+00:00;11.01;;;;;;;;;
1141047;treatment;before visit;2020-09-19 23:59:59+00:00;12.37;;;;;;;;;
1141047;treatment;before visit;2020-09-20 23:59:59+00:00;8.32;;;;;;;;;
1141047;treatment;before visit;2020-09-21 23:59:59+00:00;17.7;;;;;;;;;
1141047;treatment;before visit;2020-09-22 23:59:59+00:00;15.81;;;;;;;;;
1141047;treatment;before visit;2020-09-23 23:59:59+00:00;14.41;;;;;;;;;
1141047;treatment;before visit;2020-09-24 23:59:59+00:00;14.7;;;;;;;;;
1141047;treatment;before visit;2020-09-25 23:59:59+00:00;25.06;;;;;;;;;
1141047;treatment;before visit;2020-09-26 23:59:59+00:00;23.59;;;;;;;;;
1141047;treatment;before visit;2020-09-27 23:59:59+00:00;23.91;;;;;;;;;
1141047;treatment;before visit;2020-09-28 23:59:59+00:00;20.46;;;;;;;;;
1141047;treatment;before visit;2020-09-29 23:59:59+00:00;27.64;;;;;;;;;
1141047;treatment;before visit;2020-09-30 23:59:59+00:00;23.62;;;;;;;;;
1141047;treatment;before visit;2020-10-01 23:59:59+00:00;18.18;;;;;;;;;
1141047;treatment;before visit;2020-10-02 23:59:59+00:00;20.03;;;;;;;;;
1141047;treatment;before visit;2020-10-03 23:59:59+00:00;24.28;;;;;;;;;
1141047;treatment;before visit;2020-10-04 23:59:59+00:00;25.72;;;;;;;;;
1141047;treatment;before visit;2020-10-05 23:59:59+00:00;18.89;;;;;;;;;
1141047;treatment;before visit;2020-10-06 23:59:59+00:00;20.16;;;;;;;;;
1141047;treatment;before visit;2020-10-07 23:59:59+00:00;24.4;;;;;;;;;
1141047;treatment;before visit;2020-10-08 23:59:59+00:00;20.29;;;;;;;;;
1141047;treatment;before visit;2020-10-09 23:59:59+00:00;22.24;;;;;;;;;
1141047;treatment;before visit;2020-10-10 23:59:59+00:00;20.98;;;;;;;;;
1141047;treatment;before visit;2020-10-11 23:59:59+00:00;26.56;;;;;;;;;
1141047;treatment;before visit;2020-10-12 23:59:59+00:00;34.32;;;;;;;;;
1141047;treatment;before visit;2020-10-13 23:59:59+00:00;24.37;;;;;;;;;
1141047;treatment;before visit;2020-10-14 23:59:59+00:00;22.14;;;;;;;;;
1141047;treatment;before visit;2020-10-15 23:59:59+00:00;17.17;;;;;;;;;
1141047;treatment;before visit;2020-10-16 23:59:59+00:00;22.73;;;;;;;;;
1141047;treatment;before visit;2020-10-17 23:59:59+00:00;22.62;;;;;;;;;
1141047;treatment;before visit;2020-10-18 23:59:59+00:00;28.01;;;;;;;;;
1141047;treatment;before visit;2020-10-19 23:59:59+00:00;24.95;;;;;;;;;
1141047;treatment;before visit;2020-10-20 23:59:59+00:00;23.56;;;;;;;;;
1141047;treatment;before visit;2020-10-21 23:59:59+00:00;21.01;;;;;;;;;
1141047;treatment;before visit;2020-10-22 23:59:59+00:00;20.33;;;;;;;;;
1141047;treatment;before visit;2020-10-23 23:59:59+00:00;18.89;;;;;;;;;
1141047;treatment;before visit;2020-10-24 23:59:59+00:00;19.79;;;;;;;;;
1141047;treatment;before visit;2020-10-25 23:59:59+00:00;23.7;;;;;;;;;
1141047;treatment;before visit;2020-10-26 23:59:59+00:00;27.92;;;;;;;;;
1141047;treatment;before visit;2020-10-27 23:59:59+00:00;32.28;;;;;;;;;
1141047;treatment;before visit;2020-10-28 23:59:59+00:00;23.57;;;;;;;;;
1141047;treatment;before visit;2020-10-29 23:59:59+00:00;19.13;;;;;;;;;
1141047;treatment;before visit;2020-10-30 23:59:59+00:00;25.8;;;;;;;;;
1141047;treatment;before visit;2020-10-31 23:59:59+00:00;26.44;;;;;;;;;
1141047;treatment;before visit;2020-11-01 23:59:59+00:00;25.45;;;;;;;;;
1141047;treatment;before visit;2020-11-02 23:59:59+00:00;20.55;;;;;;;;;
1141047;treatment;before visit;2020-11-03 23:59:59+00:00;19.64;;;;;;;;;
1141047;treatment;before visit;2020-11-04 23:59:59+00:00;27.16;;;;;;;;;
1141047;treatment;before visit;2020-11-05 23:59:59+00:00;24.66;;;;;;;;;
1141047;treatment;before visit;2020-11-06 23:59:59+00:00;23.36;;;;;;;;;
1141047;treatment;before visit;2020-11-07 23:59:59+00:00;20.95;;;;;;;;;
1141047;treatment;before visit;2020-11-08 23:59:59+00:00;23.69;;;;;;;;;
1141047;treatment;before visit;2020-11-09 23:59:59+00:00;29.83;;;;;;;;;
1141047;treatment;before visit;2020-11-10 23:59:59+00:00;39.27;;;;;;;;;
1141047;treatment;before visit;2020-11-11 23:59:59+00:00;29.33;;;;;;;;;
1141047;treatment;before visit;2020-11-12 23:59:59+00:00;30.4;;;;;;;;;
1141047;treatment;before visit;2020-11-13 23:59:59+00:00;28.86;;;;;;;;;
1141047;treatment;before visit;2020-11-14 23:59:59+00:00;29.7;;;;;;;;;
1141047;treatment;before visit;2020-11-15 23:59:59+00:00;32.36;;;;;;;;;
1141047;treatment;before visit;2020-11-16 23:59:59+00:00;22.46;;;;;;;;;
1141047;treatment;before visit;2020-11-17 23:59:59+00:00;24.33;;;;;;;;;
1141047;treatment;before visit;2020-11-18 23:59:59+00:00;29.94;;;;;;;;;
1141047;treatment;before visit;2020-11-19 23:59:59+00:00;28.84;;;;;;;;;
1141047;treatment;before visit;2020-11-20 23:59:59+00:00;29.14;;;;;;;;;
1141047;treatment;before visit;2020-11-21 23:59:59+00:00;39.91;;;;;;;;;
1141047;treatment;before visit;2020-11-22 23:59:59+00:00;42.41;;;;;;;;;
1141047;treatment;before visit;2020-11-23 23:59:59+00:00;37.14;;;;;;;;;
1141047;treatment;before visit;2020-11-24 23:59:59+00:00;32.85;;;;;;;;;
1141047;treatment;before visit;2020-11-25 23:59:59+00:00;31.71;;;;;;;;;
1141047;treatment;before visit;2020-11-26 23:59:59+00:00;35.54;;;;;;;;;
1141047;treatment;before visit;2020-11-27 23:59:59+00:00;35.85;;;;;;;;;
1141047;treatment;before visit;2020-11-28 23:59:59+00:00;39.59;;;;;;;;;
1141047;treatment;before visit;2020-11-29 23:59:59+00:00;41.0;;;;;;;;;
1141047;treatment;before visit;2020-11-30 23:59:59+00:00;38.95;;;;;;;;;
1141047;treatment;before visit;2020-12-01 23:59:59+00:00;36.35;;;;;;;;;
1141047;treatment;before visit;2020-12-02 23:59:59+00:00;39.05;;;;;;;;;
1141047;treatment;before visit;2020-12-03 23:59:59+00:00;48.28;;;;;;;;;
1141047;treatment;before visit;2020-12-04 23:59:59+00:00;40.16;;;;;;;;;
1141047;treatment;before visit;2020-12-05 23:59:59+00:00;37.89;;;;;;;;;
1141047;treatment;before visit;2020-12-06 23:59:59+00:00;37.38;;;;;;;;;
1141047;treatment;before visit;2020-12-07 23:59:59+00:00;37.61;;;;;;;;;
1141047;treatment;before visit;2020-12-08 23:59:59+00:00;30.52;;;;;;;;;
1141047;treatment;before visit;2020-12-09 23:59:59+00:00;32.22;;;;;;;;;
1141047;treatment;before visit;2020-12-10 23:59:59+00:00;35.53;;;;;;;;;
1141047;treatment;before visit;2020-12-11 23:59:59+00:00;39.35;;;;;;;;;
1141047;treatment;before visit;2020-12-12 23:59:59+00:00;31.82;;;;;;;;;
1141047;treatment;before visit;2020-12-13 23:59:59+00:00;29.71;;;;;;;;;
1141047;treatment;before visit;2020-12-14 23:59:59+00:00;37.54;;;;;;;;;
1141047;treatment;before visit;2020-12-15 23:59:59+00:00;37.05;;;;;;;;;
1141047;treatment;before visit;2020-12-16 23:59:59+00:00;34.2;;;;;;;;;
1141047;treatment;before visit;2020-12-17 23:59:59+00:00;33.19;;;;;;;;;
1141047;treatment;before visit;2020-12-18 23:59:59+00:00;32.44;;;;;;;;;
1141047;treatment;before visit;2020-12-19 23:59:59+00:00;32.34;;;;;;;;;
1141047;treatment;before visit;2020-12-20 23:59:59+00:00;29.27;;;;;;;;;
1141047;treatment;before visit;2020-12-21 23:59:59+00:00;31.98;;;;;;;;;
1141047;treatment;before visit;2020-12-22 23:59:59+00:00;23.01;;;;;;;;;
1141047;treatment;before visit;2020-12-23 23:59:59+00:00;24.73;;;;;;;;;
1141047;treatment;before visit;2020-12-24 23:59:59+00:00;26.67;;;;;;;;;
1141047;treatment;before visit;2020-12-25 23:59:59+00:00;35.18;;;;;;;;;
1141047;treatment;before visit;2020-12-26 23:59:59+00:00;39.79;;;;;;;;;
1141047;treatment;before visit;2020-12-27 23:59:59+00:00;36.03;;;;;;;;;
1141047;treatment;before visit;2020-12-28 23:59:59+00:00;29.87;;;;;;;;;
1141047;treatment;before visit;2020-12-29 23:59:59+00:00;23.54;;;;;;;;;
1141047;treatment;before visit;2020-12-30 23:59:59+00:00;28.44;;;;;;;;;
1141047;treatment;before visit;2020-12-31 23:59:59+00:00;27.7;;;;;;;;;
1141047;treatment;before visit;2021-01-01 23:59:59+00:00;29.96;;;;;;;;;
1141047;treatment;before visit;2021-01-02 23:59:59+00:00;26.49;;;;;;;;;
1141047;treatment;before visit;2021-01-03 23:59:59+00:00;41.7;;;;;;;;;
1141047;treatment;before visit;2021-01-04 23:59:59+00:00;43.66;;;;;;;;;
1141047;treatment;before visit;2021-01-05 23:59:59+00:00;42.68;;;;;;;;;
1141047;treatment;before visit;2021-01-06 23:59:59+00:00;39.42;;;;;;;;;
1141047;treatment;before visit;2021-01-07 23:59:59+00:00;41.3;;;;;;;;;
1141047;treatment;before visit;2021-01-08 23:59:59+00:00;47.67;;;;;;;;;
1141047;treatment;before visit;2021-01-09 23:59:59+00:00;49.96;;;;;;;;;
1141047;treatment;before visit;2021-01-10 23:59:59+00:00;43.91;;;;;;;;;
1141047;treatment;before visit;2021-01-11 23:59:59+00:00;49.01;;;;;;;;;
1141047;treatment;before visit;2021-01-12 23:59:59+00:00;39.63;;;;;;;;;
1141047;treatment;before visit;2021-01-13 23:59:59+00:00;32.37;;;;;;;;;
1141047;treatment;before visit;2021-01-14 23:59:59+00:00;34.88;;;;;;;;;
1141047;treatment;before visit;2021-01-15 23:59:59+00:00;41.63;;;;;;;;;
1141047;treatment;before visit;2021-01-16 23:59:59+00:00;52.25;;;;;;;;;
1141047;treatment;before visit;2021-01-17 23:59:59+00:00;40.2;;;;;;;;;
1141047;treatment;before visit;2021-01-18 23:59:59+00:00;37.1;;;;;;;;;
1141047;treatment;before visit;2021-01-19 23:59:59+00:00;40.27;;;;;;;;;
1141047;treatment;before visit;2021-01-20 23:59:59+00:00;50.82;;;;;;;;;
1141047;treatment;before visit;2021-01-21 23:59:59+00:00;30.84;;;;;;;;;
1141047;treatment;before visit;2021-01-22 23:59:59+00:00;26.41;;;;;;;;;
1141047;treatment;before visit;2021-01-23 23:59:59+00:00;35.09;;;;;;;;;
1141047;treatment;before visit;2021-01-24 23:59:59+00:00;34.79;;;;;;;;;
1141047;treatment;before visit;2021-01-25 23:59:59+00:00;42.83;;;;;;;;;
1141047;treatment;before visit;2021-01-26 23:59:59+00:00;37.95;;;;;;;;;
1141047;treatment;before visit;2021-01-27 23:59:59+00:00;37.21;;;;;;;;;
1141047;treatment;before visit;2021-01-28 23:59:59+00:00;25.19;;;;;;;;;
1141047;treatment;before visit;2021-01-29 23:59:59+00:00;23.28;;;;;;;;;
1141047;treatment;before visit;2021-01-30 23:59:59+00:00;34.01;;;;;;;;;
1141047;treatment;before visit;2021-01-31 23:59:59+00:00;26.07;;;;;;;;;
1141047;treatment;before visit;2021-02-01 23:59:59+00:00;22.03;;;;;;;;;
1141047;treatment;before visit;2021-02-02 23:59:59+00:00;17.79;;;;;;;;;
1141047;treatment;before visit;2021-02-03 23:59:59+00:00;16.46;;;;;;;;;
1141047;treatment;before visit;2021-02-04 23:59:59+00:00;17.6;;;;;;;;;
1141047;treatment;before visit;2021-02-05 23:59:59+00:00;22.32;;;;;;;;;
1141047;treatment;before visit;2021-02-06 23:59:59+00:00;19.35;;;;;;;;;
1141047;treatment;before visit;2021-02-07 23:59:59+00:00;26.07;;;;;;;;;
1141047;treatment;before visit;2021-02-08 23:59:59+00:00;37.39;;;;;;;;;
1141047;treatment;before visit;2021-02-09 23:59:59+00:00;34.61;;;;;;;;;
1141047;treatment;before visit;2021-02-10 23:59:59+00:00;42.04;;;;;;;;;
1141047;treatment;before visit;2021-02-11 23:59:59+00:00;62.45;;;;;;;;;
1141047;treatment;before visit;2021-02-12 23:59:59+00:00;58.05;;;;;;;;;
1141047;treatment;before visit;2021-02-13 23:59:59+00:00;51.6;;;;;;;;;
1141047;treatment;before visit;2021-02-14 23:59:59+00:00;54.27;;;;;;;;;
1141047;treatment;before visit;2021-02-15 23:59:59+00:00;41.95;;;;;;;;;
1141047;treatment;before visit;2021-02-16 23:59:59+00:00;28.13;;;;;;;;;
1141047;treatment;before visit;2021-02-17 23:59:59+00:00;33.09;;;;;;;;;
1141047;treatment;before visit;2021-02-18 23:59:59+00:00;37.89;;;;;;;;;
1141047;treatment;before visit;2021-02-19 23:59:59+00:00;25.72;;;;;;;;;
1141047;treatment;before visit;2021-02-20 23:59:59+00:00;30.76;;;;;;;;;
1141047;treatment;before visit;2021-02-21 23:59:59+00:00;38.34;;;;;;;;;
1141047;treatment;before visit;2021-02-22 23:59:59+00:00;28.74;;;;;;;;;
1141047;treatment;before visit;2021-02-23 23:59:59+00:00;25.87;;;;;;;;;
1141047;treatment;before visit;2021-02-24 23:59:59+00:00;25.22;;;;;;;;;
1141047;treatment;before visit;2021-02-25 23:59:59+00:00;22.33;;;;;;;;;
1141047;treatment;before visit;2021-02-26 23:59:59+00:00;21.43;;;;;;;;;
1141047;treatment;before visit;2021-02-27 23:59:59+00:00;21.5;;;;;;;;;
1141047;treatment;before visit;2021-02-28 23:59:59+00:00;26.73;;;;;;;;;
1141047;treatment;before visit;2021-03-01 23:59:59+00:00;24.48;;;;;;;;;
1141047;treatment;before visit;2021-03-02 23:59:59+00:00;28.77;;;;;;;;;
1141047;treatment;before visit;2021-03-03 23:59:59+00:00;27.29;;;;;;;;;
1141047;treatment;before visit;2021-03-04 23:59:59+00:00;20.89;;;;;;;;;
1141047;treatment;before visit;2021-03-05 23:59:59+00:00;24.85;;;;;;;;;
1141047;treatment;before visit;2021-03-06 23:59:59+00:00;34.11;;;;;;;;;
1141047;treatment;before visit;2021-03-07 23:59:59+00:00;30.43;;;;;;;;;
1141047;treatment;before visit;2021-03-08 23:59:59+00:00;35.26;;;;;;;;;
1141047;treatment;before visit;2021-03-09 23:59:59+00:00;31.09;;;;;;;;;
1141047;treatment;before visit;2021-03-10 23:59:59+00:00;28.55;;;;;;;;;
1141047;treatment;before visit;2021-03-11 23:59:59+00:00;20.0;;;;;;;;;
1141047;treatment;before visit;2021-03-12 23:59:59+00:00;26.28;;;;;;;;;
1141047;treatment;before visit;2021-03-13 23:59:59+00:00;29.2;;;;;;;;;
1141047;treatment;before visit;2021-03-14 23:59:59+00:00;31.32;;;;;;;;;
1141047;treatment;before visit;2021-03-15 23:59:59+00:00;37.19;;;;;;;;;
1141047;treatment;before visit;2021-03-16 23:59:59+00:00;34.01;;;;;;;;;
1141047;treatment;before visit;2021-03-17 23:59:59+00:00;32.27;;;;;;;;;
1141047;treatment;before visit;2021-03-18 23:59:59+00:00;38.39;;;;;;;;;
1141047;treatment;before visit;2021-03-19 23:59:59+00:00;38.91;;;;;;;;;
1141047;treatment;before visit;2021-03-20 23:59:59+00:00;43.02;;;;;;;;;
1141047;treatment;before visit;2021-03-21 23:59:59+00:00;39.02;;;;;;;;;
1141047;treatment;before visit;2021-03-22 23:59:59+00:00;36.8;;;;;;;;;
1141047;treatment;before visit;2021-03-23 23:59:59+00:00;33.61;;;;;;;;;
1141047;treatment;before visit;2021-03-24 23:59:59+00:00;30.57;;;;;;;;;
1141047;treatment;before visit;2021-03-25 23:59:59+00:00;29.85;;;;;;;;;
1141047;treatment;before visit;2021-03-26 23:59:59+00:00;26.58;;;;;;;;;
1141047;treatment;before visit;2021-03-27 23:59:59+00:00;27.89;;;;;;;;;
1141047;treatment;before visit;2021-03-28 23:59:59+00:00;32.89;;;;;;;;;
1141047;treatment;before visit;2021-03-29 23:59:59+00:00;25.17;;;;;;;;;
1141047;treatment;before visit;2021-03-30 23:59:59+00:00;27.79;;;;;;;;;
1141047;treatment;before visit;2021-03-31 23:59:59+00:00;25.05;;;;;;;;;
1141047;treatment;before visit;2021-04-01 23:59:59+00:00;20.39;;;;;;;;;
1141047;treatment;before visit;2021-04-02 23:59:59+00:00;15.98;;;;;;;;;
1141047;treatment;before visit;2021-04-03 23:59:59+00:00;23.29;;;;;;;;;
1141047;treatment;before visit;2021-04-04 23:59:59+00:00;20.87;;;;;;;;;
1141047;treatment;before visit;2021-04-05 23:59:59+00:00;25.12;;;;;;;;;
1141047;treatment;before visit;2021-04-06 23:59:59+00:00;30.58;;;;;;;;;
1141047;treatment;before visit;2021-04-07 23:59:59+00:00;33.69;;;;;;;;;
1141047;treatment;before visit;2021-04-08 23:59:59+00:00;30.91;;;;;;;;;
1141047;treatment;before visit;2021-04-09 23:59:59+00:00;30.45;;;;;;;;;
1141047;treatment;before visit;2021-04-10 23:59:59+00:00;22.25;;;;;;;;;
1141047;treatment;before visit;2021-04-11 23:59:59+00:00;27.21;;;;;;;;;
1141047;treatment;before visit;2021-04-12 23:59:59+00:00;38.78;;;;;;;;;
1141047;treatment;before visit;2021-04-13 23:59:59+00:00;35.87;;;;;;;;;
1141047;treatment;before visit;2021-04-14 23:59:59+00:00;28.7;;;;;;;;;
1141047;treatment;before visit;2021-04-15 23:59:59+00:00;28.92;;;;;;;;;
1141047;treatment;before visit;2021-04-16 23:59:59+00:00;31.38;;;;;;;;;
1141047;treatment;before visit;2021-04-17 23:59:59+00:00;25.75;;;;;;;;;
1141047;treatment;before visit;2021-04-18 23:59:59+00:00;28.61;;;;;;;;;
1141047;treatment;before visit;2021-04-19 23:59:59+00:00;24.95;;;;;;;;;
1141047;treatment;before visit;2021-04-20 23:59:59+00:00;27.74;;;;;;;;;
1141047;treatment;before visit;2021-04-21 23:59:59+00:00;20.81;;;;;;;;;
1141047;treatment;before visit;2021-04-22 23:59:59+00:00;23.08;;;;;;;;;
1141047;treatment;before visit;2021-04-23 23:59:59+00:00;23.82;;;;;;;;;
1141047;treatment;before visit;2021-04-24 23:59:59+00:00;28.76;;;;;;;;;
1141047;treatment;before visit;2021-04-25 23:59:59+00:00;28.39;;;;;;;;;
1141047;treatment;before visit;2021-04-26 23:59:59+00:00;26.08;;;;;;;;;
1141047;treatment;before visit;2021-04-27 23:59:59+00:00;25.45;;;;;;;;;
1141047;treatment;before visit;2021-04-28 23:59:59+00:00;21.02;;;;;;;;;
1141047;treatment;before visit;2021-04-29 23:59:59+00:00;22.67;;;;;;;;;
1141047;treatment;before visit;2021-04-30 23:59:59+00:00;21.53;;;;;;;;;
1141047;treatment;before visit;2021-05-01 23:59:59+00:00;29.44;;;;;;;;;
1141047;treatment;before visit;2021-05-02 23:59:59+00:00;28.6;;;;;;;;;
1141047;treatment;before visit;2021-05-03 23:59:59+00:00;28.33;;;;;;;;;
1141047;treatment;before visit;2021-05-04 23:59:59+00:00;25.7;;;;;;;;;
1141047;treatment;before visit;2021-05-05 23:59:59+00:00;19.8;;;;;;;;;
1141047;treatment;before visit;2021-05-06 23:59:59+00:00;22.16;;;;;;;;;
1141047;treatment;before visit;2021-05-07 23:59:59+00:00;25.73;;;;;;;;;
1141047;treatment;before visit;2021-05-08 23:59:59+00:00;23.76;;;;;;;;;
1141047;treatment;before visit;2021-05-09 23:59:59+00:00;18.77;;;;;;;;;
1141047;treatment;before visit;2021-05-10 23:59:59+00:00;15.11;;;;;;;;;
1141047;treatment;before visit;2021-05-11 23:59:59+00:00;20.26;;;;;;;;;
1141047;treatment;before visit;2021-05-12 23:59:59+00:00;24.04;;;;;;;;;
1141047;treatment;before visit;2021-05-13 23:59:59+00:00;23.18;;;;;;;;;
1141047;treatment;before visit;2021-05-14 23:59:59+00:00;33.01;;;;;;;;;
1141047;treatment;before visit;2021-05-15 23:59:59+00:00;24.02;;;;;;;;;
1141047;treatment;before visit;2021-05-16 23:59:59+00:00;17.08;;;;;;;;;
1141047;treatment;before visit;2021-05-17 23:59:59+00:00;16.64;;;;;;;;;
1141047;treatment;before visit;2021-05-18 23:59:59+00:00;12.31;;;;;;;;;
1141047;treatment;before visit;2021-05-19 23:59:59+00:00;19.87;;;;;;;;;
1141047;treatment;before visit;2021-05-20 23:59:59+00:00;14.39;;;;;;;;;
1141047;treatment;before visit;2021-05-21 23:59:59+00:00;20.8;;;;;;;;;
1141047;treatment;before visit;2021-05-22 23:59:59+00:00;22.06;;;;;;;;;
1141047;treatment;before visit;2021-05-23 23:59:59+00:00;18.03;;;;;;;;;
1141047;treatment;before visit;2021-05-24 23:59:59+00:00;26.32;;;;;;;;;
1141047;treatment;before visit;2021-05-25 23:59:59+00:00;21.26;;;;;;;;;
1141047;treatment;before visit;2021-05-26 23:59:59+00:00;18.47;;;;;;;;;
1141047;treatment;before visit;2021-05-27 23:59:59+00:00;23.59;;;;;;;;;
1141047;treatment;before visit;2021-05-28 23:59:59+00:00;20.14;;;;;;;;;
1141047;treatment;before visit;2021-05-29 23:59:59+00:00;19.58;;;;;;;;;
1141047;treatment;before visit;2021-05-30 23:59:59+00:00;23.91;;;;;;;;;
1141047;treatment;before visit;2021-05-31 23:59:59+00:00;20.63;;;;;;;;;
1141047;treatment;before visit;2021-06-01 23:59:59+00:00;22.46;;;;;;;;;
1141047;treatment;before visit;2021-06-02 23:59:59+00:00;16.91;;;;;;;;;
1141047;treatment;before visit;2021-06-03 23:59:59+00:00;16.16;;;;;;;;;
1141047;treatment;before visit;2021-06-04 23:59:59+00:00;18.47;;;;;;;;;
1141047;treatment;before visit;2021-06-05 23:59:59+00:00;15.43;;;;;;;;;
1141047;treatment;before visit;2021-06-06 23:59:59+00:00;17.14;;;;;;;;;
1141047;treatment;before visit;2021-06-07 23:59:59+00:00;15.98;;;;;;;;;
1141047;treatment;before visit;2021-06-08 23:59:59+00:00;15.31;;;;;;;;;
1141047;treatment;before visit;2021-06-09 23:59:59+00:00;15.29;;;;;;;;;
1141047;treatment;before visit;2021-06-10 23:59:59+00:00;14.37;;;;;;;;;
1141047;treatment;before visit;2021-06-11 23:59:59+00:00;14.91;;;;;;;;;
1141047;treatment;before visit;2021-06-12 23:59:59+00:00;16.51;;;;;;;;;
1141047;treatment;before visit;2021-06-13 23:59:59+00:00;18.2;;;;;;;;;
1141047;treatment;before visit;2021-06-14 23:59:59+00:00;16.66;;;;;;;;;
1141047;treatment;before visit;2021-06-15 23:59:59+00:00;12.59;;;;;;;;;
1141047;treatment;before visit;2021-06-16 23:59:59+00:00;14.27;;;;;;;;;
1141047;treatment;before visit;2021-06-17 23:59:59+00:00;13.69;;;;;;;;;
1141047;treatment;before visit;2021-06-18 23:59:59+00:00;14.03;;;;;;;;;
1141047;treatment;before visit;2021-06-19 23:59:59+00:00;10.86;;;;;;;;;
1141047;treatment;before visit;2021-06-20 23:59:59+00:00;9.42;;;;;;;;;
1141047;treatment;before visit;2021-06-21 23:59:59+00:00;13.37;;;;;;;;;
1141047;treatment;before visit;2021-06-22 23:59:59+00:00;19.02;;;;;;;;;
1141047;treatment;before visit;2021-06-23 23:59:59+00:00;14.47;;;;;;;;;
1141047;treatment;before visit;2021-06-24 23:59:59+00:00;15.03;;;;;;;;;
1141047;treatment;before visit;2021-06-25 23:59:59+00:00;18.25;;;;;;;;;
1141047;treatment;before visit;2021-06-26 23:59:59+00:00;18.33;;;;;;;;;
1141047;treatment;before visit;2021-06-27 23:59:59+00:00;18.2;;;;;;;;;
1141047;treatment;before visit;2021-06-28 23:59:59+00:00;16.84;;;;;;;;;
1141047;treatment;before visit;2021-06-29 23:59:59+00:00;14.88;;;;;;;;;
1141047;treatment;before visit;2021-06-30 23:59:59+00:00;17.45;;;;;;;;;
1141047;treatment;before visit;2021-07-01 23:59:59+00:00;20.86;;;;;;;;;
1141047;treatment;before visit;2021-07-02 23:59:59+00:00;18.42;;;;;;;;;
1141047;treatment;before visit;2021-07-03 23:59:59+00:00;12.79;;;;;;;;;
1141047;treatment;before visit;2021-07-04 23:59:59+00:00;13.24;;;;;;;;;
1141047;treatment;before visit;2021-07-05 23:59:59+00:00;22.51;;;;;;;;;
1141047;treatment;before visit;2021-07-06 23:59:59+00:00;16.71;;;;;;;;;
1141047;treatment;before visit;2021-07-07 23:59:59+00:00;17.54;;;;;;;;;
1141047;treatment;before visit;2021-07-08 23:59:59+00:00;21.42;;;;;;;;;
1141047;treatment;before visit;2021-07-09 23:59:59+00:00;18.81;;;;;;;;;
1141047;treatment;before visit;2021-07-10 23:59:59+00:00;15.77;;;;;;;;;
1141047;treatment;before visit;2021-07-11 23:59:59+00:00;15.69;;;;;;;;;
1141047;treatment;before visit;2021-07-12 23:59:59+00:00;23.83;;;;;;;;;
1141047;treatment;before visit;2021-07-13 23:59:59+00:00;15.96;;;;;;;;;
1141047;treatment;before visit;2021-07-14 23:59:59+00:00;17.97;;;;;;;;;
1141047;treatment;before visit;2021-07-15 23:59:59+00:00;22.61;;;;;;;;;
1141047;treatment;before visit;2021-07-16 23:59:59+00:00;19.53;;;;;;;;;
1141047;treatment;before visit;2021-07-17 23:59:59+00:00;17.46;;;;;;;;;
1141047;treatment;before visit;2021-07-18 23:59:59+00:00;16.16;;;;;;;;;
1141047;treatment;before visit;2021-07-19 23:59:59+00:00;11.29;;;;;;;;;
1141047;treatment;before visit;2021-07-20 23:59:59+00:00;9.06;;;;;;;;;
1141047;treatment;before visit;2021-07-21 23:59:59+00:00;5.97;;;;;;;;;
1141047;treatment;before visit;2021-07-22 23:59:59+00:00;10.56;;;;;;;;;
1141047;treatment;before visit;2021-07-23 23:59:59+00:00;7.01;;;;;;;;;
1141047;treatment;before visit;2021-07-24 23:59:59+00:00;12.41;;;;;;;;;
1141047;treatment;before visit;2021-07-25 23:59:59+00:00;17.74;;;;;;;;;
1141047;treatment;before visit;2021-07-26 23:59:59+00:00;15.43;;;;;;;;;
1141047;treatment;before visit;2021-07-27 23:59:59+00:00;11.94;;;;;;;;;
1141047;treatment;before visit;2021-07-28 23:59:59+00:00;13.41;;;;;;;;;
1141047;treatment;before visit;2021-07-29 23:59:59+00:00;13.07;;;;;;;;;
1141047;treatment;before visit;2021-07-30 23:59:59+00:00;8.94;;;;;;;;;
1141047;treatment;before visit;2021-07-31 23:59:59+00:00;5.96;;;;;;;;;
1141047;treatment;before visit;2021-08-01 23:59:59+00:00;14.04;;;;;;;;;
1141047;treatment;before visit;2021-08-02 23:59:59+00:00;11.27;;;;;;;;;
1141047;treatment;before visit;2021-08-03 23:59:59+00:00;16.42;;;;;;;;;
1141047;treatment;before visit;2021-08-04 23:59:59+00:00;11.7;;;;;;;;;
1141047;treatment;before visit;2021-08-05 23:59:59+00:00;14.45;;;;;;;;;
1141047;treatment;before visit;2021-08-06 23:59:59+00:00;12.64;;;;;;;;;
1141047;treatment;before visit;2021-08-07 23:59:59+00:00;28.89;;;;;;;;;
1141047;treatment;before visit;2021-08-08 23:59:59+00:00;23.24;;;;;;;;;
1141047;treatment;before visit;2021-08-09 23:59:59+00:00;21.62;;;;;;;;;
1141047;treatment;before visit;2021-08-10 23:59:59+00:00;24.17;;;;;;;;;
1141047;treatment;before visit;2021-08-11 23:59:59+00:00;16.81;;;;;;;;;
1141047;treatment;before visit;2021-08-12 23:59:59+00:00;20.54;;;;;;;;;
1141047;treatment;before visit;2021-08-13 23:59:59+00:00;16.65;;;;;;;;;
1141047;treatment;before visit;2021-08-14 23:59:59+00:00;18.36;;;;;;;;;
1141047;treatment;before visit;2021-08-15 23:59:59+00:00;12.28;;;;;;;;;
1141047;treatment;before visit;2021-08-16 23:59:59+00:00;8.37;;;;;;;;;
1141047;treatment;before visit;2021-08-17 23:59:59+00:00;6.57;;;;;;;;;
1141047;treatment;before visit;2021-08-18 23:59:59+00:00;11.01;;;;;;;;;
1141047;treatment;before visit;2021-08-19 23:59:59+00:00;6.19;;;;;;;;;
1141047;treatment;before visit;2021-08-20 23:59:59+00:00;9.41;;;;;;;;;
1141047;treatment;before visit;2021-08-21 23:59:59+00:00;6.17;;;;;;;;;
1141047;treatment;before visit;2021-08-22 23:59:59+00:00;9.37;;;;;;;;;
1141047;treatment;before visit;2021-08-23 23:59:59+00:00;7.0;;;;;;;;;
1141047;treatment;before visit;2021-08-24 23:59:59+00:00;12.07;;;;;;;;;
1141047;treatment;before visit;2021-08-25 23:59:59+00:00;7.94;;;;;;;;;
1141047;treatment;before visit;2021-08-26 23:59:59+00:00;14.43;;;;;;;;;
1141047;treatment;before visit;2021-08-27 23:59:59+00:00;8.92;;;;;;;;;
1141047;treatment;before visit;2021-08-28 23:59:59+00:00;15.2;;;;;;;;;
1141047;treatment;before visit;2021-08-29 23:59:59+00:00;9.27;;;;;;;;;
1141047;treatment;before visit;2021-08-30 23:59:59+00:00;13.83;;;;;;;;;
1141047;treatment;before visit;2021-08-31 23:59:59+00:00;9.49;;;;;;;;;
1141047;treatment;before visit;2021-09-01 23:59:59+00:00;15.53;;;;;;;;;
1141047;treatment;before visit;2021-09-02 23:59:59+00:00;11.26;;;;;;;;;
1141047;treatment;before visit;2021-09-03 23:59:59+00:00;15.0;;;;;;;;;
1141047;treatment;before visit;2021-09-04 23:59:59+00:00;9.24;;;;;;;;;
1141047;treatment;before visit;2021-09-05 23:59:59+00:00;13.42;;;;;;;;;
1141047;treatment;before visit;2021-09-06 23:59:59+00:00;9.05;;;;;;;;;
1141047;treatment;before visit;2021-09-07 23:59:59+00:00;13.61;;;;;;;;;
1141047;treatment;before visit;2021-09-08 23:59:59+00:00;9.44;;;;;;;;;
1141047;treatment;before visit;2021-09-09 23:59:59+00:00;11.48;;;;;;;;;
1141047;treatment;before visit;2021-09-10 23:59:59+00:00;4.95;;;;;;;;;
1141047;treatment;before visit;2021-09-11 23:59:59+00:00;10.23;;;;;;;;;
1141047;treatment;before visit;2021-09-12 23:59:59+00:00;6.98;;;;;;;;;
1141047;treatment;before visit;2021-09-13 23:59:59+00:00;12.79;;;;;;;;;
1141047;treatment;before visit;2021-09-14 23:59:59+00:00;8.2;;;;;;;;;
1141047;treatment;before visit;2021-09-15 23:59:59+00:00;9.41;;;;;;;;;
1141047;treatment;before visit;2021-09-16 23:59:59+00:00;4.98;;;;;;;;;
1141047;treatment;before visit;2021-09-17 23:59:59+00:00;13.63;;;;;;;;;
1141047;treatment;before visit;2021-09-18 23:59:59+00:00;11.18;;;;;;;;;
1141047;treatment;before visit;2021-09-19 23:59:59+00:00;17.61;;;;;;;;;
1141047;treatment;before visit;2021-09-20 23:59:59+00:00;10.61;;;;;;;;;
1141047;treatment;before visit;2021-09-21 23:59:59+00:00;16.73;;;;;;;;;
1141047;treatment;before visit;2021-09-22 23:59:59+00:00;14.25;;;;;;;;;
1141047;treatment;before visit;2021-09-23 23:59:59+00:00;31.53;;;;;;;;;
1141047;treatment;before visit;2021-09-24 23:59:59+00:00;28.94;;;;;;;;;
1141047;treatment;before visit;2021-09-25 23:59:59+00:00;20.21;;;;;;;;;
1141047;treatment;before visit;2021-09-26 23:59:59+00:00;13.28;;;;;;;;;
1141047;treatment;before visit;2021-09-27 23:59:59+00:00;11.83;;;;;;;;;
1141047;treatment;before visit;2021-09-28 23:59:59+00:00;8.71;;;;;;;;;
1141047;treatment;before visit;2021-09-29 23:59:59+00:00;14.62;;;;;;;;;
1141047;treatment;before visit;2021-09-30 23:59:59+00:00;20.73;;;;;;;;;
1141047;treatment;before visit;2021-10-01 23:59:59+00:00;28.97;;;;;;;;;
1141047;treatment;before visit;2021-10-02 23:59:59+00:00;18.15;;;;;;;;;
1141047;treatment;before visit;2021-10-03 23:59:59+00:00;19.4;;;;;;;;;
1141047;treatment;before visit;2021-10-04 23:59:59+00:00;21.55;;;;;;;;;
1141047;treatment;before visit;2021-10-05 23:59:59+00:00;17.72;;;;;;;;;
1141047;treatment;before visit;2021-10-06 23:59:59+00:00;25.0;;;;;;;;;
1141047;treatment;before visit;2021-10-07 23:59:59+00:00;25.37;;;;;;;;;
1141047;treatment;before visit;2021-10-08 23:59:59+00:00;26.12;;;;;;;;;
1141047;treatment;before visit;2021-10-09 23:59:59+00:00;25.29;;;;;;;;;
1141047;treatment;before visit;2021-10-10 23:59:59+00:00;26.77;;;;;;;;;
1141047;treatment;before visit;2021-10-11 23:59:59+00:00;20.79;;;;;;;;;
1141047;treatment;before visit;2021-10-12 23:59:59+00:00;14.38;;;;;;;;;
1141047;treatment;before visit;2021-10-13 23:59:59+00:00;21.94;;;;;;;;;
1141047;treatment;before visit;2021-10-14 23:59:59+00:00;20.37;;;;;;;;;
1141047;treatment;before visit;2021-10-15 23:59:59+00:00;24.41;;;;;;;;;
1141047;treatment;before visit;2021-10-16 23:59:59+00:00;18.72;;;;;;;;;
1141047;treatment;before visit;2021-10-17 23:59:59+00:00;22.75;;;;;;;;;
1141047;treatment;before visit;2021-10-18 23:59:59+00:00;22.05;;;;;;;;;
1141047;treatment;before visit;2021-10-19 23:59:59+00:00;32.41;;;;;;;;;
1141047;treatment;before visit;2021-10-20 23:59:59+00:00;28.21;;;;;;;;;
1141047;treatment;before visit;2021-10-21 23:59:59+00:00;19.3;;;;;;;;;
1141047;treatment;before visit;2021-10-22 23:59:59+00:00;25.28;;;;;;;;;
1141047;treatment;before visit;2021-10-23 23:59:59+00:00;42.53;;;;;;;;;
1141047;treatment;before visit;2021-10-24 23:59:59+00:00;37.64;;;;;;;;;
1141047;treatment;before visit;2021-10-25 23:59:59+00:00;33.12;;;;;;;;;
1141047;treatment;before visit;2021-10-26 23:59:59+00:00;33.34;;;;;;;;;
1141047;treatment;before visit;2021-10-27 23:59:59+00:00;27.55;;;;;;;;;
1141047;treatment;before visit;2021-10-28 23:59:59+00:00;25.73;;;;;;;;;
1141047;treatment;before visit;2021-10-29 23:59:59+00:00;26.48;;;;;;;;;
1141047;treatment;before visit;2021-10-30 23:59:59+00:00;25.94;;;;;;;;;
1141047;treatment;before visit;2021-10-31 23:59:59+00:00;24.6;;;;;;;;;
1141047;treatment;before visit;2021-11-01 23:59:59+00:00;29.54;;;;;;;;;
1141047;treatment;before visit;2021-11-02 23:59:59+00:00;31.34;;;;;;;;;
1141047;treatment;before visit;2021-11-03 23:59:59+00:00;31.4;;;;;;;;;
1141047;treatment;before visit;2021-11-04 23:59:59+00:00;29.68;;;;;;;;;
1141047;treatment;before visit;2021-11-05 23:59:59+00:00;31.58;;;;;;;;;
1141047;treatment;before visit;2021-11-06 23:59:59+00:00;36.28;;;;;;;;;
1141047;treatment;before visit;2021-11-07 23:59:59+00:00;27.87;;;;;;;;;
1141047;treatment;before visit;2021-11-08 23:59:59+00:00;37.8;;;;;;;;;
1141047;treatment;before visit;2021-11-09 23:59:59+00:00;36.34;;;;;;;;;
1141047;treatment;before visit;2021-11-10 23:59:59+00:00;32.73;;;;;;;;;
1141047;treatment;before visit;2021-11-11 23:59:59+00:00;30.74;;;;;;;;;
1141047;treatment;before visit;2021-11-12 23:59:59+00:00;33.17;;;;;;;;;
1141047;treatment;before visit;2021-11-13 23:59:59+00:00;34.0;;;;;;;;;
1141047;treatment;before visit;2021-11-14 23:59:59+00:00;30.04;;;;;;;;;
1141047;treatment;before visit;2021-11-15 23:59:59+00:00;25.38;;;;;;;;;
1141047;treatment;before visit;2021-11-16 23:59:59+00:00;23.76;;;;;;;;;
1141047;treatment;before visit;2021-11-17 23:59:59+00:00;22.16;;;;;;;;;
1141047;treatment;before visit;2021-11-18 23:59:59+00:00;36.78;;;;;;;;;
1141047;treatment;before visit;2021-11-19 23:59:59+00:00;36.01;;;;;;;;;
1141047;treatment;before visit;2021-11-20 23:59:59+00:00;34.38;;;;;;;;;
1141047;treatment;before visit;2021-11-21 23:59:59+00:00;31.39;;;;;;;;;
1141047;treatment;before visit;2021-11-22 23:59:59+00:00;32.63;;;;;;;;;
1141047;treatment;before visit;2021-11-23 23:59:59+00:00;28.3;;;;;;;;;
1141047;treatment;before visit;2021-11-24 23:59:59+00:00;30.41;;;;;;;;;
1141047;treatment;before visit;2021-11-25 23:59:59+00:00;32.65;;;;;;;;;
1141047;treatment;before visit;2021-11-26 23:59:59+00:00;36.38;;;;;;;;;
1141047;treatment;before visit;2021-11-27 23:59:59+00:00;34.01;;;;;;;;;
1141047;treatment;before visit;2021-11-28 23:59:59+00:00;42.92;;;;;;;;;
1141047;treatment;before visit;2021-11-29 23:59:59+00:00;40.22;;;;;;;;;
1141047;treatment;before visit;2021-11-30 23:59:59+00:00;36.17;;;;;;;;;
1141047;treatment;before visit;2021-12-01 23:59:59+00:00;27.36;;;;;;;;;
1141047;treatment;before visit;2021-12-02 23:59:59+00:00;30.26;;;;;;;;;
1141047;treatment;before visit;2021-12-03 23:59:59+00:00;31.62;;;;;;;;;
1141047;treatment;before visit;2021-12-04 23:59:59+00:00;30.99;;;;;;;;;
1141047;treatment;before visit;2021-12-05 23:59:59+00:00;40.2;;;;;;;;;
1141047;treatment;before visit;2021-12-06 23:59:59+00:00;44.86;;;;;;;;;
1141047;treatment;before visit;2021-12-07 23:59:59+00:00;34.5;;;;;;;;;
1141047;treatment;before visit;2021-12-08 23:59:59+00:00;34.75;;;;;;;;;
1141047;treatment;before visit;2021-12-09 23:59:59+00:00;38.07;;;;;;;;;
1141047;treatment;before visit;2021-12-10 23:59:59+00:00;46.45;;;;;;;;;
1141047;treatment;before visit;2021-12-11 23:59:59+00:00;32.53;;;;;;;;;
1141047;treatment;before visit;2021-12-12 23:59:59+00:00;36.54;;;;;;;;;
1141047;treatment;before visit;2021-12-13 23:59:59+00:00;30.75;;;;;;;;;
1141047;treatment;before visit;2021-12-14 23:59:59+00:00;27.29;;;;;;;;;
1141047;treatment;before visit;2021-12-15 23:59:59+00:00;30.2;;;;;;;;;
1141047;treatment;before visit;2021-12-16 23:59:59+00:00;26.54;;;;;;;;;
1141047;treatment;before visit;2021-12-17 23:59:59+00:00;25.78;;;;;;;;;
1141047;treatment;before visit;2021-12-18 23:59:59+00:00;28.05;;;;;;;;;
1141047;treatment;before visit;2021-12-19 23:59:59+00:00;35.47;;;;;;;;;
1141047;treatment;before visit;2021-12-20 23:59:59+00:00;40.62;;;;;;;;;
1141047;treatment;before visit;2021-12-21 23:59:59+00:00;38.57;;;;;;;;;
1141047;treatment;before visit;2021-12-22 23:59:59+00:00;35.36;;;;;;;;;
1141047;treatment;before visit;2021-12-23 23:59:59+00:00;32.05;;;;;;;;;
1141047;treatment;before visit;2021-12-24 23:59:59+00:00;28.69;;;;;;;;;
1141047;treatment;before visit;2021-12-25 23:59:59+00:00;27.18;;;;;;;;;
1141047;treatment;before visit;2021-12-26 23:59:59+00:00;22.63;;;;;;;;;
1141047;treatment;before visit;2021-12-27 23:59:59+00:00;18.66;;;;;;;;;
1141047;treatment;before visit;2021-12-28 23:59:59+00:00;16.83;;;;;;;;;
1141047;treatment;before visit;2021-12-29 23:59:59+00:00;15.85;;;;;;;;;
1141047;treatment;before visit;2021-12-30 23:59:59+00:00;11.51;;;;;;;;;
1141047;treatment;before visit;2021-12-31 23:59:59+00:00;15.65;;;;;;;;;
1141047;treatment;before visit;2022-01-01 23:59:59+00:00;23.65;;;;;;;;;
1141047;treatment;before visit;2022-01-02 23:59:59+00:00;21.03;;;;;;;;;
1141047;treatment;before visit;2022-01-03 23:59:59+00:00;13.1;;;;;;;;;
1141047;treatment;before visit;2022-01-04 23:59:59+00:00;13.57;;;;;;;;;
1141047;treatment;before visit;2022-01-05 23:59:59+00:00;25.79;;;;;;;;;
1141047;treatment;before visit;2022-01-06 23:59:59+00:00;27.92;;;;;;;;;
1141047;treatment;before visit;2022-01-07 23:59:59+00:00;35.97;;;;;;;;;
1141047;treatment;before visit;2022-01-08 23:59:59+00:00;31.42;;;;;;;;;
1141047;treatment;before visit;2022-01-09 23:59:59+00:00;33.3;;;;;;;;;
1141047;treatment;before visit;2022-01-10 23:59:59+00:00;30.88;;;;;;;;;
1141047;treatment;before visit;2022-01-11 23:59:59+00:00;32.98;;;;;;;;;
1141047;treatment;before visit;2022-01-12 23:59:59+00:00;33.18;;;;;;;;;
1141047;treatment;before visit;2022-01-13 23:59:59+00:00;33.19;;;;;;;;;
1141047;treatment;before visit;2022-01-14 23:59:59+00:00;36.33;;;;;;;;;
1141047;treatment;before visit;2022-01-15 23:59:59+00:00;32.4;;;;;;;;;
1141047;treatment;before visit;2022-01-16 23:59:59+00:00;28.92;;;;;;;;;
1141047;treatment;before visit;2022-01-17 23:59:59+00:00;25.58;;;;;;;;;
1141047;treatment;before visit;2022-01-18 23:59:59+00:00;28.98;;;;;;;;;
1141047;treatment;before visit;2022-01-19 23:59:59+00:00;26.63;;;;;;;;;
1141047;treatment;before visit;2022-01-20 23:59:59+00:00;29.75;;;;;;;;;
1141047;treatment;before visit;2022-01-21 23:59:59+00:00;37.85;;;;;;;;;
1141047;treatment;before visit;2022-01-22 23:59:59+00:00;35.35;;;;;;;;;
1141047;treatment;before visit;2022-01-23 23:59:59+00:00;32.95;;;;;;;;;
1141047;treatment;before visit;2022-01-24 23:59:59+00:00;27.23;;;;;;;;;
1141047;treatment;before visit;2022-01-25 23:59:59+00:00;28.18;;;;;;;;;
1141047;treatment;before visit;2022-01-26 23:59:59+00:00;31.23;;;;;;;;;
1141047;treatment;before visit;2022-01-27 23:59:59+00:00;29.01;;;;;;;;;
1141047;treatment;before visit;2022-01-28 23:59:59+00:00;30.7;;;;;;;;;
1141047;treatment;before visit;2022-01-29 23:59:59+00:00;30.17;;;;;;;;;
1141047;treatment;before visit;2022-01-30 23:59:59+00:00;28.67;;;;;;;;;
1141047;treatment;before visit;2022-01-31 23:59:59+00:00;30.5;;;;;;;;;
1141047;treatment;before visit;2022-02-01 23:59:59+00:00;30.08;;;;;;;;;
1141047;treatment;before visit;2022-02-02 23:59:59+00:00;24.46;;;;;;;;;
1141047;treatment;before visit;2022-02-03 23:59:59+00:00;23.33;;;;;;;;;
1141047;treatment;before visit;2022-02-04 23:59:59+00:00;23.88;;;;;;;;;
1141047;treatment;before visit;2022-02-05 23:59:59+00:00;37.33;;;;;;;;;
1141047;treatment;before visit;2022-02-06 23:59:59+00:00;24.05;;;;;;;;;
1141047;treatment;before visit;2022-02-07 23:59:59+00:00;29.25;;;;;;;;;
1141047;treatment;before visit;2022-02-08 23:59:59+00:00;31.25;;;;;;;;;
1141047;treatment;before visit;2022-02-09 23:59:59+00:00;28.32;;;;;;;;;
1141047;treatment;before visit;2022-02-10 23:59:59+00:00;23.32;;;;;;;;;
1141047;treatment;before visit;2022-02-11 23:59:59+00:00;26.91;;;;;;;;;
1141047;treatment;before visit;2022-02-12 23:59:59+00:00;36.74;;;;;;;;;
1141047;treatment;before visit;2022-02-13 23:59:59+00:00;37.41;;;;;;;;;
1141047;treatment;before visit;2022-02-14 23:59:59+00:00;26.87;;;;;;;;;
1141047;treatment;before visit;2022-02-15 23:59:59+00:00;26.16;;;;;;;;;
1141047;treatment;before visit;2022-02-16 23:59:59+00:00;24.41;;;;;;;;;
1141047;treatment;before visit;2022-02-17 23:59:59+00:00;20.38;;;;;;;;;
1141047;treatment;before visit;2022-02-18 23:59:59+00:00;19.63;;;;;;;;;
1141047;treatment;before visit;2022-02-19 23:59:59+00:00;36.91;;;;;;;;;
1141047;treatment;before visit;2022-02-20 23:59:59+00:00;20.98;;;;;;;;;
1141047;treatment;before visit;2022-02-21 23:59:59+00:00;32.73;;;;;;;;;
1141047;treatment;before visit;2022-02-22 23:59:59+00:00;25.94;;;;;;;;;
1141047;treatment;before visit;2022-02-23 23:59:59+00:00;23.8;;;;;;;;;
1141047;treatment;before visit;2022-02-24 23:59:59+00:00;23.73;;;;;;;;;
1141047;treatment;before visit;2022-02-25 23:59:59+00:00;30.48;;;;;;;;;
1141047;treatment;before visit;2022-02-26 23:59:59+00:00;32.65;;;;;;;;;
1141047;treatment;before visit;2022-02-27 23:59:59+00:00;32.04;;;;;;;;;
1141047;treatment;before visit;2022-02-28 23:59:59+00:00;31.5;;;;;;;;;
1141047;treatment;before visit;2022-03-01 23:59:59+00:00;33.17;;;;;;;;;
1141047;treatment;before visit;2022-03-02 23:59:59+00:00;29.51;;;;;;;;;
1141047;treatment;before visit;2022-03-03 23:59:59+00:00;24.19;;;;;;;;;
1141047;treatment;before visit;2022-03-04 23:59:59+00:00;29.11;;;;;;;;;
1141047;treatment;before visit;2022-03-05 23:59:59+00:00;33.94;;;;;;;;;
1141047;treatment;before visit;2022-03-06 23:59:59+00:00;30.66;;;;;;;;;
1141047;treatment;before visit;2022-03-07 23:59:59+00:00;33.7;;;;;;;;;
1141047;treatment;before visit;2022-03-08 23:59:59+00:00;36.33;;;;;;;;;
1141047;treatment;before visit;2022-03-09 23:59:59+00:00;32.18;;;;;;;;;
1141047;treatment;before visit;2022-03-10 23:59:59+00:00;30.48;;;;;;;;;
1141047;treatment;before visit;2022-03-11 23:59:59+00:00;28.94;;;;;;;;;
1141047;treatment;before visit;2022-03-12 23:59:59+00:00;23.84;;;;;;;;;
1141047;treatment;before visit;2022-03-13 23:59:59+00:00;30.65;;;;;;;;;
1141047;treatment;before visit;2022-03-14 23:59:59+00:00;21.03;;;;;;;;;
1141047;treatment;before visit;2022-03-15 23:59:59+00:00;25.98;;;;;;;;;
1141047;treatment;before visit;2022-03-16 23:59:59+00:00;19.88;;;;;;;;;
1141047;treatment;before visit;2022-03-17 23:59:59+00:00;20.78;;;;;;;;;
1141047;treatment;before visit;2022-03-18 23:59:59+00:00;23.68;;;;;;;;;
1141047;treatment;before visit;2022-03-19 23:59:59+00:00;26.77;;;;;;;;;
1141047;treatment;before visit;2022-03-20 23:59:59+00:00;24.52;;;;;;;;;
1141047;treatment;before visit;2022-03-21 23:59:59+00:00;26.78;;;;;;;;;
1141047;treatment;before visit;2022-03-22 23:59:59+00:00;22.16;;;;;;;;;
1141047;treatment;before visit;2022-03-23 23:59:59+00:00;19.1;;;;;;;;;
1141047;treatment;before visit;2022-03-24 23:59:59+00:00;17.86;;;;;;;;;
1141047;treatment;before visit;2022-03-25 23:59:59+00:00;17.22;;;;;;;;;
1141047;treatment;before visit;2022-03-26 23:59:59+00:00;16.18;;;;;;;;;
1141047;treatment;before visit;2022-03-27 23:59:59+00:00;15.94;;;;;;;;;
1141047;treatment;before visit;2022-03-28 23:59:59+00:00;22.55;;;;;;;;;
1141047;treatment;before visit;2022-03-29 23:59:59+00:00;19.29;;;;;;;;;
1141047;treatment;before visit;2022-03-30 23:59:59+00:00;20.13;;;;;;;;;
1141047;treatment;before visit;2022-03-31 23:59:59+00:00;19.45;;;;;;;;;
1141047;treatment;before visit;2022-04-01 23:59:59+00:00;25.61;;;;;;;;;
1141047;treatment;before visit;2022-04-02 23:59:59+00:00;32.69;;;;;;;;;
1141047;treatment;before visit;2022-04-03 23:59:59+00:00;28.74;;;;;;;;;
1141047;treatment;before visit;2022-04-04 23:59:59+00:00;29.92;;;;;;;;;
1141047;treatment;before visit;2022-04-05 23:59:59+00:00;18.53;;;;;;;;;
1141047;treatment;before visit;2022-04-06 23:59:59+00:00;16.01;;;;;;;;;
1141047;treatment;before visit;2022-04-07 23:59:59+00:00;19.55;;;;;;;;;
1141047;treatment;before visit;2022-04-08 23:59:59+00:00;18.58;;;;;;;;;
1141047;treatment;before visit;2022-04-09 23:59:59+00:00;24.99;;;;;;;;;
1141047;treatment;before visit;2022-04-10 23:59:59+00:00;29.99;;;;;;;;;
1141047;treatment;before visit;2022-04-11 23:59:59+00:00;27.49;;;;;;;;;
1141047;treatment;before visit;2022-04-12 23:59:59+00:00;21.77;;;;;;;;;
1141047;treatment;before visit;2022-04-13 23:59:59+00:00;14.51;;;;;;;;;
1141047;treatment;before visit;2022-04-14 23:59:59+00:00;14.88;;;;;;;;;
1141047;treatment;before visit;2022-04-15 23:59:59+00:00;11.36;;;;;;;;;
1141047;treatment;before visit;2022-04-16 23:59:59+00:00;19.54;;;;;;;;;
1141047;treatment;before visit;2022-04-17 23:59:59+00:00;18.64;;;;;;;;;
1141047;treatment;before visit;2022-04-18 23:59:59+00:00;17.08;;;;;;;;;
1141047;treatment;before visit;2022-04-19 23:59:59+00:00;20.52;;;;;;;;;
1141047;treatment;before visit;2022-04-20 23:59:59+00:00;15.74;;;;;;;;;
1141047;treatment;before visit;2022-04-21 23:59:59+00:00;14.57;;;;;;;;;
1141047;treatment;before visit;2022-04-22 23:59:59+00:00;12.76;;;;;;;;;
1141047;treatment;before visit;2022-04-23 23:59:59+00:00;11.1;;;;;;;;;
1141047;treatment;before visit;2022-04-24 23:59:59+00:00;11.71;;;;;;;;;
1141047;treatment;before visit;2022-04-25 23:59:59+00:00;10.4;;;;;;;;;
1141047;treatment;before visit;2022-04-26 23:59:59+00:00;12.65;;;;;;;;;
1141047;treatment;before visit;2022-04-27 23:59:59+00:00;13.19;;;;;;;;;
1141047;treatment;before visit;2022-04-28 23:59:59+00:00;27.55;;;;;;;;;
1141047;treatment;before visit;2022-04-29 23:59:59+00:00;17.0;;;;;;;;;
1141047;treatment;before visit;2022-04-30 23:59:59+00:00;15.01;;;;;;;;;
1141047;treatment;before visit;2022-05-01 23:59:59+00:00;15.18;;;;;;;;;
1141047;treatment;before visit;2022-05-02 23:59:59+00:00;13.87;;;;;;;;;
1141047;treatment;before visit;2022-05-03 23:59:59+00:00;21.96;;;;;;;;;
1141047;treatment;before visit;2022-05-04 23:59:59+00:00;18.05;;;;;;;;;
1141047;treatment;before visit;2022-05-05 23:59:59+00:00;15.7;;;;;;;;;
1141047;treatment;before visit;2022-05-06 23:59:59+00:00;18.62;;;;;;;;;
1141047;treatment;before visit;2022-05-07 23:59:59+00:00;14.21;;;;;;;;;
1141047;treatment;before visit;2022-05-08 23:59:59+00:00;19.74;;;;;;;;;
1141047;treatment;before visit;2022-05-09 23:59:59+00:00;17.57;;;;;;;;;
1141047;treatment;before visit;2022-05-10 23:59:59+00:00;16.28;;;;;;;;;
1141047;treatment;before visit;2022-05-11 23:59:59+00:00;16.9;;;;;;;;;
1141047;treatment;before visit;2022-05-12 23:59:59+00:00;11.89;;;;;;;;;
1141047;treatment;before visit;2022-05-13 23:59:59+00:00;9.78;;;;;;;;;
1141047;treatment;before visit;2022-05-14 23:59:59+00:00;12.54;;;;;;;;;
1141047;treatment;before visit;2022-05-15 23:59:59+00:00;15.43;;;;;;;;;
1141047;treatment;before visit;2022-05-16 23:59:59+00:00;7.62;;;;;;;;;
1141047;treatment;before visit;2022-05-17 23:59:59+00:00;12.51;;;;;;;;;
1141047;treatment;before visit;2022-05-18 23:59:59+00:00;11.55;;;;;;;;;
1141047;treatment;before visit;2022-05-19 23:59:59+00:00;10.99;;;;;;;;;
1141047;treatment;before visit;2022-05-20 23:59:59+00:00;17.72;;;;;;;;;
1141047;treatment;before visit;2022-05-21 23:59:59+00:00;8.19;;;;;;;;;
1141047;treatment;before visit;2022-05-22 23:59:59+00:00;11.97;;;;;;;;;
1141047;treatment;before visit;2022-05-23 23:59:59+00:00;12.73;;;;;;;;;
1141047;treatment;before visit;2022-05-24 23:59:59+00:00;16.23;;;;;;;;;
1141047;treatment;before visit;2022-05-25 23:59:59+00:00;13.58;;;;;;;;;
1141047;treatment;before visit;2022-05-26 23:59:59+00:00;12.9;;;;;;;;;
1141047;treatment;before visit;2022-05-27 23:59:59+00:00;19.48;;;;;;;;;
1141047;treatment;before visit;2022-05-28 23:59:59+00:00;19.39;;;;;;;;;
1141047;treatment;before visit;2022-05-29 23:59:59+00:00;22.17;;;;;;;;;
1141047;treatment;before visit;2022-05-30 23:59:59+00:00;14.42;;;;;;;;;
1141047;treatment;before visit;2022-05-31 23:59:59+00:00;14.67;;;;;;;;;
1141047;treatment;before visit;2022-06-01 23:59:59+00:00;11.92;;;;;;;;;
1141047;treatment;before visit;2022-06-02 23:59:59+00:00;10.07;;;;;;;;;
1141047;treatment;before visit;2022-06-03 23:59:59+00:00;8.38;;;;;;;;;
1141047;treatment;before visit;2022-06-04 23:59:59+00:00;8.4;;;;;;;;;
1141047;treatment;before visit;2022-06-05 23:59:59+00:00;7.17;;;;;;;;;
1141047;treatment;before visit;2022-06-06 23:59:59+00:00;10.4;;;;;;;;;
1141047;treatment;before visit;2022-06-07 23:59:59+00:00;7.26;;;;;;;;;
1141047;treatment;before visit;2022-06-08 23:59:59+00:00;13.94;;;;;;;;;
1141047;treatment;before visit;2022-06-09 23:59:59+00:00;16.94;;;;;;;;;
1141047;treatment;before visit;2022-06-10 23:59:59+00:00;15.35;;;;;;;;;
1141047;treatment;before visit;2022-06-11 23:59:59+00:00;15.46;;;;;;;;;
1141047;treatment;before visit;2022-06-12 23:59:59+00:00;16.32;;;;;;;;;
1141047;treatment;before visit;2022-06-13 23:59:59+00:00;12.34;;;;;;;;;
1141047;treatment;before visit;2022-06-14 23:59:59+00:00;14.18;;;;;;;;;
1141047;treatment;before visit;2022-06-15 23:59:59+00:00;11.23;;;;;;;;;
1141047;treatment;before visit;2022-06-16 23:59:59+00:00;11.52;;;;;;;;;
1141047;treatment;before visit;2022-06-17 23:59:59+00:00;9.07;;;;;;;;;
1141047;treatment;before visit;2022-06-18 23:59:59+00:00;10.15;;;;;;;;;
1141047;treatment;before visit;2022-06-19 23:59:59+00:00;11.4;;;;;;;;;
1141047;treatment;before visit;2022-06-20 23:59:59+00:00;14.4;;;;;;;;;
1141047;treatment;before visit;2022-06-21 23:59:59+00:00;9.18;;;;;;;;;
1141047;treatment;before visit;2022-06-22 23:59:59+00:00;10.26;;;;;;;;;
1141047;treatment;before visit;2022-06-23 23:59:59+00:00;12.74;;;;;;;;;
1141047;treatment;before visit;2022-06-24 23:59:59+00:00;10.73;;;;;;;;;
1141047;treatment;before visit;2022-06-25 23:59:59+00:00;10.75;;;;;;;;;
1141047;treatment;before visit;2022-06-26 23:59:59+00:00;13.91;;;;;;;;;
1141047;treatment;before visit;2022-06-27 23:59:59+00:00;10.98;;;;;;;;;
1141047;treatment;before visit;2022-06-28 23:59:59+00:00;13.25;;;;;;;;;
1141047;treatment;before visit;2022-06-29 23:59:59+00:00;11.27;;;;;;;;;
1141047;treatment;before visit;2022-06-30 23:59:59+00:00;9.99;;;;;;;;;
1141047;treatment;before visit;2022-07-01 23:59:59+00:00;12.54;;;;;;;;;
1141047;treatment;before visit;2022-07-02 23:59:59+00:00;13.65;;;;;;;;;
1141047;treatment;before visit;2022-07-03 23:59:59+00:00;8.51;;;;;;;;;
1141047;treatment;before visit;2022-07-04 23:59:59+00:00;13.41;;;;;;;;;
1141047;treatment;before visit;2022-07-05 23:59:59+00:00;9.84;;;;;;;;;
1141047;treatment;before visit;2022-07-06 23:59:59+00:00;7.46;;;;;;;;;
1141047;treatment;before visit;2022-07-07 23:59:59+00:00;6.24;;;;;;;;;
1141047;treatment;before visit;2022-07-08 23:59:59+00:00;8.33;;;;;;;;;
1141047;treatment;before visit;2022-07-09 23:59:59+00:00;10.11;;;;;;;;;
1141047;treatment;before visit;2022-07-10 23:59:59+00:00;11.79;;;;;;;;;
1141047;treatment;before visit;2022-07-11 23:59:59+00:00;16.56;;;;;;;;;
1141047;treatment;before visit;2022-07-12 23:59:59+00:00;9.79;;;;;;;;;
1141047;treatment;before visit;2022-07-13 23:59:59+00:00;11.82;;;;;;;;;
1141047;treatment;before visit;2022-07-14 23:59:59+00:00;10.08;;;;;;;;;
1141047;treatment;before visit;2022-07-15 23:59:59+00:00;9.37;;;;;;;;;
1141047;treatment;before visit;2022-07-16 23:59:59+00:00;7.42;;;;;;;;;
1141047;treatment;before visit;2022-07-17 23:59:59+00:00;7.4;;;;;;;;;
1141047;treatment;before visit;2022-07-18 23:59:59+00:00;6.28;;;;;;;;;
1141047;treatment;before visit;2022-07-19 23:59:59+00:00;7.42;;;;;;;;;
1141047;treatment;before visit;2022-07-20 23:59:59+00:00;9.67;;;;;;;;;
1141047;treatment;before visit;2022-07-21 23:59:59+00:00;10.07;;;;;;;;;
1141047;treatment;before visit;2022-07-22 23:59:59+00:00;13.9;;;;;;;;;
1141047;treatment;before visit;2022-07-23 23:59:59+00:00;12.05;;;;;;;;;
1141047;treatment;before visit;2022-07-24 23:59:59+00:00;10.67;;;;;;;;;
1141047;treatment;before visit;2022-07-25 23:59:59+00:00;15.0;;;;;;;;;
1141047;treatment;before visit;2022-07-26 23:59:59+00:00;13.61;;;;;;;;;
1141047;treatment;before visit;2022-07-27 23:59:59+00:00;11.01;;;;;;;;;
1141047;treatment;before visit;2022-07-28 23:59:59+00:00;9.42;;;;;;;;;
1141047;treatment;before visit;2022-07-29 23:59:59+00:00;7.24;;;;;;;;;
1141047;treatment;before visit;2022-07-30 23:59:59+00:00;8.06;;;;;;;;;
1141047;treatment;before visit;2022-07-31 23:59:59+00:00;6.17;;;;;;;;;
1141047;treatment;before visit;2022-08-01 23:59:59+00:00;7.27;;;;;;;;;
1141047;treatment;before visit;2022-08-02 23:59:59+00:00;7.27;;;;;;;;;
1141047;treatment;before visit;2022-08-03 23:59:59+00:00;7.27;;;;;;;;;
1141047;treatment;before visit;2022-08-04 23:59:59+00:00;7.24;;;;;;;;;
1141047;treatment;before visit;2022-08-05 23:59:59+00:00;7.12;;;;;;;;;
1141047;treatment;before visit;2022-08-06 23:59:59+00:00;10.03;;;;;;;;;
1141047;treatment;before visit;2022-08-07 23:59:59+00:00;13.21;;;;;;;;;
1141047;treatment;before visit;2022-08-08 23:59:59+00:00;15.29;;;;;;;;;
1141047;treatment;before visit;2022-08-09 23:59:59+00:00;9.02;;;;;;;;;
1141047;treatment;before visit;2022-08-10 23:59:59+00:00;13.04;;;;;;;;;
1141047;treatment;before visit;2022-08-11 23:59:59+00:00;11.81;;;;;;;;;
1141047;treatment;before visit;2022-08-12 23:59:59+00:00;12.09;;;;;;;;;
1141047;treatment;before visit;2022-08-13 23:59:59+00:00;14.84;;;;;;;;;
1141047;treatment;before visit;2022-08-14 23:59:59+00:00;13.05;;;;;;;;;
1141047;treatment;before visit;2022-08-15 23:59:59+00:00;8.92;;;;;;;;;
1141047;treatment;before visit;2022-08-16 23:59:59+00:00;9.04;;;;;;;;;
1141047;treatment;before visit;2022-08-17 23:59:59+00:00;7.43;;;;;;;;;
1141047;treatment;before visit;2022-08-18 23:59:59+00:00;10.91;;;;;;;;;
1141047;treatment;before visit;2022-08-19 23:59:59+00:00;12.51;;;;;;;;;
1141047;treatment;before visit;2022-08-20 23:59:59+00:00;11.41;;;;;;;;;
1141047;treatment;before visit;2022-08-21 23:59:59+00:00;12.01;;;;;;;;;
1141047;treatment;before visit;2022-08-22 23:59:59+00:00;20.01;;;;;;;;;
1141047;treatment;before visit;2022-08-23 23:59:59+00:00;9.27;;;;;;;;;
1141047;treatment;before visit;2022-08-24 23:59:59+00:00;15.63;;;;;;;;;
1141047;treatment;before visit;2022-08-25 23:59:59+00:00;8.83;;;;;;;;;
1141047;treatment;before visit;2022-08-26 23:59:59+00:00;11.45;;;;;;;;;
1141047;treatment;before visit;2022-08-27 23:59:59+00:00;7.46;;;;;;;;;
1141047;treatment;before visit;2022-08-28 23:59:59+00:00;7.02;;;;;;;;;
1141047;treatment;before visit;2022-08-29 23:59:59+00:00;8.6;;;;;;;;;
1141047;treatment;before visit;2022-08-30 23:59:59+00:00;10.71;;;;;;;;;
1141047;treatment;before visit;2022-08-31 23:59:59+00:00;9.78;;;;;;;;;
1141047;treatment;before visit;2022-09-01 23:59:59+00:00;15.57;;;;;;;;;
1141047;treatment;before visit;2022-09-02 23:59:59+00:00;16.89;;;;;;;;;
1141047;treatment;before visit;2022-09-03 23:59:59+00:00;14.24;;;;;;;;;
1141047;treatment;before visit;2022-09-04 23:59:59+00:00;18.23;;;;;;;;;
1141047;treatment;before visit;2022-09-05 23:59:59+00:00;16.24;;;;;;;;;
1141047;treatment;before visit;2022-09-06 23:59:59+00:00;14.65;;;;;;;;;
1141047;treatment;before visit;2022-09-07 23:59:59+00:00;13.19;;;;;;;;;
1141047;treatment;before visit;2022-09-08 23:59:59+00:00;12.21;;;;;;;;;
1141047;treatment;before visit;2022-09-09 23:59:59+00:00;16.62;;;;;;;;;
1141047;treatment;before visit;2022-09-10 23:59:59+00:00;11.93;;;;;;;;;
1141047;treatment;before visit;2022-09-11 23:59:59+00:00;15.2;;;;;;;;;
1141047;treatment;before visit;2022-09-12 23:59:59+00:00;16.86;;;;;;;;;
1141047;treatment;before visit;2022-09-13 23:59:59+00:00;15.09;;;;;;;;;
1141047;treatment;before visit;2022-09-14 23:59:59+00:00;11.7;;;;;;;;;
1141047;treatment;before visit;2022-09-15 23:59:59+00:00;14.36;;;;;;;;;
1141047;treatment;before visit;2022-09-16 23:59:59+00:00;16.43;;;;;;;;;
1141047;treatment;before visit;2022-09-17 23:59:59+00:00;14.0;;;;;;;;;
1141047;treatment;before visit;2022-09-18 23:59:59+00:00;19.17;;;;;;;;;
1141047;treatment;before visit;2022-09-19 23:59:59+00:00;22.58;;;;;;;;;
1141047;treatment;before visit;2022-09-20 23:59:59+00:00;14.77;;;;;;;;;
1141047;treatment;before visit;2022-09-21 23:59:59+00:00;15.75;;;;;;;;;
1141047;treatment;before visit;2022-09-22 23:59:59+00:00;16.33;;;;;;;;;
1141047;treatment;before visit;2022-09-23 23:59:59+00:00;18.1;;;;;;;;;
1141047;treatment;before visit;2022-09-24 23:59:59+00:00;15.72;;;;;;;;;
1141047;treatment;before visit;2022-09-25 23:59:59+00:00;19.32;;;;;;;;;
1141047;treatment;before visit;2022-09-26 23:59:59+00:00;18.72;;;;;;;;;
1141047;treatment;before visit;2022-09-27 23:59:59+00:00;20.07;;;;;;;;;
1141047;treatment;before visit;2022-09-28 23:59:59+00:00;17.97;;;;;;;;;
1141047;treatment;before visit;2022-09-29 23:59:59+00:00;18.67;;;;;;;;;
1141047;treatment;before visit;2022-09-30 23:59:59+00:00;15.07;;;;;;;;;
1141047;treatment;before visit;2022-10-01 23:59:59+00:00;13.44;;;;;;;;;
1141047;treatment;before visit;2022-10-02 23:59:59+00:00;8.65;;;;;;;;;
1141047;treatment;before visit;2022-10-03 23:59:59+00:00;11.83;;;;;;;;;
1141047;treatment;before visit;2022-10-04 23:59:59+00:00;15.77;;;;;;;;;
1141047;treatment;before visit;2022-10-05 23:59:59+00:00;10.92;;;;;;;;;
1141047;treatment;before visit;2022-10-06 23:59:59+00:00;17.7;;;;;;;;;
1141047;treatment;before visit;2022-10-07 23:59:59+00:00;14.11;;;;;;;;;
1141047;treatment;before visit;2022-10-08 23:59:59+00:00;15.67;;;;;;;;;
1141047;treatment;before visit;2022-10-09 23:59:59+00:00;15.81;;;;;;;;;
1141047;treatment;before visit;2022-10-10 23:59:59+00:00;15.95;;;;;;;;;
1141047;treatment;before visit;2022-10-11 23:59:59+00:00;14.24;;;;;;;;;
1141047;treatment;before visit;2022-10-12 23:59:59+00:00;13.08;;;;;;;;;
1141047;treatment;before visit;2022-10-13 23:59:59+00:00;14.09;;;;;;;;;
1141047;treatment;before visit;2022-10-14 23:59:59+00:00;22.03;;;;;;;;;
1141047;treatment;before visit;2022-10-15 23:59:59+00:00;19.9;;;;;;;;;
1141047;treatment;before visit;2022-10-16 23:59:59+00:00;14.04;;;;;;;;;
1141047;treatment;before visit;2022-10-17 23:59:59+00:00;15.87;;;;;;;;;
1141047;treatment;before visit;2022-10-18 23:59:59+00:00;16.44;;;;;;;;;
1141047;treatment;before visit;2022-10-19 23:59:59+00:00;13.36;;;;;;;;;
1141047;treatment;before visit;2022-10-20 23:59:59+00:00;12.91;;;;;;;;;
1141047;treatment;before visit;2022-10-21 23:59:59+00:00;15.97;;;;;;;;;
1141047;treatment;before visit;2022-10-22 23:59:59+00:00;14.9;;;;;;;;;
1141047;treatment;before visit;2022-10-23 23:59:59+00:00;18.89;;;;;;;;;
1141047;treatment;before visit;2022-10-24 23:59:59+00:00;15.39;;;;;;;;;
1141047;treatment;before visit;2022-10-25 23:59:59+00:00;12.44;;;;;;;;;
1141047;treatment;before visit;2022-10-26 23:59:59+00:00;16.79;;;;;;;;;
1141047;treatment;before visit;2022-10-27 23:59:59+00:00;15.47;;;;;;;;;
1141047;treatment;before visit;2022-10-28 23:59:59+00:00;18.37;;;;;;;;;
1141047;treatment;before visit;2022-10-29 23:59:59+00:00;14.84;;;;;;;;;
1141047;treatment;before visit;2022-10-30 23:59:59+00:00;17.09;;;;;;;;;
1141047;treatment;before visit;2022-10-31 23:59:59+00:00;14.67;;;;;;;;;
1141047;treatment;before visit;2022-11-01 23:59:59+00:00;14.1;;;;;;;;;
1141047;treatment;before visit;2022-11-02 23:59:59+00:00;13.93;;;;;;;;;
1141047;treatment;before visit;2022-11-03 23:59:59+00:00;20.66;;;;;;;;;
1141047;treatment;before visit;2022-11-04 23:59:59+00:00;17.36;;;;;;;;;
1141047;treatment;before visit;2022-11-05 23:59:59+00:00;26.74;;;;;;;;;
1141047;treatment;before visit;2022-11-06 23:59:59+00:00;18.74;;;;;;;;;
1141047;treatment;before visit;2022-11-07 23:59:59+00:00;18.15;;;;;;;;;
1141047;treatment;before visit;2022-11-08 23:59:59+00:00;20.67;;;;;;;;;
1141047;treatment;before visit;2022-11-09 23:59:59+00:00;18.33;;;;;;;;;
1141047;treatment;before visit;2022-11-10 23:59:59+00:00;14.81;;;;;;;;;
1141047;treatment;before visit;2022-11-11 23:59:59+00:00;13.92;;;;;;;;;
1141047;treatment;before visit;2022-11-12 23:59:59+00:00;15.2;;;;;;;;;
1141047;treatment;before visit;2022-11-13 23:59:59+00:00;18.31;;;;;;;;;
1141047;treatment;before visit;2022-11-14 23:59:59+00:00;21.29;;;;;;;;;
1141047;treatment;before visit;2022-11-15 23:59:59+00:00;22.7;;;;;;;;;
1141047;treatment;before visit;2022-11-16 23:59:59+00:00;16.13;;;;;;;;;
1141047;treatment;before visit;2022-11-17 23:59:59+00:00;21.7;;;;;;;;;
1141047;treatment;before visit;2022-11-18 23:59:59+00:00;20.23;;;;;;;;;
1141047;treatment;before visit;2022-11-19 23:59:59+00:00;23.39;;;;;;;;;
1141047;treatment;before visit;2022-11-20 23:59:59+00:00;22.82;;;;;;;;;
1141047;treatment;before visit;2022-11-21 23:59:59+00:00;14.8;;;;;;;;;
1141047;treatment;before visit;2022-11-22 23:59:59+00:00;13.66;;;;;;;;;
1141047;treatment;before visit;2022-11-23 23:59:59+00:00;15.86;;;;;;;;;
1141047;treatment;before visit;2022-11-24 23:59:59+00:00;15.23;;;;;;;;;
1141047;treatment;before visit;2022-11-25 23:59:59+00:00;15.69;;;;;;;;;
1141047;treatment;before visit;2022-11-26 23:59:59+00:00;16.69;;;;;;;;;
1141047;treatment;before visit;2022-11-27 23:59:59+00:00;17.53;;;;;;;;;
1141047;treatment;before visit;2022-11-28 23:59:59+00:00;22.08;;;;;;;;;
1141047;treatment;before visit;2022-11-29 23:59:59+00:00;24.68;;;;;;;;;
1141047;treatment;before visit;2022-11-30 23:59:59+00:00;21.32;;;;;;;;;
1141047;treatment;before visit;2022-12-01 23:59:59+00:00;25.98;;;;;;;;;
1141047;treatment;before visit;2022-12-02 23:59:59+00:00;27.88;;;;;;;;;
1141047;treatment;before visit;2022-12-03 23:59:59+00:00;31.4;;;;;;;;;
1141047;treatment;before visit;2022-12-04 23:59:59+00:00;25.38;;;;;;;;;
1141047;treatment;before visit;2022-12-05 23:59:59+00:00;31.16;;;;;;;;;
1141047;treatment;before visit;2022-12-06 23:59:59+00:00;25.25;;;;;;;;;
1141047;treatment;before visit;2022-12-07 23:59:59+00:00;27.4;;;;;;;;;
1141047;treatment;before visit;2022-12-08 23:59:59+00:00;28.12;;;;;;;;;
1141047;treatment;before visit;2022-12-09 23:59:59+00:00;28.15;;;;;;;;;
1141047;treatment;before visit;2022-12-10 23:59:59+00:00;26.46;;;;;;;;;
1141047;treatment;before visit;2022-12-11 23:59:59+00:00;43.27;;;;;;;;;
1141047;treatment;before visit;2022-12-12 23:59:59+00:00;43.41;;;;;;;;;
1141047;treatment;before visit;2022-12-13 23:59:59+00:00;49.27;;;;;;;;;
1141047;treatment;before visit;2022-12-14 23:59:59+00:00;29.27;;;;;;;;;
1141047;treatment;before visit;2022-12-15 23:59:59+00:00;32.51;;;;;;;;;
1141047;treatment;before visit;2022-12-16 23:59:59+00:00;33.76;;;;;;;;;
1141047;treatment;before visit;2022-12-17 23:59:59+00:00;36.54;;;;;;;;;
1141047;treatment;before visit;2022-12-18 23:59:59+00:00;41.2;;;;;;;;;
1141047;treatment;before visit;2022-12-19 23:59:59+00:00;34.63;;;;;;;;;
1141047;treatment;before visit;2022-12-20 23:59:59+00:00;30.88;;;;;;;;;
1141047;treatment;before visit;2022-12-21 23:59:59+00:00;28.02;;;;;;;;;
1141047;treatment;before visit;2022-12-22 23:59:59+00:00;18.21;;;;;;;;;
1141047;treatment;before visit;2022-12-23 23:59:59+00:00;16.05;;;;;;;;;
1141047;treatment;before visit;2022-12-24 23:59:59+00:00;21.11;;;;;;;;;
1141047;treatment;before visit;2022-12-25 23:59:59+00:00;20.09;;;;;;;;;
1141047;treatment;before visit;2022-12-26 23:59:59+00:00;16.87;;;;;;;;;
1141047;treatment;before visit;2022-12-27 23:59:59+00:00;20.81;;;;;;;;;
1141047;treatment;before visit;2022-12-28 23:59:59+00:00;23.38;;;;;;;;;
1141047;treatment;before visit;2022-12-29 23:59:59+00:00;13.58;;;;;;;;;
1141047;treatment;before visit;2022-12-30 23:59:59+00:00;18.74;;;;;;;;;
1141047;treatment;before visit;2022-12-31 23:59:59+00:00;11.49;;;;;;;;;
1141047;treatment;before visit;2023-01-01 23:59:59+00:00;13.2;;;;;;;;;
1141047;treatment;before visit;2023-01-02 23:59:59+00:00;17.63;;;;;;;;;
1141047;treatment;before visit;2023-01-03 23:59:59+00:00;17.17;;;;;;;;;
1141047;treatment;before visit;2023-01-04 23:59:59+00:00;16.18;;;;;;;;;
1141047;treatment;before visit;2023-01-05 23:59:59+00:00;14.39;;;;;;;;;
1141047;treatment;before visit;2023-01-06 23:59:59+00:00;18.53;;;;;;;;;
1141047;treatment;before visit;2023-01-07 23:59:59+00:00;21.22;;;;;;;;;
1141047;treatment;before visit;2023-01-08 23:59:59+00:00;23.03;;;;;;;;;
1141047;treatment;before visit;2023-01-09 23:59:59+00:00;20.91;;;;;;;;;
1141047;treatment;before visit;2023-01-10 23:59:59+00:00;22.41;;;;;;;;;
1141047;treatment;before visit;2023-01-11 23:59:59+00:00;19.42;;;;;;;;;
1141047;treatment;before visit;2023-01-12 23:59:59+00:00;19.05;;;;;;;;;
1141047;treatment;before visit;2023-01-13 23:59:59+00:00;26.87;;;;;;;;;
1141047;treatment;before visit;2023-01-14 23:59:59+00:00;21.97;;;;;;;;;
1141047;treatment;before visit;2023-01-15 23:59:59+00:00;22.24;;;;;;;;;
1141047;treatment;before visit;2023-01-16 23:59:59+00:00;29.24;;;;;;;;;
1141047;treatment;before visit;2023-01-17 23:59:59+00:00;33.4;;;;;;;;;
1141047;treatment;before visit;2023-01-18 23:59:59+00:00;29.09;;;;;;;;;
1141047;treatment;before visit;2023-01-19 23:59:59+00:00;36.87;;;;;;;;;
1141047;treatment;before visit;2023-01-20 23:59:59+00:00;32.96;;;;;;;;;
1141047;treatment;before visit;2023-01-21 23:59:59+00:00;28.95;;;;;;;;;
1141047;treatment;before visit;2023-01-22 23:59:59+00:00;30.14;;;;;;;;;
1141047;treatment;before visit;2023-01-23 23:59:59+00:00;34.59;;;;;;;;;
1141047;treatment;before visit;2023-01-24 23:59:59+00:00;29.47;;;;;;;;;
1141047;treatment;before visit;2023-01-25 23:59:59+00:00;31.53;;;;;;;;;
1141047;treatment;before visit;2023-01-26 23:59:59+00:00;23.92;;;;;;;;;
1141047;treatment;before visit;2023-01-27 23:59:59+00:00;28.15;;;;;;;;;
1141047;treatment;before visit;2023-01-28 23:59:59+00:00;29.62;;;;;;;;;
1141047;treatment;before visit;2023-01-29 23:59:59+00:00;36.37;;;;;;;;;
1141047;treatment;before visit;2023-01-30 23:59:59+00:00;29.65;;;;;;;;;
1141047;treatment;before visit;2023-01-31 23:59:59+00:00;29.61;;;;;;;;;
1141047;treatment;before visit;2023-02-01 23:59:59+00:00;24.23;;;;;;;;;
1141047;treatment;before visit;2023-02-02 23:59:59+00:00;25.6;;;;;;;;;
1141047;treatment;before visit;2023-02-03 23:59:59+00:00;22.29;;;;;;;;;
1141047;treatment;before visit;2023-02-04 23:59:59+00:00;25.39;;;;;;;;;
1141047;treatment;before visit;2023-02-05 23:59:59+00:00;24.5;;;;;;;;;
1141047;treatment;before visit;2023-02-06 23:59:59+00:00;27.04;;;;;;;;;
1141047;treatment;before visit;2023-02-07 23:59:59+00:00;31.97;;;;;;;;;
1141047;treatment;before visit;2023-02-08 23:59:59+00:00;36.72;;;;;;;;;
1141047;treatment;before visit;2023-02-09 23:59:59+00:00;34.65;;;;;;;;;
1141047;treatment;before visit;2023-02-10 23:59:59+00:00;32.66;;;;;;;;;
1141047;treatment;before visit;2023-02-11 23:59:59+00:00;31.22;;;;;;;;;
1141047;treatment;before visit;2023-02-12 23:59:59+00:00;28.97;;;;;;;;;
1141047;treatment;before visit;2023-02-13 23:59:59+00:00;22.9;;;;;;;;;
1141047;treatment;before visit;2023-02-14 23:59:59+00:00;28.36;;;;;;;;;
1141047;treatment;before visit;2023-02-15 23:59:59+00:00;29.9;;;;;;;;;
1141047;treatment;before visit;2023-02-16 23:59:59+00:00;26.94;;;;;;;;;
1141047;treatment;before visit;2023-02-17 23:59:59+00:00;24.03;;;;;;;;;
1141047;treatment;before visit;2023-02-18 23:59:59+00:00;15.76;;;;;;;;;
1141047;treatment;before visit;2023-02-19 23:59:59+00:00;15.66;;;;;;;;;
1141047;treatment;before visit;2023-02-20 23:59:59+00:00;18.16;;;;;;;;;
1141047;treatment;before visit;2023-02-21 23:59:59+00:00;26.13;;;;;;;;;
1141047;treatment;before visit;2023-02-22 23:59:59+00:00;25.15;;;;;;;;;
1141047;treatment;before visit;2023-02-23 23:59:59+00:00;16.3;;;;;;;;;
1141047;treatment;before visit;2023-02-24 23:59:59+00:00;25.85;;;;;;;;;
1141047;treatment;before visit;2023-02-25 23:59:59+00:00;25.83;;;;;;;;;
1141047;treatment;before visit;2023-02-26 23:59:59+00:00;29.66;;;;;;;;;
1141047;treatment;before visit;2023-02-27 23:59:59+00:00;28.03;;;;;;;;;
1141047;treatment;before visit;2023-02-28 23:59:59+00:00;29.63;;;;;;;;;
1141047;treatment;before visit;2023-03-01 23:59:59+00:00;27.75;;;;;;;;;
1141047;treatment;before visit;2023-03-02 23:59:59+00:00;26.24;;;;;;;;;
1141047;treatment;before visit;2023-03-03 23:59:59+00:00;29.19;;;;;;;;;
1141047;treatment;before visit;2023-03-04 23:59:59+00:00;26.33;;;;;;;;;
1141047;treatment;before visit;2023-03-05 23:59:59+00:00;26.49;;;;;;;;;
1141047;treatment;before visit;2023-03-06 23:59:59+00:00;27.85;;;;;;;;;
1141047;treatment;before visit;2023-03-07 23:59:59+00:00;23.49;;;;;;;;;
1141047;treatment;before visit;2023-03-08 23:59:59+00:00;23.05;;;;;;;;;
1141047;treatment;before visit;2023-03-09 23:59:59+00:00;15.49;;;;;;;;;
1141047;treatment;before visit;2023-03-10 23:59:59+00:00;16.76;;;;;;;;;
1141047;treatment;before visit;2023-03-11 23:59:59+00:00;28.75;;;;;;;;;
1141047;treatment;before visit;2023-03-12 23:59:59+00:00;25.6;;;;;;;;;
1141047;treatment;before visit;2023-03-13 23:59:59+00:00;16.3;;;;;;;;;
1141047;treatment;before visit;2023-03-14 23:59:59+00:00;21.88;;;;;;;;;
1141047;treatment;before visit;2023-03-15 23:59:59+00:00;24.89;;;;;;;;;
1141047;treatment;before visit;2023-03-16 23:59:59+00:00;18.8;;;;;;;;;
1141047;treatment;before visit;2023-03-17 23:59:59+00:00;14.55;;;;;;;;;
1141047;treatment;before visit;2023-03-18 23:59:59+00:00;12.57;;;;;;;;;
1141047;treatment;before visit;2023-03-19 23:59:59+00:00;18.46;;;;;;;;;
1141047;treatment;before visit;2023-03-20 23:59:59+00:00;13.78;;;;;;;;;
1141047;treatment;before visit;2023-03-21 23:59:59+00:00;18.3;;;;;;;;;
1141047;treatment;before visit;2023-03-22 23:59:59+00:00;13.27;;;;;;;;;
1141047;treatment;before visit;2023-03-23 23:59:59+00:00;17.46;;;;;;;;;
1141047;treatment;before visit;2023-03-24 23:59:59+00:00;14.37;;;;;;;;;
1141047;treatment;before visit;2023-03-25 23:59:59+00:00;19.61;;;;;;;;;
1141047;treatment;before visit;2023-03-26 23:59:59+00:00;16.25;;;;;;;;;
1141047;treatment;before visit;2023-03-27 23:59:59+00:00;23.23;;;;;;;;;
1141047;treatment;before visit;2023-03-28 23:59:59+00:00;25.29;;;;;;;;;
1141047;treatment;before visit;2023-03-29 23:59:59+00:00;14.94;;;;;;;;;
1141047;treatment;before visit;2023-03-30 23:59:59+00:00;14.25;;;;;;;;;
1141047;treatment;before visit;2023-03-31 23:59:59+00:00;18.24;;;;;;;;;
1141047;treatment;before visit;2023-04-01 23:59:59+00:00;15.73;;;;;;;;;
1141047;treatment;before visit;2023-04-02 23:59:59+00:00;14.8;;;;;;;;;
1141047;treatment;before visit;2023-04-03 23:59:59+00:00;26.0;;;;;;;;;
1141047;treatment;before visit;2023-04-04 23:59:59+00:00;24.99;;;;;;;;;
1141047;treatment;before visit;2023-04-05 23:59:59+00:00;25.36;;;;;;;;;
1141047;treatment;before visit;2023-04-06 23:59:59+00:00;22.99;;;;;;;;;
1141047;treatment;before visit;2023-04-07 23:59:59+00:00;15.05;;;;;;;;;
1141047;treatment;before visit;2023-04-08 23:59:59+00:00;14.6;;;;;;;;;
1141047;treatment;before visit;2023-04-09 23:59:59+00:00;23.8;;;;;;;;;
1141047;treatment;before visit;2023-04-10 23:59:59+00:00;18.3;;;;;;;;;
1141047;treatment;before visit;2023-04-11 23:59:59+00:00;15.91;;;;;;;;;
1141047;treatment;before visit;2023-04-12 23:59:59+00:00;18.61;;;;;;;;;
1141047;treatment;before visit;2023-04-13 23:59:59+00:00;21.49;;;;;;;;;
1141047;treatment;before visit;2023-04-14 23:59:59+00:00;20.77;;;;;;;;;
1141047;treatment;before visit;2023-04-15 23:59:59+00:00;21.59;;;;;;;;;
1141047;treatment;before visit;2023-04-16 23:59:59+00:00;19.63;;;;;;;;;
1141047;treatment;before visit;2023-04-17 23:59:59+00:00;17.46;;;;;;;;;
1141047;treatment;before visit;2023-04-18 23:59:59+00:00;21.3;;;;;;;;;
1141047;treatment;before visit;2023-04-19 23:59:59+00:00;19.07;;;;;;;;;
1141047;treatment;before visit;2023-04-20 23:59:59+00:00;26.54;;;;;;;;;
1141047;treatment;before visit;2023-04-21 23:59:59+00:00;21.75;;;;;;;;;
1141047;treatment;before visit;2023-04-22 23:59:59+00:00;21.03;;;;;;;;;
1141047;treatment;before visit;2023-04-23 23:59:59+00:00;14.52;;;;;;;;;
1141047;treatment;before visit;2023-04-24 23:59:59+00:00;14.84;;;;;;;;;
1141047;treatment;before visit;2023-04-25 23:59:59+00:00;18.1;;;;;;;;;
1141047;treatment;before visit;2023-04-26 23:59:59+00:00;20.42;;;;;;;;;
1141047;treatment;before visit;2023-04-27 23:59:59+00:00;17.0;;;;;;;;;
1141047;treatment;before visit;2023-04-28 23:59:59+00:00;16.99;;;;;;;;;
1141047;treatment;before visit;2023-04-29 23:59:59+00:00;14.05;;;;;;;;;
1141047;treatment;before visit;2023-04-30 23:59:59+00:00;13.04;;;;;;;;;
1141047;treatment;before visit;2023-05-01 23:59:59+00:00;10.76;;;;;;;;;
1141047;treatment;before visit;2023-05-02 23:59:59+00:00;10.74;;;;;;;;;
1141047;treatment;before visit;2023-05-03 23:59:59+00:00;12.37;;;;;;;;;
1141047;treatment;before visit;2023-05-04 23:59:59+00:00;14.25;;;;;;;;;
1141047;treatment;before visit;2023-05-05 23:59:59+00:00;8.02;;;;;;;;;
1141047;treatment;before visit;2023-05-06 23:59:59+00:00;8.5;;;;;;;;;
1141047;treatment;before visit;2023-05-07 23:59:59+00:00;7.7;;;;;;;;;
1141047;treatment;before visit;2023-05-08 23:59:59+00:00;8.89;;;;;;;;;
1141047;treatment;before visit;2023-05-09 23:59:59+00:00;8.57;;;;;;;;;
1141047;treatment;before visit;2023-05-10 23:59:59+00:00;9.72;;;;;;;;;
1141047;treatment;before visit;2023-05-11 23:59:59+00:00;11.27;;;;;;;;;
1141047;treatment;before visit;2023-05-12 23:59:59+00:00;10.95;;;;;;;;;
1141047;treatment;before visit;2023-05-13 23:59:59+00:00;11.49;;;;;;;;;
1141047;treatment;before visit;2023-05-14 23:59:59+00:00;11.93;;;;;;;;;
1141047;treatment;before visit;2023-05-15 23:59:59+00:00;11.27;;;;;;;;;
1141047;treatment;before visit;2023-05-16 23:59:59+00:00;12.24;;;;;;;;;
1141047;treatment;before visit;2023-05-17 23:59:59+00:00;12.44;;;;;;;;;
1141047;treatment;before visit;2023-05-18 23:59:59+00:00;16.52;;;;;;;;;
1141047;treatment;before visit;2023-05-19 23:59:59+00:00;10.69;;;;;;;;;
1141047;treatment;before visit;2023-05-20 23:59:59+00:00;8.9;;;;;;;;;
1141047;treatment;before visit;2023-05-21 23:59:59+00:00;9.39;;;;;;;;;
1141047;treatment;before visit;2023-05-22 23:59:59+00:00;7.18;;;;;;;;;
1141047;treatment;before visit;2023-05-23 23:59:59+00:00;5.83;;;;;;;;;
1141047;treatment;before visit;2023-05-24 23:59:59+00:00;10.06;;;;;;;;;
1141047;treatment;before visit;2023-05-25 23:59:59+00:00;9.46;;;;;;;;;
1141047;treatment;before visit;2023-05-26 23:59:59+00:00;9.4;;;;;;;;;
1141047;treatment;before visit;2023-05-27 23:59:59+00:00;8.13;;;;;;;;;
1141047;treatment;before visit;2023-05-28 23:59:59+00:00;8.8;;;;;;;;;
1141047;treatment;before visit;2023-05-29 23:59:59+00:00;9.1;;;;;;;;;
1141047;treatment;before visit;2023-05-30 23:59:59+00:00;8.33;;;;;;;;;
1141047;treatment;before visit;2023-05-31 23:59:59+00:00;7.3;;;;;;;;;
1141047;treatment;before visit;2023-06-01 23:59:59+00:00;16.55;;;;;;;;;
1141047;treatment;before visit;2023-06-02 23:59:59+00:00;10.9;;;;;;;;;
1141047;treatment;before visit;2023-06-03 23:59:59+00:00;17.25;;;;;;;;;
1141047;treatment;before visit;2023-06-04 23:59:59+00:00;8.89;;;;;;;;;
1141047;treatment;before visit;2023-06-05 23:59:59+00:00;11.94;;;;;;;;;
1141047;treatment;before visit;2023-06-06 23:59:59+00:00;10.46;;;;;;;;;
1141047;treatment;before visit;2023-06-07 23:59:59+00:00;11.21;;;;;;;;;
1141047;treatment;before visit;2023-06-08 23:59:59+00:00;9.83;;;;;;;;;
1141047;treatment;before visit;2023-06-09 23:59:59+00:00;9.42;;;;;;;;;
1141047;treatment;before visit;2023-06-10 23:59:59+00:00;9.86;;;;;;;;;
1141047;treatment;before visit;2023-06-11 23:59:59+00:00;12.02;;;;;;;;;
1141047;treatment;before visit;2023-06-12 23:59:59+00:00;11.1;;;;;;;;;
1141047;treatment;before visit;2023-06-13 23:59:59+00:00;10.67;;;;;;;;;
1141047;treatment;before visit;2023-06-14 23:59:59+00:00;12.02;;;;;;;;;
1141047;treatment;before visit;2023-06-15 23:59:59+00:00;9.03;;;;;;;;;
1141047;treatment;before visit;2023-06-16 23:59:59+00:00;12.09;;;;;;;;;
1141047;treatment;before visit;2023-06-17 23:59:59+00:00;6.74;;;;;;;;;
1141047;treatment;before visit;2023-06-18 23:59:59+00:00;6.63;;;;;;;;;
1141047;treatment;before visit;2023-06-19 23:59:59+00:00;10.89;;;;;;;;;
1141047;treatment;before visit;2023-06-20 23:59:59+00:00;9.74;;;;;;;;;
1141047;treatment;before visit;2023-06-21 23:59:59+00:00;5.64;;;;;;;;;
1141047;treatment;before visit;2023-06-22 23:59:59+00:00;9.01;;;;;;;;;
1141047;treatment;before visit;2023-06-23 23:59:59+00:00;7.84;;;;;;;;;
1141047;treatment;before visit;2023-06-24 23:59:59+00:00;14.28;;;;;;;;;
1141047;treatment;before visit;2023-06-25 23:59:59+00:00;12.85;;;;;;;;;
1141047;treatment;before visit;2023-06-26 23:59:59+00:00;14.24;;;;;;;;;
1141047;treatment;before visit;2023-06-27 23:59:59+00:00;9.2;;;;;;;;;
1141047;treatment;before visit;2023-06-28 23:59:59+00:00;9.58;;;;;;;;;
1141047;treatment;before visit;2023-06-29 23:59:59+00:00;3.46;;;;;;;;;
1141047;treatment;before visit;2023-06-30 23:59:59+00:00;0.37;;;0.19;;;;;;
1141047;treatment;before visit;2023-07-01 23:59:59+00:00;0.11;;;22.41;;;;;;
1141047;treatment;before visit;2023-07-02 23:59:59+00:00;0.34;;;24.38;;;;;;
1141047;treatment;before visit;2023-07-03 23:59:59+00:00;0.41;;;23.43;;;;;;
1141047;treatment;before visit;2023-07-04 23:59:59+00:00;0.12;;;30.74;;;;;;
1141047;treatment;before visit;2023-07-05 23:59:59+00:00;0.41;;;14.87;;;;;;
1141047;treatment;before visit;2023-07-06 23:59:59+00:00;0.36;;;27.21;;;;;;
1141047;treatment;before visit;2023-07-07 23:59:59+00:00;0.25;;;36.65;;;;;;
1141047;treatment;before visit;2023-07-08 23:59:59+00:00;0.53;;;21.32;;;;;;
1141047;treatment;before visit;2023-07-09 23:59:59+00:00;0.08;;;35.63;;;;;;
1141047;treatment;before visit;2023-07-10 23:59:59+00:00;0.12;;;27.89;;;;;;
1141047;treatment;before visit;2023-07-11 23:59:59+00:00;0.06;;;34.29;;;;;;
1141047;treatment;before visit;2023-07-12 23:59:59+00:00;0.1;;;9.29;;;;;;
1141047;treatment;before visit;2023-07-13 23:59:59+00:00;0.26;;;17.96;;;;;;
1141047;treatment;before visit;2023-07-14 23:59:59+00:00;0.37;;;27.53;;;;;;
1141047;treatment;before visit;2023-07-15 23:59:59+00:00;0.27;;;26.06;;;;;;
1141047;treatment;before visit;2023-07-16 23:59:59+00:00;0.21;;;22.21;;;;;;
1141047;treatment;before visit;2023-07-17 23:59:59+00:00;1.09;;;21.51;;;;;;
1141047;treatment;before visit;2023-07-18 23:59:59+00:00;0.36;;;16.63;;;;;;
1141047;treatment;before visit;2023-07-19 23:59:59+00:00;0.2;;;26.02;;;;;;
1141047;treatment;before visit;2023-07-20 23:59:59+00:00;0.15;;;25.36;;;;;;
1141047;treatment;before visit;2023-07-21 23:59:59+00:00;0.08;;;17.05;;;;;;
1141047;treatment;before visit;2023-07-22 23:59:59+00:00;0.07;;;31.94;;;;;;
1141047;treatment;before visit;2023-07-23 23:59:59+00:00;0.06;;;31.03;;;;;;
1141047;treatment;before visit;2023-07-24 23:59:59+00:00;0.08;;;13.43;;;;;;
1141047;treatment;before visit;2023-07-25 23:59:59+00:00;0.09;;;17.64;;;;;;
1141047;treatment;before visit;2023-07-26 23:59:59+00:00;0.1;;;22.57;;;;;;
1141047;treatment;before visit;2023-07-27 23:59:59+00:00;0.18;;;17.57;;;;;;
1141047;treatment;before visit;2023-07-28 23:59:59+00:00;0.09;;;19.93;;;;;;
1141047;treatment;before visit;2023-07-29 23:59:59+00:00;0.08;;;11.9;;;;;;
1141047;treatment;before visit;2023-07-30 23:59:59+00:00;0.07;;;28.49;;;;;;
1141047;treatment;before visit;2023-07-31 23:59:59+00:00;0.09;;;27.15;;;;;;
1141047;treatment;before visit;2023-08-01 23:59:59+00:00;0.09;;;7.61;;;;;;
1141047;treatment;before visit;2023-08-02 23:59:59+00:00;0.35;;;18.46;;;;;;
1141047;treatment;before visit;2023-08-03 23:59:59+00:00;0.34;;;27.45;;;;;;
1141047;treatment;before visit;2023-08-04 23:59:59+00:00;0.28;;;19.27;;;;;;
1141047;treatment;before visit;2023-08-05 23:59:59+00:00;0.83;;;11.75;;;;;;
1141047;treatment;before visit;2023-08-06 23:59:59+00:00;0.4;;;7.18;;;;;;
1141047;treatment;before visit;2023-08-07 23:59:59+00:00;0.23;;;14.19;;;;;;
1141047;treatment;before visit;2023-08-08 23:59:59+00:00;0.75;;;18.74;;;;;;
1141047;treatment;before visit;2023-08-09 23:59:59+00:00;0.35;;;4.26;;;;;;
1141047;treatment;before visit;2023-08-10 23:59:59+00:00;0.25;;;25.4;;;;;;
1141047;treatment;before visit;2023-08-11 23:59:59+00:00;0.13;;;29.18;;;;;;
1141047;treatment;before visit;2023-08-12 23:59:59+00:00;0.26;;;13.55;;;;;;
1141047;treatment;before visit;2023-08-13 23:59:59+00:00;0.48;;;19.83;;;;;;
1141047;treatment;before visit;2023-08-14 23:59:59+00:00;0.77;;;14.09;;;;;;
1141047;treatment;before visit;2023-08-15 23:59:59+00:00;0.21;;;16.77;;;;;;
1141047;treatment;before visit;2023-08-16 23:59:59+00:00;0.13;;;25.5;;;;;;
1141047;treatment;before visit;2023-08-17 23:59:59+00:00;0.14;;;17.43;;;;;;
1141047;treatment;before visit;2023-08-18 23:59:59+00:00;0.07;;;28.23;;;;;;
1141047;treatment;before visit;2023-08-19 23:59:59+00:00;0.08;;;27.7;;;;;;
1141047;treatment;before visit;2023-08-20 23:59:59+00:00;0.07;;;27.64;;;;;;
1141047;treatment;before visit;2023-08-21 23:59:59+00:00;0.08;;;26.86;;;;;;
1141047;treatment;before visit;2023-08-22 23:59:59+00:00;0.22;;;22.79;;;;;;
1141047;treatment;before visit;2023-08-23 23:59:59+00:00;0.12;;;24.06;;;;;;
1141047;treatment;before visit;2023-08-24 23:59:59+00:00;0.18;;;21.58;;;;;;
1141047;treatment;before visit;2023-08-25 23:59:59+00:00;0.45;;;5.05;;;;;;
1141047;treatment;before visit;2023-08-26 23:59:59+00:00;1.0;;;0.44;;;;;;
1141047;treatment;before visit;2023-08-27 23:59:59+00:00;0.21;;;0.07;;;;;;
1141047;treatment;before visit;2023-08-28 23:59:59+00:00;2.38;;;0.07;;;;;;
1141047;treatment;before visit;2023-08-29 23:59:59+00:00;7.5;;;0.07;;;;;;
1141047;treatment;before visit;2023-08-30 23:59:59+00:00;3.57;;;9.71;;;;;;
1141047;treatment;before visit;2023-08-31 23:59:59+00:00;0.15;;;6.28;;;;;;
1141047;treatment;before visit;2023-09-01 23:59:59+00:00;0.36;;;20.38;;;;;;
1141047;treatment;before visit;2023-09-02 23:59:59+00:00;0.48;;;17.23;;;;;;
1141047;treatment;before visit;2023-09-03 23:59:59+00:00;0.9;;;18.49;;;;;;
1141047;treatment;before visit;2023-09-04 23:59:59+00:00;0.18;;;19.5;;;;;;
1141047;treatment;before visit;2023-09-05 23:59:59+00:00;0.41;;;20.21;;;;;;
1141047;treatment;before visit;2023-09-06 23:59:59+00:00;0.26;;;18.16;;;;;;
1141047;treatment;before visit;2023-09-07 23:59:59+00:00;0.14;;;19.84;;;;;;
1141047;treatment;before visit;2023-09-08 23:59:59+00:00;0.09;;;22.33;;;;;;
1141047;treatment;before visit;2023-09-09 23:59:59+00:00;0.09;;;19.34;;;;;;
1141047;treatment;before visit;2023-09-10 23:59:59+00:00;0.08;;;23.08;;;;;;
1141047;treatment;before visit;2023-09-11 23:59:59+00:00;0.22;;;22.54;;;;;;
1141047;treatment;before visit;2023-09-12 23:59:59+00:00;0.54;;;10.49;;;;;;
1141047;treatment;before visit;2023-09-13 23:59:59+00:00;0.3;;;0.42;;;;;;
1141047;treatment;before visit;2023-09-14 23:59:59+00:00;0.53;;;8.08;;;;;;
1141047;treatment;before visit;2023-09-15 23:59:59+00:00;0.25;;;12.82;;;;;;
1141047;treatment;before visit;2023-09-16 23:59:59+00:00;0.23;;;11.21;;;;;;
1141047;treatment;before visit;2023-09-17 23:59:59+00:00;0.62;;;15.4;;;;;;
1141047;treatment;before visit;2023-09-18 23:59:59+00:00;0.72;;;0.34;;;;;;
1141047;treatment;before visit;2023-09-19 23:59:59+00:00;0.95;;;5.57;;;;;;
1141047;treatment;before visit;2023-09-20 23:59:59+00:00;0.42;;;12.79;;;;;;
1141047;treatment;before visit;2023-09-21 23:59:59+00:00;0.4;;;9.0;;;;;;
1141047;treatment;before visit;2023-09-22 23:59:59+00:00;0.21;;;1.77;;;;;;
1141047;treatment;before visit;2023-09-23 23:59:59+00:00;0.25;;;3.7;;;;;;
1141047;treatment;before visit;2023-09-24 23:59:59+00:00;0.27;;;14.13;;;;;;
1141047;treatment;before visit;2023-09-25 23:59:59+00:00;0.52;;;12.24;;;;;;
1141047;treatment;before visit;2023-09-26 23:59:59+00:00;2.71;;;7.22;;;;;;
1141047;treatment;before visit;2023-09-27 23:59:59+00:00;1.9;;;5.77;;;;;;
1141047;treatment;before visit;2023-09-28 23:59:59+00:00;0.47;;;10.5;;;;;;
1141047;treatment;before visit;2023-09-29 23:59:59+00:00;0.27;;;8.54;;;;;;
1141047;treatment;before visit;2023-09-30 23:59:59+00:00;0.09;;;11.85;;;;;;
1141047;treatment;before visit;2023-10-01 23:59:59+00:00;0.12;;;10.71;;;;;;
1141047;treatment;before visit;2023-10-02 23:59:59+00:00;0.12;;;11.67;;;;;;
1141047;treatment;before visit;2023-10-03 23:59:59+00:00;0.22;;;12.56;;;;;;
1141047;treatment;before visit;2023-10-04 23:59:59+00:00;0.44;;;12.34;;;;;;
1141047;treatment;before visit;2023-10-05 23:59:59+00:00;1.18;;;4.96;;;;;;
1141047;treatment;before visit;2023-10-06 23:59:59+00:00;2.73;;;0.46;;;;;;
1141047;treatment;before visit;2023-10-07 23:59:59+00:00;2.14;;;0.24;;;;;;
1141047;treatment;before visit;2023-10-08 23:59:59+00:00;3.08;;;9.8;;;;;;
1141047;treatment;before visit;2023-10-09 23:59:59+00:00;0.46;;;0.96;;;;;;
1141047;treatment;before visit;2023-10-10 23:59:59+00:00;0.88;;;4.89;;;;;;
1141047;treatment;before visit;2023-10-11 23:59:59+00:00;0.24;;;8.62;;;;;;
1141047;treatment;before visit;2023-10-12 23:59:59+00:00;0.31;;;6.99;;;;;;
1141047;treatment;before visit;2023-10-13 23:59:59+00:00;0.42;;;11.57;;;;;;
1141047;treatment;before visit;2023-10-14 23:59:59+00:00;2.46;;;0.23;;;;;;
1141047;treatment;before visit;2023-10-15 23:59:59+00:00;7.23;;;0.2;;;;;;
1141047;treatment;before visit;2023-10-16 23:59:59+00:00;9.27;;;4.91;;;;;;
1141047;treatment;before visit;2023-10-17 23:59:59+00:00;8.51;;;0.04;;;;;;
1141047;treatment;before visit;2023-10-18 23:59:59+00:00;11.83;;;0.13;;;;;;
1141047;treatment;before visit;2023-10-19 23:59:59+00:00;9.09;;;0.2;;;;;;
1141047;treatment;before visit;2023-10-20 23:59:59+00:00;7.45;;;0.21;;;;;;
1141047;treatment;before visit;2023-10-21 23:59:59+00:00;14.66;;;0.09;;;;;;
1141047;treatment;before visit;2023-10-22 23:59:59+00:00;6.76;;;1.2;;;;;;
1141047;treatment;before visit;2023-10-23 23:59:59+00:00;1.02;;;0.17;;;;;;
1141047;treatment;before visit;2023-10-24 23:59:59+00:00;18.71;;;0.02;;;;;;
1141047;treatment;before visit;2023-10-25 23:59:59+00:00;8.57;;;0.2;;;;;;
1141047;treatment;before visit;2023-10-26 23:59:59+00:00;10.33;;;0.14;;;;;;
1141047;treatment;before visit;2023-10-27 23:59:59+00:00;7.54;;;0.08;;;;;;
1141047;treatment;before visit;2023-10-28 23:59:59+00:00;4.49;;;5.16;;;;;;
1141047;treatment;before visit;2023-10-29 23:59:59+00:00;3.17;;;0.05;;;;;;
1141047;treatment;before visit;2023-10-30 23:59:59+00:00;5.93;;;0.11;;;;;;
1141047;treatment;before visit;2023-10-31 23:59:59+00:00;8.17;;;0.03;;;;;;
1141047;treatment;before visit;2023-11-01 23:59:59+00:00;8.45;;;0.74;;;;;;
1141047;treatment;before visit;2023-11-02 23:59:59+00:00;17.64;;;0.03;;;;;;
1141047;treatment;before visit;2023-11-03 23:59:59+00:00;17.2;;;0.07;;;;;;
1141047;treatment;before visit;2023-11-04 23:59:59+00:00;12.07;;;0.05;;;;;;
1141047;treatment;before visit;2023-11-05 23:59:59+00:00;9.38;;;0.1;;;;;;
1141047;treatment;before visit;2023-11-06 23:59:59+00:00;8.35;;;0.3;;;;;;
1141047;treatment;before visit;2023-11-07 23:59:59+00:00;12.11;;;0.12;;;;;;
1141047;treatment;before visit;2023-11-08 23:59:59+00:00;8.61;;;5.16;;;;;;
1141047;treatment;before visit;2023-11-09 23:59:59+00:00;19.16;;;0.08;;;;;;
1141047;treatment;before visit;2023-11-10 23:59:59+00:00;12.86;;;0.17;;;;;;
1141047;treatment;before visit;2023-11-11 23:59:59+00:00;12.92;;;0.07;;;;;;
1141047;treatment;before visit;2023-11-12 23:59:59+00:00;21.68;;;;;;;;;
1141047;treatment;before visit;2023-11-13 23:59:59+00:00;17.23;;;0.03;;;;;;
1141047;treatment;before visit;2023-11-14 23:59:59+00:00;17.85;;;;;;;;;
1141047;treatment;before visit;2023-11-15 23:59:59+00:00;10.01;;;0.12;;;;;;
1141047;treatment;before visit;2023-11-16 23:59:59+00:00;13.22;;;0.06;;;;;;
1141047;treatment;before visit;2023-11-17 23:59:59+00:00;18.42;;;0.01;;;;;;
1141047;treatment;before visit;2023-11-18 23:59:59+00:00;19.74;;;0.12;;;;;;
1141047;treatment;before visit;2023-11-19 23:59:59+00:00;16.64;;;0.03;;;;;;
1141047;treatment;before visit;2023-11-20 23:59:59+00:00;9.32;;;0.4;;;;;;
1141047;treatment;before visit;2023-11-21 23:59:59+00:00;18.94;;;0.07;;;;;;
1141047;treatment;before visit;2023-11-22 23:59:59+00:00;21.14;;;0.01;;;;;;
1141047;treatment;before visit;2023-11-23 23:59:59+00:00;14.8;;;0.15;;;;;;
1141047;treatment;before visit;2023-11-24 23:59:59+00:00;17.04;;;0.05;;;;;;
1141047;treatment;before visit;2023-11-25 23:59:59+00:00;21.64;;;0.14;;;;;;
1141047;treatment;before visit;2023-11-26 23:59:59+00:00;21.53;;;0.04;;;;;;
1141047;treatment;before visit;2023-11-27 23:59:59+00:00;24.5;;;0.04;;;;;;
1141047;treatment;before visit;2023-11-28 23:59:59+00:00;31.41;;;0.02;;;;;;
1141047;treatment;before visit;2023-11-29 23:59:59+00:00;19.62;;;0.13;;;;;;
1141047;treatment;before visit;2023-11-30 23:59:59+00:00;31.62;;;;;;;;;
1141047;treatment;before visit;2023-12-01 23:59:59+00:00;25.83;;;0.02;;;;;;
1141047;treatment;before visit;2023-12-02 23:59:59+00:00;29.39;;;;;;;;;
1141047;treatment;before visit;2023-12-03 23:59:59+00:00;48.46;;;;;;;;;
1141047;treatment;before visit;2023-12-04 23:59:59+00:00;31.62;;;;;;;;;
1141047;treatment;before visit;2023-12-05 23:59:59+00:00;19.85;;;0.12;;;;;;
1141047;treatment;before visit;2023-12-06 23:59:59+00:00;22.59;;;0.03;;;;;;
1141047;treatment;before visit;2023-12-07 23:59:59+00:00;30.7;;;0.03;;;;;;
1141047;treatment;before visit;2023-12-08 23:59:59+00:00;28.97;;;0.01;;;;;;
1141047;treatment;before visit;2023-12-09 23:59:59+00:00;22.39;;;0.05;;;;;;
1141047;treatment;before visit;2023-12-10 23:59:59+00:00;22.51;;;0.09;;;;;;
1141047;treatment;before visit;2023-12-11 23:59:59+00:00;26.03;;;0.02;;;;;;
1141047;treatment;before visit;2023-12-12 23:59:59+00:00;17.31;;;0.04;;;;;;
1141047;treatment;before visit;2023-12-13 23:59:59+00:00;18.26;;;0.02;;;;;;
1141047;treatment;before visit;2023-12-14 23:59:59+00:00;19.64;;;0.01;;;;;;
1141047;treatment;before visit;2023-12-15 23:59:59+00:00;25.35;;;0.1;;;;;;
1141047;treatment;before visit;2023-12-16 23:59:59+00:00;29.23;;;0.02;;;;;;
1141047;treatment;before visit;2023-12-17 23:59:59+00:00;31.43;;;0.01;;;;;;
1141047;treatment;before visit;2023-12-18 23:59:59+00:00;30.82;;;0.11;;;;;;
1141047;treatment;before visit;2023-12-19 23:59:59+00:00;18.72;;;0.14;;;;;;
1141047;treatment;before visit;2023-12-20 23:59:59+00:00;19.61;;;0.04;;;;;;
1141047;treatment;before visit;2023-12-21 23:59:59+00:00;22.87;;;;;;;;;
1141047;treatment;before visit;2023-12-22 23:59:59+00:00;20.85;;;0.03;;;;;;
1141047;treatment;before visit;2023-12-23 23:59:59+00:00;22.74;;;0.1;;;;;;
1141047;treatment;before visit;2023-12-24 23:59:59+00:00;25.39;;;0.14;;;;;;
1141047;treatment;before visit;2023-12-25 23:59:59+00:00;9.49;;;0.11;;;;;;
1141047;treatment;before visit;2023-12-26 23:59:59+00:00;12.1;;;0.04;;;;;;
1141047;treatment;before visit;2023-12-27 23:59:59+00:00;9.58;;;0.34;;;;;;
1141047;treatment;before visit;2023-12-28 23:59:59+00:00;19.63;;;0.01;;;;;;
1141047;treatment;before visit;2023-12-29 23:59:59+00:00;12.24;;;0.02;;;;;;
1141047;treatment;before visit;2023-12-30 23:59:59+00:00;7.14;;;0.07;;;;;;
1141047;treatment;before visit;2023-12-31 23:59:59+00:00;19.72;;;0.03;;;;;;
1141047;treatment;before visit;2024-01-01 23:59:59+00:00;12.52;;;0.05;;;;;;
1141047;treatment;before visit;2024-01-02 23:59:59+00:00;14.96;;;0.01;;;;;;
1141047;treatment;before visit;2024-01-03 23:59:59+00:00;9.15;;;0.05;;;;;;
1141047;treatment;before visit;2024-01-04 23:59:59+00:00;10.23;;;0.04;;;;;;
1141047;treatment;before visit;2024-01-05 23:59:59+00:00;21.42;;;0.01;;;;;;
1141047;treatment;before visit;2024-01-06 23:59:59+00:00;25.75;;;0.02;;;;;;
1141047;treatment;before visit;2024-01-07 23:59:59+00:00;31.84;;;;;;;;;
1141047;treatment;before visit;2024-01-08 23:59:59+00:00;36.8;;;0.01;;;;;;
1141047;treatment;before visit;2024-01-09 23:59:59+00:00;42.2;;;;;;;;;
1141047;treatment;before visit;2024-01-10 23:59:59+00:00;35.54;;;0.01;;;;;;
1141047;treatment;before visit;2024-01-11 23:59:59+00:00;33.95;;;;;;;;;
1141047;treatment;before visit;2024-01-12 23:59:59+00:00;34.53;;;;;;;;;
1141047;treatment;before visit;2024-01-13 23:59:59+00:00;33.44;;;0.01;;;;;;
1141047;treatment;before visit;2024-01-14 23:59:59+00:00;28.5;;;0.04;;;;;;
1141047;treatment;before visit;2024-01-15 23:59:59+00:00;29.99;;;0.01;;;;;;
1141047;treatment;before visit;2024-01-16 23:59:59+00:00;28.56;;;0.07;;;;;;
1141047;treatment;before visit;2024-01-17 23:59:59+00:00;26.88;;;0.01;;;;;;
1141047;treatment;before visit;2024-01-18 23:59:59+00:00;25.82;;;0.06;;;;;;
1141047;treatment;before visit;2024-01-19 23:59:59+00:00;27.85;;;0.03;;;;;;
1141047;treatment;before visit;2024-01-20 23:59:59+00:00;24.19;;;0.11;;;;;;
1141047;treatment;before visit;2024-01-21 23:59:59+00:00;30.18;;;0.05;;;;;;
1141047;treatment;before visit;2024-01-22 23:59:59+00:00;27.5;;;0.06;;;;;;
1141047;treatment;before visit;2024-01-23 23:59:59+00:00;21.2;;;0.14;;;;;;
1141047;treatment;before visit;2024-01-24 23:59:59+00:00;18.39;;;0.03;;;;;;
1141047;treatment;before visit;2024-01-25 23:59:59+00:00;17.12;;;0.08;;;;;;
1141047;treatment;before visit;2024-01-26 23:59:59+00:00;13.11;;;0.04;;;;;;
1141047;treatment;before visit;2024-01-27 23:59:59+00:00;9.29;;;4.16;;;;;;
1141047;treatment;before visit;2024-01-28 23:59:59+00:00;22.39;;;0.02;;;;;;
1141047;treatment;before visit;2024-01-29 23:59:59+00:00;20.43;;;0.03;;;;;;
1141047;treatment;before visit;2024-01-30 23:59:59+00:00;13.41;;;0.05;;;;;;
1141047;treatment;before visit;2024-01-31 23:59:59+00:00;19.97;;;0.22;;;;;;
1141047;treatment;before visit;2024-02-01 23:59:59+00:00;19.89;;;0.01;;;;;;
1141047;treatment;before visit;2024-02-02 23:59:59+00:00;17.78;;;0.09;;;;;;
1141047;treatment;before visit;2024-02-03 23:59:59+00:00;10.34;;;5.63;;;;;;
1141047;treatment;before visit;2024-02-04 23:59:59+00:00;12.82;;;0.18;;;;;;
1141047;treatment;before visit;2024-02-05 23:59:59+00:00;8.65;;;0.26;;;;;;
1141047;treatment;before visit;2024-02-06 23:59:59+00:00;8.81;;;1.9;;;;;;
1141047;treatment;before visit;2024-02-07 23:59:59+00:00;9.06;;;0.15;;;;;;
1141047;treatment;before visit;2024-02-08 23:59:59+00:00;10.01;;;0.08;;;;;;
1141047;treatment;before visit;2024-02-09 23:59:59+00:00;12.84;;;0.03;;;;;;
1141047;treatment;before visit;2024-02-10 23:59:59+00:00;13.63;;;0.05;;;;;;
1141047;treatment;before visit;2024-02-11 23:59:59+00:00;18.2;;;0.13;;;;;;
1141047;treatment;before visit;2024-02-12 23:59:59+00:00;18.44;;;0.14;;;;;;
1141047;treatment;before visit;2024-02-13 23:59:59+00:00;8.53;;;4.84;;;;;;
1141047;treatment;before visit;2024-02-14 23:59:59+00:00;8.4;;;0.1;;;;;;
1141047;treatment;before visit;2024-02-15 23:59:59+00:00;6.62;;;3.24;;;;;;
1141047;treatment;before visit;2024-02-16 23:59:59+00:00;6.28;;;0.3;;;;;;
1141047;treatment;before visit;2024-02-17 23:59:59+00:00;14.31;;;0.06;;;;;;
1141047;treatment;before visit;2024-02-18 23:59:59+00:00;13.63;;;0.39;;;;;;
1141047;treatment;before visit;2024-02-19 23:59:59+00:00;6.74;;;0.14;;;;;;
1141047;treatment;before visit;2024-02-20 23:59:59+00:00;6.34;;;0.16;;;;;;
1141047;treatment;before visit;2024-02-21 23:59:59+00:00;8.21;;;1.8;;;;;;
1141047;treatment;before visit;2024-02-22 23:59:59+00:00;11.26;;;0.04;;;;;;
1141047;treatment;before visit;2024-02-23 23:59:59+00:00;14.01;;;0.14;;;;;;
1141047;treatment;before visit;2024-02-24 23:59:59+00:00;8.1;;;3.06;;;;;;
1141047;treatment;before visit;2024-02-25 23:59:59+00:00;9.41;;;5.2;;;;;;
1141047;treatment;before visit;2024-02-26 23:59:59+00:00;7.88;;;0.08;;;;;;
1141047;treatment;before visit;2024-02-27 23:59:59+00:00;16.96;;;0.22;;;;;;
1141047;treatment;before visit;2024-02-28 23:59:59+00:00;14.94;;;0.17;;;;;;
1141047;treatment;during visit;2024-02-29 23:59:59+00:00;9.07;;;1.34;;;;;;
1141047;treatment;after visit;2024-03-01 23:59:59+00:00;12.94;;;0.11;;;;;;
1141047;treatment;after visit;2024-03-02 23:59:59+00:00;14.59;;;0.4;;;;;;
1141047;treatment;after visit;2024-03-03 23:59:59+00:00;10.09;;;0.21;;;;;;
1141047;treatment;after visit;2024-03-04 23:59:59+00:00;11.82;;;0.23;;;;;;
1141047;treatment;after visit;2024-03-05 23:59:59+00:00;11.38;;;0.12;;;;;;
1141047;treatment;after visit;2024-03-06 23:59:59+00:00;17.61;;;0.04;;;;;;
1141047;treatment;after visit;2024-03-07 23:59:59+00:00;15.18;;;0.04;;;;;;
1141047;treatment;after visit;2024-03-08 23:59:59+00:00;9.6;;;0.05;;;;;;
1141047;treatment;after visit;2024-03-09 23:59:59+00:00;7.58;;;9.77;;;;;;
1141047;treatment;after visit;2024-03-10 23:59:59+00:00;8.03;;;0.13;;;;;;
1141047;treatment;after visit;2024-03-11 23:59:59+00:00;8.05;;;5.07;;;;;;
1141047;treatment;after visit;2024-03-12 23:59:59+00:00;13.98;;;0.17;;;;;;
1141047;treatment;after visit;2024-03-13 23:59:59+00:00;9.4;;;0.04;;;;;;
1141047;treatment;after visit;2024-03-14 23:59:59+00:00;5.44;;;7.67;;;;;;
1141047;treatment;after visit;2024-03-15 23:59:59+00:00;1.55;;;8.26;;;;;;
1141047;treatment;after visit;2024-03-16 23:59:59+00:00;0.18;;;7.59;;;;;;
1141047;treatment;after visit;2024-03-17 23:59:59+00:00;1.22;;;0.84;;;;;;
1141047;treatment;after visit;2024-03-18 23:59:59+00:00;3.06;;;0.06;;;;;;
1141047;treatment;after visit;2024-03-19 23:59:59+00:00;6.47;;;4.38;;;;;;
1141047;treatment;after visit;2024-03-20 23:59:59+00:00;6.06;;;14.59;;;;;;
