Household_ID;Group;AffectsTimePoint;Timestamp;kWh_received_Total;kWh_received_HeatPump;kWh_received_Other;kWh_returned_Total;kvarh_received_capacitive_Total;kvarh_received_capacitive_HeatPump;kvarh_received_capacitive_Other;kvarh_received_inductive_Total;kvarh_received_inductive_HeatPump;kvarh_received_inductive_Other
5769106;treatment;before visit;2020-05-30 23:59:59+00:00;20.75;;;;9.24;;;1.75;;
5769106;treatment;before visit;2020-05-31 23:59:59+00:00;18.49;;;;8.21;;;3.58;;
5769106;treatment;before visit;2020-06-01 23:59:59+00:00;14.93;;;;9.52;;;1.44;;
5769106;treatment;before visit;2020-06-02 23:59:59+00:00;16.78;;;;8.9;;;2.68;;
5769106;treatment;before visit;2020-06-03 23:59:59+00:00;16.13;;;;9.06;;;1.64;;
5769106;treatment;before visit;2020-06-04 23:59:59+00:00;24.21;;;;8.6;;;2.21;;
5769106;treatment;before visit;2020-06-05 23:59:59+00:00;14.25;;;;9.42;;;1.55;;
5769106;treatment;before visit;2020-06-06 23:59:59+00:00;19.87;;;;9.53;;;2.25;;
5769106;treatment;before visit;2020-06-07 23:59:59+00:00;16.61;;;;9.56;;;1.9;;
5769106;treatment;before visit;2020-06-08 23:59:59+00:00;16.73;;;;9.66;;;2.08;;
5769106;treatment;before visit;2020-06-09 23:59:59+00:00;18.99;;;;8.98;;;2.67;;
5769106;treatment;before visit;2020-06-10 23:59:59+00:00;16.64;;;;9.72;;;1.41;;
5769106;treatment;before visit;2020-06-11 23:59:59+00:00;19.91;;;;8.65;;;2.81;;
5769106;treatment;before visit;2020-06-12 23:59:59+00:00;18.77;;;;9.33;;;2.19;;
5769106;treatment;before visit;2020-06-13 23:59:59+00:00;19.83;;;;8.65;;;2.83;;
5769106;treatment;before visit;2020-06-14 23:59:59+00:00;16.84;;;;10.75;;;1.68;;
5769106;treatment;before visit;2020-06-15 23:59:59+00:00;16.2;;;;9.44;;;2.22;;
5769106;treatment;before visit;2020-06-16 23:59:59+00:00;19.16;;;;9.22;;;2.08;;
5769106;treatment;before visit;2020-06-17 23:59:59+00:00;22.45;;;;9.23;;;2.12;;
5769106;treatment;before visit;2020-06-18 23:59:59+00:00;19.42;;;;9.95;;;1.69;;
5769106;treatment;before visit;2020-06-19 23:59:59+00:00;21.64;;;;9.05;;;2.05;;
5769106;treatment;before visit;2020-06-20 23:59:59+00:00;14.86;;;;9.31;;;1.49;;
5769106;treatment;before visit;2020-06-21 23:59:59+00:00;21.14;;;;8.89;;;3.28;;
5769106;treatment;before visit;2020-06-22 23:59:59+00:00;12.84;;;;9.36;;;1.06;;
5769106;treatment;before visit;2020-06-23 23:59:59+00:00;11.19;;;;9.41;;;1.13;;
5769106;treatment;before visit;2020-06-24 23:59:59+00:00;19.64;;;;9.04;;;1.41;;
5769106;treatment;before visit;2020-06-25 23:59:59+00:00;16.15;;;;9.36;;;1.71;;
5769106;treatment;before visit;2020-06-26 23:59:59+00:00;15.58;;;;9.98;;;1.44;;
5769106;treatment;before visit;2020-06-27 23:59:59+00:00;15.01;;;;9.47;;;1.53;;
5769106;treatment;before visit;2020-06-28 23:59:59+00:00;19.37;;;;8.52;;;3.3;;
5769106;treatment;before visit;2020-06-29 23:59:59+00:00;13.75;;;;8.67;;;1.53;;
5769106;treatment;before visit;2020-06-30 23:59:59+00:00;14.08;;;;9.04;;;1.49;;
5769106;treatment;before visit;2020-07-01 23:59:59+00:00;14.7;;;;9.12;;;2.08;;
5769106;treatment;before visit;2020-07-02 23:59:59+00:00;23.19;;;;8.62;;;2.44;;
5769106;treatment;before visit;2020-07-03 23:59:59+00:00;14.44;;;;9.39;;;1.01;;
5769106;treatment;before visit;2020-07-04 23:59:59+00:00;12.18;;;;8.58;;;1.9;;
5769106;treatment;before visit;2020-07-05 23:59:59+00:00;15.31;;;;8.57;;;1.59;;
5769106;treatment;before visit;2020-07-06 23:59:59+00:00;14.4;;;;9.79;;;1.47;;
5769106;treatment;before visit;2020-07-07 23:59:59+00:00;16.58;;;;9.32;;;2.18;;
5769106;treatment;before visit;2020-07-08 23:59:59+00:00;19.51;;;;8.97;;;1.94;;
5769106;treatment;before visit;2020-07-09 23:59:59+00:00;12.26;;;;8.91;;;1.67;;
5769106;treatment;before visit;2020-07-10 23:59:59+00:00;14.57;;;;9.22;;;1.65;;
5769106;treatment;before visit;2020-07-14 23:59:59+00:00;17.0;;;;9.71;;;1.86;;
5769106;treatment;before visit;2020-07-15 23:59:59+00:00;19.49;;;;10.73;;;1.23;;
5769106;treatment;before visit;2020-07-16 23:59:59+00:00;19.28;;;;9.1;;;1.87;;
5769106;treatment;before visit;2020-07-17 23:59:59+00:00;17.85;;;;9.93;;;1.2;;
5769106;treatment;before visit;2020-07-18 23:59:59+00:00;15.97;;;;9.03;;;2.25;;
5769106;treatment;before visit;2020-07-19 23:59:59+00:00;9.79;;;;8.5;;;1.23;;
5769106;treatment;before visit;2020-07-20 23:59:59+00:00;4.9;;;;8.44;;;0.42;;
5769106;treatment;before visit;2020-07-21 23:59:59+00:00;3.86;;;;8.53;;;;;
5769106;treatment;before visit;2020-07-22 23:59:59+00:00;4.66;;;;8.42;;;0.38;;
5769106;treatment;before visit;2020-07-23 23:59:59+00:00;4.6;;;;8.4;;;0.34;;
5769106;treatment;before visit;2020-07-24 23:59:59+00:00;4.91;;;;8.49;;;0.36;;
5769106;treatment;before visit;2020-07-25 23:59:59+00:00;5.15;;;;8.37;;;0.5;;
5769106;treatment;before visit;2020-07-26 23:59:59+00:00;4.7;;;;8.4;;;0.34;;
5769106;treatment;before visit;2020-07-27 23:59:59+00:00;4.57;;;;8.39;;;0.3;;
5769106;treatment;before visit;2020-07-28 23:59:59+00:00;4.67;;;;8.36;;;0.38;;
5769106;treatment;before visit;2020-07-29 23:59:59+00:00;4.59;;;;8.37;;;0.33;;
5769106;treatment;before visit;2020-07-30 23:59:59+00:00;4.26;;;;8.43;;;0.2;;
5769106;treatment;before visit;2020-07-31 23:59:59+00:00;5.17;;;;8.33;;;0.35;;
5769106;treatment;before visit;2020-08-01 23:59:59+00:00;8.44;;;;8.91;;;0.36;;
5769106;treatment;before visit;2020-08-02 23:59:59+00:00;20.42;;;;9.25;;;1.96;;
5769106;treatment;before visit;2020-08-03 23:59:59+00:00;18.88;;;;9.99;;;1.42;;
5769106;treatment;before visit;2020-08-04 23:59:59+00:00;18.98;;;;9.56;;;1.82;;
5769106;treatment;before visit;2020-08-05 23:59:59+00:00;14.91;;;;9.54;;;1.55;;
5769106;treatment;before visit;2020-08-06 23:59:59+00:00;15.82;;;;9.67;;;1.33;;
5769106;treatment;before visit;2020-08-07 23:59:59+00:00;12.78;;;;9.42;;;0.94;;
5769106;treatment;before visit;2020-08-08 23:59:59+00:00;11.0;;;;9.38;;;0.87;;
5769106;treatment;before visit;2020-08-09 23:59:59+00:00;19.35;;;;8.88;;;2.1;;
5769106;treatment;before visit;2020-08-10 23:59:59+00:00;17.08;;;;9.9;;;1.41;;
5769106;treatment;before visit;2020-08-11 23:59:59+00:00;13.21;;;;9.75;;;1.02;;
5769106;treatment;before visit;2020-08-12 23:59:59+00:00;18.1;;;;8.96;;;1.66;;
5769106;treatment;before visit;2020-08-13 23:59:59+00:00;13.22;;;;9.48;;;1.3;;
5769106;treatment;before visit;2020-08-14 23:59:59+00:00;14.73;;;;10.38;;;0.55;;
5769106;treatment;before visit;2020-08-15 23:59:59+00:00;17.56;;;;8.48;;;2.76;;
5769106;treatment;before visit;2020-08-16 23:59:59+00:00;17.15;;;;9.41;;;1.54;;
5769106;treatment;before visit;2020-08-17 23:59:59+00:00;13.33;;;;9.19;;;1.14;;
5769106;treatment;before visit;2020-08-18 23:59:59+00:00;10.55;;;;9.4;;;0.77;;
5769106;treatment;before visit;2020-08-19 23:59:59+00:00;20.74;;;;8.85;;;2.32;;
5769106;treatment;before visit;2020-08-20 23:59:59+00:00;11.87;;;;9.3;;;0.76;;
5769106;treatment;before visit;2020-08-21 23:59:59+00:00;13.63;;;;9.37;;;0.92;;
5769106;treatment;before visit;2020-08-22 23:59:59+00:00;15.53;;;;8.77;;;1.75;;
5769106;treatment;before visit;2020-08-23 23:59:59+00:00;17.23;;;;9.52;;;1.71;;
5769106;treatment;before visit;2020-08-24 23:59:59+00:00;10.23;;;;8.94;;;0.7;;
5769106;treatment;before visit;2020-08-25 23:59:59+00:00;15.72;;;;8.89;;;1.99;;
5769106;treatment;before visit;2020-08-26 23:59:59+00:00;17.64;;;;8.56;;;1.87;;
5769106;treatment;before visit;2020-08-27 23:59:59+00:00;13.53;;;;9.13;;;1.0;;
5769106;treatment;before visit;2020-08-28 23:59:59+00:00;13.11;;;;9.42;;;1.41;;
5769106;treatment;before visit;2020-08-29 23:59:59+00:00;16.12;;;;8.43;;;2.12;;
5769106;treatment;before visit;2020-08-30 23:59:59+00:00;24.33;;;;7.58;;;3.0;;
5769106;treatment;before visit;2020-08-31 23:59:59+00:00;17.04;;;;7.46;;;2.22;;
5769106;treatment;before visit;2020-09-01 23:59:59+00:00;14.74;;;;8.48;;;1.27;;
5769106;treatment;before visit;2020-09-02 23:59:59+00:00;18.56;;;;8.21;;;2.71;;
5769106;treatment;before visit;2020-09-03 23:59:59+00:00;13.51;;;;8.71;;;1.11;;
5769106;treatment;before visit;2020-09-04 23:59:59+00:00;20.29;;;;8.08;;;2.17;;
5769106;treatment;before visit;2020-09-05 23:59:59+00:00;14.37;;;;8.49;;;1.56;;
5769106;treatment;before visit;2020-09-06 23:59:59+00:00;20.51;;;;8.37;;;2.01;;
5769106;treatment;before visit;2020-09-07 23:59:59+00:00;15.46;;;;8.23;;;1.4;;
5769106;treatment;before visit;2020-09-08 23:59:59+00:00;12.02;;;;7.69;;;2.03;;
5769106;treatment;before visit;2020-09-09 23:59:59+00:00;14.25;;;;8.63;;;1.41;;
5769106;treatment;before visit;2020-09-10 23:59:59+00:00;14.67;;;;8.12;;;1.87;;
5769106;treatment;before visit;2020-09-11 23:59:59+00:00;19.76;;;;8.2;;;1.78;;
5769106;treatment;before visit;2020-09-12 23:59:59+00:00;14.92;;;;8.11;;;1.66;;
5769106;treatment;before visit;2020-09-13 23:59:59+00:00;18.67;;;;7.99;;;3.06;;
5769106;treatment;before visit;2020-09-14 23:59:59+00:00;10.34;;;;8.4;;;1.08;;
5769106;treatment;before visit;2020-09-15 23:59:59+00:00;11.69;;;;8.31;;;0.99;;
5769106;treatment;before visit;2020-09-16 23:59:59+00:00;21.76;;;;8.77;;;1.93;;
5769106;treatment;before visit;2020-09-17 23:59:59+00:00;14.76;;;;8.61;;;0.95;;
5769106;treatment;before visit;2020-09-18 23:59:59+00:00;20.03;;;;8.67;;;2.07;;
5769106;treatment;before visit;2020-09-19 23:59:59+00:00;15.35;;;;8.81;;;1.42;;
5769106;treatment;before visit;2020-09-20 23:59:59+00:00;18.32;;;;8.21;;;2.33;;
5769106;treatment;before visit;2020-09-21 23:59:59+00:00;12.71;;;;8.53;;;0.83;;
5769106;treatment;before visit;2020-09-22 23:59:59+00:00;11.26;;;;9.24;;;0.86;;
5769106;treatment;before visit;2020-09-23 23:59:59+00:00;19.32;;;;8.6;;;1.58;;
5769106;treatment;before visit;2020-09-24 23:59:59+00:00;17.04;;;;8.06;;;2.12;;
5769106;treatment;before visit;2020-09-25 23:59:59+00:00;24.38;;;;8.46;;;2.3;;
5769106;treatment;before visit;2020-09-26 23:59:59+00:00;20.01;;;;7.16;;;3.09;;
5769106;treatment;before visit;2020-09-27 23:59:59+00:00;22.52;;;;7.82;;;2.56;;
5769106;treatment;before visit;2020-09-28 23:59:59+00:00;17.01;;;;8.47;;;2.26;;
5769106;treatment;before visit;2020-09-29 23:59:59+00:00;15.4;;;;8.68;;;1.7;;
5769106;treatment;before visit;2020-09-30 23:59:59+00:00;19.2;;;;8.34;;;2.74;;
5769106;treatment;before visit;2020-10-01 23:59:59+00:00;14.53;;;;8.05;;;1.71;;
5769106;treatment;before visit;2020-10-02 23:59:59+00:00;20.67;;;;8.79;;;1.69;;
5769106;treatment;before visit;2020-10-03 23:59:59+00:00;22.27;;;;6.3;;;2.67;;
5769106;treatment;before visit;2020-10-04 23:59:59+00:00;22.84;;;;7.17;;;3.55;;
5769106;treatment;before visit;2020-10-05 23:59:59+00:00;16.52;;;;8.3;;;2.2;;
5769106;treatment;before visit;2020-10-06 23:59:59+00:00;22.06;;;;5.7;;;2.89;;
5769106;treatment;before visit;2020-10-07 23:59:59+00:00;18.35;;;;5.76;;;2.87;;
5769106;treatment;before visit;2020-10-08 23:59:59+00:00;8.36;;;;7.94;;;1.07;;
5769106;treatment;before visit;2020-10-09 23:59:59+00:00;7.54;;;;8.1;;;0.75;;
5769106;treatment;before visit;2020-10-10 23:59:59+00:00;25.52;;;;7.96;;;4.01;;
5769106;treatment;before visit;2020-10-11 23:59:59+00:00;23.3;;;;7.65;;;2.74;;
5769106;treatment;before visit;2020-10-12 23:59:59+00:00;19.42;;;;8.03;;;2.21;;
5769106;treatment;before visit;2020-10-13 23:59:59+00:00;16.8;;;;8.16;;;2.55;;
5769106;treatment;before visit;2020-10-14 23:59:59+00:00;23.96;;;;7.87;;;4.26;;
5769106;treatment;before visit;2020-10-15 23:59:59+00:00;21.59;;;;7.51;;;4.14;;
5769106;treatment;before visit;2020-10-16 23:59:59+00:00;23.49;;;;7.42;;;3.9;;
5769106;treatment;before visit;2020-10-17 23:59:59+00:00;30.53;;;;8.56;;;4.07;;
5769106;treatment;before visit;2020-10-18 23:59:59+00:00;28.86;;;;7.51;;;5.24;;
5769106;treatment;before visit;2020-10-19 23:59:59+00:00;18.84;;;;7.65;;;2.96;;
5769106;treatment;before visit;2020-10-20 23:59:59+00:00;20.67;;;;8.69;;;3.23;;
5769106;treatment;before visit;2020-10-21 23:59:59+00:00;27.88;;;;8.65;;;4.25;;
5769106;treatment;before visit;2020-10-22 23:59:59+00:00;19.95;;;;8.84;;;3.07;;
5769106;treatment;before visit;2020-10-23 23:59:59+00:00;24.43;;;;10.08;;;2.23;;
5769106;treatment;before visit;2020-10-24 23:59:59+00:00;22.03;;;;7.97;;;3.34;;
5769106;treatment;before visit;2020-10-25 23:59:59+00:00;25.56;;;;8.37;;;4.28;;
5769106;treatment;before visit;2020-10-26 23:59:59+00:00;30.29;;;;6.08;;;5.26;;
5769106;treatment;before visit;2020-10-27 23:59:59+00:00;23.99;;;;7.88;;;3.57;;
5769106;treatment;before visit;2020-10-28 23:59:59+00:00;26.74;;;;9.54;;;3.46;;
5769106;treatment;before visit;2020-10-29 23:59:59+00:00;22.39;;;;7.84;;;4.35;;
5769106;treatment;before visit;2020-10-30 23:59:59+00:00;30.65;;;;7.76;;;5.28;;
5769106;treatment;before visit;2020-10-31 23:59:59+00:00;26.63;;;;8.3;;;4.49;;
5769106;treatment;before visit;2020-11-01 23:59:59+00:00;25.77;;;;7.93;;;4.27;;
5769106;treatment;before visit;2020-11-02 23:59:59+00:00;19.1;;;;8.84;;;2.45;;
5769106;treatment;before visit;2020-11-03 23:59:59+00:00;21.22;;;;8.25;;;2.99;;
5769106;treatment;before visit;2020-11-04 23:59:59+00:00;30.54;;;;8.05;;;4.28;;
5769106;treatment;before visit;2020-11-05 23:59:59+00:00;26.47;;;;7.94;;;4.85;;
5769106;treatment;before visit;2020-11-06 23:59:59+00:00;24.64;;;;9.19;;;2.66;;
5769106;treatment;before visit;2020-11-07 23:59:59+00:00;28.23;;;;7.6;;;6.2;;
5769106;treatment;before visit;2020-11-08 23:59:59+00:00;24.15;;;;8.44;;;4.16;;
5769106;treatment;before visit;2020-11-09 23:59:59+00:00;21.17;;;;8.59;;;3.34;;
5769106;treatment;before visit;2020-11-10 23:59:59+00:00;25.15;;;;8.08;;;4.91;;
5769106;treatment;before visit;2020-11-11 23:59:59+00:00;29.44;;;;8.33;;;4.55;;
5769106;treatment;before visit;2020-11-12 23:59:59+00:00;25.65;;;;7.89;;;4.56;;
5769106;treatment;before visit;2020-11-13 23:59:59+00:00;22.63;;;;9.14;;;2.75;;
5769106;treatment;before visit;2020-11-14 23:59:59+00:00;27.18;;;;7.15;;;6.01;;
5769106;treatment;before visit;2020-11-15 23:59:59+00:00;27.17;;;;9.18;;;4.04;;
5769106;treatment;before visit;2020-11-16 23:59:59+00:00;21.37;;;;9.39;;;2.63;;
5769106;treatment;before visit;2020-11-17 23:59:59+00:00;18.12;;;;8.23;;;3.18;;
5769106;treatment;before visit;2020-11-18 23:59:59+00:00;33.11;;;;7.49;;;5.53;;
5769106;treatment;before visit;2020-11-19 23:59:59+00:00;21.93;;;;7.61;;;3.39;;
5769106;treatment;before visit;2020-11-20 23:59:59+00:00;37.39;;;;7.78;;;5.02;;
5769106;treatment;before visit;2020-11-21 23:59:59+00:00;29.67;;;;7.1;;;5.88;;
5769106;treatment;before visit;2020-11-22 23:59:59+00:00;29.69;;;;7.13;;;6.07;;
5769106;treatment;before visit;2020-11-23 23:59:59+00:00;28.92;;;;7.46;;;6.11;;
5769106;treatment;before visit;2020-11-24 23:59:59+00:00;25.9;;;;7.81;;;4.91;;
5769106;treatment;before visit;2020-11-25 23:59:59+00:00;39.16;;;;7.9;;;7.03;;
5769106;treatment;before visit;2020-11-26 23:59:59+00:00;32.5;;;;6.92;;;6.55;;
5769106;treatment;before visit;2020-11-27 23:59:59+00:00;33.8;;;;8.74;;;5.84;;
5769106;treatment;before visit;2020-11-28 23:59:59+00:00;35.59;;;;5.71;;;8.8;;
5769106;treatment;before visit;2020-11-29 23:59:59+00:00;33.01;;;;7.34;;;6.73;;
5769106;treatment;before visit;2020-11-30 23:59:59+00:00;35.56;;;;5.18;;;8.04;;
5769106;treatment;before visit;2020-12-01 23:59:59+00:00;38.54;;;;5.22;;;8.61;;
5769106;treatment;before visit;2020-12-02 23:59:59+00:00;41.66;;;;7.2;;;7.3;;
5769106;treatment;before visit;2020-12-03 23:59:59+00:00;35.12;;;;4.97;;;7.54;;
5769106;treatment;before visit;2020-12-04 23:59:59+00:00;36.6;;;;7.54;;;6.64;;
5769106;treatment;before visit;2020-12-05 23:59:59+00:00;35.67;;;;7.39;;;7.54;;
5769106;treatment;before visit;2020-12-06 23:59:59+00:00;38.96;;;;7.32;;;7.51;;
5769106;treatment;before visit;2020-12-07 23:59:59+00:00;34.81;;;;7.01;;;7.73;;
5769106;treatment;before visit;2020-12-08 23:59:59+00:00;33.07;;;;7.18;;;7.35;;
5769106;treatment;before visit;2020-12-09 23:59:59+00:00;41.34;;;;7.92;;;7.7;;
5769106;treatment;before visit;2020-12-10 23:59:59+00:00;40.21;;;;7.05;;;7.7;;
5769106;treatment;before visit;2020-12-11 23:59:59+00:00;46.4;;;;5.69;;;8.65;;
5769106;treatment;before visit;2020-12-12 23:59:59+00:00;37.86;;;;6.08;;;8.4;;
5769106;treatment;before visit;2020-12-13 23:59:59+00:00;41.08;;;;7.08;;;7.19;;
5769106;treatment;before visit;2020-12-14 23:59:59+00:00;34.59;;;;7.45;;;7.46;;
5769106;treatment;before visit;2020-12-15 23:59:59+00:00;35.9;;;;6.37;;;7.85;;
5769106;treatment;before visit;2020-12-16 23:59:59+00:00;38.55;;;;7.55;;;7.19;;
5769106;treatment;before visit;2020-12-17 23:59:59+00:00;34.58;;;;8.24;;;5.62;;
5769106;treatment;before visit;2020-12-18 23:59:59+00:00;31.97;;;;8.0;;;5.46;;
5769106;treatment;before visit;2020-12-19 23:59:59+00:00;40.54;;;;6.99;;;8.6;;
5769106;treatment;before visit;2020-12-20 23:59:59+00:00;28.28;;;;8.38;;;5.12;;
5769106;treatment;before visit;2020-12-21 23:59:59+00:00;38.26;;;;6.69;;;6.99;;
5769106;treatment;before visit;2020-12-22 23:59:59+00:00;40.29;;;;7.2;;;5.91;;
5769106;treatment;before visit;2020-12-23 23:59:59+00:00;29.17;;;;9.39;;;4.26;;
5769106;treatment;before visit;2020-12-24 23:59:59+00:00;39.33;;;;7.79;;;7.62;;
5769106;treatment;before visit;2020-12-25 23:59:59+00:00;39.38;;;;8.75;;;5.88;;
5769106;treatment;before visit;2020-12-26 23:59:59+00:00;36.89;;;;7.32;;;8.22;;
5769106;treatment;before visit;2020-12-27 23:59:59+00:00;37.09;;;;7.43;;;6.5;;
5769106;treatment;before visit;2020-12-28 23:59:59+00:00;34.14;;;;5.67;;;9.71;;
5769106;treatment;before visit;2020-12-29 23:59:59+00:00;20.4;;;;7.37;;;5.35;;
5769106;treatment;before visit;2020-12-30 23:59:59+00:00;27.34;;;;6.24;;;8.13;;
5769106;treatment;before visit;2020-12-31 23:59:59+00:00;27.28;;;;6.26;;;8.01;;
5769106;treatment;before visit;2021-01-01 23:59:59+00:00;34.45;;;;5.51;;;9.61;;
5769106;treatment;before visit;2021-01-02 23:59:59+00:00;41.5;;;;7.37;;;7.94;;
5769106;treatment;before visit;2021-01-03 23:59:59+00:00;47.14;;;;6.16;;;8.72;;
5769106;treatment;before visit;2021-01-04 23:59:59+00:00;38.74;;;;6.08;;;8.71;;
5769106;treatment;before visit;2021-01-05 23:59:59+00:00;38.02;;;;5.6;;;8.27;;
5769106;treatment;before visit;2021-01-06 23:59:59+00:00;44.78;;;;7.3;;;8.51;;
5769106;treatment;before visit;2021-01-07 23:59:59+00:00;33.86;;;;7.59;;;6.71;;
5769106;treatment;before visit;2021-01-08 23:59:59+00:00;43.74;;;;7.54;;;7.35;;
5769106;treatment;before visit;2021-01-09 23:59:59+00:00;39.87;;;;;;;;;
5769106;treatment;before visit;2021-01-10 23:59:59+00:00;34.85;;;;;;;;;
5769106;treatment;before visit;2021-01-11 23:59:59+00:00;35.89;;;;6.83;;;7.77;;
5769106;treatment;before visit;2021-01-12 23:59:59+00:00;35.18;;;;6.46;;;8.35;;
5769106;treatment;before visit;2021-01-13 23:59:59+00:00;39.38;;;;7.11;;;7.05;;
5769106;treatment;before visit;2021-01-14 23:59:59+00:00;40.71;;;;5.79;;;9.22;;
5769106;treatment;before visit;2021-01-15 23:59:59+00:00;42.69;;;;6.27;;;8.22;;
5769106;treatment;before visit;2021-01-16 23:59:59+00:00;48.37;;;;4.85;;;10.42;;
5769106;treatment;before visit;2021-01-17 23:59:59+00:00;39.3;;;;5.41;;;8.69;;
5769106;treatment;before visit;2021-01-18 23:59:59+00:00;41.23;;;;4.74;;;9.77;;
5769106;treatment;before visit;2021-01-19 23:59:59+00:00;36.61;;;;5.71;;;8.31;;
5769106;treatment;before visit;2021-01-20 23:59:59+00:00;35.36;;;;7.48;;;6.76;;
5769106;treatment;before visit;2021-01-21 23:59:59+00:00;32.89;;;;7.56;;;5.87;;
5769106;treatment;before visit;2021-01-22 23:59:59+00:00;37.85;;;;7.57;;;6.76;;
5769106;treatment;before visit;2021-01-23 23:59:59+00:00;37.07;;;;7.39;;;7.91;;
5769106;treatment;before visit;2021-01-24 23:59:59+00:00;36.73;;;;7.11;;;7.85;;
5769106;treatment;before visit;2021-01-25 23:59:59+00:00;29.22;;;;8.27;;;5.41;;
5769106;treatment;before visit;2021-01-26 23:59:59+00:00;38.08;;;;6.65;;;9.14;;
5769106;treatment;before visit;2021-01-27 23:59:59+00:00;42.03;;;;7.72;;;7.36;;
5769106;treatment;before visit;2021-01-28 23:59:59+00:00;29.02;;;;8.35;;;5.83;;
5769106;treatment;before visit;2021-01-29 23:59:59+00:00;46.95;;;;7.99;;;6.82;;
5769106;treatment;before visit;2021-01-30 23:59:59+00:00;44.06;;;;7.65;;;7.27;;
5769106;treatment;before visit;2021-01-31 23:59:59+00:00;32.9;;;;8.09;;;6.33;;
5769106;treatment;before visit;2021-02-01 23:59:59+00:00;34.93;;;;8.47;;;5.39;;
5769106;treatment;before visit;2021-02-02 23:59:59+00:00;37.1;;;;8.05;;;6.85;;
5769106;treatment;before visit;2021-02-03 23:59:59+00:00;39.4;;;;9.79;;;4.77;;
5769106;treatment;before visit;2021-02-04 23:59:59+00:00;36.29;;;;8.14;;;6.04;;
5769106;treatment;before visit;2021-02-05 23:59:59+00:00;50.79;;;;8.53;;;6.3;;
5769106;treatment;before visit;2021-02-06 23:59:59+00:00;41.59;;;;9.03;;;4.84;;
5769106;treatment;before visit;2021-02-07 23:59:59+00:00;35.35;;;;7.63;;;7.4;;
5769106;treatment;before visit;2021-02-08 23:59:59+00:00;29.94;;;;8.11;;;6.29;;
5769106;treatment;before visit;2021-02-09 23:59:59+00:00;41.76;;;;7.41;;;8.28;;
5769106;treatment;before visit;2021-02-10 23:59:59+00:00;46.05;;;;8.19;;;7.07;;
5769106;treatment;before visit;2021-02-11 23:59:59+00:00;46.08;;;;5.4;;;11.18;;
5769106;treatment;before visit;2021-02-12 23:59:59+00:00;59.95;;;;6.96;;;8.32;;
5769106;treatment;before visit;2021-02-13 23:59:59+00:00;50.44;;;;6.85;;;9.48;;
5769106;treatment;before visit;2021-02-14 23:59:59+00:00;40.38;;;;7.76;;;7.07;;
5769106;treatment;before visit;2021-02-15 23:59:59+00:00;38.7;;;;7.07;;;8.2;;
5769106;treatment;before visit;2021-02-16 23:59:59+00:00;50.04;;;;8.39;;;7.0;;
5769106;treatment;before visit;2021-02-17 23:59:59+00:00;50.85;;;;9.66;;;4.07;;
5769106;treatment;before visit;2021-02-18 23:59:59+00:00;39.72;;;;10.02;;;3.98;;
5769106;treatment;before visit;2021-02-19 23:59:59+00:00;38.86;;;;7.57;;;6.64;;
5769106;treatment;before visit;2021-02-20 23:59:59+00:00;16.88;;;;7.86;;;4.51;;
5769106;treatment;before visit;2021-02-21 23:59:59+00:00;14.08;;;;8.27;;;3.4;;
5769106;treatment;before visit;2021-02-22 23:59:59+00:00;14.37;;;;8.26;;;3.53;;
5769106;treatment;before visit;2021-02-23 23:59:59+00:00;13.96;;;;8.35;;;3.4;;
5769106;treatment;before visit;2021-02-24 23:59:59+00:00;13.11;;;;8.49;;;3.11;;
5769106;treatment;before visit;2021-02-25 23:59:59+00:00;34.03;;;;8.51;;;6.26;;
5769106;treatment;before visit;2021-02-26 23:59:59+00:00;24.13;;;;9.42;;;2.59;;
5769106;treatment;before visit;2021-02-27 23:59:59+00:00;30.9;;;;8.18;;;6.14;;
5769106;treatment;before visit;2021-02-28 23:59:59+00:00;26.82;;;;8.06;;;5.35;;
5769106;treatment;before visit;2021-03-01 23:59:59+00:00;26.44;;;;8.12;;;5.18;;
5769106;treatment;before visit;2021-03-02 23:59:59+00:00;20.85;;;;8.96;;;3.5;;
5769106;treatment;before visit;2021-03-03 23:59:59+00:00;34.31;;;;9.08;;;4.43;;
5769106;treatment;before visit;2021-03-04 23:59:59+00:00;28.68;;;;8.37;;;5.64;;
5769106;treatment;before visit;2021-03-05 23:59:59+00:00;40.29;;;;7.81;;;6.3;;
5769106;treatment;before visit;2021-03-06 23:59:59+00:00;34.1;;;;7.43;;;6.71;;
5769106;treatment;before visit;2021-03-07 23:59:59+00:00;33.09;;;;8.15;;;6.07;;
5769106;treatment;before visit;2021-03-08 23:59:59+00:00;22.61;;;;8.41;;;4.55;;
5769106;treatment;before visit;2021-03-09 23:59:59+00:00;27.94;;;;7.96;;;5.76;;
5769106;treatment;before visit;2021-03-10 23:59:59+00:00;42.89;;;;8.14;;;6.65;;
5769106;treatment;before visit;2021-03-11 23:59:59+00:00;25.64;;;;9.41;;;3.71;;
5769106;treatment;before visit;2021-03-12 23:59:59+00:00;31.66;;;;8.71;;;5.37;;
5769106;treatment;before visit;2021-03-13 23:59:59+00:00;38.32;;;;8.96;;;5.42;;
5769106;treatment;before visit;2021-03-14 23:59:59+00:00;29.94;;;;7.93;;;6.48;;
5769106;treatment;before visit;2021-03-15 23:59:59+00:00;31.99;;;;7.42;;;7.11;;
5769106;treatment;before visit;2021-03-16 23:59:59+00:00;34.55;;;;7.7;;;7.42;;
5769106;treatment;before visit;2021-03-17 23:59:59+00:00;46.58;;;;8.54;;;6.04;;
5769106;treatment;before visit;2021-03-18 23:59:59+00:00;31.39;;;;7.58;;;6.62;;
5769106;treatment;before visit;2021-03-19 23:59:59+00:00;42.95;;;;7.77;;;7.63;;
5769106;treatment;before visit;2021-03-20 23:59:59+00:00;47.72;;;;8.09;;;6.69;;
5769106;treatment;before visit;2021-03-21 23:59:59+00:00;37.16;;;;6.97;;;8.37;;
5769106;treatment;before visit;2021-03-22 23:59:59+00:00;28.69;;;;7.66;;;6.23;;
5769106;treatment;before visit;2021-03-23 23:59:59+00:00;28.9;;;;7.77;;;6.44;;
5769106;treatment;before visit;2021-03-24 23:59:59+00:00;36.11;;;;7.53;;;5.16;;
5769106;treatment;before visit;2021-03-25 23:59:59+00:00;20.97;;;;8.41;;;2.68;;
5769106;treatment;before visit;2021-03-26 23:59:59+00:00;32.44;;;;8.38;;;5.22;;
5769106;treatment;before visit;2021-03-27 23:59:59+00:00;39.71;;;;10.17;;;3.63;;
5769106;treatment;before visit;2021-03-28 23:59:59+00:00;30.31;;;;7.28;;;6.3;;
5769106;treatment;before visit;2021-03-29 23:59:59+00:00;18.27;;;;9.49;;;2.79;;
5769106;treatment;before visit;2021-03-30 23:59:59+00:00;19.77;;;;9.61;;;2.84;;
5769106;treatment;before visit;2021-03-31 23:59:59+00:00;29.84;;;;9.37;;;3.56;;
5769106;treatment;before visit;2021-04-01 23:59:59+00:00;30.0;;;;10.22;;;2.26;;
5769106;treatment;before visit;2021-04-02 23:59:59+00:00;25.31;;;;9.24;;;3.75;;
5769106;treatment;before visit;2021-04-03 23:59:59+00:00;26.28;;;;8.71;;;3.66;;
5769106;treatment;before visit;2021-04-04 23:59:59+00:00;27.88;;;;8.58;;;4.77;;
5769106;treatment;before visit;2021-04-05 23:59:59+00:00;22.83;;;;9.02;;;3.29;;
5769106;treatment;before visit;2021-04-06 23:59:59+00:00;20.4;;;;9.03;;;3.17;;
5769106;treatment;before visit;2021-04-07 23:59:59+00:00;35.39;;;;7.01;;;7.32;;
5769106;treatment;before visit;2021-04-08 23:59:59+00:00;35.86;;;;8.61;;;4.67;;
5769106;treatment;before visit;2021-04-09 23:59:59+00:00;33.26;;;;9.29;;;3.96;;
5769106;treatment;before visit;2021-04-10 23:59:59+00:00;25.3;;;;9.7;;;2.64;;
5769106;treatment;before visit;2021-04-11 23:59:59+00:00;32.65;;;;9.6;;;3.33;;
5769106;treatment;before visit;2021-04-12 23:59:59+00:00;29.36;;;;9.0;;;4.36;;
5769106;treatment;before visit;2021-04-13 23:59:59+00:00;33.76;;;;7.78;;;6.95;;
5769106;treatment;before visit;2021-04-14 23:59:59+00:00;37.1;;;;9.81;;;3.46;;
5769106;treatment;before visit;2021-04-15 23:59:59+00:00;28.03;;;;7.35;;;6.25;;
5769106;treatment;before visit;2021-04-16 23:59:59+00:00;37.16;;;;8.99;;;4.53;;
5769106;treatment;before visit;2021-04-17 23:59:59+00:00;45.35;;;;9.39;;;4.72;;
5769106;treatment;before visit;2021-04-18 23:59:59+00:00;38.65;;;;8.9;;;5.24;;
5769106;treatment;before visit;2021-04-19 23:59:59+00:00;39.22;;;;10.55;;;3.61;;
5769106;treatment;before visit;2021-04-20 23:59:59+00:00;19.78;;;;9.44;;;3.12;;
5769106;treatment;before visit;2021-04-21 23:59:59+00:00;25.82;;;;8.96;;;3.54;;
5769106;treatment;before visit;2021-04-22 23:59:59+00:00;19.15;;;;9.5;;;2.13;;
5769106;treatment;before visit;2021-04-23 23:59:59+00:00;24.23;;;;9.72;;;3.36;;
5769106;treatment;before visit;2021-04-24 23:59:59+00:00;44.01;;;;9.01;;;5.06;;
5769106;treatment;before visit;2021-04-25 23:59:59+00:00;30.22;;;;9.2;;;3.42;;
5769106;treatment;before visit;2021-04-26 23:59:59+00:00;26.37;;;;10.69;;;2.63;;
5769106;treatment;before visit;2021-04-27 23:59:59+00:00;29.41;;;;10.38;;;2.88;;
5769106;treatment;before visit;2021-04-28 23:59:59+00:00;33.84;;;;10.72;;;2.61;;
5769106;treatment;before visit;2021-04-29 23:59:59+00:00;30.84;;;;10.21;;;2.51;;
5769106;treatment;before visit;2021-04-30 23:59:59+00:00;45.48;;;;8.69;;;5.36;;
5769106;treatment;before visit;2021-05-01 23:59:59+00:00;15.2;;;;8.37;;;2.74;;
5769106;treatment;before visit;2021-05-02 23:59:59+00:00;16.84;;;;7.17;;;4.81;;
5769106;treatment;before visit;2021-05-03 23:59:59+00:00;23.65;;;;8.32;;;3.94;;
5769106;treatment;before visit;2021-05-06 23:59:59+00:00;28.54;;;;9.28;;;3.51;;
5769106;treatment;before visit;2021-05-07 23:59:59+00:00;29.81;;;;9.21;;;4.32;;
5769106;treatment;before visit;2021-05-08 23:59:59+00:00;23.38;;;;8.68;;;2.98;;
5769106;treatment;before visit;2021-05-09 23:59:59+00:00;21.75;;;;8.89;;;2.97;;
5769106;treatment;before visit;2021-05-10 23:59:59+00:00;17.22;;;;9.43;;;2.56;;
5769106;treatment;before visit;2021-05-11 23:59:59+00:00;20.08;;;;9.78;;;2.12;;
5769106;treatment;before visit;2021-05-12 23:59:59+00:00;28.48;;;;9.27;;;2.6;;
5769106;treatment;before visit;2021-05-13 23:59:59+00:00;22.74;;;;8.84;;;3.19;;
5769106;treatment;before visit;2021-05-14 23:59:59+00:00;29.02;;;;9.71;;;2.88;;
5769106;treatment;before visit;2021-05-15 23:59:59+00:00;36.67;;;;10.05;;;2.8;;
5769106;treatment;before visit;2021-05-16 23:59:59+00:00;27.4;;;;9.18;;;3.54;;
5769106;treatment;before visit;2021-05-17 23:59:59+00:00;19.39;;;;9.22;;;2.68;;
5769106;treatment;before visit;2021-05-18 23:59:59+00:00;20.61;;;;9.54;;;3.12;;
5769106;treatment;before visit;2021-05-19 23:59:59+00:00;34.95;;;;10.46;;;2.74;;
5769106;treatment;before visit;2021-05-20 23:59:59+00:00;26.87;;;;8.97;;;3.88;;
5769106;treatment;before visit;2021-05-21 23:59:59+00:00;29.29;;;;9.89;;;2.69;;
5769106;treatment;before visit;2021-05-22 23:59:59+00:00;46.94;;;;8.7;;;4.72;;
5769106;treatment;before visit;2021-05-23 23:59:59+00:00;28.69;;;;9.16;;;2.94;;
5769106;treatment;before visit;2021-05-24 23:59:59+00:00;19.9;;;;9.21;;;2.86;;
5769106;treatment;before visit;2021-05-25 23:59:59+00:00;37.4;;;;9.52;;;3.62;;
5769106;treatment;before visit;2021-05-26 23:59:59+00:00;38.0;;;;9.75;;;2.78;;
5769106;treatment;before visit;2021-05-27 23:59:59+00:00;28.22;;;;9.19;;;3.29;;
5769106;treatment;before visit;2021-05-28 23:59:59+00:00;23.36;;;;9.8;;;2.27;;
5769106;treatment;before visit;2021-05-29 23:59:59+00:00;25.71;;;;9.73;;;2.23;;
5769106;treatment;before visit;2021-05-30 23:59:59+00:00;26.51;;;;9.7;;;2.76;;
5769106;treatment;before visit;2021-05-31 23:59:59+00:00;18.31;;;;9.01;;;2.74;;
5769106;treatment;before visit;2021-06-01 23:59:59+00:00;17.47;;;;9.54;;;2.29;;
5769106;treatment;before visit;2021-06-02 23:59:59+00:00;23.52;;;;9.65;;;1.68;;
5769106;treatment;before visit;2021-06-03 23:59:59+00:00;16.75;;;;10.05;;;1.59;;
5769106;treatment;before visit;2021-06-04 23:59:59+00:00;36.65;;;;10.56;;;2.05;;
5769106;treatment;before visit;2021-06-05 23:59:59+00:00;22.54;;;;9.79;;;2.2;;
5769106;treatment;before visit;2021-06-06 23:59:59+00:00;26.51;;;;9.88;;;2.27;;
5769106;treatment;before visit;2021-06-07 23:59:59+00:00;18.37;;;;10.33;;;1.86;;
5769106;treatment;before visit;2021-06-08 23:59:59+00:00;17.82;;;;9.83;;;1.76;;
5769106;treatment;before visit;2021-06-09 23:59:59+00:00;20.57;;;;9.9;;;1.54;;
5769106;treatment;before visit;2021-06-10 23:59:59+00:00;32.79;;;;10.03;;;1.95;;
5769106;treatment;before visit;2021-06-11 23:59:59+00:00;32.03;;;;10.68;;;1.83;;
5769106;treatment;before visit;2021-06-12 23:59:59+00:00;25.63;;;;10.28;;;1.88;;
5769106;treatment;before visit;2021-06-13 23:59:59+00:00;20.65;;;;8.9;;;2.66;;
5769106;treatment;before visit;2021-06-14 23:59:59+00:00;18.07;;;;9.04;;;2.6;;
5769106;treatment;before visit;2021-06-15 23:59:59+00:00;18.24;;;;9.64;;;1.69;;
5769106;treatment;before visit;2021-06-16 23:59:59+00:00;18.69;;;;9.53;;;1.93;;
5769106;treatment;before visit;2021-06-17 23:59:59+00:00;26.84;;;;10.3;;;1.24;;
5769106;treatment;before visit;2021-06-18 23:59:59+00:00;18.35;;;;9.7;;;1.61;;
5769106;treatment;before visit;2021-06-19 23:59:59+00:00;17.55;;;;9.64;;;1.36;;
5769106;treatment;before visit;2021-06-20 23:59:59+00:00;26.7;;;;9.68;;;1.49;;
5769106;treatment;before visit;2021-06-21 23:59:59+00:00;19.93;;;;8.99;;;3.06;;
5769106;treatment;before visit;2021-06-22 23:59:59+00:00;13.79;;;;9.4;;;1.62;;
5769106;treatment;before visit;2021-06-23 23:59:59+00:00;34.81;;;;11.13;;;1.35;;
5769106;treatment;before visit;2021-06-24 23:59:59+00:00;21.37;;;;9.75;;;2.55;;
5769106;treatment;before visit;2021-06-25 23:59:59+00:00;15.02;;;;9.47;;;1.01;;
5769106;treatment;before visit;2021-06-26 23:59:59+00:00;26.19;;;;9.29;;;2.01;;
5769106;treatment;before visit;2021-06-27 23:59:59+00:00;28.39;;;;8.7;;;2.38;;
5769106;treatment;before visit;2021-06-28 23:59:59+00:00;15.66;;;;9.89;;;0.99;;
5769106;treatment;before visit;2021-06-29 23:59:59+00:00;28.98;;;;9.52;;;1.98;;
5769106;treatment;before visit;2021-06-30 23:59:59+00:00;24.04;;;;9.44;;;1.51;;
5769106;treatment;before visit;2021-07-01 23:59:59+00:00;14.37;;;;9.6;;;1.51;;
5769106;treatment;before visit;2021-07-02 23:59:59+00:00;33.24;;;;10.2;;;1.94;;
5769106;treatment;before visit;2021-07-03 23:59:59+00:00;17.02;;;;9.24;;;1.94;;
5769106;treatment;before visit;2021-07-04 23:59:59+00:00;30.96;;;;9.5;;;2.26;;
5769106;treatment;before visit;2021-07-05 23:59:59+00:00;13.26;;;;9.28;;;1.43;;
5769106;treatment;before visit;2021-07-06 23:59:59+00:00;22.67;;;;9.37;;;1.66;;
5769106;treatment;before visit;2021-07-07 23:59:59+00:00;25.42;;;;9.35;;;1.08;;
5769106;treatment;before visit;2021-07-08 23:59:59+00:00;21.73;;;;9.12;;;2.5;;
5769106;treatment;before visit;2021-07-09 23:59:59+00:00;19.22;;;;9.12;;;1.87;;
5769106;treatment;before visit;2021-07-10 23:59:59+00:00;26.68;;;;10.04;;;1.14;;
5769106;treatment;before visit;2021-07-11 23:59:59+00:00;22.61;;;;8.4;;;2.89;;
5769106;treatment;before visit;2021-07-12 23:59:59+00:00;21.57;;;;9.78;;;1.48;;
5769106;treatment;before visit;2021-07-13 23:59:59+00:00;23.6;;;;9.0;;;2.18;;
5769106;treatment;before visit;2021-07-14 23:59:59+00:00;19.66;;;;9.58;;;1.56;;
5769106;treatment;before visit;2021-07-15 23:59:59+00:00;33.92;;;;10.17;;;2.22;;
5769106;treatment;before visit;2021-07-16 23:59:59+00:00;25.11;;;;10.15;;;1.19;;
5769106;treatment;before visit;2021-07-17 23:59:59+00:00;17.81;;;;8.06;;;2.89;;
5769106;treatment;before visit;2021-07-18 23:59:59+00:00;4.96;;;;8.14;;;0.14;;
5769106;treatment;before visit;2021-07-19 23:59:59+00:00;5.93;;;;7.93;;;0.58;;
5769106;treatment;before visit;2021-07-20 23:59:59+00:00;4.92;;;;8.13;;;0.16;;
5769106;treatment;before visit;2021-07-21 23:59:59+00:00;6.1;;;;8.0;;;0.63;;
5769106;treatment;before visit;2021-07-22 23:59:59+00:00;4.93;;;;8.13;;;0.14;;
5769106;treatment;before visit;2021-07-23 23:59:59+00:00;4.92;;;;8.11;;;0.16;;
5769106;treatment;before visit;2021-07-24 23:59:59+00:00;5.66;;;;7.93;;;0.49;;
5769106;treatment;before visit;2021-07-25 23:59:59+00:00;5.31;;;;8.15;;;0.16;;
5769106;treatment;before visit;2021-07-26 23:59:59+00:00;6.48;;;;7.95;;;0.64;;
5769106;treatment;before visit;2021-07-27 23:59:59+00:00;5.14;;;;8.12;;;0.18;;
5769106;treatment;before visit;2021-07-28 23:59:59+00:00;6.68;;;;8.03;;;0.75;;
5769106;treatment;before visit;2021-07-29 23:59:59+00:00;4.89;;;;8.08;;;0.14;;
5769106;treatment;before visit;2021-07-30 23:59:59+00:00;10.32;;;;8.51;;;0.66;;
5769106;treatment;before visit;2021-07-31 23:59:59+00:00;30.61;;;;9.18;;;1.99;;
5769106;treatment;before visit;2021-08-01 23:59:59+00:00;35.17;;;;10.07;;;2.29;;
5769106;treatment;before visit;2021-08-02 23:59:59+00:00;16.54;;;;9.03;;;1.28;;
5769106;treatment;before visit;2021-08-03 23:59:59+00:00;19.08;;;;9.14;;;2.05;;
5769106;treatment;before visit;2021-08-04 23:59:59+00:00;21.37;;;;9.47;;;1.35;;
5769106;treatment;before visit;2021-08-05 23:59:59+00:00;25.6;;;;9.52;;;1.72;;
5769106;treatment;before visit;2021-08-06 23:59:59+00:00;21.3;;;;10.2;;;1.41;;
5769106;treatment;before visit;2021-08-07 23:59:59+00:00;21.32;;;;9.11;;;2.72;;
5769106;treatment;before visit;2021-08-08 23:59:59+00:00;27.93;;;;9.67;;;1.13;;
5769106;treatment;before visit;2021-08-09 23:59:59+00:00;37.23;;;;10.22;;;2.0;;
5769106;treatment;before visit;2021-08-10 23:59:59+00:00;27.65;;;;9.92;;;1.55;;
5769106;treatment;before visit;2021-08-11 23:59:59+00:00;21.04;;;;9.75;;;1.35;;
5769106;treatment;before visit;2021-08-12 23:59:59+00:00;29.64;;;;10.51;;;1.4;;
5769106;treatment;before visit;2021-08-13 23:59:59+00:00;22.32;;;;9.11;;;2.01;;
5769106;treatment;before visit;2021-08-14 23:59:59+00:00;13.83;;;;9.38;;;0.92;;
5769106;treatment;before visit;2021-08-15 23:59:59+00:00;13.61;;;;9.42;;;0.84;;
5769106;treatment;before visit;2021-08-16 23:59:59+00:00;16.13;;;;9.29;;;1.61;;
5769106;treatment;before visit;2021-08-17 23:59:59+00:00;28.75;;;;10.46;;;1.3;;
5769106;treatment;before visit;2021-08-18 23:59:59+00:00;32.39;;;;10.23;;;1.69;;
5769106;treatment;before visit;2021-08-19 23:59:59+00:00;26.89;;;;10.09;;;1.38;;
5769106;treatment;before visit;2021-08-20 23:59:59+00:00;23.7;;;;9.98;;;1.59;;
5769106;treatment;before visit;2021-08-21 23:59:59+00:00;24.24;;;;10.6;;;1.25;;
5769106;treatment;before visit;2021-08-22 23:59:59+00:00;21.06;;;;9.19;;;2.05;;
5769106;treatment;before visit;2021-08-23 23:59:59+00:00;14.12;;;;9.81;;;1.26;;
5769106;treatment;before visit;2021-08-24 23:59:59+00:00;17.03;;;;9.65;;;1.4;;
5769106;treatment;before visit;2021-08-25 23:59:59+00:00;23.19;;;;8.77;;;3.06;;
5769106;treatment;before visit;2021-08-26 23:59:59+00:00;27.26;;;;10.32;;;0.99;;
5769106;treatment;before visit;2021-08-27 23:59:59+00:00;18.55;;;;9.61;;;1.56;;
5769106;treatment;before visit;2021-08-28 23:59:59+00:00;31.06;;;;10.35;;;1.92;;
5769106;treatment;before visit;2021-08-29 23:59:59+00:00;28.34;;;;9.34;;;2.62;;
5769106;treatment;before visit;2021-08-30 23:59:59+00:00;15.71;;;;9.85;;;1.22;;
5769106;treatment;before visit;2021-08-31 23:59:59+00:00;17.85;;;;9.99;;;0.88;;
5769106;treatment;before visit;2021-09-01 23:59:59+00:00;28.09;;;;10.05;;;2.61;;
5769106;treatment;before visit;2021-09-02 23:59:59+00:00;19.56;;;;9.66;;;1.68;;
5769106;treatment;before visit;2021-09-03 23:59:59+00:00;23.54;;;;9.94;;;2.31;;
5769106;treatment;before visit;2021-09-04 23:59:59+00:00;36.07;;;;10.46;;;1.89;;
5769106;treatment;before visit;2021-09-05 23:59:59+00:00;20.24;;;;10.01;;;1.2;;
5769106;treatment;before visit;2021-09-06 23:59:59+00:00;14.35;;;;9.48;;;1.27;;
5769106;treatment;before visit;2021-09-07 23:59:59+00:00;13.26;;;;9.47;;;1.09;;
5769106;treatment;before visit;2021-09-08 23:59:59+00:00;32.15;;;;9.71;;;2.01;;
5769106;treatment;before visit;2021-09-09 23:59:59+00:00;26.35;;;;10.75;;;1.18;;
5769106;treatment;before visit;2021-09-10 23:59:59+00:00;17.77;;;;9.79;;;1.0;;
5769106;treatment;before visit;2021-09-11 23:59:59+00:00;28.42;;;;10.21;;;1.47;;
5769106;treatment;before visit;2021-09-12 23:59:59+00:00;22.24;;;;9.66;;;1.51;;
5769106;treatment;before visit;2021-09-13 23:59:59+00:00;14.55;;;;9.65;;;1.09;;
5769106;treatment;before visit;2021-09-14 23:59:59+00:00;16.24;;;;10.27;;;1.34;;
5769106;treatment;before visit;2021-09-15 23:59:59+00:00;32.9;;;;9.94;;;1.91;;
5769106;treatment;before visit;2021-09-16 23:59:59+00:00;19.2;;;;10.16;;;1.27;;
5769106;treatment;before visit;2021-09-17 23:59:59+00:00;18.67;;;;10.04;;;1.57;;
5769106;treatment;before visit;2021-09-18 23:59:59+00:00;23.8;;;;9.68;;;1.4;;
5769106;treatment;before visit;2021-09-19 23:59:59+00:00;22.2;;;;9.74;;;1.9;;
5769106;treatment;before visit;2021-09-20 23:59:59+00:00;29.97;;;;10.41;;;1.18;;
5769106;treatment;before visit;2021-09-21 23:59:59+00:00;15.72;;;;9.61;;;1.92;;
5769106;treatment;before visit;2021-09-22 23:59:59+00:00;25.22;;;;9.22;;;1.87;;
5769106;treatment;before visit;2021-09-23 23:59:59+00:00;15.02;;;;9.26;;;1.45;;
5769106;treatment;before visit;2021-09-24 23:59:59+00:00;22.06;;;;10.54;;;1.84;;
5769106;treatment;before visit;2021-09-25 23:59:59+00:00;31.82;;;;10.28;;;1.9;;
5769106;treatment;before visit;2021-09-26 23:59:59+00:00;22.79;;;;10.12;;;1.85;;
5769106;treatment;before visit;2021-09-27 23:59:59+00:00;19.77;;;;9.66;;;2.38;;
5769106;treatment;before visit;2021-09-28 23:59:59+00:00;19.34;;;;10.66;;;0.82;;
5769106;treatment;before visit;2021-09-29 23:59:59+00:00;28.07;;;;9.97;;;1.57;;
5769106;treatment;before visit;2021-09-30 23:59:59+00:00;19.43;;;;9.09;;;2.41;;
5769106;treatment;before visit;2021-10-01 23:59:59+00:00;26.37;;;;10.39;;;0.99;;
5769106;treatment;before visit;2021-10-02 23:59:59+00:00;34.02;;;;10.99;;;1.2;;
5769106;treatment;before visit;2021-10-03 23:59:59+00:00;34.38;;;;10.28;;;2.19;;
5769106;treatment;before visit;2021-10-04 23:59:59+00:00;14.6;;;;9.13;;;1.63;;
5769106;treatment;before visit;2021-10-05 23:59:59+00:00;15.56;;;;9.03;;;1.41;;
5769106;treatment;before visit;2021-10-06 23:59:59+00:00;21.05;;;;9.46;;;1.99;;
5769106;treatment;before visit;2021-10-07 23:59:59+00:00;35.18;;;;9.45;;;2.52;;
5769106;treatment;before visit;2021-10-08 23:59:59+00:00;24.04;;;;9.23;;;1.89;;
5769106;treatment;before visit;2021-10-09 23:59:59+00:00;30.6;;;;9.54;;;2.17;;
5769106;treatment;before visit;2021-10-10 23:59:59+00:00;27.67;;;;8.76;;;3.29;;
5769106;treatment;before visit;2021-10-11 23:59:59+00:00;20.17;;;;9.57;;;2.13;;
5769106;treatment;before visit;2021-10-12 23:59:59+00:00;31.88;;;;10.24;;;2.01;;
5769106;treatment;before visit;2021-10-13 23:59:59+00:00;35.35;;;;8.67;;;4.5;;
5769106;treatment;before visit;2021-10-14 23:59:59+00:00;14.2;;;;7.96;;;2.71;;
5769106;treatment;before visit;2021-10-15 23:59:59+00:00;10.94;;;;8.01;;;2.29;;
5769106;treatment;before visit;2021-10-16 23:59:59+00:00;10.39;;;;8.1;;;2.1;;
5769106;treatment;before visit;2021-10-17 23:59:59+00:00;19.58;;;;8.45;;;2.76;;
5769106;treatment;before visit;2021-10-18 23:59:59+00:00;30.51;;;;9.45;;;2.58;;
5769106;treatment;before visit;2021-10-19 23:59:59+00:00;24.96;;;;7.52;;;1.73;;
5769106;treatment;before visit;2021-10-20 23:59:59+00:00;22.46;;;;7.6;;;2.16;;
5769106;treatment;before visit;2021-10-21 23:59:59+00:00;37.82;;;;8.8;;;2.49;;
5769106;treatment;before visit;2021-10-22 23:59:59+00:00;40.53;;;;8.97;;;2.62;;
5769106;treatment;before visit;2021-10-23 23:59:59+00:00;30.63;;;;8.8;;;3.2;;
5769106;treatment;before visit;2021-10-24 23:59:59+00:00;33.56;;;;9.64;;;3.02;;
5769106;treatment;before visit;2021-10-25 23:59:59+00:00;20.51;;;;8.84;;;3.13;;
5769106;treatment;before visit;2021-10-26 23:59:59+00:00;23.85;;;;9.77;;;1.66;;
5769106;treatment;before visit;2021-10-27 23:59:59+00:00;41.53;;;;8.99;;;3.82;;
5769106;treatment;before visit;2021-10-28 23:59:59+00:00;21.35;;;;9.16;;;2.74;;
5769106;treatment;before visit;2021-10-29 23:59:59+00:00;19.57;;;;9.26;;;2.32;;
5769106;treatment;before visit;2021-10-30 23:59:59+00:00;29.54;;;;7.85;;;5.41;;
5769106;treatment;before visit;2021-10-31 23:59:59+00:00;35.81;;;;9.45;;;3.48;;
5769106;treatment;before visit;2021-11-01 23:59:59+00:00;18.37;;;;8.84;;;2.26;;
5769106;treatment;before visit;2021-11-02 23:59:59+00:00;29.82;;;;8.28;;;4.31;;
5769106;treatment;before visit;2021-11-03 23:59:59+00:00;39.27;;;;8.83;;;4.04;;
5769106;treatment;before visit;2021-11-04 23:59:59+00:00;43.63;;;;7.62;;;5.76;;
5769106;treatment;before visit;2021-11-05 23:59:59+00:00;25.57;;;;8.06;;;4.59;;
5769106;treatment;before visit;2021-11-06 23:59:59+00:00;31.01;;;;8.02;;;5.44;;
5769106;treatment;before visit;2021-11-07 23:59:59+00:00;38.32;;;;8.24;;;4.62;;
5769106;treatment;before visit;2021-11-08 23:59:59+00:00;24.05;;;;8.16;;;4.22;;
5769106;treatment;before visit;2021-11-09 23:59:59+00:00;32.61;;;;7.0;;;4.34;;
5769106;treatment;before visit;2021-11-10 23:59:59+00:00;41.82;;;;7.25;;;5.2;;
5769106;treatment;before visit;2021-11-11 23:59:59+00:00;28.02;;;;6.83;;;6.13;;
5769106;treatment;before visit;2021-11-12 23:59:59+00:00;23.14;;;;8.22;;;3.55;;
5769106;treatment;before visit;2021-11-13 23:59:59+00:00;32.17;;;;7.61;;;6.21;;
5769106;treatment;before visit;2021-11-14 23:59:59+00:00;38.59;;;;9.03;;;3.94;;
5769106;treatment;before visit;2021-11-15 23:59:59+00:00;36.93;;;;7.01;;;7.64;;
5769106;treatment;before visit;2021-11-16 23:59:59+00:00;33.67;;;;9.03;;;3.86;;
5769106;treatment;before visit;2021-11-17 23:59:59+00:00;53.47;;;;8.04;;;5.77;;
5769106;treatment;before visit;2021-11-18 23:59:59+00:00;24.88;;;;7.16;;;5.13;;
5769106;treatment;before visit;2021-11-19 23:59:59+00:00;39.93;;;;7.6;;;6.29;;
5769106;treatment;before visit;2021-11-20 23:59:59+00:00;50.63;;;;7.43;;;6.71;;
5769106;treatment;before visit;2021-11-21 23:59:59+00:00;48.27;;;;8.99;;;4.62;;
5769106;treatment;before visit;2021-11-22 23:59:59+00:00;31.16;;;;7.23;;;6.57;;
5769106;treatment;before visit;2021-11-23 23:59:59+00:00;45.44;;;;6.42;;;7.8;;
5769106;treatment;before visit;2021-11-24 23:59:59+00:00;49.77;;;;7.58;;;6.21;;
5769106;treatment;before visit;2021-11-25 23:59:59+00:00;39.09;;;;7.85;;;6.36;;
5769106;treatment;before visit;2021-11-26 23:59:59+00:00;38.08;;;;6.93;;;7.87;;
5769106;treatment;before visit;2021-11-27 23:59:59+00:00;38.61;;;;7.94;;;5.83;;
5769106;treatment;before visit;2021-11-28 23:59:59+00:00;43.41;;;;8.14;;;7.38;;
5769106;treatment;before visit;2021-11-29 23:59:59+00:00;30.05;;;;8.73;;;4.81;;
5769106;treatment;before visit;2021-11-30 23:59:59+00:00;47.06;;;;7.17;;;7.79;;
5769106;treatment;before visit;2021-12-01 23:59:59+00:00;33.09;;;;8.84;;;5.41;;
5769106;treatment;before visit;2021-12-02 23:59:59+00:00;30.62;;;;8.34;;;5.09;;
5769106;treatment;before visit;2021-12-03 23:59:59+00:00;40.17;;;;7.43;;;6.84;;
5769106;treatment;before visit;2021-12-04 23:59:59+00:00;35.09;;;;8.24;;;5.33;;
5769106;treatment;before visit;2021-12-05 23:59:59+00:00;34.71;;;;8.1;;;6.07;;
5769106;treatment;before visit;2021-12-06 23:59:59+00:00;30.54;;;;7.68;;;5.86;;
5769106;treatment;before visit;2021-12-07 23:59:59+00:00;36.88;;;;7.32;;;7.67;;
5769106;treatment;before visit;2021-12-08 23:59:59+00:00;35.94;;;;7.88;;;5.83;;
5769106;treatment;before visit;2021-12-09 23:59:59+00:00;36.42;;;;7.75;;;6.45;;
5769106;treatment;before visit;2021-12-10 23:59:59+00:00;51.43;;;;7.74;;;7.14;;
5769106;treatment;before visit;2021-12-11 23:59:59+00:00;70.04;;;;7.48;;;7.85;;
5769106;treatment;before visit;2021-12-12 23:59:59+00:00;42.52;;;;7.29;;;7.23;;
5769106;treatment;before visit;2021-12-13 23:59:59+00:00;28.78;;;;8.11;;;5.22;;
5769106;treatment;before visit;2021-12-14 23:59:59+00:00;40.97;;;;7.39;;;7.09;;
5769106;treatment;before visit;2021-12-15 23:59:59+00:00;35.44;;;;7.57;;;6.83;;
5769106;treatment;before visit;2021-12-16 23:59:59+00:00;40.32;;;;6.73;;;8.27;;
5769106;treatment;before visit;2021-12-17 23:59:59+00:00;42.87;;;;8.32;;;5.92;;
5769106;treatment;before visit;2021-12-18 23:59:59+00:00;52.35;;;;7.63;;;7.35;;
5769106;treatment;before visit;2021-12-19 23:59:59+00:00;43.24;;;;7.54;;;7.27;;
5769106;treatment;before visit;2021-12-20 23:59:59+00:00;49.85;;;;8.51;;;6.21;;
5769106;treatment;before visit;2021-12-21 23:59:59+00:00;50.41;;;;7.04;;;7.62;;
5769106;treatment;before visit;2021-12-22 23:59:59+00:00;48.91;;;;7.78;;;7.3;;
5769106;treatment;before visit;2021-12-23 23:59:59+00:00;42.68;;;;7.98;;;6.59;;
5769106;treatment;before visit;2021-12-24 23:59:59+00:00;45.34;;;;7.32;;;7.01;;
5769106;treatment;before visit;2021-12-25 23:59:59+00:00;60.32;;;;8.39;;;6.84;;
5769106;treatment;before visit;2021-12-26 23:59:59+00:00;46.64;;;;8.53;;;5.55;;
5769106;treatment;before visit;2021-12-27 23:59:59+00:00;52.47;;;;9.1;;;5.78;;
5769106;treatment;before visit;2021-12-28 23:59:59+00:00;45.68;;;;9.14;;;5.04;;
5769106;treatment;before visit;2021-12-29 23:59:59+00:00;40.51;;;;9.32;;;4.62;;
5769106;treatment;before visit;2021-12-30 23:59:59+00:00;36.09;;;;8.83;;;4.68;;
5769106;treatment;before visit;2021-12-31 23:59:59+00:00;44.77;;;;9.18;;;4.6;;
5769106;treatment;before visit;2022-01-01 23:59:59+00:00;28.82;;;;8.8;;;4.14;;
5769106;treatment;before visit;2022-01-02 23:59:59+00:00;42.92;;;;8.38;;;5.57;;
5769106;treatment;before visit;2022-01-03 23:59:59+00:00;35.72;;;;10.07;;;3.65;;
5769106;treatment;before visit;2022-01-04 23:59:59+00:00;31.13;;;;9.67;;;3.59;;
5769106;treatment;before visit;2022-01-05 23:59:59+00:00;46.04;;;;7.33;;;7.78;;
5769106;treatment;before visit;2022-01-06 23:59:59+00:00;36.47;;;;7.46;;;6.72;;
5769106;treatment;before visit;2022-01-07 23:59:59+00:00;48.59;;;;7.02;;;8.02;;
5769106;treatment;before visit;2022-01-08 23:59:59+00:00;55.52;;;;8.04;;;7.37;;
5769106;treatment;before visit;2022-01-09 23:59:59+00:00;41.5;;;;8.57;;;5.88;;
5769106;treatment;before visit;2022-01-10 23:59:59+00:00;39.0;;;;8.19;;;6.46;;
5769106;treatment;before visit;2022-01-11 23:59:59+00:00;40.25;;;;8.84;;;6.1;;
5769106;treatment;before visit;2022-01-12 23:59:59+00:00;59.88;;;;7.64;;;7.82;;
5769106;treatment;before visit;2022-01-13 23:59:59+00:00;33.9;;;;7.55;;;6.95;;
5769106;treatment;before visit;2022-01-14 23:59:59+00:00;40.42;;;;8.04;;;6.1;;
5769106;treatment;before visit;2022-01-15 23:59:59+00:00;41.07;;;;7.36;;;7.13;;
5769106;treatment;before visit;2022-01-16 23:59:59+00:00;42.72;;;;8.43;;;5.64;;
5769106;treatment;before visit;2022-01-17 23:59:59+00:00;28.97;;;;8.59;;;4.93;;
5769106;treatment;before visit;2022-01-18 23:59:59+00:00;33.07;;;;7.1;;;7.2;;
5769106;treatment;before visit;2022-01-19 23:59:59+00:00;57.3;;;;7.69;;;7.28;;
5769106;treatment;before visit;2022-01-20 23:59:59+00:00;29.55;;;;7.41;;;5.92;;
5769106;treatment;before visit;2022-01-21 23:59:59+00:00;42.99;;;;7.38;;;7.57;;
5769106;treatment;before visit;2022-01-22 23:59:59+00:00;36.37;;;;7.71;;;6.05;;
5769106;treatment;before visit;2022-01-23 23:59:59+00:00;41.09;;;;6.22;;;9.35;;
5769106;treatment;before visit;2022-01-24 23:59:59+00:00;32.5;;;;7.1;;;7.23;;
5769106;treatment;before visit;2022-01-25 23:59:59+00:00;29.52;;;;7.33;;;6.42;;
5769106;treatment;before visit;2022-01-26 23:59:59+00:00;33.52;;;;7.6;;;6.51;;
5769106;treatment;before visit;2022-01-27 23:59:59+00:00;31.73;;;;7.84;;;6.36;;
5769106;treatment;before visit;2022-01-28 23:59:59+00:00;29.72;;;;8.43;;;4.94;;
5769106;treatment;before visit;2022-01-29 23:59:59+00:00;34.87;;;;6.61;;;7.67;;
5769106;treatment;before visit;2022-01-30 23:59:59+00:00;29.22;;;;8.09;;;5.2;;
5769106;treatment;before visit;2022-01-31 23:59:59+00:00;35.31;;;;6.95;;;7.99;;
5769106;treatment;before visit;2022-02-01 23:59:59+00:00;33.62;;;;5.87;;;8.08;;
5769106;treatment;before visit;2022-02-02 23:59:59+00:00;41.51;;;;6.42;;;7.72;;
5769106;treatment;before visit;2022-02-03 23:59:59+00:00;26.25;;;;7.76;;;5.57;;
5769106;treatment;before visit;2022-02-04 23:59:59+00:00;36.35;;;;7.26;;;6.89;;
5769106;treatment;before visit;2022-02-05 23:59:59+00:00;32.69;;;;7.55;;;6.57;;
5769106;treatment;before visit;2022-02-06 23:59:59+00:00;36.44;;;;7.26;;;7.02;;
5769106;treatment;before visit;2022-02-07 23:59:59+00:00;27.15;;;;8.46;;;5.53;;
5769106;treatment;before visit;2022-02-08 23:59:59+00:00;25.71;;;;8.43;;;4.97;;
5769106;treatment;before visit;2022-02-09 23:59:59+00:00;30.87;;;;7.81;;;5.56;;
5769106;treatment;before visit;2022-02-10 23:59:59+00:00;21.7;;;;9.14;;;3.35;;
5769106;treatment;before visit;2022-02-11 23:59:59+00:00;26.93;;;;8.35;;;4.75;;
5769106;treatment;before visit;2022-02-12 23:59:59+00:00;36.97;;;;6.42;;;8.52;;
5769106;treatment;before visit;2022-02-13 23:59:59+00:00;27.05;;;;7.81;;;5.41;;
5769106;treatment;before visit;2022-02-14 23:59:59+00:00;27.91;;;;8.55;;;5.0;;
5769106;treatment;before visit;2022-02-15 23:59:59+00:00;33.97;;;;8.27;;;6.35;;
5769106;treatment;before visit;2022-02-16 23:59:59+00:00;40.72;;;;6.87;;;7.74;;
5769106;treatment;before visit;2022-02-17 23:59:59+00:00;26.64;;;;9.36;;;3.62;;
5769106;treatment;before visit;2022-02-18 23:59:59+00:00;27.7;;;;9.08;;;4.03;;
5769106;treatment;before visit;2022-02-19 23:59:59+00:00;32.59;;;;6.46;;;8.39;;
5769106;treatment;before visit;2022-02-20 23:59:59+00:00;16.41;;;;7.86;;;4.15;;
5769106;treatment;before visit;2022-02-21 23:59:59+00:00;22.29;;;;6.48;;;7.09;;
5769106;treatment;before visit;2022-02-22 23:59:59+00:00;26.26;;;;7.57;;;6.07;;
5769106;treatment;before visit;2022-02-23 23:59:59+00:00;28.99;;;;8.1;;;5.31;;
5769106;treatment;before visit;2022-02-24 23:59:59+00:00;26.76;;;;8.67;;;4.24;;
5769106;treatment;before visit;2022-02-25 23:59:59+00:00;28.89;;;;7.41;;;5.77;;
5769106;treatment;before visit;2022-02-26 23:59:59+00:00;35.93;;;;7.72;;;5.88;;
5769106;treatment;before visit;2022-02-27 23:59:59+00:00;24.25;;;;7.4;;;5.25;;
5769106;treatment;before visit;2022-02-28 23:59:59+00:00;30.1;;;;7.86;;;6.23;;
5769106;treatment;before visit;2022-03-01 23:59:59+00:00;19.43;;;;9.06;;;2.98;;
5769106;treatment;before visit;2022-03-02 23:59:59+00:00;34.03;;;;8.41;;;5.97;;
5769106;treatment;before visit;2022-03-03 23:59:59+00:00;26.55;;;;8.6;;;4.71;;
5769106;treatment;before visit;2022-03-04 23:59:59+00:00;27.74;;;;8.57;;;4.33;;
5769106;treatment;before visit;2022-03-05 23:59:59+00:00;33.23;;;;7.27;;;7.21;;
5769106;treatment;before visit;2022-03-06 23:59:59+00:00;33.35;;;;7.43;;;7.15;;
5769106;treatment;before visit;2022-03-07 23:59:59+00:00;26.6;;;;8.05;;;5.21;;
5769106;treatment;before visit;2022-03-08 23:59:59+00:00;30.58;;;;7.72;;;6.09;;
5769106;treatment;before visit;2022-03-09 23:59:59+00:00;32.88;;;;7.93;;;6.19;;
5769106;treatment;before visit;2022-03-10 23:59:59+00:00;21.53;;;;8.85;;;3.51;;
5769106;treatment;before visit;2022-03-11 23:59:59+00:00;33.05;;;;8.24;;;5.38;;
5769106;treatment;before visit;2022-03-12 23:59:59+00:00;29.96;;;;7.27;;;7.09;;
5769106;treatment;before visit;2022-03-13 23:59:59+00:00;32.06;;;;8.03;;;5.3;;
5769106;treatment;before visit;2022-03-14 23:59:59+00:00;21.01;;;;9.81;;;2.8;;
5769106;treatment;before visit;2022-03-15 23:59:59+00:00;24.42;;;;9.02;;;3.61;;
5769106;treatment;before visit;2022-03-16 23:59:59+00:00;34.69;;;;7.79;;;6.88;;
5769106;treatment;before visit;2022-03-17 23:59:59+00:00;21.4;;;;8.88;;;3.25;;
5769106;treatment;before visit;2022-03-18 23:59:59+00:00;25.54;;;;9.39;;;3.64;;
5769106;treatment;before visit;2022-03-19 23:59:59+00:00;29.62;;;;7.89;;;5.77;;
5769106;treatment;before visit;2022-03-20 23:59:59+00:00;22.4;;;;8.72;;;3.86;;
5769106;treatment;before visit;2022-03-21 23:59:59+00:00;20.52;;;;9.24;;;3.37;;
5769106;treatment;before visit;2022-03-22 23:59:59+00:00;26.26;;;;8.87;;;4.73;;
5769106;treatment;before visit;2022-03-23 23:59:59+00:00;30.23;;;;8.21;;;5.81;;
5769106;treatment;before visit;2022-03-24 23:59:59+00:00;23.76;;;;9.34;;;2.75;;
5769106;treatment;before visit;2022-03-25 23:59:59+00:00;18.8;;;;9.83;;;1.85;;
5769106;treatment;before visit;2022-03-26 23:59:59+00:00;29.68;;;;8.47;;;4.9;;
5769106;treatment;before visit;2022-03-27 23:59:59+00:00;21.62;;;;8.32;;;3.92;;
5769106;treatment;before visit;2022-03-28 23:59:59+00:00;21.36;;;;9.69;;;3.08;;
5769106;treatment;before visit;2022-03-29 23:59:59+00:00;18.79;;;;9.97;;;1.74;;
5769106;treatment;before visit;2022-03-30 23:59:59+00:00;29.38;;;;8.98;;;3.73;;
5769106;treatment;before visit;2022-03-31 23:59:59+00:00;24.23;;;;8.81;;;3.89;;
5769106;treatment;before visit;2022-04-01 23:59:59+00:00;34.64;;;;7.59;;;6.16;;
5769106;treatment;before visit;2022-04-02 23:59:59+00:00;33.25;;;;7.35;;;7.0;;
5769106;treatment;before visit;2022-04-03 23:59:59+00:00;36.78;;;;7.53;;;7.38;;
5769106;treatment;before visit;2022-04-04 23:59:59+00:00;23.04;;;;7.94;;;4.84;;
5769106;treatment;before visit;2022-04-05 23:59:59+00:00;20.27;;;;8.59;;;3.97;;
5769106;treatment;before visit;2022-04-06 23:59:59+00:00;26.52;;;;8.06;;;4.43;;
5769106;treatment;before visit;2022-04-07 23:59:59+00:00;27.99;;;;7.59;;;6.55;;
5769106;treatment;before visit;2022-04-08 23:59:59+00:00;31.03;;;;7.87;;;4.94;;
5769106;treatment;before visit;2022-04-09 23:59:59+00:00;29.09;;;;7.66;;;5.79;;
5769106;treatment;before visit;2022-04-10 23:59:59+00:00;27.59;;;;8.1;;;5.31;;
5769106;treatment;before visit;2022-04-11 23:59:59+00:00;18.55;;;;9.21;;;2.82;;
5769106;treatment;before visit;2022-04-12 23:59:59+00:00;21.25;;;;9.38;;;3.31;;
5769106;treatment;before visit;2022-04-13 23:59:59+00:00;24.03;;;;9.49;;;2.53;;
5769106;treatment;before visit;2022-04-14 23:59:59+00:00;17.76;;;;9.94;;;1.57;;
5769106;treatment;before visit;2022-04-15 23:59:59+00:00;31.32;;;;9.36;;;4.55;;
5769106;treatment;before visit;2022-04-16 23:59:59+00:00;25.02;;;;10.06;;;2.86;;
5769106;treatment;before visit;2022-04-17 23:59:59+00:00;16.55;;;;7.57;;;4.27;;
5769106;treatment;before visit;2022-04-18 23:59:59+00:00;13.02;;;;7.7;;;3.26;;
5769106;treatment;before visit;2022-04-19 23:59:59+00:00;10.34;;;;8.12;;;2.14;;
5769106;treatment;before visit;2022-04-20 23:59:59+00:00;17.12;;;;8.58;;;3.23;;
5769106;treatment;before visit;2022-04-21 23:59:59+00:00;20.95;;;;8.96;;;3.17;;
5769106;treatment;before visit;2022-04-22 23:59:59+00:00;29.15;;;;8.44;;;4.21;;
5769106;treatment;before visit;2022-04-23 23:59:59+00:00;22.5;;;;8.1;;;3.13;;
5769106;treatment;before visit;2022-04-24 23:59:59+00:00;31.14;;;;7.69;;;4.29;;
5769106;treatment;before visit;2022-04-25 23:59:59+00:00;20.97;;;;8.36;;;3.02;;
5769106;treatment;before visit;2022-04-26 23:59:59+00:00;22.42;;;;8.59;;;3.14;;
5769106;treatment;before visit;2022-04-27 23:59:59+00:00;20.83;;;;8.0;;;3.11;;
5769106;treatment;before visit;2022-04-28 23:59:59+00:00;21.18;;;;8.16;;;3.52;;
5769106;treatment;before visit;2022-04-29 23:59:59+00:00;24.71;;;;8.77;;;2.84;;
5769106;treatment;before visit;2022-04-30 23:59:59+00:00;22.55;;;;9.16;;;3.18;;
5769106;treatment;before visit;2022-05-01 23:59:59+00:00;26.54;;;;8.62;;;3.83;;
5769106;treatment;before visit;2022-05-02 23:59:59+00:00;13.87;;;;9.41;;;1.59;;
5769106;treatment;before visit;2022-05-03 23:59:59+00:00;12.99;;;;9.19;;;2.04;;
5769106;treatment;before visit;2022-05-04 23:59:59+00:00;20.83;;;;8.69;;;2.47;;
5769106;treatment;before visit;2022-05-05 23:59:59+00:00;16.17;;;;9.32;;;2.07;;
5769106;treatment;before visit;2022-05-06 23:59:59+00:00;21.84;;;;8.67;;;2.54;;
5769106;treatment;before visit;2022-05-07 23:59:59+00:00;27.34;;;;8.41;;;4.3;;
5769106;treatment;before visit;2022-05-08 23:59:59+00:00;20.47;;;;10.05;;;1.85;;
5769106;treatment;before visit;2022-05-09 23:59:59+00:00;19.41;;;;9.76;;;2.55;;
5769106;treatment;before visit;2022-05-10 23:59:59+00:00;14.83;;;;10.22;;;1.09;;
5769106;treatment;before visit;2022-05-11 23:59:59+00:00;18.4;;;;9.6;;;2.59;;
5769106;treatment;before visit;2022-05-12 23:59:59+00:00;19.06;;;;9.64;;;2.45;;
5769106;treatment;before visit;2022-05-13 23:59:59+00:00;23.82;;;;9.78;;;1.88;;
5769106;treatment;before visit;2022-05-14 23:59:59+00:00;16.68;;;;10.0;;;2.05;;
5769106;treatment;before visit;2022-05-15 23:59:59+00:00;22.22;;;;10.01;;;1.96;;
5769106;treatment;before visit;2022-05-16 23:59:59+00:00;14.4;;;;10.47;;;1.42;;
5769106;treatment;before visit;2022-05-17 23:59:59+00:00;11.92;;;;10.5;;;1.23;;
5769106;treatment;before visit;2022-05-18 23:59:59+00:00;17.02;;;;9.9;;;1.86;;
5769106;treatment;before visit;2022-05-19 23:59:59+00:00;18.22;;;;10.62;;;1.66;;
5769106;treatment;before visit;2022-05-20 23:59:59+00:00;19.62;;;;10.16;;;1.34;;
5769106;treatment;before visit;2022-05-21 23:59:59+00:00;18.94;;;;10.29;;;1.32;;
5769106;treatment;before visit;2022-05-22 23:59:59+00:00;21.6;;;;10.1;;;2.49;;
5769106;treatment;before visit;2022-05-23 23:59:59+00:00;15.83;;;;9.81;;;1.67;;
5769106;treatment;before visit;2022-05-24 23:59:59+00:00;18.98;;;;10.1;;;1.48;;
5769106;treatment;before visit;2022-05-25 23:59:59+00:00;22.47;;;;8.99;;;1.94;;
5769106;treatment;before visit;2022-05-26 23:59:59+00:00;18.54;;;;9.32;;;2.11;;
5769106;treatment;before visit;2022-05-27 23:59:59+00:00;19.1;;;;9.23;;;2.73;;
5769106;treatment;before visit;2022-05-28 23:59:59+00:00;19.89;;;;9.71;;;1.73;;
5769106;treatment;before visit;2022-05-29 23:59:59+00:00;28.31;;;;9.0;;;3.59;;
5769106;treatment;before visit;2022-05-30 23:59:59+00:00;17.28;;;;9.65;;;2.44;;
5769106;treatment;before visit;2022-05-31 23:59:59+00:00;14.1;;;;9.94;;;1.1;;
5769106;treatment;before visit;2022-06-01 23:59:59+00:00;18.44;;;;8.99;;;2.26;;
5769106;treatment;before visit;2022-06-02 23:59:59+00:00;15.29;;;;9.33;;;1.46;;
5769106;treatment;before visit;2022-06-03 23:59:59+00:00;17.75;;;;9.82;;;0.82;;
5769106;treatment;before visit;2022-06-04 23:59:59+00:00;19.56;;;;9.28;;;2.06;;
5769106;treatment;before visit;2022-06-05 23:59:59+00:00;14.7;;;;9.98;;;0.77;;
5769106;treatment;before visit;2022-06-06 23:59:59+00:00;18.9;;;;10.68;;;1.52;;
5769106;treatment;before visit;2022-06-07 23:59:59+00:00;17.05;;;;10.62;;;1.6;;
5769106;treatment;before visit;2022-06-08 23:59:59+00:00;13.02;;;;10.28;;;1.29;;
5769106;treatment;before visit;2022-06-09 23:59:59+00:00;15.73;;;;10.05;;;1.43;;
5769106;treatment;before visit;2022-06-10 23:59:59+00:00;23.0;;;;9.23;;;1.91;;
5769106;treatment;before visit;2022-06-11 23:59:59+00:00;18.81;;;;9.93;;;2.2;;
5769106;treatment;before visit;2022-06-12 23:59:59+00:00;18.01;;;;10.0;;;2.37;;
5769106;treatment;before visit;2022-06-13 23:59:59+00:00;11.68;;;;10.32;;;0.88;;
5769106;treatment;before visit;2022-06-14 23:59:59+00:00;15.71;;;;10.36;;;1.51;;
5769106;treatment;before visit;2022-06-15 23:59:59+00:00;18.03;;;;10.24;;;1.13;;
5769106;treatment;before visit;2022-06-16 23:59:59+00:00;18.62;;;;10.25;;;2.18;;
5769106;treatment;before visit;2022-06-17 23:59:59+00:00;16.95;;;;9.93;;;1.21;;
5769106;treatment;before visit;2022-06-18 23:59:59+00:00;15.57;;;;10.0;;;1.54;;
5769106;treatment;before visit;2022-06-19 23:59:59+00:00;21.24;;;;10.18;;;1.54;;
5769106;treatment;before visit;2022-06-20 23:59:59+00:00;11.33;;;;10.2;;;0.99;;
5769106;treatment;before visit;2022-06-21 23:59:59+00:00;16.82;;;;10.29;;;1.28;;
5769106;treatment;before visit;2022-06-22 23:59:59+00:00;15.25;;;;10.17;;;0.99;;
5769106;treatment;before visit;2022-06-23 23:59:59+00:00;21.25;;;;9.48;;;2.13;;
5769106;treatment;before visit;2022-06-24 23:59:59+00:00;17.5;;;;9.96;;;2.5;;
5769106;treatment;before visit;2022-06-25 23:59:59+00:00;17.95;;;;9.89;;;1.94;;
5769106;treatment;before visit;2022-06-26 23:59:59+00:00;19.48;;;;10.5;;;1.76;;
5769106;treatment;before visit;2022-06-27 23:59:59+00:00;18.93;;;;10.98;;;1.68;;
5769106;treatment;before visit;2022-06-28 23:59:59+00:00;15.49;;;;10.74;;;1.11;;
5769106;treatment;before visit;2022-06-29 23:59:59+00:00;17.68;;;;9.92;;;2.0;;
5769106;treatment;before visit;2022-06-30 23:59:59+00:00;14.74;;;;10.38;;;0.9;;
5769106;treatment;before visit;2022-07-01 23:59:59+00:00;12.62;;;;10.27;;;0.98;;
5769106;treatment;before visit;2022-07-02 23:59:59+00:00;21.85;;;;9.83;;;1.38;;
5769106;treatment;before visit;2022-07-03 23:59:59+00:00;17.95;;;;9.99;;;2.11;;
5769106;treatment;before visit;2022-07-04 23:59:59+00:00;12.67;;;;10.31;;;0.87;;
5769106;treatment;before visit;2022-07-05 23:59:59+00:00;13.77;;;;10.75;;;1.04;;
5769106;treatment;before visit;2022-07-06 23:59:59+00:00;16.88;;;;10.35;;;1.29;;
5769106;treatment;before visit;2022-07-07 23:59:59+00:00;14.18;;;;10.24;;;1.29;;
5769106;treatment;before visit;2022-07-08 23:59:59+00:00;17.3;;;;10.72;;;1.17;;
5769106;treatment;before visit;2022-07-09 23:59:59+00:00;22.94;;;;10.5;;;1.49;;
5769106;treatment;before visit;2022-07-10 23:59:59+00:00;18.4;;;;11.03;;;1.37;;
5769106;treatment;before visit;2022-07-11 23:59:59+00:00;13.71;;;;10.63;;;1.04;;
5769106;treatment;before visit;2022-07-12 23:59:59+00:00;19.14;;;;10.42;;;1.93;;
5769106;treatment;before visit;2022-07-13 23:59:59+00:00;19.46;;;;10.47;;;0.77;;
5769106;treatment;before visit;2022-07-14 23:59:59+00:00;17.5;;;;10.08;;;2.27;;
5769106;treatment;before visit;2022-07-15 23:59:59+00:00;16.95;;;;10.79;;;0.72;;
5769106;treatment;before visit;2022-07-16 23:59:59+00:00;13.99;;;;10.24;;;0.68;;
5769106;treatment;before visit;2022-07-17 23:59:59+00:00;20.73;;;;9.68;;;2.19;;
5769106;treatment;before visit;2022-07-18 23:59:59+00:00;15.68;;;;10.48;;;1.04;;
5769106;treatment;before visit;2022-07-19 23:59:59+00:00;17.32;;;;11.07;;;0.73;;
5769106;treatment;before visit;2022-07-20 23:59:59+00:00;21.09;;;;9.95;;;2.03;;
5769106;treatment;before visit;2022-07-21 23:59:59+00:00;17.91;;;;11.05;;;0.62;;
5769106;treatment;before visit;2022-07-22 23:59:59+00:00;21.01;;;;10.95;;;1.16;;
5769106;treatment;before visit;2022-07-23 23:59:59+00:00;15.64;;;;10.21;;;0.9;;
5769106;treatment;before visit;2022-07-24 23:59:59+00:00;21.84;;;;10.4;;;1.3;;
5769106;treatment;before visit;2022-07-25 23:59:59+00:00;16.81;;;;10.37;;;1.04;;
5769106;treatment;before visit;2022-07-26 23:59:59+00:00;16.37;;;;11.07;;;0.8;;
5769106;treatment;before visit;2022-07-27 23:59:59+00:00;7.34;;;;8.85;;;0.79;;
5769106;treatment;before visit;2022-07-28 23:59:59+00:00;6.47;;;;8.66;;;0.69;;
5769106;treatment;before visit;2022-07-29 23:59:59+00:00;4.85;;;;8.85;;;;;
5769106;treatment;before visit;2022-07-30 23:59:59+00:00;5.99;;;;8.81;;;0.4;;
5769106;treatment;before visit;2022-07-31 23:59:59+00:00;5.53;;;;8.83;;;0.3;;
5769106;treatment;before visit;2022-08-01 23:59:59+00:00;4.89;;;;8.94;;;;;
5769106;treatment;before visit;2022-08-02 23:59:59+00:00;5.99;;;;8.77;;;0.46;;
5769106;treatment;before visit;2022-08-03 23:59:59+00:00;5.67;;;;8.82;;;0.32;;
5769106;treatment;before visit;2022-08-04 23:59:59+00:00;5.0;;;;8.91;;;;;
5769106;treatment;before visit;2022-08-05 23:59:59+00:00;6.12;;;;8.72;;;0.46;;
5769106;treatment;before visit;2022-08-06 23:59:59+00:00;6.14;;;;8.8;;;0.42;;
5769106;treatment;before visit;2022-08-07 23:59:59+00:00;6.88;;;;8.72;;;0.7;;
5769106;treatment;before visit;2022-08-08 23:59:59+00:00;5.33;;;;8.99;;;;;
5769106;treatment;before visit;2022-08-09 23:59:59+00:00;6.71;;;;8.73;;;0.58;;
5769106;treatment;before visit;2022-08-10 23:59:59+00:00;7.08;;;;8.93;;;0.39;;
5769106;treatment;before visit;2022-08-11 23:59:59+00:00;22.8;;;;9.2;;;2.02;;
5769106;treatment;before visit;2022-08-12 23:59:59+00:00;19.58;;;;10.76;;;0.82;;
5769106;treatment;before visit;2022-08-13 23:59:59+00:00;18.39;;;;10.39;;;1.35;;
5769106;treatment;before visit;2022-08-14 23:59:59+00:00;17.85;;;;10.56;;;1.08;;
5769106;treatment;before visit;2022-08-15 23:59:59+00:00;14.77;;;;10.69;;;0.62;;
5769106;treatment;before visit;2022-08-16 23:59:59+00:00;18.7;;;;10.88;;;1.21;;
5769106;treatment;before visit;2022-08-17 23:59:59+00:00;21.33;;;;10.88;;;1.5;;
5769106;treatment;before visit;2022-08-18 23:59:59+00:00;20.4;;;;11.19;;;0.98;;
5769106;treatment;before visit;2022-08-19 23:59:59+00:00;20.99;;;;10.69;;;1.45;;
5769106;treatment;before visit;2022-08-20 23:59:59+00:00;19.39;;;;10.48;;;1.39;;
5769106;treatment;before visit;2022-08-21 23:59:59+00:00;17.75;;;;10.33;;;1.1;;
5769106;treatment;before visit;2022-08-22 23:59:59+00:00;12.13;;;;10.33;;;1.08;;
5769106;treatment;before visit;2022-08-23 23:59:59+00:00;13.18;;;;10.06;;;1.45;;
5769106;treatment;before visit;2022-08-24 23:59:59+00:00;20.76;;;;10.14;;;1.39;;
5769106;treatment;before visit;2022-08-25 23:59:59+00:00;16.62;;;;10.48;;;1.67;;
5769106;treatment;before visit;2022-08-26 23:59:59+00:00;15.38;;;;10.68;;;0.7;;
5769106;treatment;before visit;2022-08-27 23:59:59+00:00;18.49;;;;10.52;;;0.94;;
5769106;treatment;before visit;2022-08-28 23:59:59+00:00;21.73;;;;10.32;;;2.02;;
5769106;treatment;before visit;2022-08-29 23:59:59+00:00;11.96;;;;10.47;;;0.83;;
5769106;treatment;before visit;2022-08-30 23:59:59+00:00;12.97;;;;11.05;;;0.67;;
5769106;treatment;before visit;2022-08-31 23:59:59+00:00;18.8;;;;10.3;;;1.73;;
5769106;treatment;before visit;2022-09-01 23:59:59+00:00;13.89;;;;10.33;;;1.23;;
5769106;treatment;before visit;2022-09-02 23:59:59+00:00;22.1;;;;10.57;;;1.25;;
5769106;treatment;before visit;2022-09-03 23:59:59+00:00;19.52;;;;11.29;;;1.8;;
5769106;treatment;before visit;2022-09-04 23:59:59+00:00;15.72;;;;10.49;;;1.3;;
5769106;treatment;before visit;2022-09-05 23:59:59+00:00;12.7;;;;10.51;;;0.94;;
5769106;treatment;before visit;2022-09-06 23:59:59+00:00;12.23;;;;10.59;;;0.99;;
5769106;treatment;before visit;2022-09-07 23:59:59+00:00;18.33;;;;10.7;;;1.3;;
5769106;treatment;before visit;2022-09-08 23:59:59+00:00;11.66;;;;10.52;;;0.52;;
5769106;treatment;before visit;2022-09-09 23:59:59+00:00;22.79;;;;10.33;;;1.18;;
5769106;treatment;before visit;2022-09-10 23:59:59+00:00;20.33;;;;10.54;;;2.07;;
5769106;treatment;before visit;2022-09-11 23:59:59+00:00;19.62;;;;10.61;;;1.51;;
5769106;treatment;before visit;2022-09-12 23:59:59+00:00;14.5;;;;10.66;;;1.07;;
5769106;treatment;before visit;2022-09-13 23:59:59+00:00;12.6;;;;10.32;;;1.4;;
5769106;treatment;before visit;2022-09-14 23:59:59+00:00;15.51;;;;10.56;;;1.21;;
5769106;treatment;before visit;2022-09-15 23:59:59+00:00;16.6;;;;10.93;;;1.34;;
5769106;treatment;before visit;2022-09-16 23:59:59+00:00;22.06;;;;11.24;;;1.1;;
5769106;treatment;before visit;2022-09-17 23:59:59+00:00;21.34;;;;10.23;;;2.42;;
5769106;treatment;before visit;2022-09-18 23:59:59+00:00;22.51;;;;10.26;;;2.27;;
5769106;treatment;before visit;2022-09-19 23:59:59+00:00;18.02;;;;9.97;;;2.45;;
5769106;treatment;before visit;2022-09-20 23:59:59+00:00;18.13;;;;10.58;;;1.82;;
5769106;treatment;before visit;2022-09-21 23:59:59+00:00;19.64;;;;10.28;;;2.22;;
5769106;treatment;before visit;2022-09-22 23:59:59+00:00;18.07;;;;10.99;;;1.94;;
5769106;treatment;before visit;2022-09-23 23:59:59+00:00;25.83;;;;9.99;;;2.54;;
5769106;treatment;before visit;2022-09-24 23:59:59+00:00;22.94;;;;10.06;;;2.53;;
5769106;treatment;before visit;2022-09-25 23:59:59+00:00;20.95;;;;10.58;;;1.95;;
5769106;treatment;before visit;2022-09-26 23:59:59+00:00;17.63;;;;10.48;;;1.93;;
5769106;treatment;before visit;2022-09-27 23:59:59+00:00;14.09;;;;10.01;;;1.64;;
5769106;treatment;before visit;2022-09-28 23:59:59+00:00;26.49;;;;9.89;;;3.15;;
5769106;treatment;before visit;2022-09-29 23:59:59+00:00;16.1;;;;9.84;;;2.25;;
5769106;treatment;before visit;2022-09-30 23:59:59+00:00;25.95;;;;9.42;;;3.48;;
5769106;treatment;before visit;2022-10-01 23:59:59+00:00;22.43;;;;9.62;;;3.17;;
5769106;treatment;before visit;2022-10-02 23:59:59+00:00;21.7;;;;10.5;;;2.33;;
5769106;treatment;before visit;2022-10-03 23:59:59+00:00;17.08;;;;10.51;;;1.8;;
5769106;treatment;before visit;2022-10-04 23:59:59+00:00;15.04;;;;10.35;;;1.71;;
5769106;treatment;before visit;2022-10-05 23:59:59+00:00;18.19;;;;10.07;;;2.54;;
5769106;treatment;before visit;2022-10-06 23:59:59+00:00;20.69;;;;10.64;;;1.51;;
5769106;treatment;before visit;2022-10-07 23:59:59+00:00;20.67;;;;11.12;;;1.27;;
5769106;treatment;before visit;2022-10-08 23:59:59+00:00;21.52;;;;10.51;;;2.05;;
5769106;treatment;before visit;2022-10-09 23:59:59+00:00;23.93;;;;10.18;;;2.46;;
5769106;treatment;before visit;2022-10-10 23:59:59+00:00;18.68;;;;11.09;;;1.5;;
5769106;treatment;before visit;2022-10-11 23:59:59+00:00;25.02;;;;10.74;;;1.86;;
5769106;treatment;before visit;2022-10-12 23:59:59+00:00;23.3;;;;10.68;;;2.02;;
5769106;treatment;before visit;2022-10-13 23:59:59+00:00;9.47;;;;8.93;;;1.24;;
5769106;treatment;before visit;2022-10-14 23:59:59+00:00;9.23;;;;8.01;;;1.69;;
5769106;treatment;before visit;2022-10-15 23:59:59+00:00;7.94;;;;8.31;;;1.17;;
5769106;treatment;before visit;2022-10-16 23:59:59+00:00;13.45;;;;8.86;;;1.91;;
5769106;treatment;before visit;2022-10-17 23:59:59+00:00;20.19;;;;10.24;;;2.12;;
5769106;treatment;before visit;2022-10-18 23:59:59+00:00;20.09;;;;11.45;;;1.29;;
5769106;treatment;before visit;2022-10-19 23:59:59+00:00;23.06;;;;10.67;;;1.46;;
5769106;treatment;before visit;2022-10-20 23:59:59+00:00;22.71;;;;11.03;;;1.23;;
5769106;treatment;before visit;2022-10-21 23:59:59+00:00;20.13;;;;10.67;;;1.61;;
5769106;treatment;before visit;2022-10-22 23:59:59+00:00;18.23;;;;9.84;;;2.43;;
5769106;treatment;before visit;2022-10-23 23:59:59+00:00;23.57;;;;10.81;;;1.56;;
5769106;treatment;before visit;2022-10-24 23:59:59+00:00;13.33;;;;10.25;;;1.27;;
5769106;treatment;before visit;2022-10-25 23:59:59+00:00;13.08;;;;10.35;;;1.54;;
5769106;treatment;before visit;2022-10-26 23:59:59+00:00;25.88;;;;9.94;;;3.25;;
5769106;treatment;before visit;2022-10-27 23:59:59+00:00;18.25;;;;10.78;;;1.87;;
5769106;treatment;before visit;2022-10-28 23:59:59+00:00;15.44;;;;10.62;;;1.24;;
5769106;treatment;before visit;2022-10-29 23:59:59+00:00;20.89;;;;10.64;;;1.49;;
5769106;treatment;before visit;2022-10-30 23:59:59+00:00;23.24;;;;10.2;;;2.74;;
5769106;treatment;before visit;2022-10-31 23:59:59+00:00;19.7;;;;10.4;;;2.1;;
5769106;treatment;before visit;2022-11-01 23:59:59+00:00;17.75;;;;10.68;;;1.73;;
5769106;treatment;before visit;2022-11-02 23:59:59+00:00;22.43;;;;9.19;;;2.79;;
5769106;treatment;before visit;2022-11-03 23:59:59+00:00;19.25;;;;9.44;;;2.63;;
5769106;treatment;before visit;2022-11-04 23:59:59+00:00;22.37;;;;10.01;;;2.39;;
5769106;treatment;before visit;2022-11-05 23:59:59+00:00;24.58;;;;9.45;;;3.53;;
5769106;treatment;before visit;2022-11-06 23:59:59+00:00;22.38;;;;9.29;;;3.42;;
5769106;treatment;before visit;2022-11-07 23:59:59+00:00;19.56;;;;9.68;;;3.11;;
5769106;treatment;before visit;2022-11-08 23:59:59+00:00;15.89;;;;9.98;;;2.43;;
5769106;treatment;before visit;2022-11-09 23:59:59+00:00;23.62;;;;9.5;;;2.92;;
5769106;treatment;before visit;2022-11-10 23:59:59+00:00;17.6;;;;10.13;;;2.35;;
5769106;treatment;before visit;2022-11-11 23:59:59+00:00;20.91;;;;10.06;;;2.38;;
5769106;treatment;before visit;2022-11-12 23:59:59+00:00;31.3;;;;8.7;;;5.3;;
5769106;treatment;before visit;2022-11-13 23:59:59+00:00;29.87;;;;9.23;;;3.73;;
5769106;treatment;before visit;2022-11-14 23:59:59+00:00;21.76;;;;9.24;;;3.7;;
5769106;treatment;before visit;2022-11-15 23:59:59+00:00;22.99;;;;9.19;;;3.86;;
5769106;treatment;before visit;2022-11-16 23:59:59+00:00;23.07;;;;10.15;;;2.8;;
5769106;treatment;before visit;2022-11-17 23:59:59+00:00;18.35;;;;9.47;;;2.93;;
5769106;treatment;before visit;2022-11-18 23:59:59+00:00;27.13;;;;9.67;;;3.31;;
5769106;treatment;before visit;2022-11-19 23:59:59+00:00;31.83;;;;8.31;;;5.83;;
5769106;treatment;before visit;2022-11-20 23:59:59+00:00;28.12;;;;9.19;;;3.93;;
5769106;treatment;before visit;2022-11-21 23:59:59+00:00;24.12;;;;9.74;;;3.58;;
5769106;treatment;before visit;2022-11-22 23:59:59+00:00;25.63;;;;9.31;;;3.84;;
5769106;treatment;before visit;2022-11-23 23:59:59+00:00;26.51;;;;8.96;;;4.32;;
5769106;treatment;before visit;2022-11-24 23:59:59+00:00;25.03;;;;9.54;;;3.91;;
5769106;treatment;before visit;2022-11-25 23:59:59+00:00;26.44;;;;9.46;;;3.74;;
5769106;treatment;before visit;2022-11-26 23:59:59+00:00;27.84;;;;8.25;;;5.4;;
5769106;treatment;before visit;2022-11-27 23:59:59+00:00;35.22;;;;8.7;;;4.68;;
5769106;treatment;before visit;2022-11-28 23:59:59+00:00;28.43;;;;9.1;;;4.72;;
5769106;treatment;before visit;2022-11-29 23:59:59+00:00;20.86;;;;9.57;;;3.44;;
5769106;treatment;before visit;2022-11-30 23:59:59+00:00;28.7;;;;8.53;;;4.9;;
5769106;treatment;before visit;2022-12-01 23:59:59+00:00;26.17;;;;8.2;;;5.81;;
5769106;treatment;before visit;2022-12-02 23:59:59+00:00;31.57;;;;8.54;;;4.83;;
5769106;treatment;during visit;2022-12-03 23:59:59+00:00;42.38;;;;8.21;;;6.73;;
5769106;treatment;after visit;2022-12-04 23:59:59+00:00;38.09;;;;8.64;;;6.19;;
5769106;treatment;after visit;2022-12-05 23:59:59+00:00;26.27;;;;8.95;;;4.01;;
5769106;treatment;after visit;2022-12-06 23:59:59+00:00;32.45;;;;7.81;;;6.61;;
5769106;treatment;after visit;2022-12-07 23:59:59+00:00;39.21;;;;7.15;;;7.73;;
5769106;treatment;after visit;2022-12-08 23:59:59+00:00;38.05;;;;6.3;;;9.28;;
5769106;treatment;after visit;2022-12-09 23:59:59+00:00;38.72;;;;6.91;;;8.38;;
5769106;treatment;after visit;2022-12-10 23:59:59+00:00;49.04;;;;5.86;;;9.5;;
5769106;treatment;after visit;2022-12-11 23:59:59+00:00;43.63;;;;5.73;;;9.85;;
5769106;treatment;after visit;2022-12-12 23:59:59+00:00;36.61;;;;6.15;;;9.07;;
5769106;treatment;after visit;2022-12-13 23:59:59+00:00;32.83;;;;7.06;;;7.76;;
5769106;treatment;after visit;2022-12-14 23:59:59+00:00;36.14;;;;7.83;;;6.36;;
5769106;treatment;after visit;2022-12-15 23:59:59+00:00;31.93;;;;7.42;;;6.8;;
5769106;treatment;after visit;2022-12-16 23:59:59+00:00;33.81;;;;7.64;;;6.67;;
5769106;treatment;after visit;2022-12-17 23:59:59+00:00;36.26;;;;6.88;;;7.54;;
5769106;treatment;after visit;2022-12-18 23:59:59+00:00;38.91;;;;6.89;;;7.93;;
5769106;treatment;after visit;2022-12-19 23:59:59+00:00;29.76;;;;7.98;;;6.28;;
5769106;treatment;after visit;2022-12-20 23:59:59+00:00;27.82;;;;8.47;;;5.5;;
5769106;treatment;after visit;2022-12-21 23:59:59+00:00;33.44;;;;9.42;;;4.21;;
5769106;treatment;after visit;2022-12-22 23:59:59+00:00;33.99;;;;8.88;;;4.46;;
5769106;treatment;after visit;2022-12-23 23:59:59+00:00;28.08;;;;10.82;;;2.63;;
5769106;treatment;after visit;2022-12-24 23:59:59+00:00;36.84;;;;9.48;;;4.89;;
5769106;treatment;after visit;2022-12-25 23:59:59+00:00;25.71;;;;8.6;;;4.87;;
5769106;treatment;after visit;2022-12-26 23:59:59+00:00;25.58;;;;9.32;;;3.89;;
5769106;treatment;after visit;2022-12-27 23:59:59+00:00;32.54;;;;8.24;;;5.83;;
5769106;treatment;after visit;2022-12-28 23:59:59+00:00;28.89;;;;9.09;;;4.92;;
5769106;treatment;after visit;2022-12-29 23:59:59+00:00;25.11;;;;9.97;;;3.03;;
5769106;treatment;after visit;2022-12-30 23:59:59+00:00;29.85;;;;9.07;;;4.54;;
5769106;treatment;after visit;2022-12-31 23:59:59+00:00;30.25;;;;9.69;;;4.17;;
5769106;treatment;after visit;2023-01-01 23:59:59+00:00;23.5;;;;10.26;;;2.71;;
5769106;treatment;after visit;2023-01-02 23:59:59+00:00;32.15;;;;8.92;;;4.73;;
5769106;treatment;after visit;2023-01-03 23:59:59+00:00;27.48;;;;10.03;;;3.33;;
5769106;treatment;after visit;2023-01-04 23:59:59+00:00;33.48;;;;8.89;;;4.19;;
5769106;treatment;after visit;2023-01-05 23:59:59+00:00;25.32;;;;9.48;;;3.19;;
5769106;treatment;after visit;2023-01-06 23:59:59+00:00;30.0;;;;8.65;;;5.49;;
5769106;treatment;after visit;2023-01-07 23:59:59+00:00;25.83;;;;8.82;;;4.36;;
5769106;treatment;after visit;2023-01-08 23:59:59+00:00;27.66;;;;9.45;;;4.26;;
5769106;treatment;after visit;2023-01-09 23:59:59+00:00;25.44;;;;8.06;;;5.34;;
5769106;treatment;after visit;2023-01-10 23:59:59+00:00;26.9;;;;8.23;;;5.66;;
5769106;treatment;after visit;2023-01-11 23:59:59+00:00;34.6;;;;8.21;;;4.97;;
5769106;treatment;after visit;2023-01-12 23:59:59+00:00;25.59;;;;8.68;;;4.75;;
5769106;treatment;after visit;2023-01-13 23:59:59+00:00;32.7;;;;8.0;;;5.48;;
5769106;treatment;after visit;2023-01-14 23:59:59+00:00;28.37;;;;8.13;;;5.69;;
5769106;treatment;after visit;2023-01-15 23:59:59+00:00;33.48;;;;8.42;;;5.44;;
5769106;treatment;after visit;2023-01-16 23:59:59+00:00;30.68;;;;7.22;;;7.07;;
5769106;treatment;after visit;2023-01-17 23:59:59+00:00;31.05;;;;7.58;;;6.57;;
5769106;treatment;after visit;2023-01-18 23:59:59+00:00;39.05;;;;7.02;;;7.4;;
5769106;treatment;after visit;2023-01-19 23:59:59+00:00;32.28;;;;6.67;;;8.05;;
5769106;treatment;after visit;2023-01-20 23:59:59+00:00;38.14;;;;6.38;;;8.62;;
5769106;treatment;after visit;2023-01-21 23:59:59+00:00;39.71;;;;6.61;;;8.29;;
5769106;treatment;after visit;2023-01-22 23:59:59+00:00;33.32;;;;7.51;;;6.65;;
5769106;treatment;after visit;2023-01-23 23:59:59+00:00;30.01;;;;6.69;;;7.74;;
5769106;treatment;after visit;2023-01-24 23:59:59+00:00;30.06;;;;7.54;;;6.57;;
5769106;treatment;after visit;2023-01-25 23:59:59+00:00;36.16;;;;7.5;;;6.93;;
5769106;treatment;after visit;2023-01-26 23:59:59+00:00;34.23;;;;6.43;;;8.35;;
5769106;treatment;after visit;2023-01-27 23:59:59+00:00;37.34;;;;6.81;;;7.74;;
5769106;treatment;after visit;2023-01-28 23:59:59+00:00;33.55;;;;7.29;;;6.82;;
5769106;treatment;after visit;2023-01-29 23:59:59+00:00;41.71;;;;7.31;;;7.45;;
5769106;treatment;after visit;2023-01-30 23:59:59+00:00;32.26;;;;7.72;;;6.82;;
5769106;treatment;after visit;2023-01-31 23:59:59+00:00;31.08;;;;7.89;;;6.62;;
5769106;treatment;after visit;2023-02-01 23:59:59+00:00;38.96;;;;7.62;;;6.21;;
5769106;treatment;after visit;2023-02-02 23:59:59+00:00;28.29;;;;7.84;;;5.88;;
5769106;treatment;after visit;2023-02-03 23:59:59+00:00;35.73;;;;7.36;;;7.68;;
5769106;treatment;after visit;2023-02-04 23:59:59+00:00;33.44;;;;7.62;;;6.45;;
5769106;treatment;after visit;2023-02-05 23:59:59+00:00;35.83;;;;7.67;;;6.15;;
5769106;treatment;after visit;2023-02-06 23:59:59+00:00;28.91;;;;7.68;;;6.33;;
5769106;treatment;after visit;2023-02-07 23:59:59+00:00;33.2;;;;6.55;;;8.38;;
5769106;treatment;after visit;2023-02-08 23:59:59+00:00;33.73;;;;7.65;;;7.13;;
5769106;treatment;after visit;2023-02-09 23:59:59+00:00;34.54;;;;7.91;;;6.78;;
5769106;treatment;after visit;2023-02-10 23:59:59+00:00;30.1;;;;8.07;;;5.98;;
5769106;treatment;after visit;2023-02-11 23:59:59+00:00;36.61;;;;7.9;;;6.42;;
5769106;treatment;after visit;2023-02-12 23:59:59+00:00;30.14;;;;6.66;;;7.27;;
5769106;treatment;after visit;2023-02-13 23:59:59+00:00;21.85;;;;7.5;;;5.17;;
5769106;treatment;after visit;2023-02-14 23:59:59+00:00;25.53;;;;6.62;;;7.07;;
5769106;treatment;after visit;2023-02-15 23:59:59+00:00;23.9;;;;6.35;;;7.32;;
5769106;treatment;after visit;2023-02-16 23:59:59+00:00;18.79;;;;7.1;;;5.45;;
5769106;treatment;after visit;2023-02-17 23:59:59+00:00;20.75;;;;7.73;;;4.51;;
5769106;treatment;after visit;2023-02-18 23:59:59+00:00;30.29;;;;8.61;;;3.21;;
5769106;treatment;after visit;2023-02-19 23:59:59+00:00;31.8;;;;8.48;;;4.52;;
5769106;treatment;after visit;2023-02-20 23:59:59+00:00;27.24;;;;8.28;;;4.86;;
5769106;treatment;after visit;2023-02-21 23:59:59+00:00;25.42;;;;8.88;;;4.38;;
5769106;treatment;after visit;2023-02-22 23:59:59+00:00;32.27;;;;7.82;;;5.76;;
5769106;treatment;after visit;2023-02-23 23:59:59+00:00;24.68;;;;9.39;;;3.21;;
5769106;treatment;after visit;2023-02-24 23:59:59+00:00;27.06;;;;9.0;;;3.78;;
5769106;treatment;after visit;2023-02-25 23:59:59+00:00;38.23;;;;7.27;;;6.31;;
5769106;treatment;after visit;2023-02-26 23:59:59+00:00;31.52;;;;6.61;;;7.57;;
5769106;treatment;after visit;2023-02-27 23:59:59+00:00;37.02;;;;7.16;;;6.66;;
5769106;treatment;after visit;2023-02-28 23:59:59+00:00;31.5;;;;6.88;;;7.0;;
5769106;treatment;after visit;2023-03-01 23:59:59+00:00;36.13;;;;6.36;;;8.38;;
5769106;treatment;after visit;2023-03-02 23:59:59+00:00;30.62;;;;7.34;;;6.27;;
5769106;treatment;after visit;2023-03-03 23:59:59+00:00;32.66;;;;7.73;;;5.2;;
5769106;treatment;after visit;2023-03-04 23:59:59+00:00;34.48;;;;7.28;;;6.65;;
5769106;treatment;after visit;2023-03-05 23:59:59+00:00;31.12;;;;7.8;;;5.72;;
5769106;treatment;after visit;2023-03-06 23:59:59+00:00;29.36;;;;6.86;;;6.69;;
5769106;treatment;after visit;2023-03-07 23:59:59+00:00;23.66;;;;7.82;;;4.89;;
5769106;treatment;after visit;2023-03-08 23:59:59+00:00;33.48;;;;7.78;;;5.32;;
5769106;treatment;after visit;2023-03-09 23:59:59+00:00;21.96;;;;9.27;;;3.05;;
5769106;treatment;after visit;2023-03-10 23:59:59+00:00;30.06;;;;8.36;;;4.82;;
5769106;treatment;after visit;2023-03-11 23:59:59+00:00;28.73;;;;6.85;;;6.77;;
5769106;treatment;after visit;2023-03-12 23:59:59+00:00;30.21;;;;7.8;;;5.73;;
5769106;treatment;after visit;2023-03-13 23:59:59+00:00;18.46;;;;8.94;;;2.85;;
5769106;treatment;after visit;2023-03-14 23:59:59+00:00;20.41;;;;7.82;;;4.63;;
5769106;treatment;after visit;2023-03-15 23:59:59+00:00;35.95;;;;6.2;;;8.02;;
5769106;treatment;after visit;2023-03-16 23:59:59+00:00;24.66;;;;7.64;;;5.72;;
5769106;treatment;after visit;2023-03-17 23:59:59+00:00;25.62;;;;8.16;;;4.5;;
5769106;treatment;after visit;2023-03-18 23:59:59+00:00;21.05;;;;10.04;;;2.53;;
5769106;treatment;after visit;2023-03-19 23:59:59+00:00;29.18;;;;7.89;;;5.9;;
5769106;treatment;after visit;2023-03-20 23:59:59+00:00;23.36;;;;8.56;;;4.56;;
5769106;treatment;after visit;2023-03-21 23:59:59+00:00;22.75;;;;9.02;;;3.81;;
5769106;treatment;after visit;2023-03-22 23:59:59+00:00;27.07;;;;9.6;;;3.32;;
5769106;treatment;after visit;2023-03-23 23:59:59+00:00;21.37;;;;10.13;;;2.34;;
5769106;treatment;after visit;2023-03-24 23:59:59+00:00;25.31;;;;9.39;;;3.22;;
5769106;treatment;after visit;2023-03-25 23:59:59+00:00;26.11;;;;8.31;;;4.97;;
5769106;treatment;after visit;2023-03-26 23:59:59+00:00;27.68;;;;9.12;;;3.81;;
5769106;treatment;after visit;2023-03-27 23:59:59+00:00;23.82;;;;8.09;;;5.51;;
5769106;treatment;after visit;2023-03-28 23:59:59+00:00;23.17;;;;8.71;;;4.58;;
5769106;treatment;after visit;2023-03-29 23:59:59+00:00;26.73;;;;9.87;;;3.08;;
5769106;treatment;after visit;2023-03-30 23:59:59+00:00;22.62;;;;9.9;;;3.02;;
5769106;treatment;after visit;2023-03-31 23:59:59+00:00;25.28;;;;9.44;;;3.47;;
5769106;treatment;after visit;2023-04-01 23:59:59+00:00;27.13;;;;8.35;;;4.67;;
5769106;treatment;after visit;2023-04-02 23:59:59+00:00;23.6;;;;9.05;;;3.57;;
5769106;treatment;after visit;2023-04-03 23:59:59+00:00;27.99;;;;7.03;;;6.28;;
5769106;treatment;after visit;2023-04-04 23:59:59+00:00;25.65;;;;8.29;;;5.52;;
5769106;treatment;after visit;2023-04-05 23:59:59+00:00;34.5;;;;7.6;;;6.39;;
5769106;treatment;after visit;2023-04-06 23:59:59+00:00;29.26;;;;9.42;;;4.23;;
5769106;treatment;after visit;2023-04-07 23:59:59+00:00;28.32;;;;8.95;;;4.33;;
5769106;treatment;after visit;2023-04-08 23:59:59+00:00;26.43;;;;9.34;;;3.78;;
5769106;treatment;after visit;2023-04-09 23:59:59+00:00;30.12;;;;8.67;;;5.21;;
5769106;treatment;after visit;2023-04-10 23:59:59+00:00;31.01;;;;9.15;;;4.47;;
5769106;treatment;after visit;2023-04-11 23:59:59+00:00;17.21;;;;9.6;;;2.75;;
5769106;treatment;after visit;2023-04-12 23:59:59+00:00;21.96;;;;9.48;;;3.19;;
5769106;treatment;after visit;2023-04-13 23:59:59+00:00;23.73;;;;8.27;;;5.0;;
5769106;treatment;after visit;2023-04-14 23:59:59+00:00;24.21;;;;8.91;;;4.19;;
5769106;treatment;after visit;2023-04-15 23:59:59+00:00;31.29;;;;7.78;;;6.21;;
5769106;treatment;after visit;2023-04-16 23:59:59+00:00;30.55;;;;8.64;;;5.08;;
5769106;treatment;after visit;2023-04-17 23:59:59+00:00;21.39;;;;9.12;;;3.66;;
5769106;treatment;after visit;2023-04-18 23:59:59+00:00;16.78;;;;9.89;;;2.54;;
5769106;treatment;after visit;2023-04-19 23:59:59+00:00;24.89;;;;9.12;;;3.76;;
5769106;treatment;after visit;2023-04-20 23:59:59+00:00;26.04;;;;8.1;;;5.45;;
5769106;treatment;after visit;2023-04-21 23:59:59+00:00;24.21;;;;8.9;;;3.88;;
5769106;treatment;after visit;2023-04-22 23:59:59+00:00;30.29;;;;8.53;;;4.53;;
5769106;treatment;after visit;2023-04-23 23:59:59+00:00;23.0;;;;10.2;;;2.16;;
5769106;treatment;after visit;2023-04-24 23:59:59+00:00;23.64;;;;9.95;;;3.14;;
5769106;treatment;after visit;2023-04-25 23:59:59+00:00;22.83;;;;9.11;;;4.31;;
5769106;treatment;after visit;2023-04-26 23:59:59+00:00;29.72;;;;9.4;;;3.75;;
5769106;treatment;after visit;2023-04-27 23:59:59+00:00;19.91;;;;10.39;;;2.07;;
5769106;treatment;after visit;2023-04-28 23:59:59+00:00;26.07;;;;9.8;;;2.53;;
5769106;treatment;after visit;2023-04-29 23:59:59+00:00;21.16;;;;9.27;;;2.54;;
5769106;treatment;after visit;2023-04-30 23:59:59+00:00;12.85;;;;9.53;;;1.57;;
5769106;treatment;after visit;2023-05-01 23:59:59+00:00;10.67;;;;8.85;;;1.83;;
5769106;treatment;after visit;2023-05-02 23:59:59+00:00;10.26;;;;8.75;;;1.76;;
5769106;treatment;after visit;2023-05-03 23:59:59+00:00;12.09;;;;8.58;;;2.26;;
5769106;treatment;after visit;2023-05-04 23:59:59+00:00;16.12;;;;9.16;;;1.94;;
5769106;treatment;after visit;2023-05-05 23:59:59+00:00;21.33;;;;9.53;;;2.28;;
5769106;treatment;after visit;2023-05-06 23:59:59+00:00;22.49;;;;8.86;;;2.13;;
5769106;treatment;after visit;2023-05-07 23:59:59+00:00;25.05;;;;9.72;;;2.14;;
5769106;treatment;after visit;2023-05-08 23:59:59+00:00;16.54;;;;9.63;;;1.21;;
5769106;treatment;after visit;2023-05-09 23:59:59+00:00;15.9;;;;10.21;;;1.53;;
5769106;treatment;after visit;2023-05-10 23:59:59+00:00;19.46;;;;10.5;;;2.02;;
5769106;treatment;after visit;2023-05-11 23:59:59+00:00;20.03;;;;10.19;;;2.18;;
5769106;treatment;after visit;2023-05-12 23:59:59+00:00;27.53;;;;9.87;;;2.29;;
5769106;treatment;after visit;2023-05-13 23:59:59+00:00;25.83;;;;9.21;;;3.54;;
5769106;treatment;after visit;2023-05-14 23:59:59+00:00;20.49;;;;10.53;;;1.74;;
5769106;treatment;after visit;2023-05-15 23:59:59+00:00;20.75;;;;9.53;;;3.44;;
5769106;treatment;after visit;2023-05-16 23:59:59+00:00;17.62;;;;9.59;;;2.73;;
5769106;treatment;after visit;2023-05-17 23:59:59+00:00;24.09;;;;10.15;;;2.55;;
5769106;treatment;after visit;2023-05-18 23:59:59+00:00;27.51;;;;9.99;;;3.1;;
5769106;treatment;after visit;2023-05-19 23:59:59+00:00;22.56;;;;9.87;;;2.71;;
5769106;treatment;after visit;2023-05-20 23:59:59+00:00;28.56;;;;9.99;;;1.97;;
5769106;treatment;after visit;2023-05-21 23:59:59+00:00;26.26;;;;10.15;;;2.74;;
5769106;treatment;after visit;2023-05-22 23:59:59+00:00;13.75;;;;10.51;;;0.97;;
5769106;treatment;after visit;2023-05-23 23:59:59+00:00;14.42;;;;10.22;;;1.32;;
5769106;treatment;after visit;2023-05-24 23:59:59+00:00;26.24;;;;10.04;;;2.18;;
5769106;treatment;after visit;2023-05-25 23:59:59+00:00;18.35;;;;10.6;;;1.59;;
5769106;treatment;after visit;2023-05-26 23:59:59+00:00;18.57;;;;10.73;;;1.33;;
5769106;treatment;after visit;2023-05-27 23:59:59+00:00;20.35;;;;10.5;;;1.99;;
5769106;treatment;after visit;2023-05-28 23:59:59+00:00;21.56;;;;10.01;;;2.39;;
5769106;treatment;after visit;2023-05-29 23:59:59+00:00;17.48;;;;9.62;;;2.26;;
5769106;treatment;after visit;2023-05-30 23:59:59+00:00;15.09;;;;10.57;;;1.29;;
5769106;treatment;after visit;2023-05-31 23:59:59+00:00;18.56;;;;10.57;;;1.37;;
5769106;treatment;after visit;2023-06-01 23:59:59+00:00;20.58;;;;10.85;;;1.6;;
5769106;treatment;after visit;2023-06-02 23:59:59+00:00;14.65;;;;10.96;;;0.72;;
5769106;treatment;after visit;2023-06-03 23:59:59+00:00;18.27;;;;10.61;;;1.39;;
5769106;treatment;after visit;2023-06-04 23:59:59+00:00;21.23;;;;10.04;;;2.02;;
5769106;treatment;after visit;2023-06-05 23:59:59+00:00;14.07;;;;10.21;;;1.12;;
5769106;treatment;after visit;2023-06-06 23:59:59+00:00;12.87;;;;10.61;;;1.18;;
5769106;treatment;after visit;2023-06-07 23:59:59+00:00;23.17;;;;9.87;;;1.14;;
5769106;treatment;after visit;2023-06-08 23:59:59+00:00;14.68;;;;9.96;;;1.31;;
5769106;treatment;after visit;2023-06-09 23:59:59+00:00;19.14;;;;10.55;;;1.24;;
5769106;treatment;after visit;2023-06-10 23:59:59+00:00;18.65;;;;10.56;;;1.63;;
5769106;treatment;after visit;2023-06-11 23:59:59+00:00;17.39;;;;10.23;;;1.34;;
5769106;treatment;after visit;2023-06-12 23:59:59+00:00;17.35;;;;10.27;;;1.4;;
5769106;treatment;after visit;2023-06-13 23:59:59+00:00;13.13;;;;10.03;;;1.66;;
5769106;treatment;after visit;2023-06-14 23:59:59+00:00;19.92;;;;9.85;;;1.39;;
5769106;treatment;after visit;2023-06-15 23:59:59+00:00;15.68;;;;10.51;;;0.99;;
5769106;treatment;after visit;2023-06-16 23:59:59+00:00;15.7;;;;10.22;;;1.33;;
5769106;treatment;after visit;2023-06-17 23:59:59+00:00;16.28;;;;10.1;;;1.35;;
5769106;treatment;after visit;2023-06-18 23:59:59+00:00;17.92;;;;10.64;;;1.43;;
5769106;treatment;after visit;2023-06-19 23:59:59+00:00;14.79;;;;9.77;;;1.83;;
5769106;treatment;after visit;2023-06-20 23:59:59+00:00;13.32;;;;10.29;;;0.89;;
5769106;treatment;after visit;2023-06-21 23:59:59+00:00;19.34;;;;9.6;;;1.73;;
5769106;treatment;after visit;2023-06-22 23:59:59+00:00;15.58;;;;10.51;;;0.75;;
5769106;treatment;after visit;2023-06-23 23:59:59+00:00;14.81;;;;10.45;;;0.75;;
5769106;treatment;after visit;2023-06-24 23:59:59+00:00;23.16;;;;9.95;;;2.14;;
5769106;treatment;after visit;2023-06-25 23:59:59+00:00;14.51;;;;10.12;;;1.18;;
5769106;treatment;after visit;2023-06-26 23:59:59+00:00;13.38;;;;10.14;;;1.19;;
5769106;treatment;after visit;2023-06-27 23:59:59+00:00;13.24;;;;10.15;;;0.98;;
5769106;treatment;after visit;2023-06-28 23:59:59+00:00;21.76;;;;10.06;;;1.17;;
5769106;treatment;after visit;2023-06-29 23:59:59+00:00;20.79;;;;10.36;;;1.61;;
5769106;treatment;after visit;2023-06-30 23:59:59+00:00;9.59;;;;10.04;;;0.59;;
5769106;treatment;after visit;2023-07-01 23:59:59+00:00;18.55;;;;10.0;;;1.33;;
5769106;treatment;after visit;2023-07-02 23:59:59+00:00;17.25;;;;10.49;;;0.92;;
5769106;treatment;after visit;2023-07-03 23:59:59+00:00;18.31;;;;10.28;;;1.95;;
5769106;treatment;after visit;2023-07-04 23:59:59+00:00;13.47;;;;10.35;;;0.78;;
5769106;treatment;after visit;2023-07-05 23:59:59+00:00;25.3;;;;9.76;;;1.66;;
5769106;treatment;after visit;2023-07-06 23:59:59+00:00;13.47;;;;10.44;;;1.05;;
5769106;treatment;after visit;2023-07-07 23:59:59+00:00;13.5;;;;10.14;;;1.18;;
5769106;treatment;after visit;2023-07-08 23:59:59+00:00;19.67;;;;10.3;;;1.52;;
5769106;treatment;after visit;2023-07-09 23:59:59+00:00;16.42;;;;10.21;;;1.47;;
5769106;treatment;after visit;2023-07-10 23:59:59+00:00;12.6;;;;10.2;;;1.31;;
5769106;treatment;after visit;2023-07-11 23:59:59+00:00;13.13;;;;10.42;;;1.01;;
5769106;treatment;after visit;2023-07-12 23:59:59+00:00;22.3;;;;9.98;;;1.84;;
5769106;treatment;after visit;2023-07-13 23:59:59+00:00;11.83;;;;10.26;;;0.89;;
5769106;treatment;after visit;2023-07-14 23:59:59+00:00;16.73;;;;10.19;;;0.99;;
5769106;treatment;after visit;2023-07-15 23:59:59+00:00;11.72;;;;9.83;;;1.12;;
5769106;treatment;after visit;2023-07-16 23:59:59+00:00;20.58;;;;10.04;;;1.25;;
5769106;treatment;after visit;2023-07-17 23:59:59+00:00;17.21;;;;10.13;;;1.28;;
5769106;treatment;after visit;2023-07-18 23:59:59+00:00;13.51;;;;10.21;;;1.05;;
5769106;treatment;after visit;2023-07-19 23:59:59+00:00;18.71;;;;9.99;;;1.1;;
5769106;treatment;after visit;2023-07-20 23:59:59+00:00;19.48;;;;10.46;;;1.51;;
5769106;treatment;after visit;2023-07-21 23:59:59+00:00;16.39;;;;10.38;;;0.96;;
5769106;treatment;after visit;2023-07-22 23:59:59+00:00;17.76;;;;10.33;;;1.17;;
5769106;treatment;after visit;2023-07-23 23:59:59+00:00;15.44;;;;10.59;;;1.03;;
5769106;treatment;after visit;2023-07-24 23:59:59+00:00;19.53;;;;10.16;;;1.69;;
5769106;treatment;after visit;2023-07-25 23:59:59+00:00;7.6;;;;9.92;;;0.61;;
5769106;treatment;after visit;2023-07-26 23:59:59+00:00;6.48;;;;9.84;;;0.37;;
5769106;treatment;after visit;2023-07-27 23:59:59+00:00;6.44;;;;9.78;;;0.46;;
5769106;treatment;after visit;2023-07-28 23:59:59+00:00;6.02;;;;9.83;;;0.34;;
5769106;treatment;after visit;2023-07-29 23:59:59+00:00;6.19;;;;9.78;;;0.45;;
5769106;treatment;after visit;2023-07-30 23:59:59+00:00;5.04;;;;9.99;;;;;
5769106;treatment;after visit;2023-07-31 23:59:59+00:00;6.75;;;;9.78;;;0.64;;
5769106;treatment;after visit;2023-08-01 23:59:59+00:00;6.8;;;;10.05;;;;;
5769106;treatment;after visit;2023-08-02 23:59:59+00:00;9.04;;;;9.97;;;0.56;;
5769106;treatment;after visit;2023-08-03 23:59:59+00:00;5.23;;;;10.01;;;0.01;;
5769106;treatment;after visit;2023-08-04 23:59:59+00:00;6.15;;;;9.82;;;0.39;;
5769106;treatment;after visit;2023-08-05 23:59:59+00:00;7.08;;;;9.78;;;0.66;;
5769106;treatment;after visit;2023-08-06 23:59:59+00:00;6.64;;;;9.87;;;0.25;;
5769106;treatment;after visit;2023-08-07 23:59:59+00:00;8.72;;;;9.67;;;0.88;;
5769106;treatment;after visit;2023-08-08 23:59:59+00:00;9.31;;;;9.43;;;1.32;;
5769106;treatment;after visit;2023-08-09 23:59:59+00:00;24.34;;;;9.78;;;2.18;;
5769106;treatment;after visit;2023-08-10 23:59:59+00:00;20.51;;;;10.01;;;0.81;;
5769106;treatment;after visit;2023-08-11 23:59:59+00:00;14.04;;;;10.57;;;0.26;;
5769106;treatment;after visit;2023-08-12 23:59:59+00:00;17.33;;;;10.35;;;1.27;;
5769106;treatment;after visit;2023-08-13 23:59:59+00:00;19.11;;;;10.21;;;1.5;;
5769106;treatment;after visit;2023-08-14 23:59:59+00:00;14.88;;;;10.28;;;1.22;;
5769106;treatment;after visit;2023-08-15 23:59:59+00:00;16.12;;;;11.07;;;0.67;;
5769106;treatment;after visit;2023-08-16 23:59:59+00:00;15.66;;;;10.5;;;1.01;;
5769106;treatment;after visit;2023-08-17 23:59:59+00:00;17.27;;;;10.69;;;1.28;;
5769106;treatment;after visit;2023-08-18 23:59:59+00:00;20.28;;;;10.28;;;1.37;;
5769106;treatment;after visit;2023-08-19 23:59:59+00:00;19.48;;;;10.26;;;1.28;;
5769106;treatment;after visit;2023-08-20 23:59:59+00:00;15.6;;;;9.88;;;1.47;;
5769106;treatment;after visit;2023-08-21 23:59:59+00:00;10.58;;;;10.19;;;0.75;;
5769106;treatment;after visit;2023-08-22 23:59:59+00:00;12.01;;;;10.56;;;1.21;;
5769106;treatment;after visit;2023-08-23 23:59:59+00:00;16.81;;;;9.93;;;0.66;;
5769106;treatment;after visit;2023-08-24 23:59:59+00:00;14.15;;;;10.1;;;1.35;;
5769106;treatment;after visit;2023-08-25 23:59:59+00:00;11.42;;;;10.46;;;0.45;;
5769106;treatment;after visit;2023-08-26 23:59:59+00:00;16.94;;;;10.09;;;0.82;;
5769106;treatment;after visit;2023-08-27 23:59:59+00:00;18.55;;;;10.34;;;1.47;;
5769106;treatment;after visit;2023-08-28 23:59:59+00:00;14.48;;;;10.14;;;0.94;;
5769106;treatment;after visit;2023-08-29 23:59:59+00:00;13.25;;;;9.51;;;1.23;;
5769106;treatment;after visit;2023-08-30 23:59:59+00:00;27.8;;;;9.54;;;2.04;;
5769106;treatment;after visit;2023-08-31 23:59:59+00:00;16.1;;;;10.7;;;0.78;;
5769106;treatment;after visit;2023-09-01 23:59:59+00:00;18.43;;;;10.56;;;1.18;;
5769106;treatment;after visit;2023-09-02 23:59:59+00:00;18.23;;;;9.98;;;1.52;;
5769106;treatment;after visit;2023-09-03 23:59:59+00:00;15.27;;;;9.76;;;0.91;;
5769106;treatment;after visit;2023-09-04 23:59:59+00:00;13.46;;;;10.42;;;1.32;;
5769106;treatment;after visit;2023-09-05 23:59:59+00:00;18.28;;;;10.08;;;1.77;;
5769106;treatment;after visit;2023-09-06 23:59:59+00:00;18.56;;;;9.79;;;1.15;;
5769106;treatment;after visit;2023-09-07 23:59:59+00:00;15.82;;;;10.64;;;1.21;;
5769106;treatment;after visit;2023-09-08 23:59:59+00:00;12.52;;;;10.59;;;0.31;;
5769106;treatment;after visit;2023-09-09 23:59:59+00:00;15.54;;;;10.59;;;0.6;;
5769106;treatment;after visit;2023-09-10 23:59:59+00:00;16.73;;;;10.53;;;1.68;;
5769106;treatment;after visit;2023-09-11 23:59:59+00:00;11.65;;;;10.55;;;0.48;;
5769106;treatment;after visit;2023-09-12 23:59:59+00:00;14.5;;;;10.73;;;1.01;;
5769106;treatment;after visit;2023-09-13 23:59:59+00:00;23.37;;;;9.6;;;1.93;;
5769106;treatment;after visit;2023-09-14 23:59:59+00:00;16.74;;;;10.34;;;0.57;;
5769106;treatment;after visit;2023-09-15 23:59:59+00:00;13.56;;;;10.09;;;1.1;;
5769106;treatment;after visit;2023-09-16 23:59:59+00:00;12.28;;;;9.76;;;1.04;;
5769106;treatment;after visit;2023-09-17 23:59:59+00:00;16.27;;;;10.02;;;1.33;;
5769106;treatment;after visit;2023-09-18 23:59:59+00:00;13.18;;;;8.75;;;1.17;;
5769106;treatment;after visit;2023-09-19 23:59:59+00:00;11.48;;;;9.25;;;0.71;;
5769106;treatment;after visit;2023-09-20 23:59:59+00:00;20.55;;;;8.56;;;1.24;;
5769106;treatment;after visit;2023-09-21 23:59:59+00:00;14.93;;;;9.6;;;0.41;;
5769106;treatment;after visit;2023-09-22 23:59:59+00:00;22.46;;;;9.61;;;1.81;;
5769106;treatment;after visit;2023-09-23 23:59:59+00:00;20.25;;;;9.8;;;1.25;;
5769106;treatment;after visit;2023-09-24 23:59:59+00:00;20.78;;;;8.88;;;2.35;;
5769106;treatment;after visit;2023-09-25 23:59:59+00:00;17.62;;;;9.76;;;1.79;;
5769106;treatment;after visit;2023-09-26 23:59:59+00:00;17.1;;;;10.6;;;1.76;;
5769106;treatment;after visit;2023-09-27 23:59:59+00:00;25.35;;;;10.03;;;1.95;;
5769106;treatment;after visit;2023-09-28 23:59:59+00:00;16.69;;;;10.22;;;1.36;;
5769106;treatment;after visit;2023-09-29 23:59:59+00:00;16.36;;;;11.05;;;0.85;;
5769106;treatment;after visit;2023-09-30 23:59:59+00:00;14.44;;;;10.49;;;1.16;;
5769106;treatment;after visit;2023-10-01 23:59:59+00:00;19.93;;;;10.1;;;1.82;;
5769106;treatment;after visit;2023-10-02 23:59:59+00:00;13.27;;;;10.04;;;0.98;;
5769106;treatment;after visit;2023-10-03 23:59:59+00:00;12.42;;;;10.24;;;1.03;;
5769106;treatment;after visit;2023-10-04 23:59:59+00:00;27.9;;;;9.48;;;2.64;;
5769106;treatment;after visit;2023-10-05 23:59:59+00:00;15.24;;;;9.68;;;2.02;;
5769106;treatment;after visit;2023-10-06 23:59:59+00:00;24.6;;;;9.37;;;2.6;;
5769106;treatment;after visit;2023-10-07 23:59:59+00:00;24.23;;;;10.04;;;2.2;;
5769106;treatment;after visit;2023-10-08 23:59:59+00:00;21.6;;;;9.83;;;1.88;;
5769106;treatment;after visit;2023-10-09 23:59:59+00:00;16.86;;;;10.61;;;0.92;;
5769106;treatment;after visit;2023-10-10 23:59:59+00:00;18.38;;;;10.4;;;1.04;;
5769106;treatment;after visit;2023-10-11 23:59:59+00:00;15.6;;;;9.21;;;2.24;;
5769106;treatment;after visit;2023-10-12 23:59:59+00:00;11.16;;;;9.79;;;0.96;;
5769106;treatment;after visit;2023-10-13 23:59:59+00:00;10.14;;;;10.3;;;0.48;;
5769106;treatment;after visit;2023-10-14 23:59:59+00:00;14.33;;;;9.97;;;0.93;;
5769106;treatment;after visit;2023-10-15 23:59:59+00:00;22.59;;;;9.82;;;1.44;;
5769106;treatment;after visit;2023-10-16 23:59:59+00:00;23.9;;;;10.07;;;2.73;;
5769106;treatment;after visit;2023-10-17 23:59:59+00:00;20.63;;;;9.44;;;2.67;;
5769106;treatment;after visit;2023-10-18 23:59:59+00:00;20.84;;;;9.81;;;2.34;;
5769106;treatment;after visit;2023-10-19 23:59:59+00:00;24.83;;;;10.23;;;2.04;;
5769106;treatment;after visit;2023-10-20 23:59:59+00:00;18.52;;;;10.13;;;1.35;;
5769106;treatment;after visit;2023-10-21 23:59:59+00:00;28.21;;;;9.21;;;3.36;;
5769106;treatment;after visit;2023-10-22 23:59:59+00:00;27.13;;;;9.57;;;3.38;;
5769106;treatment;after visit;2023-10-23 23:59:59+00:00;23.1;;;;9.63;;;2.31;;
5769106;treatment;after visit;2023-10-24 23:59:59+00:00;22.62;;;;8.86;;;2.31;;
5769106;treatment;after visit;2023-10-25 23:59:59+00:00;22.57;;;;9.47;;;2.99;;
5769106;treatment;after visit;2023-10-26 23:59:59+00:00;18.73;;;;10.23;;;1.53;;
5769106;treatment;after visit;2023-10-27 23:59:59+00:00;17.65;;;;9.53;;;2.31;;
5769106;treatment;after visit;2023-10-28 23:59:59+00:00;24.24;;;;9.77;;;2.46;;
5769106;treatment;after visit;2023-10-29 23:59:59+00:00;29.63;;;;9.96;;;3.18;;
5769106;treatment;after visit;2023-10-30 23:59:59+00:00;23.84;;;;10.26;;;2.68;;
5769106;treatment;after visit;2023-10-31 23:59:59+00:00;23.33;;;;10.4;;;2.37;;
5769106;treatment;after visit;2023-11-01 23:59:59+00:00;29.78;;;;8.29;;;4.21;;
5769106;treatment;after visit;2023-11-02 23:59:59+00:00;22.64;;;;9.0;;;3.6;;
5769106;treatment;after visit;2023-11-03 23:59:59+00:00;25.22;;;;8.81;;;4.12;;
5769106;treatment;after visit;2023-11-04 23:59:59+00:00;31.85;;;;8.56;;;4.8;;
5769106;treatment;after visit;2023-11-05 23:59:59+00:00;31.06;;;;9.7;;;3.56;;
5769106;treatment;after visit;2023-11-06 23:59:59+00:00;24.56;;;;9.81;;;3.27;;
5769106;treatment;after visit;2023-11-07 23:59:59+00:00;25.83;;;;8.84;;;4.6;;
5769106;treatment;after visit;2023-11-08 23:59:59+00:00;33.07;;;;8.73;;;4.89;;
5769106;treatment;after visit;2023-11-09 23:59:59+00:00;25.14;;;;8.44;;;4.49;;
5769106;treatment;after visit;2023-11-10 23:59:59+00:00;27.84;;;;8.72;;;4.77;;
5769106;treatment;after visit;2023-11-11 23:59:59+00:00;27.83;;;;9.03;;;3.97;;
5769106;treatment;after visit;2023-11-12 23:59:59+00:00;38.37;;;;7.86;;;6.35;;
5769106;treatment;after visit;2023-11-13 23:59:59+00:00;23.92;;;;9.7;;;2.96;;
5769106;treatment;after visit;2023-11-14 23:59:59+00:00;25.63;;;;8.1;;;3.43;;
5769106;treatment;after visit;2023-11-15 23:59:59+00:00;30.26;;;;8.31;;;5.01;;
5769106;treatment;after visit;2023-11-16 23:59:59+00:00;27.7;;;;8.77;;;4.95;;
5769106;treatment;after visit;2023-11-17 23:59:59+00:00;27.66;;;;8.73;;;4.74;;
5769106;treatment;after visit;2023-11-18 23:59:59+00:00;35.94;;;;7.88;;;6.3;;
5769106;treatment;after visit;2023-11-19 23:59:59+00:00;29.3;;;;8.96;;;4.32;;
5769106;treatment;after visit;2023-11-20 23:59:59+00:00;25.18;;;;9.07;;;3.81;;
5769106;treatment;after visit;2023-11-21 23:59:59+00:00;29.11;;;;9.09;;;4.86;;
5769106;treatment;after visit;2023-11-22 23:59:59+00:00;37.9;;;;7.94;;;5.5;;
5769106;treatment;after visit;2023-11-23 23:59:59+00:00;28.42;;;;7.73;;;5.91;;
5769106;treatment;after visit;2023-11-24 23:59:59+00:00;26.21;;;;8.02;;;5.3;;
5769106;treatment;after visit;2023-11-25 23:59:59+00:00;38.34;;;;7.01;;;7.14;;
5769106;treatment;after visit;2023-11-26 23:59:59+00:00;39.33;;;;7.31;;;7.09;;
5769106;treatment;after visit;2023-11-27 23:59:59+00:00;30.72;;;;8.22;;;5.82;;
5769106;treatment;after visit;2023-11-28 23:59:59+00:00;28.88;;;;7.98;;;5.48;;
5769106;treatment;after visit;2023-11-29 23:59:59+00:00;37.57;;;;6.48;;;7.8;;
5769106;treatment;after visit;2023-11-30 23:59:59+00:00;29.1;;;;7.36;;;6.24;;
5769106;treatment;after visit;2023-12-01 23:59:59+00:00;37.02;;;;8.13;;;6.05;;
5769106;treatment;after visit;2023-12-02 23:59:59+00:00;42.7;;;;6.8;;;8.21;;
5769106;treatment;after visit;2023-12-03 23:59:59+00:00;40.23;;;;6.73;;;8.24;;
5769106;treatment;after visit;2023-12-04 23:59:59+00:00;34.95;;;;7.27;;;7.11;;
5769106;treatment;after visit;2023-12-05 23:59:59+00:00;31.56;;;;7.7;;;6.19;;
5769106;treatment;after visit;2023-12-06 23:59:59+00:00;39.37;;;;7.81;;;6.25;;
5769106;treatment;after visit;2023-12-07 23:59:59+00:00;33.5;;;;7.36;;;6.9;;
5769106;treatment;after visit;2023-12-08 23:59:59+00:00;29.63;;;;8.22;;;5.32;;
5769106;treatment;after visit;2023-12-09 23:59:59+00:00;33.3;;;;8.03;;;5.83;;
5769106;treatment;after visit;2023-12-10 23:59:59+00:00;34.15;;;;8.01;;;5.93;;
5769106;treatment;after visit;2023-12-11 23:59:59+00:00;24.1;;;;8.97;;;4.09;;
5769106;treatment;after visit;2023-12-12 23:59:59+00:00;25.95;;;;8.71;;;4.49;;
5769106;treatment;after visit;2023-12-13 23:59:59+00:00;36.43;;;;8.15;;;6.2;;
5769106;treatment;after visit;2023-12-14 23:59:59+00:00;34.63;;;;7.98;;;5.66;;
5769106;treatment;after visit;2023-12-15 23:59:59+00:00;35.04;;;;7.75;;;6.09;;
5769106;treatment;after visit;2023-12-16 23:59:59+00:00;38.13;;;;7.28;;;7.11;;
5769106;treatment;after visit;2023-12-17 23:59:59+00:00;35.86;;;;6.62;;;7.92;;
5769106;treatment;after visit;2023-12-18 23:59:59+00:00;34.59;;;;7.37;;;7.08;;
5769106;treatment;after visit;2023-12-19 23:59:59+00:00;31.44;;;;8.27;;;5.68;;
5769106;treatment;after visit;2023-12-20 23:59:59+00:00;40.12;;;;7.3;;;6.99;;
5769106;treatment;after visit;2023-12-21 23:59:59+00:00;25.74;;;;8.13;;;4.76;;
5769106;treatment;after visit;2023-12-22 23:59:59+00:00;32.11;;;;7.83;;;6.28;;
5769106;treatment;after visit;2023-12-23 23:59:59+00:00;36.53;;;;7.95;;;6.28;;
5769106;treatment;after visit;2023-12-24 23:59:59+00:00;37.37;;;;8.2;;;6.49;;
5769106;treatment;after visit;2023-12-25 23:59:59+00:00;35.88;;;;8.49;;;5.13;;
5769106;treatment;after visit;2023-12-26 23:59:59+00:00;33.07;;;;7.86;;;6.16;;
5769106;treatment;after visit;2023-12-27 23:59:59+00:00;27.49;;;;8.74;;;4.82;;
5769106;treatment;after visit;2023-12-28 23:59:59+00:00;35.23;;;;8.17;;;6.48;;
5769106;treatment;after visit;2023-12-29 23:59:59+00:00;30.47;;;;8.59;;;4.74;;
5769106;treatment;after visit;2023-12-30 23:59:59+00:00;36.28;;;;7.0;;;5.75;;
5769106;treatment;after visit;2023-12-31 23:59:59+00:00;41.97;;;;6.85;;;8.14;;
5769106;treatment;after visit;2024-01-01 23:59:59+00:00;31.71;;;;8.32;;;5.59;;
5769106;treatment;after visit;2024-01-02 23:59:59+00:00;32.34;;;;7.86;;;6.22;;
5769106;treatment;after visit;2024-01-03 23:59:59+00:00;30.45;;;;7.87;;;5.18;;
5769106;treatment;after visit;2024-01-04 23:59:59+00:00;33.83;;;;7.78;;;6.36;;
5769106;treatment;after visit;2024-01-05 23:59:59+00:00;38.64;;;;8.05;;;6.26;;
5769106;treatment;after visit;2024-01-06 23:59:59+00:00;36.12;;;;7.97;;;5.68;;
5769106;treatment;after visit;2024-01-07 23:59:59+00:00;39.35;;;;6.47;;;8.2;;
5769106;treatment;after visit;2024-01-08 23:59:59+00:00;37.39;;;;6.38;;;8.87;;
5769106;treatment;after visit;2024-01-09 23:59:59+00:00;37.15;;;;6.4;;;8.64;;
5769106;treatment;after visit;2024-01-10 23:59:59+00:00;37.16;;;;6.29;;;8.73;;
5769106;treatment;after visit;2024-01-11 23:59:59+00:00;31.31;;;;6.53;;;7.64;;
5769106;treatment;after visit;2024-01-12 23:59:59+00:00;46.87;;;;5.59;;;9.47;;
5769106;treatment;after visit;2024-01-13 23:59:59+00:00;38.67;;;;6.66;;;7.82;;
5769106;treatment;after visit;2024-01-14 23:59:59+00:00;35.19;;;;7.05;;;7.08;;
5769106;treatment;after visit;2024-01-15 23:59:59+00:00;30.94;;;;7.07;;;7.15;;
5769106;treatment;after visit;2024-01-16 23:59:59+00:00;33.81;;;;6.47;;;8.45;;
5769106;treatment;after visit;2024-01-17 23:59:59+00:00;31.1;;;;7.48;;;6.38;;
5769106;treatment;after visit;2024-01-18 23:59:59+00:00;33.88;;;;7.62;;;6.21;;
5769106;treatment;after visit;2024-01-19 23:59:59+00:00;36.23;;;;6.68;;;7.59;;
5769106;treatment;after visit;2024-01-20 23:59:59+00:00;37.99;;;;6.68;;;7.9;;
5769106;treatment;after visit;2024-01-21 23:59:59+00:00;38.74;;;;7.82;;;6.7;;
5769106;treatment;after visit;2024-01-22 23:59:59+00:00;29.97;;;;8.02;;;5.77;;
5769106;treatment;after visit;2024-01-23 23:59:59+00:00;26.97;;;;8.14;;;5.31;;
5769106;treatment;after visit;2024-01-24 23:59:59+00:00;25.53;;;;9.19;;;4.31;;
5769106;treatment;after visit;2024-01-25 23:59:59+00:00;23.6;;;;8.75;;;4.21;;
5769106;treatment;after visit;2024-01-26 23:59:59+00:00;30.94;;;;8.01;;;5.76;;
5769106;treatment;after visit;2024-01-27 23:59:59+00:00;37.9;;;;7.36;;;7.14;;
5769106;treatment;after visit;2024-01-28 23:59:59+00:00;29.07;;;;7.38;;;6.06;;
5769106;treatment;after visit;2024-01-29 23:59:59+00:00;28.87;;;;8.13;;;5.11;;
5769106;treatment;after visit;2024-01-30 23:59:59+00:00;31.48;;;;7.29;;;6.58;;
5769106;treatment;after visit;2024-01-31 23:59:59+00:00;37.65;;;;7.88;;;6.29;;
5769106;treatment;after visit;2024-02-01 23:59:59+00:00;27.78;;;;8.31;;;4.78;;
5769106;treatment;after visit;2024-02-02 23:59:59+00:00;39.46;;;;7.63;;;6.77;;
5769106;treatment;after visit;2024-02-03 23:59:59+00:00;31.59;;;;7.82;;;5.95;;
5769106;treatment;after visit;2024-02-04 23:59:59+00:00;34.14;;;;8.17;;;5.45;;
5769106;treatment;after visit;2024-02-05 23:59:59+00:00;25.63;;;;8.65;;;4.82;;
5769106;treatment;after visit;2024-02-06 23:59:59+00:00;23.32;;;;9.03;;;3.67;;
5769106;treatment;after visit;2024-02-07 23:59:59+00:00;36.1;;;;7.9;;;6.16;;
5769106;treatment;after visit;2024-02-08 23:59:59+00:00;27.6;;;;8.67;;;4.47;;
5769106;treatment;after visit;2024-02-09 23:59:59+00:00;32.49;;;;7.9;;;6.36;;
5769106;treatment;after visit;2024-02-10 23:59:59+00:00;38.73;;;;8.45;;;5.33;;
5769106;treatment;after visit;2024-02-11 23:59:59+00:00;22.03;;;;7.75;;;5.37;;
5769106;treatment;after visit;2024-02-12 23:59:59+00:00;18.63;;;;7.52;;;5.22;;
5769106;treatment;after visit;2024-02-13 23:59:59+00:00;18.3;;;;7.63;;;5.09;;
5769106;treatment;after visit;2024-02-14 23:59:59+00:00;17.79;;;;8.34;;;4.26;;
5769106;treatment;after visit;2024-02-15 23:59:59+00:00;19.0;;;;8.33;;;4.57;;
5769106;treatment;after visit;2024-02-16 23:59:59+00:00;21.37;;;;8.01;;;4.68;;
5769106;treatment;after visit;2024-02-17 23:59:59+00:00;30.45;;;;8.93;;;4.4;;
5769106;treatment;after visit;2024-02-18 23:59:59+00:00;27.16;;;;8.57;;;4.44;;
5769106;treatment;after visit;2024-02-19 23:59:59+00:00;32.83;;;;8.38;;;5.81;;
5769106;treatment;after visit;2024-02-20 23:59:59+00:00;31.32;;;;8.76;;;5.25;;
5769106;treatment;after visit;2024-02-21 23:59:59+00:00;34.36;;;;8.37;;;4.85;;
5769106;treatment;after visit;2024-02-22 23:59:59+00:00;27.11;;;;7.99;;;4.21;;
5769106;treatment;after visit;2024-02-23 23:59:59+00:00;33.94;;;;8.0;;;5.75;;
5769106;treatment;after visit;2024-02-24 23:59:59+00:00;31.71;;;;7.77;;;6.34;;
5769106;treatment;after visit;2024-02-25 23:59:59+00:00;31.74;;;;7.98;;;6.22;;
5769106;treatment;after visit;2024-02-26 23:59:59+00:00;23.14;;;;8.75;;;4.05;;
5769106;treatment;after visit;2024-02-27 23:59:59+00:00;26.84;;;;8.24;;;5.24;;
5769106;treatment;after visit;2024-02-28 23:59:59+00:00;33.14;;;;7.83;;;5.46;;
5769106;treatment;after visit;2024-02-29 23:59:59+00:00;23.43;;;;8.34;;;4.76;;
5769106;treatment;after visit;2024-03-01 23:59:59+00:00;30.96;;;;7.89;;;6.2;;
5769106;treatment;after visit;2024-03-02 23:59:59+00:00;33.85;;;;7.66;;;6.26;;
5769106;treatment;after visit;2024-03-03 23:59:59+00:00;30.27;;;;8.26;;;5.63;;
5769106;treatment;after visit;2024-03-04 23:59:59+00:00;25.73;;;;8.6;;;4.77;;
5769106;treatment;after visit;2024-03-05 23:59:59+00:00;27.1;;;;8.35;;;5.49;;
5769106;treatment;after visit;2024-03-06 23:59:59+00:00;38.74;;;;6.78;;;7.72;;
5769106;treatment;after visit;2024-03-07 23:59:59+00:00;31.35;;;;7.46;;;5.73;;
5769106;treatment;after visit;2024-03-08 23:59:59+00:00;30.84;;;;8.18;;;6.17;;
5769106;treatment;after visit;2024-03-09 23:59:59+00:00;27.81;;;;9.58;;;4.27;;
5769106;treatment;after visit;2024-03-10 23:59:59+00:00;32.97;;;;8.39;;;5.55;;
5769106;treatment;after visit;2024-03-11 23:59:59+00:00;25.62;;;;8.9;;;4.74;;
5769106;treatment;after visit;2024-03-12 23:59:59+00:00;25.24;;;;8.49;;;4.88;;
5769106;treatment;after visit;2024-03-13 23:59:59+00:00;31.74;;;;7.44;;;5.83;;
5769106;treatment;after visit;2024-03-14 23:59:59+00:00;26.11;;;;8.42;;;4.79;;
5769106;treatment;after visit;2024-03-15 23:59:59+00:00;22.38;;;;9.61;;;2.99;;
5769106;treatment;after visit;2024-03-16 23:59:59+00:00;27.82;;;;8.7;;;4.74;;
5769106;treatment;after visit;2024-03-17 23:59:59+00:00;33.79;;;;7.89;;;6.22;;
5769106;treatment;after visit;2024-03-18 23:59:59+00:00;22.3;;;;9.44;;;3.68;;
5769106;treatment;after visit;2024-03-19 23:59:59+00:00;24.29;;;;8.98;;;4.65;;
5769106;treatment;after visit;2024-03-20 23:59:59+00:00;29.81;;;;8.89;;;4.65;;
