Household_ID;Group;AffectsTimePoint;Timestamp;kWh_received_Total;kWh_received_HeatPump;kWh_received_Other;kWh_returned_Total;kvarh_received_capacitive_Total;kvarh_received_capacitive_HeatPump;kvarh_received_capacitive_Other;kvarh_received_inductive_Total;kvarh_received_inductive_HeatPump;kvarh_received_inductive_Other
611629;treatment;before visit;2018-11-02 23:59:59+00:00;21.23;;;;;;;;;
611629;treatment;before visit;2018-11-03 23:59:59+00:00;23.04;;;;;;;;;
611629;treatment;before visit;2018-11-04 23:59:59+00:00;22.85;;;;;;;;;
611629;treatment;before visit;2018-11-05 23:59:59+00:00;14.2;;;;;;;;;
611629;treatment;before visit;2018-11-06 23:59:59+00:00;17.7;;;;;;;;;
611629;treatment;before visit;2018-11-07 23:59:59+00:00;19.41;;;;;;;;;
611629;treatment;before visit;2018-11-08 23:59:59+00:00;18.67;;;;;;;;;
611629;treatment;before visit;2018-11-09 23:59:59+00:00;20.53;;;;;;;;;
611629;treatment;before visit;2018-11-10 23:59:59+00:00;21.63;;;;;;;;;
611629;treatment;before visit;2018-11-11 23:59:59+00:00;19.94;;;;;;;;;
611629;treatment;before visit;2018-11-12 23:59:59+00:00;13.36;;;;;;;;;
611629;treatment;before visit;2018-11-13 23:59:59+00:00;19.57;;;;;;;;;
611629;treatment;before visit;2018-11-14 23:59:59+00:00;22.71;;;;;;;;;
611629;treatment;before visit;2018-11-15 23:59:59+00:00;15.97;;;;;;;;;
611629;treatment;before visit;2018-11-16 23:59:59+00:00;19.73;;;;;;;;;
611629;treatment;before visit;2018-11-17 23:59:59+00:00;20.36;;;;;;;;;
611629;treatment;before visit;2018-11-18 23:59:59+00:00;23.05;;;;;;;;;
611629;treatment;before visit;2018-11-19 23:59:59+00:00;15.76;;;;;;;;;
611629;treatment;before visit;2018-11-20 23:59:59+00:00;20.97;;;;;;;;;
611629;treatment;before visit;2018-11-21 23:59:59+00:00;24.94;;;;;;;;;
611629;treatment;before visit;2018-11-22 23:59:59+00:00;17.33;;;;;;;;;
611629;treatment;before visit;2018-11-23 23:59:59+00:00;22.45;;;;;;;;;
611629;treatment;before visit;2018-11-24 23:59:59+00:00;19.55;;;;;;;;;
611629;treatment;before visit;2018-11-25 23:59:59+00:00;22.19;;;;;;;;;
611629;treatment;before visit;2018-11-26 23:59:59+00:00;23.72;;;;;;;;;
611629;treatment;before visit;2018-11-27 23:59:59+00:00;22.43;;;;;;;;;
611629;treatment;before visit;2018-11-28 23:59:59+00:00;27.51;;;;;;;;;
611629;treatment;before visit;2018-11-29 23:59:59+00:00;16.61;;;;;;;;;
611629;treatment;before visit;2018-11-30 23:59:59+00:00;19.53;;;;;;;;;
611629;treatment;before visit;2018-12-01 23:59:59+00:00;22.15;;;;;;;;;
611629;treatment;before visit;2018-12-02 23:59:59+00:00;23.91;;;;;;;;;
611629;treatment;before visit;2018-12-03 23:59:59+00:00;18.56;;;;;;;;;
611629;treatment;before visit;2018-12-04 23:59:59+00:00;19.99;;;;;;;;;
611629;treatment;before visit;2018-12-05 23:59:59+00:00;18.76;;;;;;;;;
611629;treatment;before visit;2018-12-06 23:59:59+00:00;28.24;;;;;;;;;
611629;treatment;before visit;2018-12-07 23:59:59+00:00;26.55;;;;;;;;;
611629;treatment;before visit;2018-12-08 23:59:59+00:00;24.86;;;;;;;;;
611629;treatment;before visit;2018-12-09 23:59:59+00:00;24.8;;;;;;;;;
611629;treatment;before visit;2018-12-10 23:59:59+00:00;18.92;;;;;;;;;
611629;treatment;before visit;2018-12-11 23:59:59+00:00;19.68;;;;;;;;;
611629;treatment;before visit;2018-12-12 23:59:59+00:00;20.23;;;;;;;;;
611629;treatment;before visit;2018-12-13 23:59:59+00:00;28.55;;;;;;;;;
611629;treatment;before visit;2018-12-14 23:59:59+00:00;25.85;;;;;;;;;
611629;treatment;before visit;2018-12-15 23:59:59+00:00;18.58;;;;;;;;;
611629;treatment;before visit;2018-12-16 23:59:59+00:00;21.64;;;;;;;;;
611629;treatment;before visit;2018-12-17 23:59:59+00:00;18.35;;;;;;;;;
611629;treatment;before visit;2018-12-18 23:59:59+00:00;20.95;;;;;;;;;
611629;treatment;before visit;2018-12-19 23:59:59+00:00;23.08;;;;;;;;;
611629;treatment;before visit;2018-12-20 23:59:59+00:00;19.84;;;;;;;;;
611629;treatment;before visit;2018-12-21 23:59:59+00:00;21.46;;;;;;;;;
611629;treatment;before visit;2018-12-22 23:59:59+00:00;21.79;;;;;;;;;
611629;treatment;before visit;2018-12-23 23:59:59+00:00;25.34;;;;;;;;;
611629;treatment;before visit;2018-12-24 23:59:59+00:00;22.11;;;;;;;;;
611629;treatment;before visit;2018-12-25 23:59:59+00:00;28.78;;;;;;;;;
611629;treatment;before visit;2018-12-26 23:59:59+00:00;30.45;;;;;;;;;
611629;treatment;before visit;2018-12-27 23:59:59+00:00;24.91;;;;;;;;;
611629;treatment;before visit;2018-12-28 23:59:59+00:00;21.11;;;;;;;;;
611629;treatment;before visit;2018-12-29 23:59:59+00:00;24.7;;;;;;;;;
611629;treatment;before visit;2018-12-30 23:59:59+00:00;21.93;;;;;;;;;
611629;treatment;before visit;2018-12-31 23:59:59+00:00;18.26;;;;;;;;;
611629;treatment;before visit;2019-01-01 23:59:59+00:00;30.24;;;;;;;;;
611629;treatment;before visit;2019-01-02 23:59:59+00:00;33.58;;;;;;;;;
611629;treatment;before visit;2019-01-03 23:59:59+00:00;25.18;;;;;;;;;
611629;treatment;before visit;2019-01-04 23:59:59+00:00;21.39;;;;;;;;;
611629;treatment;before visit;2019-01-05 23:59:59+00:00;24.85;;;;;;;;;
611629;treatment;before visit;2019-01-06 23:59:59+00:00;25.12;;;;;;;;;
611629;treatment;before visit;2019-01-07 23:59:59+00:00;16.5;;;;;;;;;
611629;treatment;before visit;2019-01-08 23:59:59+00:00;21.09;;;;;;;;;
611629;treatment;before visit;2019-01-09 23:59:59+00:00;25.95;;;;;;;;;
611629;treatment;before visit;2019-01-10 23:59:59+00:00;17.77;;;;;;;;;
611629;treatment;before visit;2019-01-11 23:59:59+00:00;43.26;;;;;;;;;
611629;treatment;before visit;2019-01-12 23:59:59+00:00;22.82;;;;;;;;;
611629;treatment;before visit;2019-01-13 23:59:59+00:00;25.1;;;;;;;;;
611629;treatment;before visit;2019-01-14 23:59:59+00:00;19.67;;;;;;;;;
611629;treatment;before visit;2019-01-15 23:59:59+00:00;23.23;;;;;;;;;
611629;treatment;before visit;2019-01-16 23:59:59+00:00;25.44;;;;;;;;;
611629;treatment;before visit;2019-01-17 23:59:59+00:00;17.36;;;;;;;;;
611629;treatment;before visit;2019-01-18 23:59:59+00:00;22.82;;;;;;;;;
611629;treatment;before visit;2019-01-19 23:59:59+00:00;20.52;;;;;;;;;
611629;treatment;before visit;2019-01-20 23:59:59+00:00;22.7;;;;;;;;;
611629;treatment;before visit;2019-01-21 23:59:59+00:00;18.45;;;;;;;;;
611629;treatment;before visit;2019-01-22 23:59:59+00:00;23.59;;;;;;;;;
611629;treatment;before visit;2019-01-23 23:59:59+00:00;28.13;;;;;;;;;
611629;treatment;before visit;2019-01-24 23:59:59+00:00;19.37;;;;;;;;;
611629;treatment;before visit;2019-01-25 23:59:59+00:00;18.21;;;;;;;;;
611629;treatment;before visit;2019-01-26 23:59:59+00:00;16.41;;;;;;;;;
611629;treatment;before visit;2019-01-27 23:59:59+00:00;25.8;;;;;;;;;
611629;treatment;before visit;2019-01-28 23:59:59+00:00;18.32;;;;;;;;;
611629;treatment;before visit;2019-01-29 23:59:59+00:00;22.13;;;;;;;;;
611629;treatment;before visit;2019-01-30 23:59:59+00:00;27.47;;;;;;;;;
611629;treatment;before visit;2019-01-31 23:59:59+00:00;17.67;;;;;;;;;
611629;treatment;before visit;2019-02-01 23:59:59+00:00;22.56;;;;;;;;;
611629;treatment;before visit;2019-02-02 23:59:59+00:00;27.95;;;;;;;;;
611629;treatment;before visit;2019-02-03 23:59:59+00:00;24.89;;;;;;;;;
611629;treatment;before visit;2019-02-04 23:59:59+00:00;19.85;;;;;;;;;
611629;treatment;before visit;2019-02-05 23:59:59+00:00;20.78;;;;;;;;;
611629;treatment;before visit;2019-02-06 23:59:59+00:00;27.97;;;;;;;;;
611629;treatment;before visit;2019-02-07 23:59:59+00:00;19.25;;;;;;;;;
611629;treatment;before visit;2019-02-08 23:59:59+00:00;24.32;;;;;;;;;
611629;treatment;before visit;2019-02-09 23:59:59+00:00;23.91;;;;;;;;;
611629;treatment;before visit;2019-02-10 23:59:59+00:00;24.78;;;;;;;;;
611629;treatment;before visit;2019-02-11 23:59:59+00:00;15.87;;;;;;;;;
611629;treatment;before visit;2019-02-12 23:59:59+00:00;19.99;;;;;;;;;
611629;treatment;before visit;2019-02-13 23:59:59+00:00;29.85;;;;;;;;;
611629;treatment;before visit;2019-02-14 23:59:59+00:00;16.9;;;;;;;;;
611629;treatment;before visit;2019-02-15 23:59:59+00:00;22.32;;;;;;;;;
611629;treatment;before visit;2019-02-16 23:59:59+00:00;16.02;;;;;;;;;
611629;treatment;before visit;2019-02-17 23:59:59+00:00;16.25;;;;;;;;;
611629;treatment;before visit;2019-02-18 23:59:59+00:00;19.34;;;;;;;;;
611629;treatment;before visit;2019-02-19 23:59:59+00:00;21.16;;;;;;;;;
611629;treatment;before visit;2019-02-20 23:59:59+00:00;26.33;;;;;;;;;
611629;treatment;before visit;2019-02-21 23:59:59+00:00;18.92;;;;;;;;;
611629;treatment;before visit;2019-02-22 23:59:59+00:00;21.95;;;;;;;;;
611629;treatment;before visit;2019-02-23 23:59:59+00:00;24.54;;;;;;;;;
611629;treatment;before visit;2019-02-24 23:59:59+00:00;20.54;;;;;;;;;
611629;treatment;before visit;2019-02-25 23:59:59+00:00;18.4;;;;;;;;;
611629;treatment;before visit;2019-02-26 23:59:59+00:00;21.43;;;;;;;;;
611629;treatment;before visit;2019-02-27 23:59:59+00:00;26.62;;;;;;;;;
611629;treatment;before visit;2019-02-28 23:59:59+00:00;17.44;;;;;;;;;
611629;treatment;before visit;2019-03-01 23:59:59+00:00;23.09;;;;;;;;;
611629;treatment;before visit;2019-03-02 23:59:59+00:00;19.11;;;;;;;;;
611629;treatment;before visit;2019-03-03 23:59:59+00:00;19.62;;;;;;;;;
611629;treatment;before visit;2019-03-04 23:59:59+00:00;17.67;;;;;;;;;
611629;treatment;before visit;2019-03-05 23:59:59+00:00;20.66;;;;;;;;;
611629;treatment;before visit;2019-03-06 23:59:59+00:00;20.53;;;;;;;;;
611629;treatment;before visit;2019-03-07 23:59:59+00:00;23.52;;;;;;;;;
611629;treatment;before visit;2019-03-08 23:59:59+00:00;16.96;;;;;;;;;
611629;treatment;before visit;2019-03-09 23:59:59+00:00;21.59;;;;;;;;;
611629;treatment;before visit;2019-03-10 23:59:59+00:00;19.71;;;;;;;;;
611629;treatment;before visit;2019-03-11 23:59:59+00:00;18.38;;;;;;;;;
611629;treatment;before visit;2019-03-12 23:59:59+00:00;20.18;;;;;;;;;
611629;treatment;before visit;2019-03-13 23:59:59+00:00;25.43;;;;;;;;;
611629;treatment;before visit;2019-03-14 23:59:59+00:00;16.45;;;;;;;;;
611629;treatment;before visit;2019-03-15 23:59:59+00:00;22.24;;;;;;;;;
611629;treatment;before visit;2019-03-16 23:59:59+00:00;19.87;;;;;;;;;
611629;treatment;before visit;2019-03-17 23:59:59+00:00;23.76;;;;;;;;;
611629;treatment;before visit;2019-03-18 23:59:59+00:00;56.27;;;;;;;;;
611629;treatment;before visit;2019-03-19 23:59:59+00:00;38.65;;;;;;;;;
611629;treatment;before visit;2019-03-20 23:59:59+00:00;39.88;;;;;;;;;
611629;treatment;before visit;2019-03-21 23:59:59+00:00;33.9;;;;;;;;;
611629;treatment;before visit;2019-03-22 23:59:59+00:00;48.07;;;;;;;;;
611629;treatment;before visit;2019-03-23 23:59:59+00:00;18.35;;;;;;;;;
611629;treatment;before visit;2019-03-24 23:59:59+00:00;26.02;;;;;;;;;
611629;treatment;before visit;2019-03-25 23:59:59+00:00;40.34;;;;;;;;;
611629;treatment;before visit;2019-03-26 23:59:59+00:00;53.72;;;;;;;;;
611629;treatment;before visit;2019-03-27 23:59:59+00:00;40.67;;;;;;;;;
611629;treatment;before visit;2019-03-28 23:59:59+00:00;30.76;;;;;;;;;
611629;treatment;before visit;2019-03-29 23:59:59+00:00;29.87;;;;;;;;;
611629;treatment;before visit;2019-03-30 23:59:59+00:00;40.28;;;;;;;;;
611629;treatment;before visit;2019-03-31 23:59:59+00:00;32.2;;;;;;;;;
611629;treatment;before visit;2019-04-01 23:59:59+00:00;20.02;;;;;;;;;
611629;treatment;before visit;2019-04-02 23:59:59+00:00;26.54;;;;;;;;;
611629;treatment;before visit;2019-04-03 23:59:59+00:00;29.02;;;;;;;;;
611629;treatment;before visit;2019-04-04 23:59:59+00:00;25.53;;;;;;;;;
611629;treatment;before visit;2019-04-05 23:59:59+00:00;33.48;;;;;;;;;
611629;treatment;before visit;2019-04-06 23:59:59+00:00;35.06;;;;;;;;;
611629;treatment;before visit;2019-04-07 23:59:59+00:00;28.47;;;;;;;;;
611629;treatment;before visit;2019-04-08 23:59:59+00:00;18.42;;;;;;;;;
611629;treatment;before visit;2019-04-09 23:59:59+00:00;22.07;;;;;;;;;
611629;treatment;before visit;2019-04-10 23:59:59+00:00;33.72;;;;;;;;;
611629;treatment;before visit;2019-04-11 23:59:59+00:00;21.69;;;;;;;;;
611629;treatment;before visit;2019-04-12 23:59:59+00:00;29.48;;;;;;;;;
611629;treatment;before visit;2019-04-13 23:59:59+00:00;39.59;;;;;;;;;
611629;treatment;before visit;2019-04-14 23:59:59+00:00;37.98;;;;;;;;;
611629;treatment;before visit;2019-04-15 23:59:59+00:00;21.27;;;;;;;;;
611629;treatment;before visit;2019-04-16 23:59:59+00:00;23.91;;;;;;;;;
611629;treatment;before visit;2019-04-17 23:59:59+00:00;30.3;;;;;;;;;
611629;treatment;before visit;2019-04-18 23:59:59+00:00;21.15;;;;;;;;;
611629;treatment;before visit;2019-04-19 23:59:59+00:00;18.55;;;;;;;;;
611629;treatment;before visit;2019-04-20 23:59:59+00:00;24.15;;;;;;;;;
611629;treatment;before visit;2019-04-21 23:59:59+00:00;13.31;;;;;;;;;
611629;treatment;before visit;2019-04-22 23:59:59+00:00;20.49;;;;;;;;;
611629;treatment;before visit;2019-04-23 23:59:59+00:00;18.6;;;;;;;;;
611629;treatment;before visit;2019-04-24 23:59:59+00:00;21.23;;;;;;;;;
611629;treatment;before visit;2019-04-25 23:59:59+00:00;11.34;;;;;;;;;
611629;treatment;before visit;2019-04-26 23:59:59+00:00;29.35;;;;;;;;;
611629;treatment;before visit;2019-04-27 23:59:59+00:00;30.29;;;;;;;;;
611629;treatment;before visit;2019-04-28 23:59:59+00:00;28.73;;;;;;;;;
611629;treatment;before visit;2019-04-29 23:59:59+00:00;22.31;;;;;;;;;
611629;treatment;before visit;2019-04-30 23:59:59+00:00;24.52;;;;;;;;;
611629;treatment;before visit;2019-05-01 23:59:59+00:00;29.79;;;;;;;;;
611629;treatment;before visit;2019-05-02 23:59:59+00:00;23.32;;;;;;;;;
611629;treatment;before visit;2019-05-03 23:59:59+00:00;21.19;;;;;;;;;
611629;treatment;before visit;2019-05-04 23:59:59+00:00;37.18;;;;;;;;;
611629;treatment;before visit;2019-05-05 23:59:59+00:00;36.87;;;;;;;;;
611629;treatment;before visit;2019-05-06 23:59:59+00:00;30.52;;;;;;;;;
611629;treatment;before visit;2019-05-07 23:59:59+00:00;32.41;;;;;;;;;
611629;treatment;before visit;2019-05-08 23:59:59+00:00;28.87;;;;;;;;;
611629;treatment;before visit;2019-05-09 23:59:59+00:00;24.68;;;;;;;;;
611629;treatment;before visit;2019-05-10 23:59:59+00:00;22.81;;;;;;;;;
611629;treatment;before visit;2019-05-11 23:59:59+00:00;28.92;;;;;;;;;
611629;treatment;before visit;2019-05-12 23:59:59+00:00;25.35;;;;;;;;;
611629;treatment;before visit;2019-05-13 23:59:59+00:00;22.12;;;;;;;;;
611629;treatment;before visit;2019-05-14 23:59:59+00:00;29.65;;;;;;;;;
611629;treatment;before visit;2019-05-15 23:59:59+00:00;29.48;;;;;;;;;
611629;treatment;before visit;2019-05-16 23:59:59+00:00;25.2;;;;;;;;;
611629;treatment;before visit;2019-05-17 23:59:59+00:00;19.27;;;;;;;;;
611629;treatment;before visit;2019-05-18 23:59:59+00:00;25.48;;;;;;;;;
611629;treatment;before visit;2019-05-19 23:59:59+00:00;16.08;;;;;;;;;
611629;treatment;before visit;2019-05-20 23:59:59+00:00;12.13;;;;;;;;;
611629;treatment;before visit;2019-05-21 23:59:59+00:00;13.92;;;;;;;;;
611629;treatment;before visit;2019-05-22 23:59:59+00:00;12.23;;;;;;;;;
611629;treatment;before visit;2019-05-23 23:59:59+00:00;11.64;;;;;;;;;
611629;treatment;before visit;2019-05-24 23:59:59+00:00;12.06;;;;;;;;;
611629;treatment;before visit;2019-05-25 23:59:59+00:00;18.27;;;;;;;;;
611629;treatment;before visit;2019-05-26 23:59:59+00:00;17.01;;;;;;;;;
611629;treatment;before visit;2019-05-27 23:59:59+00:00;21.25;;;;;;;;;
611629;treatment;before visit;2019-05-28 23:59:59+00:00;16.5;;;;;;;;;
611629;treatment;before visit;2019-05-29 23:59:59+00:00;18.48;;;;;;;;;
611629;treatment;before visit;2019-05-30 23:59:59+00:00;17.71;;;;;;;;;
611629;treatment;before visit;2019-05-31 23:59:59+00:00;14.43;;;;;;;;;
611629;treatment;before visit;2019-06-01 23:59:59+00:00;16.38;;;;;;;;;
611629;treatment;before visit;2019-06-02 23:59:59+00:00;9.29;;;;;;;;;
611629;treatment;before visit;2019-06-03 23:59:59+00:00;8.09;;;;;;;;;
611629;treatment;before visit;2019-06-04 23:59:59+00:00;9.66;;;;;;;;;
611629;treatment;before visit;2019-06-05 23:59:59+00:00;13.16;;;;;;;;;
611629;treatment;before visit;2019-06-06 23:59:59+00:00;6.86;;;;;;;;;
611629;treatment;before visit;2019-06-07 23:59:59+00:00;10.31;;;;;;;;;
611629;treatment;before visit;2019-06-08 23:59:59+00:00;10.28;;;;;;;;;
611629;treatment;before visit;2019-06-09 23:59:59+00:00;17.36;;;;;;;;;
611629;treatment;before visit;2019-06-10 23:59:59+00:00;11.88;;;;;;;;;
611629;treatment;before visit;2019-06-11 23:59:59+00:00;15.29;;;;;;;;;
611629;treatment;before visit;2019-06-12 23:59:59+00:00;16.33;;;;;;;;;
611629;treatment;before visit;2019-06-13 23:59:59+00:00;10.69;;;;;;;;;
611629;treatment;before visit;2019-06-14 23:59:59+00:00;9.06;;;;;;;;;
611629;treatment;before visit;2019-06-15 23:59:59+00:00;15.45;;;;;;;;;
611629;treatment;before visit;2019-06-16 23:59:59+00:00;12.05;;;;;;;;;
611629;treatment;before visit;2019-06-17 23:59:59+00:00;8.11;;;;;;;;;
611629;treatment;before visit;2019-06-18 23:59:59+00:00;8.06;;;;;;;;;
611629;treatment;before visit;2019-06-19 23:59:59+00:00;12.6;;;;;;;;;
611629;treatment;before visit;2019-06-20 23:59:59+00:00;7.77;;;;;;;;;
611629;treatment;before visit;2019-06-21 23:59:59+00:00;10.46;;;;;;;;;
611629;treatment;before visit;2019-06-22 23:59:59+00:00;10.88;;;;;;;;;
611629;treatment;before visit;2019-06-23 23:59:59+00:00;11.87;;;;;;;;;
611629;treatment;before visit;2019-06-24 23:59:59+00:00;5.26;;;;;;;;;
611629;treatment;before visit;2019-06-25 23:59:59+00:00;6.85;;;;;;;;;
611629;treatment;before visit;2019-06-26 23:59:59+00:00;15.07;;;;;;;;;
611629;treatment;before visit;2019-06-27 23:59:59+00:00;6.56;;;;;;;;;
611629;treatment;before visit;2019-06-28 23:59:59+00:00;6.3;;;;;;;;;
611629;treatment;before visit;2019-06-29 23:59:59+00:00;8.53;;;;;;;;;
611629;treatment;before visit;2019-06-30 23:59:59+00:00;11.12;;;;;;;;;
611629;treatment;before visit;2019-07-01 23:59:59+00:00;5.51;;;;;;;;;
611629;treatment;before visit;2019-07-02 23:59:59+00:00;8.08;;;;;;;;;
611629;treatment;before visit;2019-07-03 23:59:59+00:00;12.93;;;;;;;;;
611629;treatment;before visit;2019-07-04 23:59:59+00:00;5.16;;;;;;;;;
611629;treatment;before visit;2019-07-05 23:59:59+00:00;7.84;;;;;;;;;
611629;treatment;before visit;2019-07-06 23:59:59+00:00;7.9;;;;;;;;;
611629;treatment;before visit;2019-07-07 23:59:59+00:00;12.8;;;;;;;;;
611629;treatment;before visit;2019-07-08 23:59:59+00:00;6.05;;;;;;;;;
611629;treatment;before visit;2019-07-09 23:59:59+00:00;5.57;;;;;;;;;
611629;treatment;before visit;2019-07-10 23:59:59+00:00;15.11;;;;;;;;;
611629;treatment;before visit;2019-07-11 23:59:59+00:00;6.57;;;;;;;;;
611629;treatment;before visit;2019-07-12 23:59:59+00:00;17.62;;;;;;;;;
611629;treatment;before visit;2019-07-13 23:59:59+00:00;7.99;;;;;;;;;
611629;treatment;before visit;2019-07-14 23:59:59+00:00;15.66;;;;;;;;;
611629;treatment;before visit;2019-07-15 23:59:59+00:00;4.68;;;;;;;;;
611629;treatment;before visit;2019-07-16 23:59:59+00:00;8.92;;;;;;;;;
611629;treatment;before visit;2019-07-17 23:59:59+00:00;11.42;;;;;;;;;
611629;treatment;before visit;2019-07-18 23:59:59+00:00;6.36;;;;;;;;;
611629;treatment;before visit;2019-07-19 23:59:59+00:00;9.62;;;;;;;;;
611629;treatment;before visit;2019-07-20 23:59:59+00:00;7.58;;;;;;;;;
611629;treatment;before visit;2019-07-21 23:59:59+00:00;12.15;;;;;;;;;
611629;treatment;before visit;2019-07-22 23:59:59+00:00;6.37;;;;;;;;;
611629;treatment;before visit;2019-07-23 23:59:59+00:00;8.37;;;;;;;;;
611629;treatment;before visit;2019-07-24 23:59:59+00:00;11.46;;;;;;;;;
611629;treatment;before visit;2019-07-25 23:59:59+00:00;4.58;;;;;;;;;
611629;treatment;before visit;2019-07-26 23:59:59+00:00;8.3;;;;;;;;;
611629;treatment;before visit;2019-07-27 23:59:59+00:00;8.7;;;;;;;;;
611629;treatment;before visit;2019-07-28 23:59:59+00:00;11.18;;;;;;;;;
611629;treatment;before visit;2019-07-29 23:59:59+00:00;5.7;;;;;;;;;
611629;treatment;before visit;2019-07-30 23:59:59+00:00;9.15;;;;;;;;;
611629;treatment;before visit;2019-07-31 23:59:59+00:00;15.81;;;;;;;;;
611629;treatment;before visit;2019-08-01 23:59:59+00:00;7.48;;;;;;;;;
611629;treatment;before visit;2019-08-02 23:59:59+00:00;9.71;;;;;;;;;
611629;treatment;before visit;2019-08-03 23:59:59+00:00;10.42;;;;;;;;;
611629;treatment;before visit;2019-08-04 23:59:59+00:00;13.73;;;;;;;;;
611629;treatment;before visit;2019-08-05 23:59:59+00:00;5.37;;;;;;;;;
611629;treatment;before visit;2019-08-06 23:59:59+00:00;8.91;;;;;;;;;
611629;treatment;before visit;2019-08-07 23:59:59+00:00;13.53;;;;;;;;;
611629;treatment;before visit;2019-08-08 23:59:59+00:00;5.2;;;;;;;;;
611629;treatment;before visit;2019-08-09 23:59:59+00:00;8.48;;;;;;;;;
611629;treatment;before visit;2019-08-10 23:59:59+00:00;6.47;;;;;;;;;
611629;treatment;before visit;2019-08-11 23:59:59+00:00;14.59;;;;;;;;;
611629;treatment;before visit;2019-08-12 23:59:59+00:00;5.93;;;;;;;;;
611629;treatment;before visit;2019-08-13 23:59:59+00:00;9.74;;;;;;;;;
611629;treatment;before visit;2019-08-14 23:59:59+00:00;13.12;;;;;;;;;
611629;treatment;before visit;2019-08-15 23:59:59+00:00;14.68;;;;;;;;;
611629;treatment;before visit;2019-08-16 23:59:59+00:00;12.14;;;;;;;;;
611629;treatment;before visit;2019-08-17 23:59:59+00:00;9.67;;;;;;;;;
611629;treatment;before visit;2019-08-18 23:59:59+00:00;11.42;;;;;;;;;
611629;treatment;before visit;2019-08-19 23:59:59+00:00;6.66;;;;;;;;;
611629;treatment;before visit;2019-08-20 23:59:59+00:00;9.92;;;;;;;;;
611629;treatment;before visit;2019-08-21 23:59:59+00:00;16.15;;;;;;;;;
611629;treatment;before visit;2019-08-22 23:59:59+00:00;9.47;;;;;;;;;
611629;treatment;before visit;2019-08-23 23:59:59+00:00;13.21;;;;;;;;;
611629;treatment;before visit;2019-08-24 23:59:59+00:00;9.79;;;;;;;;;
611629;treatment;before visit;2019-08-25 23:59:59+00:00;16.79;;;;;;;;;
611629;treatment;before visit;2019-08-26 23:59:59+00:00;5.64;;;;;;;;;
611629;treatment;before visit;2019-08-27 23:59:59+00:00;4.95;;;;;;;;;
611629;treatment;before visit;2019-08-28 23:59:59+00:00;13.44;;;;;;;;;
611629;treatment;before visit;2019-08-29 23:59:59+00:00;10.0;;;;;;;;;
611629;treatment;before visit;2019-08-30 23:59:59+00:00;8.15;;;;;;;;;
611629;treatment;before visit;2019-08-31 23:59:59+00:00;8.05;;;;;;;;;
611629;treatment;before visit;2019-09-01 23:59:59+00:00;13.43;;;;;;;;;
611629;treatment;before visit;2019-09-02 23:59:59+00:00;5.75;;;;;;;;;
611629;treatment;before visit;2019-09-03 23:59:59+00:00;13.1;;;;;;;;;
611629;treatment;before visit;2019-09-04 23:59:59+00:00;15.38;;;;;;;;;
611629;treatment;before visit;2019-09-05 23:59:59+00:00;9.22;;;;;;;;;
611629;treatment;before visit;2019-09-06 23:59:59+00:00;21.82;;;;;;;;;
611629;treatment;before visit;2019-09-07 23:59:59+00:00;18.28;;;;;;;;;
611629;treatment;before visit;2019-09-08 23:59:59+00:00;21.83;;;;;;;;;
611629;treatment;before visit;2019-09-09 23:59:59+00:00;11.13;;;;;;;;;
611629;treatment;before visit;2019-09-10 23:59:59+00:00;12.52;;;;;;;;;
611629;treatment;before visit;2019-09-11 23:59:59+00:00;20.22;;;;;;;;;
611629;treatment;before visit;2019-09-12 23:59:59+00:00;11.59;;;;;;;;;
611629;treatment;before visit;2019-09-13 23:59:59+00:00;10.3;;;;;;;;;
611629;treatment;before visit;2019-09-14 23:59:59+00:00;18.45;;;;;;;;;
611629;treatment;before visit;2019-09-15 23:59:59+00:00;8.16;;;;;;;;;
611629;treatment;before visit;2019-09-16 23:59:59+00:00;7.18;;;;;;;;;
611629;treatment;before visit;2019-09-17 23:59:59+00:00;5.35;;;;;;;;;
611629;treatment;before visit;2019-09-18 23:59:59+00:00;9.64;;;;;;;;;
611629;treatment;before visit;2019-09-19 23:59:59+00:00;11.82;;;;;;;;;
611629;treatment;before visit;2019-09-20 23:59:59+00:00;13.75;;;;;;;;;
611629;treatment;before visit;2019-09-21 23:59:59+00:00;26.73;;;;;;;;;
611629;treatment;before visit;2019-09-22 23:59:59+00:00;14.65;;;;;;;;;
611629;treatment;before visit;2019-09-23 23:59:59+00:00;15.75;;;;;;;;;
611629;treatment;before visit;2019-09-24 23:59:59+00:00;14.42;;;;;;;;;
611629;treatment;before visit;2019-09-25 23:59:59+00:00;14.84;;;;;;;;;
611629;treatment;before visit;2019-09-26 23:59:59+00:00;11.58;;;;;;;;;
611629;treatment;before visit;2019-09-27 23:59:59+00:00;11.68;;;;;;;;;
611629;treatment;before visit;2019-09-28 23:59:59+00:00;17.68;;;;;;;;;
611629;treatment;before visit;2019-09-29 23:59:59+00:00;11.05;;;;;;;;;
611629;treatment;before visit;2019-09-30 23:59:59+00:00;15.36;;;;;;;;;
611629;treatment;before visit;2019-10-01 23:59:59+00:00;16.01;;;;;;;;;
611629;treatment;before visit;2019-10-02 23:59:59+00:00;19.61;;;;;;;;;
611629;treatment;before visit;2019-10-03 23:59:59+00:00;20.62;;;;;;;;;
611629;treatment;before visit;2019-10-04 23:59:59+00:00;17.94;;;;;;;;;
611629;treatment;before visit;2019-10-05 23:59:59+00:00;22.94;;;;;;;;;
611629;treatment;before visit;2019-10-06 23:59:59+00:00;16.56;;;;;;;;;
611629;treatment;before visit;2019-10-07 23:59:59+00:00;14.67;;;;;;;;;
611629;treatment;before visit;2019-10-08 23:59:59+00:00;16.46;;;;;;;;;
611629;treatment;before visit;2019-10-09 23:59:59+00:00;21.65;;;;;;;;;
611629;treatment;before visit;2019-10-10 23:59:59+00:00;15.8;;;;;;;;;
611629;treatment;before visit;2019-10-11 23:59:59+00:00;20.58;;;;;;;;;
611629;treatment;before visit;2019-10-12 23:59:59+00:00;20.84;;;;;;;;;
611629;treatment;before visit;2019-10-13 23:59:59+00:00;13.29;;;;;;;;;
611629;treatment;before visit;2019-10-14 23:59:59+00:00;12.48;;;;;;;;;
611629;treatment;before visit;2019-10-15 23:59:59+00:00;15.26;;;;;;;;;
611629;treatment;before visit;2019-10-16 23:59:59+00:00;23.27;;;;;;;;;
611629;treatment;before visit;2019-10-17 23:59:59+00:00;13.03;;;;;;;;;
611629;treatment;before visit;2019-10-18 23:59:59+00:00;19.66;;;;;;;;;
611629;treatment;before visit;2019-10-19 23:59:59+00:00;22.48;;;;;;;;;
611629;treatment;before visit;2019-10-20 23:59:59+00:00;13.21;;;;;;;;;
611629;treatment;before visit;2019-10-21 23:59:59+00:00;13.52;;;;;;;;;
611629;treatment;before visit;2019-10-22 23:59:59+00:00;13.86;;;;;;;;;
611629;treatment;before visit;2019-10-23 23:59:59+00:00;32.57;;;;;;;;;
611629;treatment;before visit;2019-10-24 23:59:59+00:00;11.42;;;;;;;;;
611629;treatment;before visit;2019-10-25 23:59:59+00:00;30.06;;;;;;;;;
611629;treatment;before visit;2019-10-26 23:59:59+00:00;26.71;;;;;;;;;
611629;treatment;before visit;2019-10-27 23:59:59+00:00;26.71;;;;;;;;;
611629;treatment;before visit;2019-10-28 23:59:59+00:00;12.13;;;;;;;;;
611629;treatment;before visit;2019-10-29 23:59:59+00:00;20.67;;;;;;;;;
611629;treatment;before visit;2019-10-30 23:59:59+00:00;38.84;;;;;;;;;
611629;treatment;before visit;2019-10-31 23:59:59+00:00;21.74;;;;;;;;;
611629;treatment;before visit;2019-11-01 23:59:59+00:00;31.11;;;;;;;;;
611629;treatment;before visit;2019-11-02 23:59:59+00:00;26.37;;;;;;;;;
611629;treatment;before visit;2019-11-03 23:59:59+00:00;21.53;;;;;;;;;
611629;treatment;before visit;2019-11-04 23:59:59+00:00;15.35;;;;;;;;;
611629;treatment;before visit;2019-11-05 23:59:59+00:00;26.71;;;;;;;;;
611629;treatment;before visit;2019-11-06 23:59:59+00:00;28.48;;;;;;;;;
611629;treatment;before visit;2019-11-07 23:59:59+00:00;22.17;;;;;;;;;
611629;treatment;before visit;2019-11-08 23:59:59+00:00;44.01;;;;;;;;;
611629;treatment;before visit;2019-11-09 23:59:59+00:00;39.07;;;;;;;;;
611629;treatment;before visit;2019-11-10 23:59:59+00:00;34.64;;;;;;;;;
611629;treatment;before visit;2019-11-11 23:59:59+00:00;30.6;;;;;;;;;
611629;treatment;before visit;2019-11-12 23:59:59+00:00;30.19;;;;;;;;;
611629;treatment;before visit;2019-11-13 23:59:59+00:00;41.21;;;;;;;;;
611629;treatment;before visit;2019-11-14 23:59:59+00:00;40.15;;;;;;;;;
611629;treatment;before visit;2019-11-15 23:59:59+00:00;47.32;;;;;;;;;
611629;treatment;before visit;2019-11-16 23:59:59+00:00;55.75;;;;;;;;;
611629;treatment;before visit;2019-11-17 23:59:59+00:00;46.09;;;;;;;;;
611629;treatment;before visit;2019-11-18 23:59:59+00:00;27.39;;;;;;;;;
611629;treatment;before visit;2019-11-19 23:59:59+00:00;40.68;;;;;;;;;
611629;treatment;before visit;2019-11-20 23:59:59+00:00;41.83;;;;;;;;;
611629;treatment;before visit;2019-11-21 23:59:59+00:00;36.67;;;;;;;;;
611629;treatment;before visit;2019-11-22 23:59:59+00:00;38.82;;;;;;;;;
611629;treatment;before visit;2019-11-23 23:59:59+00:00;52.07;;;;;;;;;
611629;treatment;before visit;2019-11-24 23:59:59+00:00;31.47;;;;;;;;;
611629;treatment;before visit;2019-11-25 23:59:59+00:00;26.43;;;;;;;;;
611629;treatment;before visit;2019-11-26 23:59:59+00:00;23.85;;;;;;;;;
611629;treatment;before visit;2019-11-27 23:59:59+00:00;43.7;;;;;;;;;
611629;treatment;before visit;2019-11-28 23:59:59+00:00;27.87;;;;;;;;;
611629;treatment;before visit;2019-11-29 23:59:59+00:00;50.91;;;;;;;;;
611629;treatment;before visit;2019-11-30 23:59:59+00:00;44.08;;;;;;;;;
611629;treatment;before visit;2019-12-01 23:59:59+00:00;51.7;;;;;;;;;
611629;treatment;before visit;2019-12-02 23:59:59+00:00;28.99;;;;;;;;;
611629;treatment;before visit;2019-12-03 23:59:59+00:00;41.04;;;;;;;;;
611629;treatment;before visit;2019-12-04 23:59:59+00:00;58.52;;;;;;;;;
611629;treatment;before visit;2019-12-05 23:59:59+00:00;36.27;;;;;;;;;
611629;treatment;before visit;2019-12-06 23:59:59+00:00;48.16;;;;;;;;;
611629;treatment;before visit;2019-12-07 23:59:59+00:00;39.4;;;;;;;;;
611629;treatment;before visit;2019-12-08 23:59:59+00:00;31.21;;;;;;;;;
611629;treatment;before visit;2019-12-09 23:59:59+00:00;22.17;;;;;;;;;
611629;treatment;before visit;2019-12-10 23:59:59+00:00;35.14;;;;;;;;;
611629;treatment;before visit;2019-12-11 23:59:59+00:00;57.2;;;;;;;;;
611629;treatment;before visit;2019-12-12 23:59:59+00:00;37.14;;;;;;;;;
611629;treatment;before visit;2019-12-13 23:59:59+00:00;50.12;;;;;;;;;
611629;treatment;before visit;2019-12-14 23:59:59+00:00;44.22;;;;;;;;;
611629;treatment;before visit;2019-12-15 23:59:59+00:00;32.2;;;;;;;;;
611629;treatment;before visit;2019-12-16 23:59:59+00:00;26.77;;;;;;;;;
611629;treatment;before visit;2019-12-17 23:59:59+00:00;48.3;;;;;;;;;
611629;treatment;before visit;2019-12-18 23:59:59+00:00;36.89;;;;;;;;;
611629;treatment;before visit;2019-12-19 23:59:59+00:00;34.15;;;;;;;;;
611629;treatment;before visit;2019-12-20 23:59:59+00:00;35.99;;;;;;;;;
611629;treatment;before visit;2019-12-21 23:59:59+00:00;42.04;;;;;;;;;
611629;treatment;before visit;2019-12-22 23:59:59+00:00;37.15;;;;;;;;;
611629;treatment;before visit;2019-12-23 23:59:59+00:00;37.54;;;;;;;;;
611629;treatment;before visit;2019-12-24 23:59:59+00:00;45.29;;;;;;;;;
611629;treatment;before visit;2019-12-25 23:59:59+00:00;35.3;;;;;;;;;
611629;treatment;before visit;2019-12-26 23:59:59+00:00;54.3;;;;;;;;;
611629;treatment;before visit;2019-12-27 23:59:59+00:00;40.89;;;;;;;;;
611629;treatment;before visit;2019-12-28 23:59:59+00:00;54.16;;;;;;;;;
611629;treatment;before visit;2019-12-29 23:59:59+00:00;53.78;;;;;;;;;
611629;treatment;before visit;2019-12-30 23:59:59+00:00;57.89;;;;;;;;;
611629;treatment;before visit;2019-12-31 23:59:59+00:00;56.69;;;;;;;;;
611629;treatment;before visit;2020-01-01 23:59:59+00:00;54.47;;;;;;;;;
611629;treatment;before visit;2020-01-02 23:59:59+00:00;78.65;;;;;;;;;
611629;treatment;before visit;2020-01-03 23:59:59+00:00;57.43;;;;;;;;;
611629;treatment;before visit;2020-01-04 23:59:59+00:00;59.48;;;;;;;;;
611629;treatment;before visit;2020-01-05 23:59:59+00:00;49.24;;;;;;;;;
611629;treatment;before visit;2020-01-06 23:59:59+00:00;54.33;;;;;;;;;
611629;treatment;before visit;2020-01-07 23:59:59+00:00;45.13;;;;;;;;;
611629;treatment;before visit;2020-01-08 23:59:59+00:00;72.78;;;;;;;;;
611629;treatment;before visit;2020-01-09 23:59:59+00:00;38.88;;;;;;;;;
611629;treatment;before visit;2020-01-10 23:59:59+00:00;51.12;;;;;;;;;
611629;treatment;before visit;2020-01-11 23:59:59+00:00;50.46;;;;;;;;;
611629;treatment;before visit;2020-01-12 23:59:59+00:00;51.48;;;;;;;;;
611629;treatment;before visit;2020-01-13 23:59:59+00:00;43.54;;;;;;;;;
611629;treatment;before visit;2020-01-14 23:59:59+00:00;44.67;;;;;;;;;
611629;treatment;before visit;2020-01-15 23:59:59+00:00;60.37;;;;;;;;;
611629;treatment;before visit;2020-01-16 23:59:59+00:00;29.37;;;;;;;;;
611629;treatment;before visit;2020-01-17 23:59:59+00:00;54.21;;;;;;;;;
611629;treatment;before visit;2020-01-18 23:59:59+00:00;47.62;;;;;;;;;
611629;treatment;before visit;2020-01-19 23:59:59+00:00;50.29;;;;;;;;;
611629;treatment;before visit;2020-01-20 23:59:59+00:00;45.55;;;;;;;;;
611629;treatment;before visit;2020-01-21 23:59:59+00:00;57.05;;;;;;;;;
611629;treatment;before visit;2020-01-22 23:59:59+00:00;86.14;;;;;;;;;
611629;treatment;before visit;2020-01-23 23:59:59+00:00;58.85;;;;;;;;;
611629;treatment;before visit;2020-01-24 23:59:59+00:00;72.9;;;;;;;;;
611629;treatment;before visit;2020-01-25 23:59:59+00:00;62.76;;;;;;;;;
611629;treatment;before visit;2020-01-26 23:59:59+00:00;49.06;;;;;;;;;
611629;treatment;before visit;2020-01-27 23:59:59+00:00;29.85;;;;;;;;;
611629;treatment;before visit;2020-01-28 23:59:59+00:00;32.56;;;;;;;;;
611629;treatment;before visit;2020-01-29 23:59:59+00:00;59.43;;;;;;;;;
611629;treatment;before visit;2020-01-30 23:59:59+00:00;43.5;;;;;;;;;
611629;treatment;before visit;2020-01-31 23:59:59+00:00;39.66;;;;;;;;;
611629;treatment;before visit;2020-02-01 23:59:59+00:00;45.25;;;;;;;;;
611629;treatment;before visit;2020-02-02 23:59:59+00:00;25.88;;;;;;;;;
611629;treatment;before visit;2020-02-03 23:59:59+00:00;21.06;;;;;;;;;
611629;treatment;before visit;2020-02-04 23:59:59+00:00;30.96;;;;;;;;;
611629;treatment;before visit;2020-02-05 23:59:59+00:00;54.45;;;;;;;;;
611629;treatment;before visit;2020-02-06 23:59:59+00:00;44.87;;;;;;;;;
611629;treatment;before visit;2020-02-07 23:59:59+00:00;61.42;;;;;;;;;
611629;treatment;before visit;2020-02-08 23:59:59+00:00;72.04;;;;;;;;;
611629;treatment;before visit;2020-02-09 23:59:59+00:00;39.42;;;;;;;;;
611629;treatment;before visit;2020-02-10 23:59:59+00:00;26.5;;;;;;;;;
611629;treatment;before visit;2020-02-11 23:59:59+00:00;35.81;;;;;;;;;
611629;treatment;before visit;2020-02-12 23:59:59+00:00;49.69;;;;;;;;;
611629;treatment;before visit;2020-02-13 23:59:59+00:00;38.25;;;;;;;;;
611629;treatment;before visit;2020-02-14 23:59:59+00:00;58.82;;;;;;;;;
611629;treatment;before visit;2020-02-15 23:59:59+00:00;56.1;;;;;;;;;
611629;treatment;before visit;2020-02-16 23:59:59+00:00;28.04;;;;;;;;;
611629;treatment;before visit;2020-02-17 23:59:59+00:00;25.36;;;;;;;;;
611629;treatment;before visit;2020-02-18 23:59:59+00:00;32.66;;;;;;;;;
611629;treatment;before visit;2020-02-19 23:59:59+00:00;54.61;;;;;;;;;
611629;treatment;before visit;2020-02-20 23:59:59+00:00;31.86;;;;;;;;;
611629;treatment;before visit;2020-02-21 23:59:59+00:00;44.14;;;;;;;;;
611629;treatment;before visit;2020-02-22 23:59:59+00:00;52.8;;;;;;;;;
611629;treatment;before visit;2020-02-23 23:59:59+00:00;34.3;;;;;;;;;
611629;treatment;before visit;2020-02-24 23:59:59+00:00;16.68;;;;;;;;;
611629;treatment;before visit;2020-02-25 23:59:59+00:00;27.5;;;;;;;;;
611629;treatment;before visit;2020-02-26 23:59:59+00:00;51.45;;;;;;;;;
611629;treatment;before visit;2020-02-27 23:59:59+00:00;48.92;;;;;;;;;
611629;treatment;before visit;2020-02-28 23:59:59+00:00;59.73;;;;;;;;;
611629;treatment;before visit;2020-02-29 23:59:59+00:00;52.33;;;;;;;;;
611629;treatment;before visit;2020-03-01 23:59:59+00:00;32.93;;;;;;;;;
611629;treatment;before visit;2020-03-02 23:59:59+00:00;29.89;;;;;;;;;
611629;treatment;before visit;2020-03-03 23:59:59+00:00;45.67;;;;;;;;;
611629;treatment;before visit;2020-03-04 23:59:59+00:00;56.42;;;;;;;;;
611629;treatment;before visit;2020-03-05 23:59:59+00:00;44.57;;;;;;;;;
611629;treatment;before visit;2020-03-06 23:59:59+00:00;50.37;;;;;;;;;
611629;treatment;before visit;2020-03-07 23:59:59+00:00;47.36;;;;;;;;;
611629;treatment;before visit;2020-03-08 23:59:59+00:00;48.4;;;;;;;;;
611629;treatment;before visit;2020-03-09 23:59:59+00:00;39.61;;;;;;;;;
611629;treatment;before visit;2020-03-10 23:59:59+00:00;46.67;;;;;;;;;
611629;treatment;before visit;2020-03-11 23:59:59+00:00;41.23;;;;;;;;;
611629;treatment;before visit;2020-03-12 23:59:59+00:00;29.11;;;;;;;;;
611629;treatment;before visit;2020-03-13 23:59:59+00:00;43.34;;;;;;;;;
611629;treatment;before visit;2020-03-14 23:59:59+00:00;50.56;;;;;;;;;
611629;treatment;before visit;2020-03-15 23:59:59+00:00;38.61;;;;;;;;;
611629;treatment;before visit;2020-03-16 23:59:59+00:00;31.29;;;;;;;;;
611629;treatment;before visit;2020-03-17 23:59:59+00:00;33.0;;;;;;;;;
611629;treatment;before visit;2020-03-18 23:59:59+00:00;42.54;;;;;;;;;
611629;treatment;before visit;2020-03-19 23:59:59+00:00;29.63;;;;;;;;;
611629;treatment;before visit;2020-03-20 23:59:59+00:00;29.97;;;;;;;;;
611629;treatment;before visit;2020-03-21 23:59:59+00:00;40.89;;;;;;;;;
611629;treatment;before visit;2020-03-22 23:59:59+00:00;38.02;;;;;;;;;
611629;treatment;before visit;2020-03-23 23:59:59+00:00;45.3;;;;;;;;;
611629;treatment;before visit;2020-03-24 23:59:59+00:00;60.99;;;;;;;;;
611629;treatment;before visit;2020-03-25 23:59:59+00:00;57.3;;;;;;;;;
611629;treatment;before visit;2020-03-26 23:59:59+00:00;52.26;;;;;;;;;
611629;treatment;before visit;2020-03-27 23:59:59+00:00;53.69;;;;;;;;;
611629;treatment;before visit;2020-03-28 23:59:59+00:00;42.23;;;;;;;;;
611629;treatment;before visit;2020-03-29 23:59:59+00:00;36.88;;;;;;;;;
611629;treatment;before visit;2020-03-30 23:59:59+00:00;56.22;;;;;;;;;
611629;treatment;before visit;2020-03-31 23:59:59+00:00;52.89;;;;;;;;;
611629;treatment;before visit;2020-04-01 23:59:59+00:00;52.04;;;;;;;;;
611629;treatment;before visit;2020-04-02 23:59:59+00:00;42.27;;;;;;;;;
611629;treatment;before visit;2020-04-03 23:59:59+00:00;39.54;;;;;;;;;
611629;treatment;before visit;2020-04-04 23:59:59+00:00;37.05;;;;;;;;;
611629;treatment;before visit;2020-04-05 23:59:59+00:00;29.48;;;;;;;;;
611629;treatment;before visit;2020-04-06 23:59:59+00:00;26.04;;;;;;;;;
611629;treatment;before visit;2020-04-07 23:59:59+00:00;35.63;;;;;;;;;
611629;treatment;before visit;2020-04-08 23:59:59+00:00;28.75;;;;;;;;;
611629;treatment;before visit;2020-04-09 23:59:59+00:00;21.26;;;;;;;;;
611629;treatment;before visit;2020-04-10 23:59:59+00:00;22.28;;;;;;;;;
611629;treatment;before visit;2020-04-11 23:59:59+00:00;24.08;;;;;;;;;
611629;treatment;before visit;2020-04-12 23:59:59+00:00;17.82;;;;;;;;;
611629;treatment;before visit;2020-04-13 23:59:59+00:00;15.74;;;;;;;;;
611629;treatment;before visit;2020-04-14 23:59:59+00:00;35.03;;;;;;;;;
611629;treatment;before visit;2020-04-15 23:59:59+00:00;33.68;;;;;;;;;
611629;treatment;before visit;2020-04-16 23:59:59+00:00;24.17;;;;;;;;;
611629;treatment;before visit;2020-04-17 23:59:59+00:00;22.06;;;;;;;;;
611629;treatment;before visit;2020-04-18 23:59:59+00:00;20.9;;;;;;;;;
611629;treatment;before visit;2020-04-19 23:59:59+00:00;13.21;;;;;;;;;
611629;treatment;before visit;2020-04-20 23:59:59+00:00;13.11;;;;;;;;;
611629;treatment;before visit;2020-04-21 23:59:59+00:00;24.7;;;;;;;;;
611629;treatment;before visit;2020-04-22 23:59:59+00:00;21.91;;;;;;;;;
611629;treatment;before visit;2020-04-23 23:59:59+00:00;13.53;;;;;;;;;
611629;treatment;before visit;2020-04-24 23:59:59+00:00;18.87;;;;;;;;;
611629;treatment;before visit;2020-04-25 23:59:59+00:00;25.65;;;;;;;;;
611629;treatment;before visit;2020-04-26 23:59:59+00:00;14.95;;;;;;;;;
611629;treatment;before visit;2020-04-27 23:59:59+00:00;11.3;;;;;;;;;
611629;treatment;before visit;2020-04-28 23:59:59+00:00;33.26;;;;;;;;;
611629;treatment;before visit;2020-04-29 23:59:59+00:00;29.13;;;;;;;;;
611629;treatment;before visit;2020-04-30 23:59:59+00:00;21.21;;;;;;;;;
611629;treatment;before visit;2020-05-01 23:59:59+00:00;30.25;;;;;;;;;
611629;treatment;before visit;2020-05-02 23:59:59+00:00;26.87;;;;;;;;;
611629;treatment;before visit;2020-05-03 23:59:59+00:00;18.42;;;;;;;;;
611629;treatment;before visit;2020-05-04 23:59:59+00:00;15.56;;;;;;;;;
611629;treatment;before visit;2020-05-05 23:59:59+00:00;24.46;;;;;;;;;
611629;treatment;before visit;2020-05-06 23:59:59+00:00;20.18;;;;;;;;;
611629;treatment;before visit;2020-05-07 23:59:59+00:00;19.85;;;;;;;;;
611629;treatment;before visit;2020-05-08 23:59:59+00:00;19.95;;;;;;;;;
611629;treatment;before visit;2020-05-09 23:59:59+00:00;14.88;;;;;;;;;
611629;treatment;before visit;2020-05-10 23:59:59+00:00;15.66;;;;;;;;;
611629;treatment;before visit;2020-05-11 23:59:59+00:00;21.15;;;;;;;;;
611629;treatment;before visit;2020-05-12 23:59:59+00:00;31.23;;;;;;;;;
611629;treatment;before visit;2020-05-13 23:59:59+00:00;33.85;;;;;;;;;
611629;treatment;before visit;2020-05-14 23:59:59+00:00;26.18;;;;;;;;;
611629;treatment;before visit;2020-05-15 23:59:59+00:00;28.73;;;;;;;;;
611629;treatment;before visit;2020-05-16 23:59:59+00:00;29.95;;;;;;;;;
611629;treatment;before visit;2020-05-17 23:59:59+00:00;16.37;;;;;;;;;
611629;treatment;before visit;2020-05-18 23:59:59+00:00;16.49;;;;;;;;;
611629;treatment;before visit;2020-05-19 23:59:59+00:00;23.73;;;;;;;;;
611629;treatment;before visit;2020-05-20 23:59:59+00:00;25.8;;;;;;;;;
611629;treatment;before visit;2020-05-21 23:59:59+00:00;16.53;;;;;;;;;
611629;treatment;before visit;2020-05-22 23:59:59+00:00;14.94;;;;;;;;;
611629;treatment;before visit;2020-05-23 23:59:59+00:00;20.08;;;;;;;;;
611629;treatment;before visit;2020-05-24 23:59:59+00:00;18.29;;;;;;;;;
611629;treatment;before visit;2020-05-25 23:59:59+00:00;19.19;;;;;;;;;
611629;treatment;before visit;2020-05-26 23:59:59+00:00;25.04;;;;;;;;;
611629;treatment;before visit;2020-05-27 23:59:59+00:00;19.12;;;;;;;;;
611629;treatment;before visit;2020-05-28 23:59:59+00:00;22.0;;;;;;;;;
611629;treatment;before visit;2020-05-29 23:59:59+00:00;22.34;;;;;;;;;
611629;treatment;before visit;2020-05-30 23:59:59+00:00;24.35;;;;;;;;;
611629;treatment;before visit;2020-05-31 23:59:59+00:00;22.11;;;;;;;;;
611629;treatment;before visit;2020-06-01 23:59:59+00:00;17.7;;;;;;;;;
611629;treatment;before visit;2020-06-02 23:59:59+00:00;17.98;;;;;;;;;
611629;treatment;before visit;2020-06-03 23:59:59+00:00;19.81;;;;;;;;;
611629;treatment;before visit;2020-06-04 23:59:59+00:00;22.76;;;;;;;;;
611629;treatment;before visit;2020-06-05 23:59:59+00:00;25.25;;;;;;;;;
611629;treatment;before visit;2020-06-06 23:59:59+00:00;24.88;;;;;;;;;
611629;treatment;before visit;2020-06-07 23:59:59+00:00;14.94;;;;;;;;;
611629;treatment;before visit;2020-06-08 23:59:59+00:00;17.97;;;;;;;;;
611629;treatment;before visit;2020-06-09 23:59:59+00:00;27.4;;;;;;;;;
611629;treatment;before visit;2020-06-10 23:59:59+00:00;25.76;;;;;;;;;
611629;treatment;before visit;2020-06-11 23:59:59+00:00;15.89;;;;;;;;;
611629;treatment;before visit;2020-06-12 23:59:59+00:00;18.84;;;;;;;;;
611629;treatment;before visit;2020-06-13 23:59:59+00:00;20.22;;;;;;;;;
611629;treatment;before visit;2020-06-14 23:59:59+00:00;14.47;;;;;;;;;
611629;treatment;before visit;2020-06-15 23:59:59+00:00;13.86;;;;;;;;;
611629;treatment;before visit;2020-06-16 23:59:59+00:00;25.81;;;;;;;;;
611629;treatment;before visit;2020-06-17 23:59:59+00:00;14.55;;;;;;;;;
611629;treatment;before visit;2020-06-18 23:59:59+00:00;21.49;;;;;;;;;
611629;treatment;before visit;2020-06-19 23:59:59+00:00;20.89;;;;;;;;;
611629;treatment;before visit;2020-06-20 23:59:59+00:00;16.02;;;;;;;;;
611629;treatment;before visit;2020-06-21 23:59:59+00:00;15.63;;;;;;;;;
611629;treatment;before visit;2020-06-22 23:59:59+00:00;12.24;;;;;;;;;
611629;treatment;before visit;2020-06-23 23:59:59+00:00;18.75;;;;;;;;;
611629;treatment;before visit;2020-06-24 23:59:59+00:00;20.75;;;;;;;;;
611629;treatment;before visit;2020-06-25 23:59:59+00:00;12.48;;;;;;;;;
611629;treatment;before visit;2020-06-26 23:59:59+00:00;12.45;;;;;;;;;
611629;treatment;before visit;2020-06-27 23:59:59+00:00;19.89;;;;;;;;;
611629;treatment;before visit;2020-06-28 23:59:59+00:00;13.44;;;;;;;;;
611629;treatment;before visit;2020-06-29 23:59:59+00:00;10.08;;;;;;;;;
611629;treatment;before visit;2020-06-30 23:59:59+00:00;18.23;;;;;;;;;
611629;treatment;before visit;2020-07-01 23:59:59+00:00;18.93;;;;;;;;;
611629;treatment;before visit;2020-07-02 23:59:59+00:00;6.96;;;;;;;;;
611629;treatment;before visit;2020-07-03 23:59:59+00:00;15.88;;;;;;;;;
611629;treatment;before visit;2020-07-04 23:59:59+00:00;14.12;;;;;;;;;
611629;treatment;before visit;2020-07-05 23:59:59+00:00;14.21;;;;;;;;;
611629;treatment;before visit;2020-07-06 23:59:59+00:00;14.06;;;;;;;;;
611629;treatment;before visit;2020-07-07 23:59:59+00:00;20.53;;;;;;;;;
611629;treatment;before visit;2020-07-08 23:59:59+00:00;16.17;;;;;;;;;
611629;treatment;before visit;2020-07-09 23:59:59+00:00;17.68;;;;;;;;;
611629;treatment;before visit;2020-07-10 23:59:59+00:00;13.75;;;;;;;;;
611629;treatment;before visit;2020-07-11 23:59:59+00:00;18.68;;;;;;;;;
611629;treatment;before visit;2020-07-12 23:59:59+00:00;12.12;;;;;;;;;
611629;treatment;before visit;2020-07-13 23:59:59+00:00;12.61;;;;;;;;;
611629;treatment;before visit;2020-07-14 23:59:59+00:00;18.74;;;;;;;;;
611629;treatment;before visit;2020-07-15 23:59:59+00:00;17.2;;;;;;;;;
611629;treatment;before visit;2020-07-16 23:59:59+00:00;7.89;;;;;;;;;
611629;treatment;before visit;2020-07-17 23:59:59+00:00;15.95;;;;;;;;;
611629;treatment;before visit;2020-07-18 23:59:59+00:00;13.23;;;;;;;;;
611629;treatment;before visit;2020-07-19 23:59:59+00:00;17.01;;;;;;;;;
611629;treatment;before visit;2020-07-20 23:59:59+00:00;15.44;;;;;;;;;
611629;treatment;before visit;2020-07-21 23:59:59+00:00;17.83;;;;;;;;;
611629;treatment;before visit;2020-07-22 23:59:59+00:00;18.11;;;;;;;;;
611629;treatment;before visit;2020-07-23 23:59:59+00:00;7.66;;;;;;;;;
611629;treatment;before visit;2020-07-24 23:59:59+00:00;17.04;;;;;;;;;
611629;treatment;before visit;2020-07-25 23:59:59+00:00;18.24;;;;;;;;;
611629;treatment;before visit;2020-07-26 23:59:59+00:00;7.08;;;;;;;;;
611629;treatment;before visit;2020-07-27 23:59:59+00:00;9.21;;;;;;;;;
611629;treatment;before visit;2020-07-28 23:59:59+00:00;13.89;;;;;;;;;
611629;treatment;before visit;2020-07-29 23:59:59+00:00;17.7;;;;;;;;;
611629;treatment;before visit;2020-07-30 23:59:59+00:00;7.4;;;;;;;;;
611629;treatment;before visit;2020-07-31 23:59:59+00:00;16.84;;;;;;;;;
611629;treatment;before visit;2020-08-01 23:59:59+00:00;17.34;;;;;;;;;
611629;treatment;before visit;2020-08-02 23:59:59+00:00;6.84;;;;;;;;;
611629;treatment;before visit;2020-08-03 23:59:59+00:00;5.35;;;;;;;;;
611629;treatment;before visit;2020-08-04 23:59:59+00:00;14.47;;;;;;;;;
611629;treatment;before visit;2020-08-05 23:59:59+00:00;14.78;;;;;;;;;
611629;treatment;before visit;2020-08-06 23:59:59+00:00;17.26;;;;;;;;;
611629;treatment;before visit;2020-08-07 23:59:59+00:00;7.82;;;;;;;;;
611629;treatment;before visit;2020-08-08 23:59:59+00:00;20.77;;;;;;;;;
611629;treatment;before visit;2020-08-09 23:59:59+00:00;12.51;;;;;;;;;
611629;treatment;before visit;2020-08-10 23:59:59+00:00;6.95;;;;;;;;;
611629;treatment;before visit;2020-08-11 23:59:59+00:00;14.61;;;;;;;;;
611629;treatment;before visit;2020-08-12 23:59:59+00:00;13.92;;;;;;;;;
611629;treatment;before visit;2020-08-13 23:59:59+00:00;14.73;;;;;;;;;
611629;treatment;before visit;2020-08-14 23:59:59+00:00;16.41;;;;;;;;;
611629;treatment;before visit;2020-08-15 23:59:59+00:00;16.84;;;;;;;;;
611629;treatment;before visit;2020-08-16 23:59:59+00:00;11.0;;;;;;;;;
611629;treatment;before visit;2020-08-17 23:59:59+00:00;14.8;;;;;;;;;
611629;treatment;before visit;2020-08-18 23:59:59+00:00;14.46;;;;;;;;;
611629;treatment;before visit;2020-08-19 23:59:59+00:00;13.43;;;;;;;;;
611629;treatment;before visit;2020-08-20 23:59:59+00:00;14.82;;;;;;;;;
611629;treatment;before visit;2020-08-21 23:59:59+00:00;14.66;;;;;;;;;
611629;treatment;before visit;2020-08-22 23:59:59+00:00;21.02;;;;;;;;;
611629;treatment;before visit;2020-08-23 23:59:59+00:00;7.79;;;;;;;;;
611629;treatment;before visit;2020-08-24 23:59:59+00:00;7.32;;;;;;;;;
611629;treatment;before visit;2020-08-25 23:59:59+00:00;18.58;;;;;;;;;
611629;treatment;before visit;2020-08-26 23:59:59+00:00;17.88;;;;;;;;;
611629;treatment;before visit;2020-08-27 23:59:59+00:00;16.76;;;;;;;;;
611629;treatment;before visit;2020-08-28 23:59:59+00:00;12.11;;;;;;;;;
611629;treatment;before visit;2020-08-29 23:59:59+00:00;25.53;;;;;;;;;
611629;treatment;before visit;2020-08-30 23:59:59+00:00;12.09;;;;;;;;;
611629;treatment;before visit;2020-08-31 23:59:59+00:00;14.83;;;;;;;;;
611629;treatment;before visit;2020-09-01 23:59:59+00:00;21.07;;;;;;;;;
611629;treatment;before visit;2020-09-02 23:59:59+00:00;21.25;;;;;;;;;
611629;treatment;before visit;2020-09-03 23:59:59+00:00;13.93;;;;;;;;;
611629;treatment;before visit;2020-09-04 23:59:59+00:00;18.53;;;;;;;;;
611629;treatment;before visit;2020-09-05 23:59:59+00:00;22.76;;;;;;;;;
611629;treatment;before visit;2020-09-06 23:59:59+00:00;13.77;;;;;;;;;
611629;treatment;before visit;2020-09-07 23:59:59+00:00;10.3;;;;;;;;;
611629;treatment;before visit;2020-09-08 23:59:59+00:00;26.13;;;;;;;;;
611629;treatment;before visit;2020-09-09 23:59:59+00:00;20.66;;;;;;;;;
611629;treatment;before visit;2020-09-10 23:59:59+00:00;18.37;;;;;;;;;
611629;treatment;before visit;2020-09-11 23:59:59+00:00;17.54;;;;;;;;;
611629;treatment;before visit;2020-09-12 23:59:59+00:00;29.76;;;;;;;;;
611629;treatment;before visit;2020-09-13 23:59:59+00:00;15.23;;;;;;;;;
611629;treatment;before visit;2020-09-14 23:59:59+00:00;9.33;;;;;;;;;
611629;treatment;before visit;2020-09-15 23:59:59+00:00;18.4;;;;;;;;;
611629;treatment;before visit;2020-09-16 23:59:59+00:00;15.63;;;;;;;;;
611629;treatment;before visit;2020-09-17 23:59:59+00:00;5.58;;;;;;;;;
611629;treatment;before visit;2020-09-18 23:59:59+00:00;7.66;;;;;;;;;
611629;treatment;before visit;2020-09-19 23:59:59+00:00;11.49;;;;;;;;;
611629;treatment;before visit;2020-09-20 23:59:59+00:00;7.5;;;;;;;;;
611629;treatment;before visit;2020-09-21 23:59:59+00:00;8.56;;;;;;;;;
611629;treatment;before visit;2020-09-22 23:59:59+00:00;21.64;;;;;;;;;
611629;treatment;before visit;2020-09-23 23:59:59+00:00;22.77;;;;;;;;;
611629;treatment;before visit;2020-09-24 23:59:59+00:00;18.61;;;;;;;;;
611629;treatment;before visit;2020-09-25 23:59:59+00:00;23.95;;;;;;;;;
611629;treatment;before visit;2020-09-26 23:59:59+00:00;34.78;;;;;;;;;
611629;treatment;before visit;2020-09-27 23:59:59+00:00;27.55;;;;;;;;;
611629;treatment;before visit;2020-09-28 23:59:59+00:00;23.87;;;;;;;;;
611629;treatment;before visit;2020-09-29 23:59:59+00:00;27.89;;;;;;;;;
611629;treatment;before visit;2020-09-30 23:59:59+00:00;31.4;;;;;;;;;
611629;treatment;before visit;2020-10-01 23:59:59+00:00;21.18;;;;;;;;;
611629;treatment;before visit;2020-10-02 23:59:59+00:00;24.61;;;;;;;;;
611629;treatment;before visit;2020-10-03 23:59:59+00:00;26.7;;;;;;;;;
611629;treatment;before visit;2020-10-04 23:59:59+00:00;19.13;;;;;;;;;
611629;treatment;before visit;2020-10-05 23:59:59+00:00;14.64;;;;;;;;;
611629;treatment;before visit;2020-10-06 23:59:59+00:00;27.68;;;;;;;;;
611629;treatment;before visit;2020-10-07 23:59:59+00:00;34.65;;;;;;;;;
611629;treatment;before visit;2020-10-08 23:59:59+00:00;28.05;;;;;;;;;
611629;treatment;before visit;2020-10-09 23:59:59+00:00;24.71;;;;;;;;;
611629;treatment;before visit;2020-10-10 23:59:59+00:00;26.15;;;;;;;;;
611629;treatment;before visit;2020-10-11 23:59:59+00:00;32.58;;;;;;;;;
611629;treatment;before visit;2020-10-12 23:59:59+00:00;19.18;;;;;;;;;
611629;treatment;before visit;2020-10-13 23:59:59+00:00;42.91;;;;;;;;;
611629;treatment;before visit;2020-10-14 23:59:59+00:00;38.27;;;;;;;;;
611629;treatment;before visit;2020-10-15 23:59:59+00:00;32.75;;;;;;;;;
611629;treatment;before visit;2020-10-16 23:59:59+00:00;33.42;;;;;;;;;
611629;treatment;before visit;2020-10-17 23:59:59+00:00;41.44;;;;;;;;;
611629;treatment;before visit;2020-10-18 23:59:59+00:00;27.5;;;;;;;;;
611629;treatment;before visit;2020-10-19 23:59:59+00:00;32.01;;;;;;;;;
611629;treatment;before visit;2020-10-20 23:59:59+00:00;43.85;;;;;;;;;
611629;treatment;before visit;2020-10-21 23:59:59+00:00;34.54;;;;;;;;;
611629;treatment;before visit;2020-10-22 23:59:59+00:00;20.13;;;;;;;;;
611629;treatment;before visit;2020-10-23 23:59:59+00:00;25.67;;;;;;;;;
611629;treatment;before visit;2020-10-24 23:59:59+00:00;27.05;;;;;;;;;
611629;treatment;before visit;2020-10-25 23:59:59+00:00;25.1;;;;;;;;;
611629;treatment;before visit;2020-10-26 23:59:59+00:00;25.13;;;;;;;;;
611629;treatment;before visit;2020-10-27 23:59:59+00:00;37.9;;;;;;;;;
611629;treatment;before visit;2020-10-28 23:59:59+00:00;27.54;;;;;;;;;
611629;treatment;before visit;2020-10-29 23:59:59+00:00;21.0;;;;;;;;;
611629;treatment;before visit;2020-10-30 23:59:59+00:00;26.64;;;;;;;;;
611629;treatment;before visit;2020-10-31 23:59:59+00:00;36.42;;;;;;;;;
611629;treatment;before visit;2020-11-01 23:59:59+00:00;30.15;;;;;;;;;
611629;treatment;before visit;2020-11-02 23:59:59+00:00;17.04;;;;;;;;;
611629;treatment;before visit;2020-11-03 23:59:59+00:00;29.09;;;;;;;;;
611629;treatment;before visit;2020-11-04 23:59:59+00:00;34.09;;;;;;;;;
611629;treatment;before visit;2020-11-05 23:59:59+00:00;27.88;;;;;;;;;
611629;treatment;before visit;2020-11-06 23:59:59+00:00;27.94;;;;;;;;;
611629;treatment;before visit;2020-11-07 23:59:59+00:00;33.74;;;;;;;;;
611629;treatment;before visit;2020-11-08 23:59:59+00:00;28.63;;;;;;;;;
611629;treatment;before visit;2020-11-09 23:59:59+00:00;36.53;;;;;;;;;
611629;treatment;before visit;2020-11-10 23:59:59+00:00;38.39;;;;;;;;;
611629;treatment;before visit;2020-11-11 23:59:59+00:00;42.56;;;;;;;;;
611629;treatment;before visit;2020-11-12 23:59:59+00:00;36.03;;;;;;;;;
611629;treatment;before visit;2020-11-13 23:59:59+00:00;29.75;;;;;;;;;
611629;treatment;before visit;2020-11-14 23:59:59+00:00;32.14;;;;;;;;;
611629;treatment;before visit;2020-11-15 23:59:59+00:00;28.22;;;;;;;;;
611629;treatment;before visit;2020-11-16 23:59:59+00:00;23.46;;;;;;;;;
611629;treatment;before visit;2020-11-17 23:59:59+00:00;37.85;;;;;;;;;
611629;treatment;before visit;2020-11-18 23:59:59+00:00;37.55;;;;;;;;;
611629;treatment;before visit;2020-11-19 23:59:59+00:00;27.68;;;;;;;;;
611629;treatment;before visit;2020-11-20 23:59:59+00:00;33.63;;;;;;;;;
611629;treatment;before visit;2020-11-21 23:59:59+00:00;43.44;;;;;;;;;
611629;treatment;before visit;2020-11-22 23:59:59+00:00;42.65;;;;;;;;;
611629;treatment;before visit;2020-11-23 23:59:59+00:00;41.43;;;;;;;;;
611629;treatment;before visit;2020-11-24 23:59:59+00:00;54.97;;;;;;;;;
611629;treatment;before visit;2020-11-25 23:59:59+00:00;45.21;;;;;;;;;
611629;treatment;before visit;2020-11-26 23:59:59+00:00;47.8;;;;;;;;;
611629;treatment;before visit;2020-11-27 23:59:59+00:00;58.34;;;;;;;;;
611629;treatment;before visit;2020-11-28 23:59:59+00:00;47.67;;;;;;;;;
611629;treatment;before visit;2020-11-29 23:59:59+00:00;52.99;;;;;;;;;
611629;treatment;before visit;2020-11-30 23:59:59+00:00;48.01;;;;;;;;;
611629;treatment;before visit;2020-12-01 23:59:59+00:00;61.5;;;;;;;;;
611629;treatment;before visit;2020-12-02 23:59:59+00:00;59.79;;;;;;;;;
611629;treatment;before visit;2020-12-03 23:59:59+00:00;44.39;;;;;;;;;
611629;treatment;before visit;2020-12-04 23:59:59+00:00;53.18;;;;;;;;;
611629;treatment;before visit;2020-12-05 23:59:59+00:00;59.12;;;;;;;;;
611629;treatment;before visit;2020-12-06 23:59:59+00:00;42.72;;;;;;;;;
611629;treatment;before visit;2020-12-07 23:59:59+00:00;47.49;;;;;;;;;
611629;treatment;before visit;2020-12-08 23:59:59+00:00;61.11;;;;;;;;;
611629;treatment;before visit;2020-12-09 23:59:59+00:00;52.13;;;;;;;;;
611629;treatment;before visit;2020-12-10 23:59:59+00:00;52.03;;;;;;;;;
611629;treatment;before visit;2020-12-11 23:59:59+00:00;62.29;;;;;;;;;
611629;treatment;before visit;2020-12-12 23:59:59+00:00;45.94;;;;;;;;;
611629;treatment;before visit;2020-12-13 23:59:59+00:00;38.56;;;;;;;;;
611629;treatment;before visit;2020-12-14 23:59:59+00:00;49.08;;;;;;;;;
611629;treatment;before visit;2020-12-15 23:59:59+00:00;52.27;;;;;;;;;
611629;treatment;before visit;2020-12-16 23:59:59+00:00;52.62;;;;;;;;;
611629;treatment;before visit;2020-12-17 23:59:59+00:00;40.88;;;;;;;;;
611629;treatment;before visit;2020-12-18 23:59:59+00:00;52.67;;;;;;;;;
611629;treatment;before visit;2020-12-19 23:59:59+00:00;51.71;;;;;;;;;
611629;treatment;before visit;2020-12-20 23:59:59+00:00;44.99;;;;;;;;;
611629;treatment;before visit;2020-12-21 23:59:59+00:00;42.53;;;;;;;;;
611629;treatment;before visit;2020-12-22 23:59:59+00:00;42.82;;;;;;;;;
611629;treatment;before visit;2020-12-23 23:59:59+00:00;27.94;;;;;;;;;
611629;treatment;before visit;2020-12-24 23:59:59+00:00;29.54;;;;;;;;;
611629;treatment;before visit;2020-12-25 23:59:59+00:00;38.89;;;;;;;;;
611629;treatment;before visit;2020-12-26 23:59:59+00:00;51.52;;;;;;;;;
611629;treatment;before visit;2020-12-27 23:59:59+00:00;50.1;;;;;;;;;
611629;treatment;before visit;2020-12-28 23:59:59+00:00;52.77;;;;;;;;;
611629;treatment;before visit;2020-12-29 23:59:59+00:00;54.66;;;;;;;;;
611629;treatment;before visit;2020-12-30 23:59:59+00:00;45.13;;;;;;;;;
611629;treatment;before visit;2020-12-31 23:59:59+00:00;47.52;;;;;;;;;
611629;treatment;before visit;2021-01-01 23:59:59+00:00;46.1;;;;;;;;;
611629;treatment;before visit;2021-01-02 23:59:59+00:00;50.86;;;;;;;;;
611629;treatment;before visit;2021-01-03 23:59:59+00:00;49.22;;;;;;;;;
611629;treatment;before visit;2021-01-04 23:59:59+00:00;53.06;;;;;;;;;
611629;treatment;before visit;2021-01-05 23:59:59+00:00;60.36;;;;;;;;;
611629;treatment;before visit;2021-01-06 23:59:59+00:00;53.72;;;;;;;;;
611629;treatment;before visit;2021-01-07 23:59:59+00:00;52.43;;;;;;;;;
611629;treatment;before visit;2021-01-08 23:59:59+00:00;61.02;;;;;;;;;
611629;treatment;before visit;2021-01-09 23:59:59+00:00;66.82;;;;;;;;;
611629;treatment;before visit;2021-01-10 23:59:59+00:00;55.08;;;;;;;;;
611629;treatment;before visit;2021-01-11 23:59:59+00:00;63.39;;;;;;;;;
611629;treatment;before visit;2021-01-12 23:59:59+00:00;58.84;;;;;;;;;
611629;treatment;before visit;2021-01-13 23:59:59+00:00;49.65;;;;;;;;;
611629;treatment;before visit;2021-01-14 23:59:59+00:00;52.2;;;;;;;;;
611629;treatment;before visit;2021-01-15 23:59:59+00:00;58.56;;;;;;;;;
611629;treatment;before visit;2021-01-16 23:59:59+00:00;67.46;;;;;;;;;
611629;treatment;before visit;2021-01-17 23:59:59+00:00;50.52;;;;;;;;;
611629;treatment;before visit;2021-01-18 23:59:59+00:00;50.58;;;;;;;;;
611629;treatment;before visit;2021-01-19 23:59:59+00:00;56.56;;;;;;;;;
611629;treatment;before visit;2021-01-20 23:59:59+00:00;53.2;;;;;;;;;
611629;treatment;before visit;2021-01-21 23:59:59+00:00;43.48;;;;;;;;;
611629;treatment;before visit;2021-01-22 23:59:59+00:00;42.67;;;;;;;;;
611629;treatment;before visit;2021-01-23 23:59:59+00:00;46.8;;;;;;;;;
611629;treatment;before visit;2021-01-24 23:59:59+00:00;41.46;;;;;;;;;
611629;treatment;before visit;2021-01-25 23:59:59+00:00;48.4;;;;;;;;;
611629;treatment;before visit;2021-01-26 23:59:59+00:00;63.26;;;;;;;;;
611629;treatment;before visit;2021-01-27 23:59:59+00:00;54.98;;;;;;;;;
611629;treatment;before visit;2021-01-28 23:59:59+00:00;39.58;;;;;;;;;
611629;treatment;before visit;2021-01-29 23:59:59+00:00;43.51;;;;;;;;;
611629;treatment;before visit;2021-01-30 23:59:59+00:00;37.12;;;;;;;;;
611629;treatment;before visit;2021-01-31 23:59:59+00:00;34.34;;;;;;;;;
611629;treatment;before visit;2021-02-01 23:59:59+00:00;33.46;;;;;;;;;
611629;treatment;before visit;2021-02-02 23:59:59+00:00;44.31;;;;;;;;;
611629;treatment;before visit;2021-02-03 23:59:59+00:00;29.43;;;;;;;;;
611629;treatment;before visit;2021-02-04 23:59:59+00:00;33.43;;;;;;;;;
611629;treatment;before visit;2021-02-05 23:59:59+00:00;34.77;;;;;;;;;
611629;treatment;before visit;2021-02-06 23:59:59+00:00;34.05;;;;;;;;;
611629;treatment;before visit;2021-02-07 23:59:59+00:00;35.82;;;;;;;;;
611629;treatment;before visit;2021-02-08 23:59:59+00:00;39.45;;;;;;;;;
611629;treatment;before visit;2021-02-09 23:59:59+00:00;58.87;;;;;;;;;
611629;treatment;before visit;2021-02-10 23:59:59+00:00;59.07;;;;;;;;;
611629;treatment;before visit;2021-02-11 23:59:59+00:00;68.75;;;;;;;;;
611629;treatment;before visit;2021-02-12 23:59:59+00:00;74.95;;;;;;;;;
611629;treatment;before visit;2021-02-13 23:59:59+00:00;79.74;;;;;;;;;
611629;treatment;before visit;2021-02-14 23:59:59+00:00;79.68;;;;;;;;;
611629;treatment;before visit;2021-02-15 23:59:59+00:00;63.73;;;;;;;;;
611629;treatment;before visit;2021-02-16 23:59:59+00:00;47.63;;;;;;;;;
611629;treatment;before visit;2021-02-17 23:59:59+00:00;36.67;;;;;;;;;
611629;treatment;before visit;2021-02-18 23:59:59+00:00;38.37;;;;;;;;;
611629;treatment;before visit;2021-02-19 23:59:59+00:00;39.2;;;;;;;;;
611629;treatment;before visit;2021-02-20 23:59:59+00:00;33.88;;;;;;;;;
611629;treatment;before visit;2021-02-21 23:59:59+00:00;32.6;;;;;;;;;
611629;treatment;before visit;2021-02-22 23:59:59+00:00;32.36;;;;;;;;;
611629;treatment;before visit;2021-02-23 23:59:59+00:00;37.06;;;;;;;;;
611629;treatment;before visit;2021-02-24 23:59:59+00:00;28.44;;;;;;;;;
611629;treatment;before visit;2021-02-25 23:59:59+00:00;30.5;;;;;;;;;
611629;treatment;before visit;2021-02-26 23:59:59+00:00;33.72;;;;;;;;;
611629;treatment;before visit;2021-02-27 23:59:59+00:00;33.18;;;;;;;;;
611629;treatment;before visit;2021-02-28 23:59:59+00:00;34.8;;;;;;;;;
611629;treatment;before visit;2021-03-01 23:59:59+00:00;46.47;;;;;;;;;
611629;treatment;before visit;2021-03-02 23:59:59+00:00;47.4;;;;;;;;;
611629;treatment;before visit;2021-03-03 23:59:59+00:00;44.26;;;;;;;;;
611629;treatment;before visit;2021-03-04 23:59:59+00:00;40.53;;;;;;;;;
611629;treatment;before visit;2021-03-05 23:59:59+00:00;34.91;;;;;;;;;
611629;treatment;before visit;2021-03-06 23:59:59+00:00;43.53;;;;;;;;;
611629;treatment;before visit;2021-03-07 23:59:59+00:00;41.29;;;;;;;;;
611629;treatment;before visit;2021-03-08 23:59:59+00:00;44.0;;;;;;;;;
611629;treatment;before visit;2021-03-09 23:59:59+00:00;55.65;;;;;;;;;
611629;treatment;before visit;2021-03-10 23:59:59+00:00;37.89;;;;;;;;;
611629;treatment;before visit;2021-03-11 23:59:59+00:00;39.36;;;;;;;;;
611629;treatment;before visit;2021-03-12 23:59:59+00:00;36.35;;;;;;;;;
611629;treatment;before visit;2021-03-13 23:59:59+00:00;40.29;;;;;;;;;
611629;treatment;before visit;2021-03-14 23:59:59+00:00;34.69;;;;;;;;;
611629;treatment;before visit;2021-03-15 23:59:59+00:00;43.88;;;;;;;;;
611629;treatment;before visit;2021-03-16 23:59:59+00:00;57.24;;;;;;;;;
611629;treatment;before visit;2021-03-17 23:59:59+00:00;41.86;;;;;;;;;
611629;treatment;before visit;2021-03-18 23:59:59+00:00;41.5;;;;;;;;;
611629;treatment;before visit;2021-03-19 23:59:59+00:00;46.53;;;;;;;;;
611629;treatment;before visit;2021-03-20 23:59:59+00:00;55.78;;;;;;;;;
611629;treatment;before visit;2021-03-21 23:59:59+00:00;43.24;;;;;;;;;
611629;treatment;before visit;2021-03-22 23:59:59+00:00;40.56;;;;;;;;;
611629;treatment;before visit;2021-03-23 23:59:59+00:00;52.56;;;;;;;;;
611629;treatment;before visit;2021-03-24 23:59:59+00:00;41.58;;;;;;;;;
611629;treatment;before visit;2021-03-25 23:59:59+00:00;33.37;;;;;;;;;
611629;treatment;before visit;2021-03-26 23:59:59+00:00;34.74;;;;;;;;;
611629;treatment;before visit;2021-03-27 23:59:59+00:00;29.82;;;;;;;;;
611629;treatment;before visit;2021-03-28 23:59:59+00:00;34.84;;;;;;;;;
611629;treatment;before visit;2021-03-29 23:59:59+00:00;25.64;;;;;;;;;
611629;treatment;before visit;2021-03-30 23:59:59+00:00;38.57;;;;;;;;;
611629;treatment;before visit;2021-03-31 23:59:59+00:00;26.6;;;;;;;;;
611629;treatment;before visit;2021-04-01 23:59:59+00:00;24.88;;;;;;;;;
611629;treatment;before visit;2021-04-02 23:59:59+00:00;26.17;;;;;;;;;
611629;treatment;before visit;2021-04-03 23:59:59+00:00;36.83;;;;;;;;;
611629;treatment;before visit;2021-04-04 23:59:59+00:00;37.48;;;;;;;;;
611629;treatment;before visit;2021-04-05 23:59:59+00:00;26.71;;;;;;;;;
611629;treatment;before visit;2021-04-06 23:59:59+00:00;45.44;;;;;;;;;
611629;treatment;before visit;2021-04-07 23:59:59+00:00;44.22;;;;;;;;;
611629;treatment;before visit;2021-04-08 23:59:59+00:00;37.0;;;;;;;;;
611629;treatment;before visit;2021-04-09 23:59:59+00:00;40.98;;;;;;;;;
611629;treatment;before visit;2021-04-10 23:59:59+00:00;34.09;;;;;;;;;
611629;treatment;before visit;2021-04-11 23:59:59+00:00;18.47;;;;;;;;;
611629;treatment;before visit;2021-04-12 23:59:59+00:00;31.11;;;;;;;;;
611629;treatment;before visit;2021-04-13 23:59:59+00:00;53.86;;;;;;;;;
611629;treatment;before visit;2021-04-14 23:59:59+00:00;46.22;;;;;;;;;
611629;treatment;before visit;2021-04-15 23:59:59+00:00;44.94;;;;;;;;;
611629;treatment;before visit;2021-04-16 23:59:59+00:00;43.92;;;;;;;;;
611629;treatment;before visit;2021-04-17 23:59:59+00:00;45.84;;;;;;;;;
611629;treatment;before visit;2021-04-18 23:59:59+00:00;29.2;;;;;;;;;
611629;treatment;before visit;2021-04-19 23:59:59+00:00;31.9;;;;;;;;;
611629;treatment;before visit;2021-04-20 23:59:59+00:00;44.41;;;;;;;;;
611629;treatment;before visit;2021-04-21 23:59:59+00:00;31.23;;;;;;;;;
611629;treatment;before visit;2021-04-22 23:59:59+00:00;23.27;;;;;;;;;
611629;treatment;before visit;2021-04-23 23:59:59+00:00;30.12;;;;;;;;;
611629;treatment;before visit;2021-04-24 23:59:59+00:00;30.74;;;;;;;;;
611629;treatment;before visit;2021-04-25 23:59:59+00:00;19.82;;;;;;;;;
611629;treatment;before visit;2021-04-26 23:59:59+00:00;20.56;;;;;;;;;
611629;treatment;before visit;2021-04-27 23:59:59+00:00;28.39;;;;;;;;;
611629;treatment;before visit;2021-04-28 23:59:59+00:00;26.0;;;;;;;;;
611629;treatment;before visit;2021-04-29 23:59:59+00:00;21.72;;;;;;;;;
611629;treatment;before visit;2021-04-30 23:59:59+00:00;29.4;;;;;;;;;
611629;treatment;before visit;2021-05-01 23:59:59+00:00;36.44;;;;;;;;;
611629;treatment;before visit;2021-05-02 23:59:59+00:00;26.17;;;;;;;;;
611629;treatment;before visit;2021-05-03 23:59:59+00:00;18.95;;;;;;;;;
611629;treatment;before visit;2021-05-04 23:59:59+00:00;13.62;;;;;;;;;
611629;treatment;before visit;2021-05-05 23:59:59+00:00;30.91;;;;;;;;;
611629;treatment;before visit;2021-05-06 23:59:59+00:00;27.41;;;;;;;;;
611629;treatment;before visit;2021-05-07 23:59:59+00:00;26.78;;;;;;;;;
611629;treatment;before visit;2021-05-08 23:59:59+00:00;35.53;;;;;;;;;
611629;treatment;before visit;2021-05-09 23:59:59+00:00;24.31;;;;;;;;;
611629;treatment;before visit;2021-05-10 23:59:59+00:00;12.31;;;;;;;;;
611629;treatment;before visit;2021-05-11 23:59:59+00:00;40.25;;;;;;;;;
611629;treatment;before visit;2021-05-12 23:59:59+00:00;19.57;;;;;;;;;
611629;treatment;before visit;2021-05-13 23:59:59+00:00;27.98;;;;;;;;;
611629;treatment;before visit;2021-05-14 23:59:59+00:00;28.38;;;;;;;;;
611629;treatment;before visit;2021-05-15 23:59:59+00:00;30.58;;;;;;;;;
611629;treatment;before visit;2021-05-16 23:59:59+00:00;17.76;;;;;;;;;
611629;treatment;before visit;2021-05-17 23:59:59+00:00;28.23;;;;;;;;;
611629;treatment;before visit;2021-05-18 23:59:59+00:00;25.21;;;;;;;;;
611629;treatment;before visit;2021-05-19 23:59:59+00:00;30.11;;;;;;;;;
611629;treatment;before visit;2021-05-20 23:59:59+00:00;30.59;;;;;;;;;
611629;treatment;before visit;2021-05-21 23:59:59+00:00;18.96;;;;;;;;;
611629;treatment;before visit;2021-05-22 23:59:59+00:00;32.28;;;;;;;;;
611629;treatment;before visit;2021-05-23 23:59:59+00:00;32.47;;;;;;;;;
611629;treatment;before visit;2021-05-24 23:59:59+00:00;16.11;;;;;;;;;
611629;treatment;before visit;2021-05-25 23:59:59+00:00;18.0;;;;;;;;;
611629;treatment;before visit;2021-05-26 23:59:59+00:00;16.14;;;;;;;;;
611629;treatment;before visit;2021-05-27 23:59:59+00:00;31.29;;;;;;;;;
611629;treatment;before visit;2021-05-28 23:59:59+00:00;28.46;;;;;;;;;
611629;treatment;before visit;2021-05-29 23:59:59+00:00;26.79;;;;;;;;;
611629;treatment;before visit;2021-05-30 23:59:59+00:00;21.29;;;;;;;;;
611629;treatment;before visit;2021-05-31 23:59:59+00:00;19.62;;;;;;;;;
611629;treatment;before visit;2021-06-01 23:59:59+00:00;22.7;;;;;;;;;
611629;treatment;before visit;2021-06-02 23:59:59+00:00;20.9;;;;;;;;;
611629;treatment;before visit;2021-06-03 23:59:59+00:00;19.43;;;;;;;;;
611629;treatment;before visit;2021-06-04 23:59:59+00:00;9.23;;;;;;;;;
611629;treatment;before visit;2021-06-05 23:59:59+00:00;24.01;;;;;;;;;
611629;treatment;before visit;2021-06-06 23:59:59+00:00;14.13;;;;;;;;;
611629;treatment;before visit;2021-06-07 23:59:59+00:00;13.4;;;;;;;;;
611629;treatment;before visit;2021-06-08 23:59:59+00:00;27.27;;;;;;;;;
611629;treatment;before visit;2021-06-09 23:59:59+00:00;18.54;;;;;;;;;
611629;treatment;before visit;2021-06-10 23:59:59+00:00;13.62;;;;;;;;;
611629;treatment;before visit;2021-06-11 23:59:59+00:00;11.12;;;;;;;;;
611629;treatment;before visit;2021-06-12 23:59:59+00:00;18.86;;;;;;;;;
611629;treatment;before visit;2021-06-13 23:59:59+00:00;15.43;;;;;;;;;
611629;treatment;before visit;2021-06-14 23:59:59+00:00;7.5;;;;;;;;;
611629;treatment;before visit;2021-06-15 23:59:59+00:00;21.0;;;;;;;;;
611629;treatment;before visit;2021-06-16 23:59:59+00:00;22.0;;;;;;;;;
611629;treatment;before visit;2021-06-17 23:59:59+00:00;10.58;;;;;;;;;
611629;treatment;before visit;2021-06-18 23:59:59+00:00;17.27;;;;;;;;;
611629;treatment;before visit;2021-06-19 23:59:59+00:00;19.15;;;;;;;;;
611629;treatment;before visit;2021-06-20 23:59:59+00:00;6.59;;;;;;;;;
611629;treatment;before visit;2021-06-21 23:59:59+00:00;15.76;;;;;;;;;
611629;treatment;before visit;2021-06-22 23:59:59+00:00;14.68;;;;;;;;;
611629;treatment;before visit;2021-06-23 23:59:59+00:00;8.88;;;;;;;;;
611629;treatment;before visit;2021-06-24 23:59:59+00:00;14.53;;;;;;;;;
611629;treatment;before visit;2021-06-25 23:59:59+00:00;10.96;;;;;;;;;
611629;treatment;before visit;2021-06-26 23:59:59+00:00;15.1;;;;;;;;;
611629;treatment;before visit;2021-06-27 23:59:59+00:00;7.88;;;;;;;;;
611629;treatment;before visit;2021-06-28 23:59:59+00:00;19.1;;;;;;;;;
611629;treatment;before visit;2021-06-29 23:59:59+00:00;10.75;;;;;;;;;
611629;treatment;before visit;2021-06-30 23:59:59+00:00;18.34;;;;;;;;;
611629;treatment;before visit;2021-07-01 23:59:59+00:00;14.18;;;;;;;;;
611629;treatment;before visit;2021-07-02 23:59:59+00:00;20.21;;;;;;;;;
611629;treatment;before visit;2021-07-03 23:59:59+00:00;23.24;;;;;;;;;
611629;treatment;before visit;2021-07-04 23:59:59+00:00;11.86;;;;;;;;;
611629;treatment;before visit;2021-07-05 23:59:59+00:00;14.05;;;;;;;;;
611629;treatment;before visit;2021-07-06 23:59:59+00:00;22.71;;;;;;;;;
611629;treatment;before visit;2021-07-07 23:59:59+00:00;12.26;;;;;;;;;
611629;treatment;before visit;2021-07-08 23:59:59+00:00;11.93;;;;;;;;;
611629;treatment;before visit;2021-07-09 23:59:59+00:00;14.45;;;;;;;;;
611629;treatment;before visit;2021-07-10 23:59:59+00:00;24.05;;;;;;;;;
611629;treatment;before visit;2021-07-11 23:59:59+00:00;18.18;;;;;;;;;
611629;treatment;before visit;2021-07-12 23:59:59+00:00;12.62;;;;;;;;;
611629;treatment;before visit;2021-07-13 23:59:59+00:00;15.28;;;;;;;;;
611629;treatment;before visit;2021-07-14 23:59:59+00:00;16.49;;;;;;;;;
611629;treatment;before visit;2021-07-15 23:59:59+00:00;12.54;;;;;;;;;
611629;treatment;before visit;2021-07-16 23:59:59+00:00;13.91;;;;;;;;;
611629;treatment;before visit;2021-07-17 23:59:59+00:00;20.82;;;;;;;;;
611629;treatment;before visit;2021-07-18 23:59:59+00:00;15.44;;;;;;;;;
611629;treatment;before visit;2021-07-19 23:59:59+00:00;10.28;;;;;;;;;
611629;treatment;before visit;2021-07-20 23:59:59+00:00;18.23;;;;;;;;;
611629;treatment;before visit;2021-07-21 23:59:59+00:00;17.19;;;;;;;;;
611629;treatment;before visit;2021-07-22 23:59:59+00:00;5.27;;;;;;;;;
611629;treatment;before visit;2021-07-23 23:59:59+00:00;17.5;;;;;;;;;
611629;treatment;before visit;2021-07-24 23:59:59+00:00;18.25;;;;;;;;;
611629;treatment;before visit;2021-07-25 23:59:59+00:00;8.06;;;;;;;;;
611629;treatment;before visit;2021-07-26 23:59:59+00:00;11.57;;;;;;;;;
611629;treatment;before visit;2021-07-27 23:59:59+00:00;18.64;;;;;;;;;
611629;treatment;before visit;2021-07-28 23:59:59+00:00;18.93;;;;;;;;;
611629;treatment;before visit;2021-07-29 23:59:59+00:00;17.07;;;;;;;;;
611629;treatment;before visit;2021-07-30 23:59:59+00:00;10.9;;;;;;;;;
611629;treatment;before visit;2021-07-31 23:59:59+00:00;21.12;;;;;;;;;
611629;treatment;before visit;2021-08-01 23:59:59+00:00;10.74;;;;;;;;;
611629;treatment;before visit;2021-08-02 23:59:59+00:00;14.46;;;;;;;;;
611629;treatment;before visit;2021-08-03 23:59:59+00:00;14.76;;;;;;;;;
611629;treatment;before visit;2021-08-04 23:59:59+00:00;25.17;;;;;;;;;
611629;treatment;before visit;2021-08-05 23:59:59+00:00;13.64;;;;;;;;;
611629;treatment;before visit;2021-08-06 23:59:59+00:00;23.09;;;;;;;;;
611629;treatment;before visit;2021-08-07 23:59:59+00:00;32.14;;;;;;;;;
611629;treatment;before visit;2021-08-08 23:59:59+00:00;11.25;;;;;;;;;
611629;treatment;before visit;2021-08-09 23:59:59+00:00;20.81;;;;;;;;;
611629;treatment;before visit;2021-08-10 23:59:59+00:00;14.56;;;;;;;;;
611629;treatment;before visit;2021-08-11 23:59:59+00:00;19.59;;;;;;;;;
611629;treatment;before visit;2021-08-12 23:59:59+00:00;7.11;;;;;;;;;
611629;treatment;before visit;2021-08-13 23:59:59+00:00;16.22;;;;;;;;;
611629;treatment;before visit;2021-08-14 23:59:59+00:00;16.37;;;;;;;;;
611629;treatment;before visit;2021-08-15 23:59:59+00:00;13.65;;;;;;;;;
611629;treatment;before visit;2021-08-16 23:59:59+00:00;7.82;;;;;;;;;
611629;treatment;before visit;2021-08-17 23:59:59+00:00;14.81;;;;;;;;;
611629;treatment;before visit;2021-08-18 23:59:59+00:00;18.55;;;;;;;;;
611629;treatment;before visit;2021-08-19 23:59:59+00:00;14.93;;;;;;;;;
611629;treatment;before visit;2021-08-20 23:59:59+00:00;17.59;;;;;;;;;
611629;treatment;before visit;2021-08-21 23:59:59+00:00;21.28;;;;;;;;;
611629;treatment;before visit;2021-08-22 23:59:59+00:00;8.09;;;;;;;;;
611629;treatment;before visit;2021-08-23 23:59:59+00:00;12.62;;;;;;;;;
611629;treatment;before visit;2021-08-24 23:59:59+00:00;20.13;;;;;;;;;
611629;treatment;before visit;2021-08-25 23:59:59+00:00;18.81;;;;;;;;;
611629;treatment;before visit;2021-08-26 23:59:59+00:00;15.94;;;;;;;;;
611629;treatment;before visit;2021-08-27 23:59:59+00:00;20.93;;;;;;;;;
611629;treatment;before visit;2021-08-28 23:59:59+00:00;25.39;;;;;;;;;
611629;treatment;before visit;2021-08-29 23:59:59+00:00;14.24;;;;;;;;;
611629;treatment;before visit;2021-08-30 23:59:59+00:00;17.46;;;;;;;;;
611629;treatment;before visit;2021-08-31 23:59:59+00:00;20.58;;;;;;;;;
611629;treatment;before visit;2021-09-01 23:59:59+00:00;21.91;;;;;;;;;
611629;treatment;before visit;2021-09-02 23:59:59+00:00;11.48;;;;;;;;;
611629;treatment;before visit;2021-09-03 23:59:59+00:00;21.98;;;;;;;;;
611629;treatment;before visit;2021-09-04 23:59:59+00:00;25.01;;;;;;;;;
611629;treatment;before visit;2021-09-05 23:59:59+00:00;14.48;;;;;;;;;
611629;treatment;before visit;2021-09-06 23:59:59+00:00;13.76;;;;;;;;;
611629;treatment;before visit;2021-09-07 23:59:59+00:00;14.47;;;;;;;;;
611629;treatment;before visit;2021-09-08 23:59:59+00:00;22.11;;;;;;;;;
611629;treatment;before visit;2021-09-09 23:59:59+00:00;11.47;;;;;;;;;
611629;treatment;before visit;2021-09-10 23:59:59+00:00;19.41;;;;;;;;;
611629;treatment;before visit;2021-09-11 23:59:59+00:00;22.77;;;;;;;;;
611629;treatment;before visit;2021-09-12 23:59:59+00:00;12.45;;;;;;;;;
611629;treatment;before visit;2021-09-13 23:59:59+00:00;13.06;;;;;;;;;
611629;treatment;before visit;2021-09-14 23:59:59+00:00;9.43;;;;;;;;;
611629;treatment;before visit;2021-09-15 23:59:59+00:00;9.01;;;;;;;;;
611629;treatment;before visit;2021-09-16 23:59:59+00:00;7.63;;;;;;;;;
611629;treatment;before visit;2021-09-17 23:59:59+00:00;10.35;;;;;;;;;
611629;treatment;before visit;2021-09-18 23:59:59+00:00;15.36;;;;;;;;;
611629;treatment;before visit;2021-09-19 23:59:59+00:00;27.64;;;;;;;;;
611629;treatment;before visit;2021-09-20 23:59:59+00:00;18.15;;;;;;;;;
611629;treatment;before visit;2021-09-21 23:59:59+00:00;24.45;;;;;;;;;
611629;treatment;before visit;2021-09-22 23:59:59+00:00;23.81;;;;;;;;;
611629;treatment;before visit;2021-09-23 23:59:59+00:00;19.35;;;;;;;;;
611629;treatment;before visit;2021-09-24 23:59:59+00:00;12.8;;;;;;;;;
611629;treatment;before visit;2021-09-25 23:59:59+00:00;14.52;;;;;;;;;
611629;treatment;before visit;2021-09-26 23:59:59+00:00;8.89;;;;;;;;;
611629;treatment;before visit;2021-09-27 23:59:59+00:00;24.45;;;;;;;;;
611629;treatment;before visit;2021-09-28 23:59:59+00:00;23.08;;;;;;;;;
611629;treatment;before visit;2021-09-29 23:59:59+00:00;21.75;;;;;;;;;
611629;treatment;before visit;2021-09-30 23:59:59+00:00;24.23;;;;;;;;;
611629;treatment;before visit;2021-10-01 23:59:59+00:00;23.41;;;;;;;;;
611629;treatment;before visit;2021-10-02 23:59:59+00:00;25.5;;;;;;;;;
611629;treatment;before visit;2021-10-03 23:59:59+00:00;21.09;;;;;;;;;
611629;treatment;before visit;2021-10-04 23:59:59+00:00;21.15;;;;;;;;;
611629;treatment;before visit;2021-10-05 23:59:59+00:00;16.89;;;;;;;;;
611629;treatment;before visit;2021-10-06 23:59:59+00:00;26.29;;;;;;;;;
611629;treatment;before visit;2021-10-07 23:59:59+00:00;18.74;;;;;;;;;
611629;treatment;before visit;2021-10-08 23:59:59+00:00;36.28;;;;;;;;;
611629;treatment;before visit;2021-10-09 23:59:59+00:00;31.44;;;;;;;;;
611629;treatment;before visit;2021-10-10 23:59:59+00:00;30.39;;;;;;;;;
611629;treatment;before visit;2021-10-11 23:59:59+00:00;25.12;;;;;;;;;
611629;treatment;before visit;2021-10-12 23:59:59+00:00;33.11;;;;;;;;;
611629;treatment;before visit;2021-10-13 23:59:59+00:00;28.58;;;;;;;;;
611629;treatment;before visit;2021-10-14 23:59:59+00:00;27.17;;;;;;;;;
611629;treatment;before visit;2021-10-15 23:59:59+00:00;32.94;;;;;;;;;
611629;treatment;before visit;2021-10-16 23:59:59+00:00;37.07;;;;;;;;;
611629;treatment;before visit;2021-10-17 23:59:59+00:00;29.25;;;;;;;;;
611629;treatment;before visit;2021-10-18 23:59:59+00:00;28.25;;;;;;;;;
611629;treatment;before visit;2021-10-19 23:59:59+00:00;35.04;;;;;;;;;
611629;treatment;before visit;2021-10-20 23:59:59+00:00;26.73;;;;;;;;;
611629;treatment;before visit;2021-10-21 23:59:59+00:00;20.94;;;;;;;;;
611629;treatment;before visit;2021-11-23 23:59:59+00:00;44.18;;;;;;;;;
611629;treatment;before visit;2021-11-24 23:59:59+00:00;46.27;;;;;;;;;
611629;treatment;before visit;2021-11-25 23:59:59+00:00;43.51;;;;;;;;;
611629;treatment;before visit;2021-11-26 23:59:59+00:00;42.8;;;;;;;;;
611629;treatment;before visit;2021-11-27 23:59:59+00:00;49.95;;;;;;;;;
611629;treatment;before visit;2021-11-28 23:59:59+00:00;44.59;;;;;;;;;
611629;treatment;before visit;2021-11-29 23:59:59+00:00;46.2;;;;;;;;;
611629;treatment;before visit;2021-11-30 23:59:59+00:00;52.87;;;;;;;;;
611629;treatment;before visit;2021-12-01 23:59:59+00:00;42.84;;;;;;;;;
611629;treatment;before visit;2021-12-02 23:59:59+00:00;38.46;;;;;;;;;
611629;treatment;before visit;2021-12-03 23:59:59+00:00;43.38;;;;;;;;;
611629;treatment;before visit;2021-12-04 23:59:59+00:00;46.67;;;;;;;;;
611629;treatment;before visit;2021-12-05 23:59:59+00:00;37.99;;;;;;;;;
611629;treatment;before visit;2022-07-08 23:59:59+00:00;15.18;;;;;;;;;
611629;treatment;before visit;2022-07-09 23:59:59+00:00;23.67;;;;;;;;;
611629;treatment;before visit;2022-07-10 23:59:59+00:00;17.63;;;;;;;;;
611629;treatment;before visit;2022-07-11 23:59:59+00:00;9.11;;;;;;;;;
611629;treatment;before visit;2022-07-12 23:59:59+00:00;17.17;;;;;;;;;
611629;treatment;before visit;2022-07-13 23:59:59+00:00;14.79;;;;;;;;;
611629;treatment;before visit;2022-07-14 23:59:59+00:00;7.99;;;;;;;;;
611629;treatment;before visit;2022-07-15 23:59:59+00:00;12.78;;;;;;;;;
611629;treatment;before visit;2022-07-16 23:59:59+00:00;21.44;;;;;;;;;
611629;treatment;before visit;2022-07-17 23:59:59+00:00;14.06;;;;;;;;;
611629;treatment;before visit;2022-07-18 23:59:59+00:00;12.97;;;;;;;;;
611629;treatment;before visit;2022-07-19 23:59:59+00:00;6.08;;;;;;;;;
611629;treatment;before visit;2022-07-20 23:59:59+00:00;15.27;;;;;;;;;
611629;treatment;before visit;2022-07-21 23:59:59+00:00;5.79;;;;;;;;;
611629;treatment;before visit;2022-07-22 23:59:59+00:00;15.87;;;;;;;;;
611629;treatment;before visit;2022-07-23 23:59:59+00:00;12.04;;;;;;;;;
611629;treatment;before visit;2022-07-24 23:59:59+00:00;6.29;;;;;;;;;
611629;treatment;before visit;2022-07-25 23:59:59+00:00;11.56;;;;;;;;;
611629;treatment;before visit;2022-07-26 23:59:59+00:00;11.98;;;;;;;;;
611629;treatment;before visit;2022-07-27 23:59:59+00:00;7.26;;;;;;;;;
611629;treatment;before visit;2022-07-28 23:59:59+00:00;14.17;;;;;;;;;
611629;treatment;before visit;2022-07-29 23:59:59+00:00;17.91;;;;;;;;;
611629;treatment;before visit;2022-07-30 23:59:59+00:00;16.04;;;;;;;;;
611629;treatment;before visit;2022-07-31 23:59:59+00:00;11.53;;;;;;;;;
611629;treatment;before visit;2022-08-01 23:59:59+00:00;18.33;;;;;;;;;
611629;treatment;before visit;2022-08-02 23:59:59+00:00;11.17;;;;;;;;;
611629;treatment;before visit;2022-08-03 23:59:59+00:00;10.38;;;;;;;;;
611629;treatment;before visit;2022-08-04 23:59:59+00:00;5.32;;;;;;;;;
611629;treatment;before visit;2022-08-05 23:59:59+00:00;17.65;;;;;;;;;
611629;treatment;before visit;2022-08-06 23:59:59+00:00;17.7;;;;;;;;;
611629;treatment;before visit;2022-08-07 23:59:59+00:00;5.27;;;;;;;;;
611629;treatment;before visit;2022-08-08 23:59:59+00:00;15.56;;;;;;;;;
611629;treatment;before visit;2022-08-09 23:59:59+00:00;15.12;;;;;;;;;
611629;treatment;before visit;2022-08-10 23:59:59+00:00;8.07;;;;;;;;;
611629;treatment;before visit;2022-08-11 23:59:59+00:00;7.84;;;;;;;;;
611629;treatment;before visit;2022-08-12 23:59:59+00:00;13.36;;;;;;;;;
611629;treatment;before visit;2022-08-13 23:59:59+00:00;19.1;;;;;;;;;
611629;treatment;before visit;2022-08-14 23:59:59+00:00;7.94;;;;;;;;;
611629;treatment;before visit;2022-08-15 23:59:59+00:00;9.71;;;;;;;;;
611629;treatment;before visit;2022-08-16 23:59:59+00:00;11.98;;;;;;;;;
611629;treatment;before visit;2022-08-17 23:59:59+00:00;12.48;;;;;;;;;
611629;treatment;before visit;2022-08-18 23:59:59+00:00;5.03;;;;;;;;;
611629;treatment;before visit;2022-08-19 23:59:59+00:00;19.15;;;;;;;;;
611629;treatment;before visit;2022-08-20 23:59:59+00:00;16.47;;;;;;;;;
611629;treatment;before visit;2022-08-21 23:59:59+00:00;16.7;;;;;;;;;
611629;treatment;before visit;2022-08-22 23:59:59+00:00;18.85;;;;;;;;;
611629;treatment;before visit;2022-08-23 23:59:59+00:00;6.7;;;;;;;;;
611629;treatment;before visit;2022-08-24 23:59:59+00:00;17.17;;;;;;;;;
611629;treatment;before visit;2022-08-25 23:59:59+00:00;7.18;;;;;;;;;
611629;treatment;before visit;2022-08-26 23:59:59+00:00;16.16;;;;;;;;;
611629;treatment;before visit;2022-08-27 23:59:59+00:00;13.59;;;;;;;;;
611629;treatment;before visit;2022-08-28 23:59:59+00:00;12.62;;;;;;;;;
611629;treatment;before visit;2022-08-29 23:59:59+00:00;9.68;;;;;;;;;
611629;treatment;before visit;2022-08-30 23:59:59+00:00;16.75;;;;;;;;;
611629;treatment;before visit;2022-08-31 23:59:59+00:00;10.98;;;;;;;;;
611629;treatment;before visit;2022-09-01 23:59:59+00:00;8.0;;;;;;;;;
611629;treatment;before visit;2022-09-02 23:59:59+00:00;17.53;;;;;;;;;
611629;treatment;before visit;2022-09-03 23:59:59+00:00;15.21;;;;;;;;;
611629;treatment;before visit;2022-09-04 23:59:59+00:00;8.4;;;;;;;;;
611629;treatment;before visit;2022-09-05 23:59:59+00:00;10.31;;;;;;;;;
611629;treatment;before visit;2022-09-06 23:59:59+00:00;12.79;;;;;;;;;
611629;treatment;before visit;2022-09-07 23:59:59+00:00;16.38;;;;;;;;;
611629;treatment;before visit;2022-09-08 23:59:59+00:00;8.46;;;;;;;;;
611629;treatment;before visit;2022-09-09 23:59:59+00:00;18.74;;;;;;;;;
611629;treatment;before visit;2022-09-10 23:59:59+00:00;17.12;;;;;;;;;
611629;treatment;before visit;2022-09-11 23:59:59+00:00;10.73;;;;;;;;;
611629;treatment;before visit;2022-09-12 23:59:59+00:00;19.99;;;;;;;;;
611629;treatment;before visit;2022-09-13 23:59:59+00:00;20.25;;;;;;;;;
611629;treatment;before visit;2022-09-14 23:59:59+00:00;10.5;;;;;;;;;
611629;treatment;before visit;2022-09-15 23:59:59+00:00;10.88;;;;;;;;;
611629;treatment;before visit;2022-09-16 23:59:59+00:00;12.34;;;;;;;;;
611629;treatment;before visit;2022-09-17 23:59:59+00:00;17.92;;;;;;;;;
611629;treatment;before visit;2022-09-18 23:59:59+00:00;14.17;;;;;;;;;
611629;treatment;before visit;2022-09-19 23:59:59+00:00;9.37;;;;;;;;;
611629;treatment;before visit;2022-09-20 23:59:59+00:00;12.85;;;;;;;;;
611629;treatment;before visit;2022-09-21 23:59:59+00:00;10.47;;;;;;;;;
611629;treatment;before visit;2022-09-22 23:59:59+00:00;13.26;;;;;;;;;
611629;treatment;before visit;2022-09-23 23:59:59+00:00;24.04;;;;;;;;;
611629;treatment;before visit;2022-09-24 23:59:59+00:00;21.36;;;;;;;;;
611629;treatment;before visit;2022-09-25 23:59:59+00:00;16.07;;;;;;;;;
611629;treatment;before visit;2022-09-26 23:59:59+00:00;23.64;;;;;;;;;
611629;treatment;before visit;2022-09-27 23:59:59+00:00;22.64;;;;;;;;;
611629;treatment;before visit;2022-09-28 23:59:59+00:00;29.1;;;;;;;;;
611629;treatment;before visit;2022-09-29 23:59:59+00:00;32.62;;;;;;;;;
611629;treatment;before visit;2022-09-30 23:59:59+00:00;16.33;;;;;;;;;
611629;treatment;before visit;2022-10-01 23:59:59+00:00;35.95;;;;;;;;;
611629;treatment;before visit;2022-10-02 23:59:59+00:00;14.66;;;;;;;;;
611629;treatment;before visit;2022-10-03 23:59:59+00:00;18.13;;;;;;;;;
611629;treatment;before visit;2022-10-04 23:59:59+00:00;24.46;;;;;;;;;
611629;treatment;before visit;2022-10-05 23:59:59+00:00;27.0;;;;;;;;;
611629;treatment;before visit;2022-10-06 23:59:59+00:00;9.49;;;;;;;;;
611629;treatment;before visit;2022-10-07 23:59:59+00:00;24.18;;;;;;;;;
611629;treatment;before visit;2022-10-08 23:59:59+00:00;26.1;;;;;;;;;
611629;treatment;before visit;2022-10-09 23:59:59+00:00;15.31;;;;;;;;;
611629;treatment;before visit;2022-10-10 23:59:59+00:00;19.01;;;;;;;;;
611629;treatment;before visit;2022-10-11 23:59:59+00:00;27.45;;;;;;;;;
611629;treatment;before visit;2022-10-12 23:59:59+00:00;21.03;;;;;;;;;
611629;treatment;before visit;2022-10-13 23:59:59+00:00;12.27;;;;;;;;;
611629;treatment;before visit;2022-10-14 23:59:59+00:00;22.33;;;;;;;;;
611629;treatment;before visit;2022-10-15 23:59:59+00:00;18.81;;;;;;;;;
611629;treatment;before visit;2022-10-16 23:59:59+00:00;15.88;;;;;;;;;
611629;treatment;before visit;2022-10-17 23:59:59+00:00;17.62;;;;;;;;;
611629;treatment;before visit;2022-10-18 23:59:59+00:00;23.8;;;;;;;;;
611629;treatment;before visit;2022-10-19 23:59:59+00:00;23.44;;;;;;;;;
611629;treatment;before visit;2022-10-20 23:59:59+00:00;9.26;;;;;;;;;
611629;treatment;before visit;2022-10-21 23:59:59+00:00;16.27;;;;;;;;;
611629;treatment;before visit;2022-10-22 23:59:59+00:00;27.0;;;;;;;;;
611629;treatment;before visit;2022-10-23 23:59:59+00:00;23.25;;;;;;;;;
611629;treatment;before visit;2022-10-24 23:59:59+00:00;15.57;;;;;;;;;
611629;treatment;before visit;2022-10-25 23:59:59+00:00;25.96;;;;;;;;;
611629;treatment;before visit;2022-10-26 23:59:59+00:00;13.36;;;;;;;;;
611629;treatment;before visit;2022-10-27 23:59:59+00:00;12.61;;;;;;;;;
611629;treatment;before visit;2022-10-28 23:59:59+00:00;21.53;;;;;;;;;
611629;treatment;before visit;2022-10-29 23:59:59+00:00;27.75;;;;;;;;;
611629;treatment;before visit;2022-10-30 23:59:59+00:00;15.31;;;;;;;;;
611629;treatment;before visit;2022-10-31 23:59:59+00:00;20.03;;;;;;;;;
611629;treatment;before visit;2022-11-01 23:59:59+00:00;25.29;;;;;;;;;
611629;treatment;before visit;2022-11-02 23:59:59+00:00;22.74;;;;;;;;;
611629;treatment;before visit;2022-11-03 23:59:59+00:00;16.91;;;;;;;;;
611629;treatment;before visit;2022-11-04 23:59:59+00:00;27.93;;;;;;;;;
611629;treatment;before visit;2022-11-05 23:59:59+00:00;31.7;;;;;;;;;
611629;treatment;before visit;2022-11-06 23:59:59+00:00;27.92;;;;;;;;;
611629;treatment;before visit;2022-11-07 23:59:59+00:00;29.72;;;;;;;;;
611629;treatment;before visit;2022-11-08 23:59:59+00:00;23.94;;;;;;;;;
611629;treatment;before visit;2022-11-09 23:59:59+00:00;30.49;;;;;;;;;
611629;treatment;before visit;2022-11-10 23:59:59+00:00;17.87;;;;;;;;;
611629;treatment;before visit;2022-11-11 23:59:59+00:00;21.11;;;;;;;;;
611629;treatment;before visit;2022-11-12 23:59:59+00:00;36.38;;;;;;;;;
611629;treatment;before visit;2022-11-13 23:59:59+00:00;25.24;;;;;;;;;
611629;treatment;before visit;2022-11-14 23:59:59+00:00;28.86;;;;;;;;;
611629;treatment;before visit;2022-11-15 23:59:59+00:00;32.15;;;;;;;;;
611629;treatment;before visit;2022-11-16 23:59:59+00:00;22.65;;;;;;;;;
611629;treatment;before visit;2022-11-17 23:59:59+00:00;22.56;;;;;;;;;
611629;treatment;before visit;2022-11-18 23:59:59+00:00;22.72;;;;;;;;;
611629;treatment;before visit;2022-11-19 23:59:59+00:00;39.76;;;;;;;;;
611629;treatment;before visit;2022-11-20 23:59:59+00:00;26.98;;;;;;;;;
611629;treatment;before visit;2022-11-21 23:59:59+00:00;36.36;;;;;;;;;
611629;treatment;before visit;2022-11-22 23:59:59+00:00;20.68;;;;;;;;;
611629;treatment;before visit;2022-11-23 23:59:59+00:00;40.54;;;;;;;;;
611629;treatment;before visit;2022-11-24 23:59:59+00:00;30.58;;;;;;;;;
611629;treatment;before visit;2022-11-25 23:59:59+00:00;38.24;;;;;;;;;
611629;treatment;before visit;2022-11-26 23:59:59+00:00;41.13;;;;;;;;;
611629;treatment;before visit;2022-11-27 23:59:59+00:00;32.71;;;;;;;;;
611629;treatment;before visit;2022-11-28 23:59:59+00:00;37.28;;;;;;;;;
611629;treatment;before visit;2022-11-29 23:59:59+00:00;37.13;;;;;;;;;
611629;treatment;before visit;2022-11-30 23:59:59+00:00;39.11;;;;;;;;;
611629;treatment;before visit;2022-12-01 23:59:59+00:00;29.62;;;;;;;;;
611629;treatment;before visit;2022-12-02 23:59:59+00:00;46.35;;;;;;;;;
611629;treatment;before visit;2022-12-03 23:59:59+00:00;52.01;;;;;;;;;
611629;treatment;before visit;2022-12-04 23:59:59+00:00;39.88;;;;;;;;;
611629;treatment;before visit;2022-12-05 23:59:59+00:00;41.48;;;;;;;;;
611629;treatment;before visit;2022-12-06 23:59:59+00:00;46.06;;;;;;;;;
611629;treatment;before visit;2022-12-07 23:59:59+00:00;46.88;;;;;;;;;
611629;treatment;before visit;2022-12-08 23:59:59+00:00;34.77;;;;;;;;;
611629;treatment;before visit;2022-12-09 23:59:59+00:00;43.0;;;;;;;;;
611629;treatment;before visit;2022-12-10 23:59:59+00:00;51.38;;;;;;;;;
611629;treatment;before visit;2022-12-11 23:59:59+00:00;61.68;;;;;;;;;
611629;treatment;before visit;2022-12-12 23:59:59+00:00;66.0;;;;;;;;;
611629;treatment;before visit;2022-12-13 23:59:59+00:00;69.3;;;;;;;;;
611629;treatment;before visit;2022-12-14 23:59:59+00:00;52.75;;;;;;;;;
611629;treatment;before visit;2022-12-15 23:59:59+00:00;44.72;;;;;;;;;
611629;treatment;before visit;2022-12-16 23:59:59+00:00;45.97;;;;;;;;;
611629;treatment;before visit;2022-12-17 23:59:59+00:00;55.95;;;;;;;;;
611629;treatment;before visit;2022-12-18 23:59:59+00:00;55.17;;;;;;;;;
611629;treatment;before visit;2022-12-19 23:59:59+00:00;60.75;;;;;;;;;
611629;treatment;before visit;2022-12-20 23:59:59+00:00;53.25;;;;;;;;;
611629;treatment;before visit;2022-12-21 23:59:59+00:00;27.64;;;;;;;;;
611629;treatment;before visit;2022-12-22 23:59:59+00:00;32.62;;;;;;;;;
611629;treatment;before visit;2022-12-23 23:59:59+00:00;22.4;;;;;;;;;
611629;treatment;before visit;2022-12-24 23:59:59+00:00;29.62;;;;;;;;;
611629;treatment;before visit;2022-12-25 23:59:59+00:00;27.51;;;;;;;;;
611629;treatment;before visit;2022-12-26 23:59:59+00:00;26.77;;;;;;;;;
611629;treatment;before visit;2022-12-27 23:59:59+00:00;42.57;;;;;;;;;
611629;treatment;before visit;2022-12-28 23:59:59+00:00;24.55;;;;;;;;;
611629;treatment;before visit;2022-12-29 23:59:59+00:00;23.22;;;;;;;;;
611629;treatment;before visit;2022-12-30 23:59:59+00:00;27.56;;;;;;;;;
611629;treatment;before visit;2022-12-31 23:59:59+00:00;25.16;;;;;;;;;
611629;treatment;before visit;2023-01-01 23:59:59+00:00;15.27;;;;;;;;;
611629;treatment;before visit;2023-01-02 23:59:59+00:00;32.48;;;;;;;;;
611629;treatment;before visit;2023-01-03 23:59:59+00:00;26.96;;;;;;;;;
611629;treatment;before visit;2023-01-04 23:59:59+00:00;28.19;;;;;;;;;
611629;treatment;before visit;2023-01-05 23:59:59+00:00;16.52;;;;;;;;;
611629;treatment;before visit;2023-01-06 23:59:59+00:00;33.57;;;;;;;;;
611629;treatment;before visit;2023-01-07 23:59:59+00:00;34.16;;;;;;;;;
611629;treatment;before visit;2023-01-08 23:59:59+00:00;28.36;;;;;;;;;
611629;treatment;before visit;2023-01-09 23:59:59+00:00;33.36;;;;;;;;;
611629;treatment;before visit;2023-01-10 23:59:59+00:00;43.03;;;;;;;;;
611629;treatment;before visit;2023-01-11 23:59:59+00:00;35.39;;;;;;;;;
611629;treatment;before visit;2023-01-12 23:59:59+00:00;22.08;;;;;;;;;
611629;treatment;before visit;2023-01-13 23:59:59+00:00;31.07;;;;;;;;;
611629;treatment;before visit;2023-01-14 23:59:59+00:00;43.76;;;;;;;;;
611629;treatment;before visit;2023-01-15 23:59:59+00:00;31.32;;;;;;;;;
611629;treatment;before visit;2023-01-16 23:59:59+00:00;41.09;;;;;;;;;
611629;treatment;before visit;2023-01-17 23:59:59+00:00;55.17;;;;;;;;;
611629;treatment;before visit;2023-01-18 23:59:59+00:00;59.73;;;;;;;;;
611629;treatment;before visit;2023-01-19 23:59:59+00:00;54.79;;;;;;;;;
611629;treatment;before visit;2023-01-20 23:59:59+00:00;65.06;;;;;;;;;
611629;treatment;before visit;2023-01-21 23:59:59+00:00;68.03;;;;;;;;;
611629;treatment;before visit;2023-01-22 23:59:59+00:00;56.66;;;;;;;;;
611629;treatment;before visit;2023-01-23 23:59:59+00:00;63.83;;;;;;;;;
611629;treatment;before visit;2023-01-24 23:59:59+00:00;56.57;;;;;;;;;
611629;treatment;before visit;2023-01-25 23:59:59+00:00;52.32;;;;;;;;;
611629;treatment;before visit;2023-01-26 23:59:59+00:00;49.87;;;;;;;;;
611629;treatment;before visit;2023-01-27 23:59:59+00:00;58.12;;;;;;;;;
611629;treatment;before visit;2023-01-28 23:59:59+00:00;60.74;;;;;;;;;
611629;treatment;before visit;2023-01-29 23:59:59+00:00;58.66;;;;;;;;;
611629;treatment;before visit;2023-01-30 23:59:59+00:00;48.46;;;;;;;;;
611629;treatment;before visit;2023-01-31 23:59:59+00:00;44.68;;;;;;;;;
611629;treatment;before visit;2023-02-01 23:59:59+00:00;42.36;;;;;;;;;
611629;treatment;before visit;2023-02-02 23:59:59+00:00;40.24;;;;;;;;;
611629;treatment;before visit;2023-02-03 23:59:59+00:00;35.35;;;;;;;;;
611629;treatment;before visit;2023-02-04 23:59:59+00:00;39.03;;;;;;;;;
611629;treatment;before visit;2023-02-05 23:59:59+00:00;41.89;;;;;;;;;
611629;treatment;before visit;2023-02-06 23:59:59+00:00;51.29;;;;;;;;;
611629;treatment;before visit;2023-02-07 23:59:59+00:00;55.55;;;;;;;;;
611629;treatment;before visit;2023-02-08 23:59:59+00:00;55.56;;;;;;;;;
611629;treatment;before visit;2023-02-09 23:59:59+00:00;51.12;;;;;;;;;
611629;treatment;before visit;2023-02-10 23:59:59+00:00;52.38;;;;;;;;;
611629;treatment;before visit;2023-02-11 23:59:59+00:00;54.01;;;;;;;;;
611629;treatment;before visit;2023-02-12 23:59:59+00:00;43.31;;;;;;;;;
611629;treatment;before visit;2023-02-13 23:59:59+00:00;44.03;;;;;;;;;
611629;treatment;before visit;2023-02-14 23:59:59+00:00;50.95;;;;;;;;;
611629;treatment;before visit;2023-02-15 23:59:59+00:00;52.04;;;;;;;;;
611629;treatment;before visit;2023-02-16 23:59:59+00:00;37.79;;;;;;;;;
611629;treatment;before visit;2023-02-17 23:59:59+00:00;24.64;;;;;;;;;
611629;treatment;before visit;2023-02-18 23:59:59+00:00;32.4;;;;;;;;;
611629;treatment;before visit;2023-02-19 23:59:59+00:00;24.82;;;;;;;;;
611629;treatment;before visit;2023-02-20 23:59:59+00:00;29.11;;;;;;;;;
611629;treatment;before visit;2023-02-21 23:59:59+00:00;40.65;;;;;;;;;
611629;treatment;before visit;2023-02-22 23:59:59+00:00;35.86;;;;;;;;;
611629;treatment;before visit;2023-02-23 23:59:59+00:00;22.13;;;;;;;;;
611629;treatment;before visit;2023-02-24 23:59:59+00:00;33.15;;;;;;;;;
611629;treatment;before visit;2023-02-25 23:59:59+00:00;37.34;;;;;;;;;
611629;treatment;before visit;2023-02-26 23:59:59+00:00;43.64;;;;;;;;;
611629;treatment;before visit;2023-02-27 23:59:59+00:00;46.95;;;;;;;;;
611629;treatment;before visit;2023-02-28 23:59:59+00:00;52.75;;;;;;;;;
611629;treatment;before visit;2023-03-01 23:59:59+00:00;51.59;;;;;;;;;
611629;treatment;before visit;2023-03-02 23:59:59+00:00;44.36;;;;;;;;;
611629;treatment;before visit;2023-03-03 23:59:59+00:00;39.52;;;;;;;;;
611629;treatment;before visit;2023-03-04 23:59:59+00:00;54.65;;;;;;;;;
611629;treatment;before visit;2023-03-05 23:59:59+00:00;42.65;;;;;;;;;
611629;treatment;before visit;2023-03-06 23:59:59+00:00;46.54;;;;;;;;;
611629;treatment;before visit;2023-03-07 23:59:59+00:00;33.96;;;;;;;;;
611629;treatment;before visit;2023-03-08 23:59:59+00:00;37.7;;;;;;;;;
611629;treatment;before visit;2023-03-09 23:59:59+00:00;33.07;;;;;;;;;
611629;treatment;before visit;2023-03-10 23:59:59+00:00;37.49;;;;;;;;;
611629;treatment;before visit;2023-03-11 23:59:59+00:00;39.96;;;;;;;;;
611629;treatment;before visit;2023-03-12 23:59:59+00:00;32.11;;;;;;;;;
611629;treatment;before visit;2023-03-13 23:59:59+00:00;27.7;;;;;;;;;
611629;treatment;before visit;2023-03-14 23:59:59+00:00;32.63;;;;;;;;;
611629;treatment;before visit;2023-03-15 23:59:59+00:00;35.57;;;;;;;;;
611629;treatment;before visit;2023-03-16 23:59:59+00:00;34.53;;;;;;;;;
611629;treatment;before visit;2023-03-17 23:59:59+00:00;33.16;;;;;;;;;
611629;treatment;before visit;2023-03-18 23:59:59+00:00;35.41;;;;;;;;;
611629;treatment;before visit;2023-03-19 23:59:59+00:00;19.51;;;;;;;;;
611629;treatment;before visit;2023-03-20 23:59:59+00:00;28.47;;;;;;;;;
611629;treatment;before visit;2023-03-21 23:59:59+00:00;25.1;;;;;;;;;
611629;treatment;before visit;2023-03-22 23:59:59+00:00;18.02;;;;;;;;;
611629;treatment;before visit;2023-03-23 23:59:59+00:00;18.3;;;;;;;;;
611629;treatment;before visit;2023-03-24 23:59:59+00:00;27.48;;;;;;;;;
611629;treatment;before visit;2023-03-25 23:59:59+00:00;34.18;;;;;;;;;
611629;treatment;before visit;2023-03-26 23:59:59+00:00;24.6;;;;;;;;;
611629;treatment;before visit;2023-03-27 23:59:59+00:00;38.72;;;;;;;;;
611629;treatment;before visit;2023-03-28 23:59:59+00:00;47.1;;;;;;;;;
611629;treatment;before visit;2023-03-29 23:59:59+00:00;29.79;;;;;;;;;
611629;treatment;before visit;2023-03-30 23:59:59+00:00;18.06;;;;;;;;;
611629;treatment;before visit;2023-03-31 23:59:59+00:00;22.36;;;;;;;;;
611629;treatment;before visit;2023-04-01 23:59:59+00:00;31.29;;;;;;;;;
611629;treatment;before visit;2023-04-02 23:59:59+00:00;24.8;;;;;;;;;
611629;treatment;before visit;2023-04-03 23:59:59+00:00;30.26;;;;;;;;;
611629;treatment;before visit;2023-04-04 23:59:59+00:00;49.85;;;;;;;;;
611629;treatment;before visit;2023-04-05 23:59:59+00:00;46.07;;;;;;;;;
611629;treatment;before visit;2023-04-06 23:59:59+00:00;32.63;;;;;;;;;
611629;treatment;before visit;2023-04-07 23:59:59+00:00;27.74;;;;;;;;;
611629;treatment;before visit;2023-04-08 23:59:59+00:00;30.26;;;;;;;;;
611629;treatment;before visit;2023-04-09 23:59:59+00:00;28.2;;;;;;;;;
611629;treatment;before visit;2023-04-10 23:59:59+00:00;32.77;;;;;;;;;
611629;treatment;before visit;2023-04-11 23:59:59+00:00;33.33;;;;;;;;;
611629;treatment;before visit;2023-04-12 23:59:59+00:00;21.55;;;;;;;;;
611629;treatment;before visit;2023-04-13 23:59:59+00:00;27.75;;;;;;;;;
611629;treatment;before visit;2023-04-14 23:59:59+00:00;35.28;;;;;;;;;
611629;treatment;before visit;2023-04-15 23:59:59+00:00;40.3;;;;;;;;;
611629;treatment;before visit;2023-04-16 23:59:59+00:00;28.89;;;;;;;;;
611629;treatment;before visit;2023-04-17 23:59:59+00:00;21.8;;;;;;;;;
611629;treatment;before visit;2023-04-18 23:59:59+00:00;33.28;;;;;;;;;
611629;treatment;before visit;2023-04-19 23:59:59+00:00;22.14;;;;;;;;;
611629;treatment;before visit;2023-04-20 23:59:59+00:00;25.56;;;;;;;;;
611629;treatment;before visit;2023-04-21 23:59:59+00:00;32.22;;;;;;;;;
611629;treatment;before visit;2023-04-22 23:59:59+00:00;33.21;;;;;;;;;
611629;treatment;before visit;2023-04-23 23:59:59+00:00;19.82;;;;;;;;;
611629;treatment;before visit;2023-04-24 23:59:59+00:00;19.5;;;;;;;;;
611629;treatment;before visit;2023-04-25 23:59:59+00:00;37.22;;;;;;;;;
611629;treatment;before visit;2023-04-26 23:59:59+00:00;30.7;;;;;;;;;
611629;treatment;before visit;2023-04-27 23:59:59+00:00;27.73;;;;;;;;;
611629;treatment;before visit;2023-04-28 23:59:59+00:00;16.43;;;;;;;;;
611629;treatment;before visit;2023-04-29 23:59:59+00:00;24.59;;;;;;;;;
611629;treatment;before visit;2023-04-30 23:59:59+00:00;22.15;;;;;;;;;
611629;treatment;before visit;2023-05-01 23:59:59+00:00;25.52;;;;;;;;;
611629;treatment;before visit;2023-05-02 23:59:59+00:00;31.17;;;;;;;;;
611629;treatment;before visit;2023-05-03 23:59:59+00:00;24.6;;;;;;;;;
611629;treatment;before visit;2023-05-04 23:59:59+00:00;23.87;;;;;;;;;
611629;treatment;before visit;2023-05-05 23:59:59+00:00;22.35;;;;;;;;;
611629;treatment;before visit;2023-05-06 23:59:59+00:00;29.36;;;;;;;;;
611629;treatment;before visit;2023-05-07 23:59:59+00:00;12.62;;;;;;;;;
611629;treatment;before visit;2023-05-08 23:59:59+00:00;12.5;;;;;;;;;
611629;treatment;before visit;2023-05-09 23:59:59+00:00;32.17;;;;;;;;;
611629;treatment;before visit;2023-05-10 23:59:59+00:00;20.53;;;;;;;;;
611629;treatment;before visit;2023-05-11 23:59:59+00:00;18.72;;;;;;;;;
611629;treatment;before visit;2023-05-12 23:59:59+00:00;23.71;;;;;;;;;
611629;treatment;before visit;2023-05-13 23:59:59+00:00;34.31;;;;;;;;;
611629;treatment;before visit;2023-05-14 23:59:59+00:00;25.33;;;;;;;;;
611629;treatment;before visit;2023-05-15 23:59:59+00:00;27.89;;;;;;;;;
611629;treatment;before visit;2023-05-16 23:59:59+00:00;26.16;;;;;;;;;
611629;treatment;before visit;2023-05-17 23:59:59+00:00;27.52;;;;;;;;;
611629;treatment;before visit;2023-05-18 23:59:59+00:00;26.87;;;;;;;;;
611629;treatment;before visit;2023-05-19 23:59:59+00:00;27.09;;;;;;;;;
611629;treatment;before visit;2023-05-20 23:59:59+00:00;28.49;;;;;;;;;
611629;treatment;before visit;2023-05-21 23:59:59+00:00;16.49;;;;;;;;;
611629;treatment;before visit;2023-05-22 23:59:59+00:00;22.36;;;;;;;;;
611629;treatment;before visit;2023-05-23 23:59:59+00:00;8.67;;;;;;;;;
611629;treatment;before visit;2023-05-24 23:59:59+00:00;26.91;;;;;;;;;
611629;treatment;before visit;2023-05-25 23:59:59+00:00;22.71;;;;;;;;;
611629;treatment;before visit;2023-05-26 23:59:59+00:00;20.52;;;;;;;;;
611629;treatment;before visit;2023-05-27 23:59:59+00:00;17.35;;;;;;;;;
611629;treatment;before visit;2023-05-28 23:59:59+00:00;17.7;;;;;;;;;
611629;treatment;before visit;2023-05-29 23:59:59+00:00;18.86;;;;;;;;;
611629;treatment;before visit;2023-05-30 23:59:59+00:00;16.36;;;;;;;;;
611629;treatment;before visit;2023-05-31 23:59:59+00:00;14.44;;;;;;;;;
611629;treatment;before visit;2023-06-01 23:59:59+00:00;9.47;;;;;;;;;
611629;treatment;before visit;2023-06-02 23:59:59+00:00;12.7;;;;;;;;;
611629;treatment;before visit;2023-06-03 23:59:59+00:00;18.21;;;;;;;;;
611629;treatment;before visit;2023-06-04 23:59:59+00:00;15.72;;;;;;;;;
611629;treatment;before visit;2023-06-05 23:59:59+00:00;18.71;;;;;;;;;
611629;treatment;before visit;2023-06-06 23:59:59+00:00;17.63;;;;;;;;;
611629;treatment;before visit;2023-06-07 23:59:59+00:00;15.72;;;;;;;;;
611629;treatment;before visit;2023-06-08 23:59:59+00:00;16.07;;;;;;;;;
611629;treatment;before visit;2023-06-09 23:59:59+00:00;17.95;;;;;;;;;
611629;treatment;before visit;2023-06-10 23:59:59+00:00;19.55;;;;;;;;;
611629;treatment;before visit;2023-06-11 23:59:59+00:00;12.98;;;;;;;;;
611629;treatment;before visit;2023-06-12 23:59:59+00:00;10.13;;;;;;;;;
611629;treatment;before visit;2023-06-13 23:59:59+00:00;18.42;;;;;;;;;
611629;treatment;before visit;2023-06-14 23:59:59+00:00;15.06;;;;;;;;;
611629;treatment;before visit;2023-06-15 23:59:59+00:00;17.86;;;;;;;;;
611629;treatment;before visit;2023-06-16 23:59:59+00:00;16.26;;;;;;;;;
611629;treatment;before visit;2023-06-17 23:59:59+00:00;21.85;;;;;;;;;
611629;treatment;before visit;2023-06-18 23:59:59+00:00;14.5;;;;;;;;;
611629;treatment;before visit;2023-06-19 23:59:59+00:00;16.03;;;;;;;;;
611629;treatment;before visit;2023-06-20 23:59:59+00:00;16.76;;;;;;;;;
611629;treatment;before visit;2023-06-21 23:59:59+00:00;14.75;;;;;;;;;
611629;treatment;before visit;2023-06-22 23:59:59+00:00;18.37;;;;;;;;;
611629;treatment;before visit;2023-06-23 23:59:59+00:00;4.63;;;;;;;;;
611629;treatment;before visit;2023-06-24 23:59:59+00:00;21.92;;;;;;;;;
611629;treatment;before visit;2023-06-25 23:59:59+00:00;12.08;;;;;;;;;
611629;treatment;before visit;2023-06-26 23:59:59+00:00;16.64;;;;;;;;;
611629;treatment;before visit;2023-06-27 23:59:59+00:00;13.02;;;;;;;;;
611629;treatment;before visit;2023-06-28 23:59:59+00:00;15.49;;;;;;;;;
611629;treatment;before visit;2023-06-29 23:59:59+00:00;7.6;;;;;;;;;
611629;treatment;before visit;2023-06-30 23:59:59+00:00;15.96;;;;;;;;;
611629;treatment;before visit;2023-07-01 23:59:59+00:00;26.93;;;;;;;;;
611629;treatment;before visit;2023-07-02 23:59:59+00:00;6.55;;;;;;;;;
611629;treatment;before visit;2023-07-03 23:59:59+00:00;17.58;;;;;;;;;
611629;treatment;before visit;2023-07-04 23:59:59+00:00;15.42;;;;;;;;;
611629;treatment;before visit;2023-07-05 23:59:59+00:00;18.21;;;;;;;;;
611629;treatment;before visit;2023-07-06 23:59:59+00:00;15.7;;;;;;;;;
611629;treatment;before visit;2023-07-07 23:59:59+00:00;17.03;;;;;;;;;
611629;treatment;before visit;2023-07-08 23:59:59+00:00;17.5;;;;;;;;;
611629;treatment;before visit;2023-07-09 23:59:59+00:00;13.73;;;;;;;;;
611629;treatment;before visit;2023-07-10 23:59:59+00:00;14.29;;;;;;;;;
611629;treatment;before visit;2023-07-11 23:59:59+00:00;19.81;;;;;;;;;
611629;treatment;before visit;2023-07-12 23:59:59+00:00;16.51;;;;;;;;;
611629;treatment;before visit;2023-07-13 23:59:59+00:00;6.24;;;;;;;;;
611629;treatment;before visit;2023-07-14 23:59:59+00:00;14.82;;;;;;;;;
611629;treatment;before visit;2023-07-15 23:59:59+00:00;26.75;;;;;;;;;
611629;treatment;before visit;2023-07-16 23:59:59+00:00;14.1;;;;;;;;;
611629;treatment;before visit;2023-07-17 23:59:59+00:00;13.55;;;;;;;;;
611629;treatment;before visit;2023-07-18 23:59:59+00:00;20.57;;;;;;;;;
611629;treatment;before visit;2023-07-19 23:59:59+00:00;8.27;;;;;;;;;
611629;treatment;before visit;2023-07-20 23:59:59+00:00;14.36;;;;;;;;;
611629;treatment;before visit;2023-07-21 23:59:59+00:00;20.68;;;;;;;;;
611629;treatment;before visit;2023-07-22 23:59:59+00:00;22.58;;;;;;;;;
611629;treatment;before visit;2023-07-23 23:59:59+00:00;14.78;;;;;;;;;
611629;treatment;before visit;2023-07-24 23:59:59+00:00;9.17;;;;;;;;;
611629;treatment;before visit;2023-07-25 23:59:59+00:00;16.58;;;;;;;;;
611629;treatment;before visit;2023-07-26 23:59:59+00:00;18.41;;;;;;;;;
611629;treatment;before visit;2023-07-27 23:59:59+00:00;20.0;;;;;;;;;
611629;treatment;before visit;2023-07-28 23:59:59+00:00;17.56;;;;;;;;;
611629;treatment;before visit;2023-07-29 23:59:59+00:00;20.32;;;;;;;;;
611629;treatment;before visit;2023-07-30 23:59:59+00:00;14.13;;;;;;;;;
611629;treatment;before visit;2023-07-31 23:59:59+00:00;18.15;;;;;;;;;
611629;treatment;before visit;2023-08-01 23:59:59+00:00;16.78;;;;;;;;;
611629;treatment;before visit;2023-08-02 23:59:59+00:00;14.81;;;;;;;;;
611629;treatment;before visit;2023-08-03 23:59:59+00:00;10.51;;;;;;;;;
611629;treatment;before visit;2023-08-04 23:59:59+00:00;13.03;;;;;;;;;
611629;treatment;before visit;2023-08-05 23:59:59+00:00;24.37;;;;;;;;;
611629;treatment;before visit;2023-08-06 23:59:59+00:00;19.81;;;;;;;;;
611629;treatment;before visit;2023-08-07 23:59:59+00:00;25.53;;;;;;;;;
611629;treatment;before visit;2023-08-08 23:59:59+00:00;20.13;;;;;;;;;
611629;treatment;before visit;2023-08-09 23:59:59+00:00;19.19;;;;;;;;;
611629;treatment;before visit;2023-08-10 23:59:59+00:00;15.18;;;;;;;;;
611629;treatment;before visit;2023-08-11 23:59:59+00:00;14.92;;;;;;;;;
611629;treatment;before visit;2023-08-12 23:59:59+00:00;12.1;;;;;;;;;
611629;treatment;before visit;2023-08-13 23:59:59+00:00;12.63;;;;;;;;;
611629;treatment;before visit;2023-08-14 23:59:59+00:00;19.42;;;;;;;;;
611629;treatment;before visit;2023-08-15 23:59:59+00:00;15.44;;;;;;;;;
611629;treatment;before visit;2023-08-16 23:59:59+00:00;15.02;;;;;;;;;
611629;treatment;before visit;2023-08-17 23:59:59+00:00;10.12;;;;;;;;;
611629;treatment;before visit;2023-08-18 23:59:59+00:00;13.87;;;;;;;;;
611629;treatment;before visit;2023-08-19 23:59:59+00:00;21.8;;;;;;;;;
611629;treatment;before visit;2023-08-20 23:59:59+00:00;13.31;;;;;;;;;
611629;treatment;before visit;2023-08-21 23:59:59+00:00;20.08;;;;;;;;;
611629;treatment;before visit;2023-08-22 23:59:59+00:00;17.25;;;;;;;;;
611629;treatment;before visit;2023-08-23 23:59:59+00:00;8.65;;;;;;;;;
611629;treatment;before visit;2023-08-24 23:59:59+00:00;16.05;;;;;;;;;
611629;treatment;before visit;2023-08-25 23:59:59+00:00;8.47;;;;;;;;;
611629;treatment;before visit;2023-08-26 23:59:59+00:00;21.49;;;;;;;;;
611629;treatment;before visit;2023-08-27 23:59:59+00:00;13.79;;;;;;;;;
611629;treatment;before visit;2023-08-28 23:59:59+00:00;21.94;;;;;;;;;
611629;treatment;before visit;2023-08-29 23:59:59+00:00;19.34;;;;;;;;;
611629;treatment;before visit;2023-08-30 23:59:59+00:00;23.42;;;;;;;;;
611629;treatment;before visit;2023-08-31 23:59:59+00:00;12.21;;;;;;;;;
611629;treatment;before visit;2023-09-01 23:59:59+00:00;9.86;;;;;;;;;
611629;treatment;before visit;2023-09-02 23:59:59+00:00;21.79;;;;;;;;;
611629;treatment;before visit;2023-09-03 23:59:59+00:00;11.29;;;;;;;;;
611629;treatment;before visit;2023-09-04 23:59:59+00:00;16.33;;;;;;;;;
611629;treatment;before visit;2023-09-05 23:59:59+00:00;14.55;;;;;;;;;
611629;treatment;before visit;2023-09-06 23:59:59+00:00;17.49;;;;;;;;;
611629;treatment;before visit;2023-09-07 23:59:59+00:00;6.98;;;;;;;;;
611629;treatment;before visit;2023-09-08 23:59:59+00:00;10.81;;;;;;;;;
611629;treatment;before visit;2023-09-09 23:59:59+00:00;21.68;;;;;;;;;
611629;treatment;before visit;2023-09-10 23:59:59+00:00;10.01;;;;;;;;;
611629;treatment;before visit;2023-09-11 23:59:59+00:00;8.7;;;;;;;;;
611629;treatment;before visit;2023-09-12 23:59:59+00:00;5.85;;;;;;;;;
611629;treatment;before visit;2023-09-13 23:59:59+00:00;7.11;;;;;;;;;
611629;treatment;before visit;2023-09-14 23:59:59+00:00;6.68;;;;;;;;;
611629;treatment;before visit;2023-09-15 23:59:59+00:00;6.99;;;;;;;;;
611629;treatment;before visit;2023-09-16 23:59:59+00:00;23.86;;;;;;;;;
611629;treatment;before visit;2023-09-17 23:59:59+00:00;8.88;;;;;;;;;
611629;treatment;before visit;2023-09-18 23:59:59+00:00;18.71;;;;;;;;;
611629;treatment;before visit;2023-09-19 23:59:59+00:00;14.03;;;;;;;;;
611629;treatment;before visit;2023-09-20 23:59:59+00:00;18.02;;;;;;;;;
611629;treatment;before visit;2023-09-21 23:59:59+00:00;17.0;;;;;;;;;
611629;treatment;before visit;2023-09-22 23:59:59+00:00;20.64;;;;;;;;;
611629;treatment;before visit;2023-09-23 23:59:59+00:00;21.82;;;;;;;;;
611629;treatment;before visit;2023-09-24 23:59:59+00:00;13.19;;;;;;;;;
611629;treatment;before visit;2023-09-25 23:59:59+00:00;24.64;;;;;;;;;
611629;treatment;before visit;2023-09-26 23:59:59+00:00;25.46;;;;;;;;;
611629;treatment;before visit;2023-09-27 23:59:59+00:00;23.25;;;;;;;;;
611629;treatment;before visit;2023-09-28 23:59:59+00:00;19.74;;;;;;;;;
611629;treatment;before visit;2023-09-29 23:59:59+00:00;20.75;;;;;;;;;
611629;treatment;before visit;2023-09-30 23:59:59+00:00;22.87;;;;;;;;;
611629;treatment;before visit;2023-10-01 23:59:59+00:00;12.21;;;;;;;;;
611629;treatment;before visit;2023-10-02 23:59:59+00:00;21.59;;;;;;;;;
611629;treatment;before visit;2023-10-03 23:59:59+00:00;11.84;;;;;;;;;
611629;treatment;before visit;2023-10-04 23:59:59+00:00;18.82;;;;;;;;;
611629;treatment;before visit;2023-10-05 23:59:59+00:00;19.44;;;;;;;;;
611629;treatment;before visit;2023-10-06 23:59:59+00:00;25.66;;;;;;;;;
611629;treatment;before visit;2023-10-07 23:59:59+00:00;30.39;;;;;;;;;
611629;treatment;before visit;2023-10-08 23:59:59+00:00;21.99;;;;;;;;;
611629;treatment;before visit;2023-10-09 23:59:59+00:00;12.16;;;;;;;;;
611629;treatment;before visit;2023-10-10 23:59:59+00:00;17.8;;;;;;;;;
611629;treatment;before visit;2023-10-11 23:59:59+00:00;15.23;;;;;;;;;
611629;treatment;before visit;2023-10-12 23:59:59+00:00;26.15;;;;;;;;;
611629;treatment;before visit;2023-10-13 23:59:59+00:00;18.12;;;;;;;;;
611629;treatment;before visit;2023-10-14 23:59:59+00:00;23.31;;;;;;;;;
611629;treatment;before visit;2023-10-15 23:59:59+00:00;20.05;;;;;;;;;
611629;treatment;before visit;2023-10-16 23:59:59+00:00;23.19;;;;;;;;;
611629;treatment;before visit;2023-10-17 23:59:59+00:00;29.9;;;;;;;;;
611629;treatment;before visit;2023-10-18 23:59:59+00:00;31.27;;;;;;;;;
611629;treatment;before visit;2023-10-19 23:59:59+00:00;26.37;;;;;;;;;
611629;treatment;before visit;2023-10-20 23:59:59+00:00;18.46;;;;;;;;;
611629;treatment;before visit;2023-10-21 23:59:59+00:00;29.17;;;;;;;;;
611629;treatment;before visit;2023-10-22 23:59:59+00:00;19.0;;;;;;;;;
611629;treatment;before visit;2023-10-23 23:59:59+00:00;24.45;;;;;;;;;
611629;treatment;before visit;2023-10-24 23:59:59+00:00;20.33;;;;;;;;;
611629;treatment;before visit;2023-10-25 23:59:59+00:00;23.03;;;;;;;;;
611629;treatment;before visit;2023-10-26 23:59:59+00:00;18.67;;;;;;;;;
611629;treatment;before visit;2023-10-27 23:59:59+00:00;20.43;;;;;;;;;
611629;treatment;before visit;2023-10-28 23:59:59+00:00;26.81;;;;;;;;;
611629;treatment;before visit;2023-10-29 23:59:59+00:00;32.07;;;;;;;;;
611629;treatment;before visit;2023-10-30 23:59:59+00:00;21.22;;;;;;;;;
611629;treatment;before visit;2023-10-31 23:59:59+00:00;22.45;;;;;;;;;
611629;treatment;before visit;2023-11-01 23:59:59+00:00;31.82;;;;;;;;;
611629;treatment;before visit;2023-11-02 23:59:59+00:00;34.45;;;;;;;;;
611629;treatment;before visit;2023-11-03 23:59:59+00:00;25.41;;;;;;;;;
611629;treatment;before visit;2023-11-04 23:59:59+00:00;34.65;;;;;;;;;
611629;treatment;before visit;2023-11-05 23:59:59+00:00;22.76;;;;;;;;;
611629;treatment;before visit;2023-11-06 23:59:59+00:00;24.12;;;;;;;;;
611629;treatment;before visit;2023-11-07 23:59:59+00:00;29.36;;;;;;;;;
611629;treatment;before visit;2023-11-08 23:59:59+00:00;32.54;;;;;;;;;
611629;treatment;before visit;2023-11-09 23:59:59+00:00;34.19;;;;;;;;;
611629;treatment;before visit;2023-11-10 23:59:59+00:00;38.42;;;;;;;;;
611629;treatment;before visit;2023-11-11 23:59:59+00:00;34.18;;;;;;;;;
611629;treatment;before visit;2023-11-12 23:59:59+00:00;32.63;;;;;;;;;
611629;treatment;before visit;2023-11-13 23:59:59+00:00;28.43;;;;;;;;;
611629;treatment;before visit;2023-11-14 23:59:59+00:00;29.11;;;;;;;;;
611629;treatment;before visit;2023-11-15 23:59:59+00:00;30.81;;;;;;;;;
611629;treatment;before visit;2023-11-16 23:59:59+00:00;28.51;;;;;;;;;
611629;treatment;before visit;2023-11-17 23:59:59+00:00;34.76;;;;;;;;;
611629;treatment;before visit;2023-11-18 23:59:59+00:00;40.01;;;;;;;;;
611629;treatment;before visit;2023-11-19 23:59:59+00:00;22.24;;;;;;;;;
611629;treatment;before visit;2023-11-20 23:59:59+00:00;16.0;;;;;;;;;
611629;treatment;before visit;2023-11-21 23:59:59+00:00;20.39;;;;;;;;;
611629;treatment;before visit;2023-11-22 23:59:59+00:00;41.18;;;;;;;;;
611629;treatment;before visit;2023-11-23 23:59:59+00:00;40.81;;;;;;;;;
611629;treatment;before visit;2023-11-24 23:59:59+00:00;30.56;;;;;;;;;
611629;treatment;before visit;2023-11-25 23:59:59+00:00;51.02;;;;;;;;;
611629;treatment;before visit;2023-11-26 23:59:59+00:00;43.08;;;;;;;;;
611629;treatment;before visit;2023-11-27 23:59:59+00:00;46.36;;;;;;;;;
611629;treatment;before visit;2023-11-28 23:59:59+00:00;48.94;;;;;;;;;
611629;treatment;during visit;2023-11-29 23:59:59+00:00;49.86;;;;;;;;;
611629;treatment;after visit;2023-11-30 23:59:59+00:00;44.82;;;;;;;;;
611629;treatment;after visit;2023-12-01 23:59:59+00:00;50.82;;;;;;;;;
611629;treatment;after visit;2023-12-02 23:59:59+00:00;52.59;;;;;;;;;
611629;treatment;after visit;2023-12-03 23:59:59+00:00;58.73;;;;;;;;;
611629;treatment;after visit;2023-12-04 23:59:59+00:00;57.19;;;;;;;;;
611629;treatment;after visit;2023-12-05 23:59:59+00:00;50.47;;;;;;;;;
611629;treatment;after visit;2023-12-06 23:59:59+00:00;42.65;;;;;;;;;
611629;treatment;after visit;2023-12-07 23:59:59+00:00;47.37;;;;;;;;;
611629;treatment;after visit;2023-12-08 23:59:59+00:00;44.39;;;;;;;;;
611629;treatment;after visit;2023-12-09 23:59:59+00:00;37.91;;;;;;;;;
611629;treatment;after visit;2023-12-10 23:59:59+00:00;37.41;;;;;;;;;
611629;treatment;after visit;2023-12-11 23:59:59+00:00;24.06;;;;;;;;;
611629;treatment;after visit;2023-12-12 23:59:59+00:00;31.12;;;;;;;;;
611629;treatment;after visit;2023-12-13 23:59:59+00:00;24.33;;;1.2;;;;;;
611629;treatment;after visit;2023-12-14 23:59:59+00:00;25.64;;;0.55;;;;;;
611629;treatment;after visit;2023-12-15 23:59:59+00:00;33.86;;;2.17;;;;;;
611629;treatment;after visit;2023-12-16 23:59:59+00:00;56.54;;;0.05;;;;;;
611629;treatment;after visit;2023-12-17 23:59:59+00:00;51.64;;;0.08;;;;;;
611629;treatment;after visit;2023-12-18 23:59:59+00:00;54.17;;;0.11;;;;;;
611629;treatment;after visit;2023-12-19 23:59:59+00:00;38.38;;;0.46;;;;;;
611629;treatment;after visit;2023-12-20 23:59:59+00:00;41.83;;;0.36;;;;;;
611629;treatment;after visit;2023-12-21 23:59:59+00:00;36.43;;;0.34;;;;;;
611629;treatment;after visit;2023-12-22 23:59:59+00:00;37.58;;;0.46;;;;;;
611629;treatment;after visit;2023-12-23 23:59:59+00:00;31.65;;;0.28;;;;;;
611629;treatment;after visit;2023-12-24 23:59:59+00:00;26.42;;;1.26;;;;;;
611629;treatment;after visit;2023-12-25 23:59:59+00:00;21.37;;;6.41;;;;;;
611629;treatment;after visit;2023-12-26 23:59:59+00:00;23.69;;;2.51;;;;;;
611629;treatment;after visit;2023-12-27 23:59:59+00:00;40.07;;;2.82;;;;;;
611629;treatment;after visit;2023-12-28 23:59:59+00:00;32.34;;;1.5;;;;;;
611629;treatment;after visit;2023-12-29 23:59:59+00:00;25.38;;;1.81;;;;;;
611629;treatment;after visit;2023-12-30 23:59:59+00:00;30.8;;;2.51;;;;;;
611629;treatment;after visit;2023-12-31 23:59:59+00:00;38.7;;;2.33;;;;;;
611629;treatment;after visit;2024-01-01 23:59:59+00:00;27.02;;;2.96;;;;;;
611629;treatment;after visit;2024-01-02 23:59:59+00:00;27.55;;;0.6;;;;;;
611629;treatment;after visit;2024-01-03 23:59:59+00:00;31.43;;;1.17;;;;;;
611629;treatment;after visit;2024-01-04 23:59:59+00:00;31.6;;;2.2;;;;;;
611629;treatment;after visit;2024-01-05 23:59:59+00:00;34.28;;;0.39;;;;;;
611629;treatment;after visit;2024-01-06 23:59:59+00:00;38.22;;;0.17;;;;;;
611629;treatment;after visit;2024-01-07 23:59:59+00:00;43.6;;;0.02;;;;;;
611629;treatment;after visit;2024-01-08 23:59:59+00:00;48.16;;;;;;;;;
611629;treatment;after visit;2024-01-09 23:59:59+00:00;60.22;;;;;;;;;
611629;treatment;after visit;2024-01-10 23:59:59+00:00;56.67;;;;;;;;;
611629;treatment;after visit;2024-01-11 23:59:59+00:00;63.93;;;;;;;;;
611629;treatment;after visit;2024-01-12 23:59:59+00:00;63.85;;;;;;;;;
611629;treatment;after visit;2024-01-13 23:59:59+00:00;60.99;;;;;;;;;
611629;treatment;after visit;2024-01-14 23:59:59+00:00;55.38;;;;;;;;;
611629;treatment;after visit;2024-01-15 23:59:59+00:00;48.31;;;0.07;;;;;;
611629;treatment;after visit;2024-01-16 23:59:59+00:00;50.27;;;0.05;;;;;;
611629;treatment;after visit;2024-01-17 23:59:59+00:00;40.94;;;0.31;;;;;;
611629;treatment;after visit;2024-01-18 23:59:59+00:00;29.24;;;1.09;;;;;;
611629;treatment;after visit;2024-01-19 23:59:59+00:00;60.84;;;;;;;;;
611629;treatment;after visit;2024-01-20 23:59:59+00:00;71.65;;;;;;;;;
611629;treatment;after visit;2024-01-21 23:59:59+00:00;69.23;;;;;;;;;
611629;treatment;after visit;2024-01-22 23:59:59+00:00;41.89;;;0.68;;;;;;
611629;treatment;after visit;2024-01-23 23:59:59+00:00;30.4;;;2.58;;;;;;
611629;treatment;after visit;2024-01-24 23:59:59+00:00;32.35;;;0.67;;;;;;
611629;treatment;after visit;2024-01-25 23:59:59+00:00;18.98;;;1.18;;;;;;
611629;treatment;after visit;2024-01-26 23:59:59+00:00;29.17;;;2.14;;;;;;
611629;treatment;after visit;2024-01-27 23:59:59+00:00;26.91;;;2.44;;;;;;
611629;treatment;after visit;2024-01-28 23:59:59+00:00;42.86;;;0.97;;;;;;
611629;treatment;after visit;2024-01-29 23:59:59+00:00;35.23;;;3.2;;;;;;
611629;treatment;after visit;2024-01-30 23:59:59+00:00;40.83;;;4.09;;;;;;
611629;treatment;after visit;2024-01-31 23:59:59+00:00;31.03;;;3.07;;;;;;
611629;treatment;after visit;2024-02-01 23:59:59+00:00;32.96;;;0.42;;;;;;
611629;treatment;after visit;2024-02-02 23:59:59+00:00;30.85;;;4.47;;;;;;
611629;treatment;after visit;2024-02-03 23:59:59+00:00;23.41;;;4.73;;;;;;
611629;treatment;after visit;2024-02-04 23:59:59+00:00;35.2;;;6.85;;;;;;
611629;treatment;after visit;2024-02-05 23:59:59+00:00;22.22;;;4.99;;;;;;
611629;treatment;after visit;2024-02-06 23:59:59+00:00;30.95;;;6.28;;;;;;
611629;treatment;after visit;2024-02-07 23:59:59+00:00;20.78;;;4.33;;;;;;
611629;treatment;after visit;2024-02-08 23:59:59+00:00;19.1;;;4.53;;;;;;
611629;treatment;after visit;2024-02-09 23:59:59+00:00;28.47;;;1.0;;;;;;
611629;treatment;after visit;2024-02-10 23:59:59+00:00;28.62;;;3.08;;;;;;
611629;treatment;after visit;2024-02-11 23:59:59+00:00;23.62;;;3.43;;;;;;
611629;treatment;after visit;2024-02-12 23:59:59+00:00;28.67;;;4.47;;;;;;
611629;treatment;after visit;2024-02-13 23:59:59+00:00;22.2;;;6.27;;;;;;
611629;treatment;after visit;2024-02-14 23:59:59+00:00;24.47;;;8.65;;;;;;
611629;treatment;after visit;2024-02-15 23:59:59+00:00;27.58;;;9.04;;;;;;
611629;treatment;after visit;2024-02-16 23:59:59+00:00;14.26;;;9.05;;;;;;
611629;treatment;after visit;2024-02-17 23:59:59+00:00;17.83;;;1.79;;;;;;
611629;treatment;after visit;2024-02-18 23:59:59+00:00;29.68;;;6.92;;;;;;
611629;treatment;after visit;2024-02-19 23:59:59+00:00;17.96;;;7.84;;;;;;
611629;treatment;after visit;2024-02-20 23:59:59+00:00;23.49;;;7.64;;;;;;
611629;treatment;after visit;2024-02-21 23:59:59+00:00;27.22;;;7.62;;;;;;
611629;treatment;after visit;2024-02-22 23:59:59+00:00;18.17;;;2.03;;;;;;
611629;treatment;after visit;2024-02-23 23:59:59+00:00;22.44;;;5.78;;;;;;
611629;treatment;after visit;2024-02-24 23:59:59+00:00;29.42;;;8.58;;;;;;
611629;treatment;after visit;2024-02-25 23:59:59+00:00;34.01;;;11.4;;;;;;
611629;treatment;after visit;2024-02-26 23:59:59+00:00;22.56;;;4.8;;;;;;
611629;treatment;after visit;2024-02-27 23:59:59+00:00;21.96;;;4.56;;;;;;
611629;treatment;after visit;2024-02-28 23:59:59+00:00;31.76;;;2.94;;;;;;
611629;treatment;after visit;2024-02-29 23:59:59+00:00;24.85;;;8.28;;;;;;
611629;treatment;after visit;2024-03-01 23:59:59+00:00;26.7;;;2.39;;;;;;
611629;treatment;after visit;2024-03-02 23:59:59+00:00;23.88;;;9.0;;;;;;
611629;treatment;after visit;2024-03-03 23:59:59+00:00;23.49;;;9.54;;;;;;
611629;treatment;after visit;2024-03-04 23:59:59+00:00;25.56;;;5.31;;;;;;
611629;treatment;after visit;2024-03-05 23:59:59+00:00;26.44;;;3.54;;;;;;
611629;treatment;after visit;2024-03-06 23:59:59+00:00;36.65;;;1.15;;;;;;
611629;treatment;after visit;2024-03-07 23:59:59+00:00;33.0;;;1.95;;;;;;
611629;treatment;after visit;2024-03-08 23:59:59+00:00;33.27;;;4.52;;;;;;
611629;treatment;after visit;2024-03-09 23:59:59+00:00;33.43;;;14.99;;;;;;
611629;treatment;after visit;2024-03-10 23:59:59+00:00;30.48;;;4.55;;;;;;
611629;treatment;after visit;2024-03-11 23:59:59+00:00;18.22;;;11.22;;;;;;
611629;treatment;after visit;2024-03-12 23:59:59+00:00;27.86;;;2.66;;;;;;
611629;treatment;after visit;2024-03-13 23:59:59+00:00;27.44;;;8.04;;;;;;
611629;treatment;after visit;2024-03-14 23:59:59+00:00;17.42;;;18.24;;;;;;
611629;treatment;after visit;2024-03-15 23:59:59+00:00;22.23;;;13.06;;;;;;
611629;treatment;after visit;2024-03-16 23:59:59+00:00;22.72;;;11.37;;;;;;
611629;treatment;after visit;2024-03-17 23:59:59+00:00;21.53;;;10.04;;;;;;
611629;treatment;after visit;2024-03-18 23:59:59+00:00;18.06;;;3.46;;;;;;
611629;treatment;after visit;2024-03-19 23:59:59+00:00;25.56;;;16.62;;;;;;
611629;treatment;after visit;2024-03-20 23:59:59+00:00;18.2;;;19.41;;;;;;
