Household_ID;Group;AffectsTimePoint;Timestamp;kWh_received_Total;kWh_received_HeatPump;kWh_received_Other;kWh_returned_Total;kvarh_received_capacitive_Total;kvarh_received_capacitive_HeatPump;kvarh_received_capacitive_Other;kvarh_received_inductive_Total;kvarh_received_inductive_HeatPump;kvarh_received_inductive_Other
699801;treatment;before visit;2019-03-02 23:59:59+00:00;53.23;;;0.62;;;;;;
699801;treatment;before visit;2019-03-03 23:59:59+00:00;41.34;;;4.03;;;;;;
699801;treatment;before visit;2019-03-04 23:59:59+00:00;52.25;;;0.48;;;;;;
699801;treatment;before visit;2019-03-05 23:59:59+00:00;41.47;;;3.24;;;;;;
699801;treatment;before visit;2019-03-06 23:59:59+00:00;44.53;;;1.45;;;;;;
699801;treatment;before visit;2019-03-07 23:59:59+00:00;49.73;;;2.55;;;;;;
699801;treatment;before visit;2019-03-08 23:59:59+00:00;51.86;;;1.08;;;;;;
699801;treatment;before visit;2019-03-09 23:59:59+00:00;52.95;;;0.91;;;;;;
699801;treatment;before visit;2019-03-10 23:59:59+00:00;51.2;;;0.83;;;;;;
699801;treatment;before visit;2019-03-11 23:59:59+00:00;61.09;;;0.08;;;;;;
699801;treatment;before visit;2019-03-12 23:59:59+00:00;48.72;;;2.07;;;;;;
699801;treatment;before visit;2019-03-13 23:59:59+00:00;49.56;;;0.84;;;;;;
699801;treatment;before visit;2019-03-14 23:59:59+00:00;65.34;;;;;;;;;
699801;treatment;before visit;2019-03-15 23:59:59+00:00;57.22;;;;;;;;;
699801;treatment;before visit;2019-03-16 23:59:59+00:00;37.13;;;7.87;;;;;;
699801;treatment;before visit;2019-03-17 23:59:59+00:00;48.03;;;2.53;;;;;;
699801;treatment;before visit;2019-03-18 23:59:59+00:00;52.62;;;1.71;;;;;;
699801;treatment;before visit;2019-03-19 23:59:59+00:00;53.6;;;2.4;;;;;;
699801;treatment;before visit;2019-03-20 23:59:59+00:00;44.19;;;2.52;;;;;;
699801;treatment;before visit;2019-03-21 23:59:59+00:00;39.67;;;3.56;;;;;;
699801;treatment;before visit;2019-03-22 23:59:59+00:00;36.57;;;6.09;;;;;;
699801;treatment;before visit;2019-03-23 23:59:59+00:00;28.54;;;9.26;;;;;;
699801;treatment;before visit;2019-03-24 23:59:59+00:00;27.76;;;6.7;;;;;;
699801;treatment;before visit;2019-03-25 23:59:59+00:00;37.23;;;4.23;;;;;;
699801;treatment;before visit;2019-03-26 23:59:59+00:00;50.43;;;2.69;;;;;;
699801;treatment;before visit;2019-03-27 23:59:59+00:00;39.94;;;5.33;;;;;;
699801;treatment;before visit;2019-03-28 23:59:59+00:00;32.37;;;9.56;;;;;;
699801;treatment;before visit;2019-03-29 23:59:59+00:00;31.23;;;6.5;;;;;;
699801;treatment;before visit;2019-03-30 23:59:59+00:00;30.77;;;10.08;;;;;;
699801;treatment;before visit;2019-03-31 23:59:59+00:00;23.22;;;10.27;;;;;;
699801;treatment;before visit;2019-04-01 23:59:59+00:00;24.49;;;7.25;;;;;;
699801;treatment;before visit;2019-04-02 23:59:59+00:00;22.99;;;9.92;;;;;;
699801;treatment;before visit;2019-04-03 23:59:59+00:00;30.41;;;5.22;;;;;;
699801;treatment;before visit;2019-04-04 23:59:59+00:00;55.57;;;;;;;;;
699801;treatment;before visit;2019-04-05 23:59:59+00:00;48.72;;;0.46;;;;;;
699801;treatment;before visit;2019-04-06 23:59:59+00:00;36.98;;;5.51;;;;;;
699801;treatment;before visit;2019-04-07 23:59:59+00:00;32.31;;;4.95;;;;;;
699801;treatment;before visit;2019-04-08 23:59:59+00:00;37.72;;;1.89;;;;;;
699801;treatment;before visit;2019-04-09 23:59:59+00:00;36.91;;;3.05;;;;;;
699801;treatment;before visit;2019-04-10 23:59:59+00:00;40.07;;;1.36;;;;;;
699801;treatment;before visit;2019-04-11 23:59:59+00:00;45.89;;;0.08;;;;;;
699801;treatment;before visit;2019-04-12 23:59:59+00:00;37.45;;;5.82;;;;;;
699801;treatment;before visit;2019-04-13 23:59:59+00:00;42.45;;;1.58;;;;;;
699801;treatment;before visit;2019-04-14 23:59:59+00:00;64.29;;;0.03;;;;;;
699801;treatment;before visit;2019-04-15 23:59:59+00:00;43.34;;;3.44;;;;;;
699801;treatment;before visit;2019-04-16 23:59:59+00:00;27.35;;;10.5;;;;;;
699801;treatment;before visit;2019-04-17 23:59:59+00:00;21.3;;;6.61;;;;;;
699801;treatment;before visit;2019-04-18 23:59:59+00:00;17.66;;;13.39;;;;;;
699801;treatment;before visit;2019-04-19 23:59:59+00:00;15.69;;;14.5;;;;;;
699801;treatment;before visit;2019-04-20 23:59:59+00:00;12.15;;;16.46;;;;;;
699801;treatment;before visit;2019-04-21 23:59:59+00:00;10.86;;;10.14;;;;;;
699801;treatment;before visit;2019-04-22 23:59:59+00:00;15.33;;;12.04;;;;;;
699801;treatment;before visit;2019-04-23 23:59:59+00:00;19.06;;;9.7;;;;;;
699801;treatment;before visit;2019-04-24 23:59:59+00:00;20.52;;;14.17;;;;;;
699801;treatment;before visit;2019-04-25 23:59:59+00:00;17.62;;;12.86;;;;;;
699801;treatment;before visit;2019-04-26 23:59:59+00:00;41.71;;;;;;;;;
699801;treatment;before visit;2019-04-27 23:59:59+00:00;29.06;;;3.7;;;;;;
699801;treatment;before visit;2019-04-28 23:59:59+00:00;37.89;;;4.22;;;;;;
699801;treatment;before visit;2019-04-29 23:59:59+00:00;41.06;;;4.09;;;;;;
699801;treatment;before visit;2019-04-30 23:59:59+00:00;33.58;;;2.57;;;;;;
699801;treatment;before visit;2019-05-01 23:59:59+00:00;27.66;;;12.67;;;;;;
699801;treatment;before visit;2019-05-02 23:59:59+00:00;29.42;;;11.2;;;;;;
699801;treatment;before visit;2019-05-03 23:59:59+00:00;40.29;;;3.54;;;;;;
699801;treatment;before visit;2019-05-04 23:59:59+00:00;46.54;;;3.53;;;;;;
699801;treatment;before visit;2019-05-05 23:59:59+00:00;51.1;;;1.63;;;;;;
699801;treatment;before visit;2019-05-06 23:59:59+00:00;43.5;;;2.97;;;;;;
699801;treatment;before visit;2019-05-07 23:59:59+00:00;32.57;;;9.13;;;;;;
699801;treatment;before visit;2019-05-08 23:59:59+00:00;42.4;;;0.96;;;;;;
699801;treatment;before visit;2019-05-09 23:59:59+00:00;32.22;;;7.09;;;;;;
699801;treatment;before visit;2019-05-10 23:59:59+00:00;27.03;;;5.62;;;;;;
699801;treatment;before visit;2019-05-11 23:59:59+00:00;34.25;;;4.18;;;;;;
699801;treatment;before visit;2019-05-12 23:59:59+00:00;32.99;;;13.22;;;;;;
699801;treatment;before visit;2019-05-13 23:59:59+00:00;32.98;;;8.04;;;;;;
699801;treatment;before visit;2019-05-14 23:59:59+00:00;24.65;;;13.16;;;;;;
699801;treatment;before visit;2019-05-15 23:59:59+00:00;33.93;;;5.76;;;;;;
699801;treatment;before visit;2019-05-16 23:59:59+00:00;27.12;;;9.25;;;;;;
699801;treatment;before visit;2019-05-17 23:59:59+00:00;22.37;;;13.65;;;;;;
699801;treatment;before visit;2019-05-18 23:59:59+00:00;18.14;;;11.85;;;;;;
699801;treatment;before visit;2019-05-19 23:59:59+00:00;24.6;;;7.44;;;;;;
699801;treatment;before visit;2019-05-20 23:59:59+00:00;30.32;;;0.67;;;;;;
699801;treatment;before visit;2019-05-21 23:59:59+00:00;26.61;;;4.39;;;;;;
699801;treatment;before visit;2019-05-22 23:59:59+00:00;20.55;;;17.04;;;;;;
699801;treatment;before visit;2019-05-23 23:59:59+00:00;19.23;;;17.86;;;;;;
699801;treatment;before visit;2019-05-24 23:59:59+00:00;14.21;;;19.56;;;;;;
699801;treatment;before visit;2019-05-25 23:59:59+00:00;21.44;;;9.19;;;;;;
699801;treatment;before visit;2019-05-26 23:59:59+00:00;14.31;;;14.47;;;;;;
699801;treatment;before visit;2019-05-27 23:59:59+00:00;9.68;;;16.98;;;;;;
699801;treatment;before visit;2019-05-28 23:59:59+00:00;26.29;;;4.13;;;;;;
699801;treatment;before visit;2019-05-29 23:59:59+00:00;22.93;;;8.35;;;;;;
699801;treatment;before visit;2019-05-30 23:59:59+00:00;23.12;;;15.32;;;;;;
699801;treatment;before visit;2019-05-31 23:59:59+00:00;15.08;;;19.38;;;;;;
699801;treatment;before visit;2019-06-01 23:59:59+00:00;7.63;;;24.4;;;;;;
699801;treatment;before visit;2019-06-02 23:59:59+00:00;7.88;;;19.92;;;;;;
699801;treatment;before visit;2019-06-03 23:59:59+00:00;7.57;;;18.63;;;;;;
699801;treatment;before visit;2019-06-04 23:59:59+00:00;6.05;;;21.52;;;;;;
699801;treatment;before visit;2019-06-05 23:59:59+00:00;5.1;;;22.09;;;;;;
699801;treatment;before visit;2019-06-06 23:59:59+00:00;7.02;;;9.2;;;;;;
699801;treatment;before visit;2019-06-07 23:59:59+00:00;7.62;;;18.24;;;;;;
699801;treatment;before visit;2019-06-08 23:59:59+00:00;6.79;;;22.15;;;;;;
699801;treatment;before visit;2019-06-09 23:59:59+00:00;17.48;;;4.59;;;;;;
699801;treatment;before visit;2019-06-10 23:59:59+00:00;20.96;;;4.99;;;;;;
699801;treatment;before visit;2019-06-11 23:59:59+00:00;19.24;;;4.18;;;;;;
699801;treatment;before visit;2019-06-12 23:59:59+00:00;17.0;;;16.36;;;;;;
699801;treatment;before visit;2019-06-13 23:59:59+00:00;9.31;;;22.19;;;;;;
699801;treatment;before visit;2019-06-14 23:59:59+00:00;7.99;;;18.16;;;;;;
699801;treatment;before visit;2019-06-15 23:59:59+00:00;3.59;;;20.82;;;;;;
699801;treatment;before visit;2019-06-16 23:59:59+00:00;11.68;;;14.52;;;;;;
699801;treatment;before visit;2019-06-17 23:59:59+00:00;5.7;;;21.97;;;;;;
699801;treatment;before visit;2019-06-18 23:59:59+00:00;5.79;;;19.1;;;;;;
699801;treatment;before visit;2019-06-19 23:59:59+00:00;5.5;;;23.27;;;;;;
699801;treatment;before visit;2019-06-20 23:59:59+00:00;4.95;;;10.86;;;;;;
699801;treatment;before visit;2019-06-21 23:59:59+00:00;1.17;;;19.4;;;;;;
699801;treatment;before visit;2019-06-22 23:59:59+00:00;1.84;;;6.9;;;;;;
699801;treatment;before visit;2019-06-23 23:59:59+00:00;1.28;;;23.83;;;;;;
699801;treatment;before visit;2019-06-24 23:59:59+00:00;1.1;;;26.71;;;;;;
699801;treatment;before visit;2019-06-25 23:59:59+00:00;1.19;;;25.32;;;;;;
699801;treatment;before visit;2019-06-26 23:59:59+00:00;1.18;;;24.87;;;;;;
699801;treatment;before visit;2019-06-27 23:59:59+00:00;6.14;;;23.6;;;;;;
699801;treatment;before visit;2019-06-28 23:59:59+00:00;7.25;;;22.89;;;;;;
699801;treatment;before visit;2019-06-29 23:59:59+00:00;5.15;;;25.07;;;;;;
699801;treatment;before visit;2019-06-30 23:59:59+00:00;4.28;;;25.38;;;;;;
699801;treatment;before visit;2019-07-01 23:59:59+00:00;3.56;;;20.04;;;;;;
699801;treatment;before visit;2019-07-02 23:59:59+00:00;3.75;;;18.89;;;;;;
699801;treatment;before visit;2019-07-03 23:59:59+00:00;3.15;;;20.16;;;;;;
699801;treatment;before visit;2019-07-04 23:59:59+00:00;4.0;;;22.67;;;;;;
699801;treatment;before visit;2019-07-05 23:59:59+00:00;4.42;;;22.92;;;;;;
699801;treatment;before visit;2019-07-06 23:59:59+00:00;4.41;;;13.44;;;;;;
699801;treatment;before visit;2019-07-07 23:59:59+00:00;5.8;;;16.0;;;;;;
699801;treatment;before visit;2019-07-08 23:59:59+00:00;5.93;;;11.97;;;;;;
699801;treatment;before visit;2019-07-09 23:59:59+00:00;4.62;;;20.44;;;;;;
699801;treatment;before visit;2019-07-10 23:59:59+00:00;5.12;;;21.18;;;;;;
699801;treatment;before visit;2019-07-11 23:59:59+00:00;5.39;;;8.28;;;;;;
699801;treatment;before visit;2019-07-12 23:59:59+00:00;7.09;;;14.28;;;;;;
699801;treatment;before visit;2019-07-13 23:59:59+00:00;3.71;;;23.3;;;;;;
699801;treatment;before visit;2019-07-14 23:59:59+00:00;5.16;;;17.43;;;;;;
699801;treatment;before visit;2019-07-15 23:59:59+00:00;6.81;;;17.15;;;;;;
699801;treatment;before visit;2019-07-16 23:59:59+00:00;4.44;;;22.32;;;;;;
699801;treatment;before visit;2019-07-17 23:59:59+00:00;4.52;;;21.35;;;;;;
699801;treatment;before visit;2019-07-18 23:59:59+00:00;4.85;;;20.1;;;;;;
699801;treatment;before visit;2019-07-19 23:59:59+00:00;4.81;;;19.52;;;;;;
699801;treatment;before visit;2019-07-20 23:59:59+00:00;4.31;;;21.26;;;;;;
699801;treatment;before visit;2019-07-21 23:59:59+00:00;7.04;;;10.25;;;;;;
699801;treatment;before visit;2019-07-22 23:59:59+00:00;5.13;;;17.85;;;;;;
699801;treatment;before visit;2019-07-23 23:59:59+00:00;4.79;;;22.18;;;;;;
699801;treatment;before visit;2019-07-24 23:59:59+00:00;3.99;;;19.61;;;;;;
699801;treatment;before visit;2019-07-25 23:59:59+00:00;3.71;;;19.82;;;;;;
699801;treatment;before visit;2019-07-26 23:59:59+00:00;4.12;;;18.7;;;;;;
699801;treatment;before visit;2019-07-27 23:59:59+00:00;6.76;;;15.3;;;;;;
699801;treatment;before visit;2019-07-28 23:59:59+00:00;9.31;;;3.96;;;;;;
699801;treatment;before visit;2019-07-29 23:59:59+00:00;2.73;;;21.29;;;;;;
699801;treatment;before visit;2019-07-30 23:59:59+00:00;3.77;;;23.7;;;;;;
699801;treatment;before visit;2019-07-31 23:59:59+00:00;4.77;;;14.76;;;;;;
699801;treatment;before visit;2019-08-01 23:59:59+00:00;3.87;;;19.11;;;;;;
699801;treatment;before visit;2019-08-02 23:59:59+00:00;6.22;;;9.86;;;;;;
699801;treatment;before visit;2019-08-03 23:59:59+00:00;4.54;;;20.31;;;;;;
699801;treatment;before visit;2019-08-04 23:59:59+00:00;5.48;;;18.42;;;;;;
699801;treatment;before visit;2019-08-05 23:59:59+00:00;4.86;;;17.64;;;;;;
699801;treatment;before visit;2019-08-06 23:59:59+00:00;9.11;;;5.33;;;;;;
699801;treatment;before visit;2019-08-07 23:59:59+00:00;9.59;;;3.32;;;;;;
699801;treatment;before visit;2019-08-08 23:59:59+00:00;5.46;;;17.65;;;;;;
699801;treatment;before visit;2019-08-09 23:59:59+00:00;4.22;;;18.42;;;;;;
699801;treatment;before visit;2019-08-10 23:59:59+00:00;6.68;;;10.64;;;;;;
699801;treatment;before visit;2019-08-11 23:59:59+00:00;6.83;;;16.01;;;;;;
699801;treatment;before visit;2019-08-12 23:59:59+00:00;8.25;;;7.13;;;;;;
699801;treatment;before visit;2019-08-13 23:59:59+00:00;6.26;;;12.39;;;;;;
699801;treatment;before visit;2019-08-14 23:59:59+00:00;4.9;;;17.8;;;;;;
699801;treatment;before visit;2019-08-15 23:59:59+00:00;6.59;;;12.28;;;;;;
699801;treatment;before visit;2019-08-16 23:59:59+00:00;4.33;;;16.86;;;;;;
699801;treatment;before visit;2019-08-17 23:59:59+00:00;6.06;;;7.91;;;;;;
699801;treatment;before visit;2019-08-18 23:59:59+00:00;3.65;;;21.05;;;;;;
699801;treatment;before visit;2019-08-19 23:59:59+00:00;8.18;;;10.05;;;;;;
699801;treatment;before visit;2019-08-20 23:59:59+00:00;9.61;;;1.64;;;;;;
699801;treatment;before visit;2019-08-21 23:59:59+00:00;5.7;;;10.17;;;;;;
699801;treatment;before visit;2019-08-22 23:59:59+00:00;7.92;;;7.77;;;;;;
699801;treatment;before visit;2019-08-23 23:59:59+00:00;5.66;;;9.05;;;;;;
699801;treatment;before visit;2019-08-24 23:59:59+00:00;5.57;;;14.55;;;;;;
699801;treatment;before visit;2019-08-25 23:59:59+00:00;5.89;;;16.17;;;;;;
699801;treatment;before visit;2019-08-26 23:59:59+00:00;5.02;;;16.12;;;;;;
699801;treatment;before visit;2019-08-27 23:59:59+00:00;4.44;;;17.27;;;;;;
699801;treatment;before visit;2019-08-28 23:59:59+00:00;5.17;;;14.22;;;;;;
699801;treatment;before visit;2019-08-29 23:59:59+00:00;5.97;;;12.72;;;;;;
699801;treatment;before visit;2019-08-30 23:59:59+00:00;4.69;;;15.63;;;;;;
699801;treatment;before visit;2019-08-31 23:59:59+00:00;3.22;;;16.67;;;;;;
699801;treatment;before visit;2019-09-01 23:59:59+00:00;6.25;;;8.1;;;;;;
699801;treatment;before visit;2019-09-02 23:59:59+00:00;11.87;;;2.13;;;;;;
699801;treatment;before visit;2019-09-03 23:59:59+00:00;5.48;;;14.72;;;;;;
699801;treatment;before visit;2019-09-04 23:59:59+00:00;4.11;;;18.16;;;;;;
699801;treatment;before visit;2019-09-05 23:59:59+00:00;8.65;;;2.51;;;;;;
699801;treatment;before visit;2019-09-06 23:59:59+00:00;21.27;;;1.69;;;;;;
699801;treatment;before visit;2019-09-07 23:59:59+00:00;24.44;;;10.64;;;;;;
699801;treatment;before visit;2019-09-08 23:59:59+00:00;33.81;;;1.16;;;;;;
699801;treatment;before visit;2019-09-09 23:59:59+00:00;25.92;;;9.6;;;;;;
699801;treatment;before visit;2019-09-10 23:59:59+00:00;21.52;;;12.79;;;;;;
699801;treatment;before visit;2019-09-11 23:59:59+00:00;18.19;;;11.67;;;;;;
699801;treatment;before visit;2019-09-12 23:59:59+00:00;16.98;;;14.36;;;;;;
699801;treatment;before visit;2019-09-13 23:59:59+00:00;15.06;;;14.11;;;;;;
699801;treatment;before visit;2019-09-14 23:59:59+00:00;11.34;;;13.01;;;;;;
699801;treatment;before visit;2019-09-15 23:59:59+00:00;12.43;;;11.67;;;;;;
699801;treatment;before visit;2019-09-16 23:59:59+00:00;7.66;;;14.79;;;;;;
699801;treatment;before visit;2019-09-17 23:59:59+00:00;13.04;;;13.57;;;;;;
699801;treatment;before visit;2019-09-18 23:59:59+00:00;18.54;;;10.68;;;;;;
699801;treatment;before visit;2019-09-19 23:59:59+00:00;19.7;;;13.29;;;;;;
699801;treatment;before visit;2019-09-20 23:59:59+00:00;21.23;;;11.03;;;;;;
699801;treatment;before visit;2019-09-21 23:59:59+00:00;18.46;;;11.82;;;;;;
699801;treatment;before visit;2019-09-22 23:59:59+00:00;14.64;;;8.73;;;;;;
699801;treatment;before visit;2019-09-23 23:59:59+00:00;20.7;;;6.15;;;;;;
699801;treatment;before visit;2019-09-24 23:59:59+00:00;25.06;;;2.64;;;;;;
699801;treatment;before visit;2019-09-25 23:59:59+00:00;18.23;;;5.65;;;;;;
699801;treatment;before visit;2019-09-26 23:59:59+00:00;20.23;;;1.92;;;;;;
699801;treatment;before visit;2019-09-27 23:59:59+00:00;15.81;;;12.09;;;;;;
699801;treatment;before visit;2019-09-28 23:59:59+00:00;18.7;;;7.65;;;;;;
699801;treatment;before visit;2019-09-29 23:59:59+00:00;17.46;;;10.22;;;;;;
699801;treatment;before visit;2019-09-30 23:59:59+00:00;18.46;;;9.7;;;;;;
699801;treatment;before visit;2019-10-01 23:59:59+00:00;16.12;;;10.42;;;;;;
699801;treatment;before visit;2019-10-02 23:59:59+00:00;22.2;;;5.19;;;;;;
699801;treatment;before visit;2019-10-03 23:59:59+00:00;36.78;;;5.21;;;;;;
699801;treatment;before visit;2019-10-04 23:59:59+00:00;36.63;;;0.84;;;;;;
699801;treatment;before visit;2019-10-05 23:59:59+00:00;27.91;;;2.67;;;;;;
699801;treatment;before visit;2019-10-06 23:59:59+00:00;36.15;;;0.8;;;;;;
699801;treatment;before visit;2019-10-07 23:59:59+00:00;32.03;;;3.82;;;;;;
699801;treatment;before visit;2019-10-08 23:59:59+00:00;28.73;;;4.06;;;;;;
699801;treatment;before visit;2019-10-09 23:59:59+00:00;35.64;;;0.2;;;;;;
699801;treatment;before visit;2019-10-10 23:59:59+00:00;38.09;;;2.81;;;;;;
699801;treatment;before visit;2019-10-11 23:59:59+00:00;32.89;;;5.99;;;;;;
699801;treatment;before visit;2019-10-12 23:59:59+00:00;23.7;;;7.59;;;;;;
699801;treatment;before visit;2019-10-13 23:59:59+00:00;21.68;;;5.61;;;;;;
699801;treatment;before visit;2019-10-14 23:59:59+00:00;19.32;;;10.09;;;;;;
699801;treatment;before visit;2019-10-15 23:59:59+00:00;25.4;;;3.29;;;;;;
699801;treatment;before visit;2019-10-16 23:59:59+00:00;27.53;;;6.96;;;;;;
699801;treatment;before visit;2019-10-17 23:59:59+00:00;29.0;;;6.02;;;;;;
699801;treatment;before visit;2019-10-18 23:59:59+00:00;27.83;;;2.07;;;;;;
699801;treatment;before visit;2019-10-19 23:59:59+00:00;27.95;;;1.36;;;;;;
699801;treatment;before visit;2019-10-20 23:59:59+00:00;33.1;;;1.68;;;;;;
699801;treatment;before visit;2019-10-21 23:59:59+00:00;18.07;;;2.95;;;;;;
699801;treatment;before visit;2019-10-22 23:59:59+00:00;34.08;;;0.93;;;;;;
699801;treatment;before visit;2019-10-23 23:59:59+00:00;27.26;;;2.65;;;;;;
699801;treatment;before visit;2019-10-24 23:59:59+00:00;28.27;;;1.53;;;;;;
699801;treatment;before visit;2019-10-25 23:59:59+00:00;26.75;;;5.63;;;;;;
699801;treatment;before visit;2019-10-26 23:59:59+00:00;30.75;;;3.76;;;;;;
699801;treatment;before visit;2019-10-27 23:59:59+00:00;22.96;;;5.16;;;;;;
699801;treatment;before visit;2019-10-28 23:59:59+00:00;36.62;;;;;;;;;
699801;treatment;before visit;2019-10-29 23:59:59+00:00;50.82;;;0.06;;;;;;
699801;treatment;before visit;2019-10-30 23:59:59+00:00;53.21;;;0.01;;;;;;
699801;treatment;before visit;2019-10-31 23:59:59+00:00;56.87;;;0.02;;;;;;
699801;treatment;before visit;2019-11-01 23:59:59+00:00;44.79;;;0.38;;;;;;
699801;treatment;before visit;2019-11-02 23:59:59+00:00;30.06;;;2.34;;;;;;
699801;treatment;before visit;2019-11-03 23:59:59+00:00;44.84;;;0.36;;;;;;
699801;treatment;before visit;2019-11-04 23:59:59+00:00;41.35;;;1.31;;;;;;
699801;treatment;before visit;2019-11-05 23:59:59+00:00;45.53;;;1.7;;;;;;
699801;treatment;before visit;2019-11-06 23:59:59+00:00;53.52;;;1.03;;;;;;
699801;treatment;before visit;2019-11-07 23:59:59+00:00;57.11;;;;;;;;;
699801;treatment;before visit;2019-11-08 23:59:59+00:00;63.22;;;;;;;;;
699801;treatment;before visit;2019-11-09 23:59:59+00:00;53.56;;;;;;;;;
699801;treatment;before visit;2019-11-10 23:59:59+00:00;61.54;;;;;;;;;
699801;treatment;before visit;2019-11-11 23:59:59+00:00;58.03;;;0.04;;;;;;
699801;treatment;before visit;2019-11-12 23:59:59+00:00;56.2;;;0.74;;;;;;
699801;treatment;before visit;2019-11-13 23:59:59+00:00;60.19;;;0.06;;;;;;
699801;treatment;before visit;2019-11-14 23:59:59+00:00;63.43;;;0.61;;;;;;
699801;treatment;before visit;2019-11-15 23:59:59+00:00;59.51;;;;;;;;;
699801;treatment;before visit;2019-11-16 23:59:59+00:00;58.46;;;;;;;;;
699801;treatment;before visit;2019-11-17 23:59:59+00:00;64.43;;;;;;;;;
699801;treatment;before visit;2019-11-18 23:59:59+00:00;60.78;;;;;;;;;
699801;treatment;before visit;2019-11-19 23:59:59+00:00;62.97;;;0.01;;;;;;
699801;treatment;before visit;2019-11-20 23:59:59+00:00;63.95;;;;;;;;;
699801;treatment;before visit;2019-11-21 23:59:59+00:00;63.25;;;;;;;;;
699801;treatment;before visit;2019-11-22 23:59:59+00:00;56.59;;;;;;;;;
699801;treatment;before visit;2019-11-23 23:59:59+00:00;58.82;;;;;;;;;
699801;treatment;before visit;2019-11-24 23:59:59+00:00;59.03;;;0.2;;;;;;
699801;treatment;before visit;2019-11-25 23:59:59+00:00;58.76;;;;;;;;;
699801;treatment;before visit;2019-11-26 23:59:59+00:00;56.15;;;0.48;;;;;;
699801;treatment;before visit;2019-11-27 23:59:59+00:00;51.95;;;1.76;;;;;;
699801;treatment;before visit;2019-11-28 23:59:59+00:00;56.97;;;0.05;;;;;;
699801;treatment;before visit;2019-11-29 23:59:59+00:00;60.8;;;;;;;;;
699801;treatment;before visit;2019-11-30 23:59:59+00:00;56.64;;;;;;;;;
699801;treatment;before visit;2019-12-01 23:59:59+00:00;70.3;;;;;;;;;
699801;treatment;before visit;2019-12-02 23:59:59+00:00;68.14;;;;;;;;;
699801;treatment;before visit;2019-12-03 23:59:59+00:00;68.33;;;0.03;;;;;;
699801;treatment;before visit;2019-12-04 23:59:59+00:00;72.04;;;;;;;;;
699801;treatment;before visit;2019-12-05 23:59:59+00:00;74.34;;;0.01;;;;;;
699801;treatment;before visit;2019-12-06 23:59:59+00:00;64.81;;;;;;;;;
699801;treatment;before visit;2019-12-07 23:59:59+00:00;55.91;;;0.25;;;;;;
699801;treatment;before visit;2019-12-08 23:59:59+00:00;56.81;;;0.75;;;;;;
699801;treatment;before visit;2019-12-09 23:59:59+00:00;58.99;;;;;;;;;
699801;treatment;before visit;2019-12-10 23:59:59+00:00;62.21;;;;;;;;;
699801;treatment;before visit;2019-12-11 23:59:59+00:00;77.72;;;;;;;;;
699801;treatment;before visit;2019-12-12 23:59:59+00:00;70.85;;;0.03;;;;;;
699801;treatment;before visit;2019-12-13 23:59:59+00:00;72.74;;;;;;;;;
699801;treatment;before visit;2019-12-14 23:59:59+00:00;57.09;;;;;;;;;
699801;treatment;before visit;2019-12-15 23:59:59+00:00;56.53;;;0.19;;;;;;
699801;treatment;before visit;2019-12-16 23:59:59+00:00;57.85;;;;;;;;;
699801;treatment;before visit;2019-12-17 23:59:59+00:00;58.08;;;;;;;;;
699801;treatment;before visit;2019-12-18 23:59:59+00:00;53.89;;;0.63;;;;;;
699801;treatment;before visit;2019-12-19 23:59:59+00:00;55.53;;;0.2;;;;;;
699801;treatment;before visit;2019-12-20 23:59:59+00:00;57.94;;;0.01;;;;;;
699801;treatment;before visit;2019-12-21 23:59:59+00:00;55.29;;;;;;;;;
699801;treatment;before visit;2019-12-22 23:59:59+00:00;59.25;;;;;;;;;
699801;treatment;before visit;2019-12-23 23:59:59+00:00;57.88;;;;;;;;;
699801;treatment;before visit;2019-12-24 23:59:59+00:00;62.72;;;;;;;;;
699801;treatment;before visit;2019-12-25 23:59:59+00:00;55.3;;;;;;;;;
699801;treatment;before visit;2019-12-26 23:59:59+00:00;66.18;;;;;;;;;
699801;treatment;before visit;2019-12-27 23:59:59+00:00;55.85;;;;;;;;;
699801;treatment;before visit;2019-12-28 23:59:59+00:00;65.1;;;;;;;;;
699801;treatment;before visit;2019-12-29 23:59:59+00:00;74.69;;;;;;;;;
699801;treatment;before visit;2019-12-30 23:59:59+00:00;77.87;;;0.05;;;;;;
699801;treatment;before visit;2019-12-31 23:59:59+00:00;75.99;;;;;;;;;
699801;treatment;before visit;2020-01-01 23:59:59+00:00;52.92;;;;;;;;;
699801;treatment;before visit;2020-01-02 23:59:59+00:00;49.43;;;1.32;;;;;;
699801;treatment;before visit;2020-01-03 23:59:59+00:00;54.07;;;1.25;;;;;;
699801;treatment;before visit;2020-01-04 23:59:59+00:00;59.08;;;0.58;;;;;;
699801;treatment;before visit;2020-01-05 23:59:59+00:00;74.25;;;0.11;;;;;;
699801;treatment;before visit;2020-01-06 23:59:59+00:00;77.35;;;0.06;;;;;;
699801;treatment;before visit;2020-01-07 23:59:59+00:00;76.5;;;;;;;;;
699801;treatment;before visit;2020-01-08 23:59:59+00:00;70.69;;;0.17;;;;;;
699801;treatment;before visit;2020-01-09 23:59:59+00:00;61.86;;;0.68;;;;;;
699801;treatment;before visit;2020-01-10 23:59:59+00:00;60.4;;;0.14;;;;;;
699801;treatment;before visit;2020-01-11 23:59:59+00:00;60.81;;;0.34;;;;;;
699801;treatment;before visit;2020-01-12 23:59:59+00:00;72.54;;;0.36;;;;;;
699801;treatment;before visit;2020-01-13 23:59:59+00:00;76.47;;;0.04;;;;;;
699801;treatment;before visit;2020-01-14 23:59:59+00:00;69.36;;;0.38;;;;;;
699801;treatment;before visit;2020-01-15 23:59:59+00:00;62.87;;;0.44;;;;;;
699801;treatment;before visit;2020-01-16 23:59:59+00:00;60.37;;;0.33;;;;;;
699801;treatment;before visit;2020-01-17 23:59:59+00:00;67.15;;;0.03;;;;;;
699801;treatment;before visit;2020-01-18 23:59:59+00:00;63.29;;;0.14;;;;;;
699801;treatment;before visit;2020-01-19 23:59:59+00:00;79.21;;;;;;;;;
699801;treatment;before visit;2020-01-20 23:59:59+00:00;78.82;;;0.01;;;;;;
699801;treatment;before visit;2020-01-21 23:59:59+00:00;84.62;;;0.04;;;;;;
699801;treatment;before visit;2020-01-22 23:59:59+00:00;87.62;;;;;;;;;
699801;treatment;before visit;2020-01-23 23:59:59+00:00;66.41;;;0.01;;;;;;
699801;treatment;before visit;2020-01-24 23:59:59+00:00;58.49;;;1.15;;;;;;
699801;treatment;before visit;2020-01-25 23:59:59+00:00;60.18;;;1.63;;;;;;
699801;treatment;before visit;2020-01-26 23:59:59+00:00;60.73;;;2.63;;;;;;
699801;treatment;before visit;2020-01-27 23:59:59+00:00;64.89;;;0.2;;;;;;
699801;treatment;before visit;2020-01-28 23:59:59+00:00;66.25;;;0.02;;;;;;
699801;treatment;before visit;2020-01-29 23:59:59+00:00;76.34;;;;;;;;;
699801;treatment;before visit;2020-01-30 23:59:59+00:00;60.69;;;0.54;;;;;;
699801;treatment;before visit;2020-01-31 23:59:59+00:00;55.1;;;;;;;;;
699801;treatment;before visit;2020-02-01 23:59:59+00:00;47.31;;;0.81;;;;;;
699801;treatment;before visit;2020-02-02 23:59:59+00:00;54.85;;;0.04;;;;;;
699801;treatment;before visit;2020-02-03 23:59:59+00:00;49.24;;;0.03;;;;;;
699801;treatment;before visit;2020-02-04 23:59:59+00:00;62.08;;;0.01;;;;;;
699801;treatment;before visit;2020-02-05 23:59:59+00:00;69.2;;;0.13;;;;;;
699801;treatment;before visit;2020-02-06 23:59:59+00:00;66.78;;;0.31;;;;;;
699801;treatment;before visit;2020-02-07 23:59:59+00:00;64.23;;;0.49;;;;;;
699801;treatment;before visit;2020-02-08 23:59:59+00:00;66.12;;;0.43;;;;;;
699801;treatment;before visit;2020-02-09 23:59:59+00:00;57.24;;;0.85;;;;;;
699801;treatment;before visit;2020-02-10 23:59:59+00:00;57.81;;;0.07;;;;;;
699801;treatment;before visit;2020-02-11 23:59:59+00:00;66.24;;;0.01;;;;;;
699801;treatment;before visit;2020-02-12 23:59:59+00:00;67.94;;;0.06;;;;;;
699801;treatment;before visit;2020-02-13 23:59:59+00:00;69.66;;;0.01;;;;;;
699801;treatment;before visit;2020-02-14 23:59:59+00:00;60.34;;;0.81;;;;;;
699801;treatment;before visit;2020-02-15 23:59:59+00:00;56.37;;;1.63;;;;;;
699801;treatment;before visit;2020-02-16 23:59:59+00:00;53.55;;;0.01;;;;;;
699801;treatment;before visit;2020-02-17 23:59:59+00:00;58.84;;;0.91;;;;;;
699801;treatment;before visit;2020-02-18 23:59:59+00:00;58.57;;;1.22;;;;;;
699801;treatment;before visit;2020-02-19 23:59:59+00:00;63.79;;;0.05;;;;;;
699801;treatment;before visit;2020-02-20 23:59:59+00:00;54.97;;;1.67;;;;;;
699801;treatment;before visit;2020-02-21 23:59:59+00:00;58.64;;;0.79;;;;;;
699801;treatment;before visit;2020-02-22 23:59:59+00:00;51.31;;;1.4;;;;;;
699801;treatment;before visit;2020-02-23 23:59:59+00:00;47.06;;;0.39;;;;;;
699801;treatment;before visit;2020-02-24 23:59:59+00:00;37.96;;;4.64;;;;;;
699801;treatment;before visit;2020-02-25 23:59:59+00:00;54.37;;;0.39;;;;;;
699801;treatment;before visit;2020-02-26 23:59:59+00:00;71.36;;;0.01;;;;;;
699801;treatment;before visit;2020-02-27 23:59:59+00:00;86.3;;;;;;;;;
699801;treatment;before visit;2020-02-28 23:59:59+00:00;68.84;;;0.14;;;;;;
699801;treatment;before visit;2020-02-29 23:59:59+00:00;55.28;;;0.6;;;;;;
699801;treatment;before visit;2020-03-01 23:59:59+00:00;48.34;;;4.14;;;;;;
699801;treatment;before visit;2020-03-02 23:59:59+00:00;65.69;;;0.12;;;;;;
699801;treatment;before visit;2020-03-03 23:59:59+00:00;55.07;;;1.18;;;;;;
699801;treatment;before visit;2020-03-04 23:59:59+00:00;52.79;;;2.83;;;;;;
699801;treatment;before visit;2020-03-05 23:59:59+00:00;64.43;;;0.01;;;;;;
699801;treatment;before visit;2020-03-06 23:59:59+00:00;60.43;;;0.27;;;;;;
699801;treatment;before visit;2020-03-07 23:59:59+00:00;54.16;;;2.16;;;;;;
699801;treatment;before visit;2020-03-08 23:59:59+00:00;53.91;;;2.26;;;;;;
699801;treatment;before visit;2020-03-09 23:59:59+00:00;56.59;;;1.18;;;;;;
699801;treatment;before visit;2020-03-10 23:59:59+00:00;64.93;;;;;;;;;
699801;treatment;before visit;2020-03-11 23:59:59+00:00;45.76;;;2.5;;;;;;
699801;treatment;before visit;2020-03-12 23:59:59+00:00;39.93;;;5.39;;;;;;
699801;treatment;before visit;2020-03-13 23:59:59+00:00;51.49;;;2.85;;;;;;
699801;treatment;before visit;2020-03-14 23:59:59+00:00;50.68;;;1.69;;;;;;
699801;treatment;before visit;2020-03-15 23:59:59+00:00;46.67;;;4.19;;;;;;
699801;treatment;before visit;2020-03-16 23:59:59+00:00;41.9;;;5.85;;;;;;
699801;treatment;before visit;2020-03-17 23:59:59+00:00;39.71;;;6.02;;;;;;
699801;treatment;before visit;2020-03-18 23:59:59+00:00;34.73;;;8.19;;;;;;
699801;treatment;before visit;2020-03-19 23:59:59+00:00;35.09;;;7.8;;;;;;
699801;treatment;before visit;2020-03-20 23:59:59+00:00;36.25;;;6.48;;;;;;
699801;treatment;before visit;2020-03-21 23:59:59+00:00;56.8;;;0.24;;;;;;
699801;treatment;before visit;2020-03-22 23:59:59+00:00;61.21;;;0.63;;;;;;
699801;treatment;before visit;2020-03-23 23:59:59+00:00;47.17;;;2.38;;;;;;
699801;treatment;before visit;2020-03-24 23:59:59+00:00;48.92;;;2.35;;;;;;
699801;treatment;before visit;2020-03-25 23:59:59+00:00;46.56;;;2.3;;;;;;
699801;treatment;before visit;2020-03-26 23:59:59+00:00;54.25;;;0.2;;;;;;
699801;treatment;before visit;2020-03-27 23:59:59+00:00;45.15;;;4.1;;;;;;
699801;treatment;before visit;2020-03-28 23:59:59+00:00;41.24;;;7.42;;;;;;
699801;treatment;before visit;2020-03-29 23:59:59+00:00;60.64;;;0.27;;;;;;
699801;treatment;before visit;2020-03-30 23:59:59+00:00;70.42;;;0.09;;;;;;
699801;treatment;before visit;2020-03-31 23:59:59+00:00;48.49;;;3.33;;;;;;
699801;treatment;before visit;2020-04-01 23:59:59+00:00;48.25;;;3.56;;;;;;
699801;treatment;before visit;2020-04-02 23:59:59+00:00;41.97;;;6.4;;;;;;
699801;treatment;before visit;2020-04-03 23:59:59+00:00;39.25;;;7.63;;;;;;
699801;treatment;before visit;2020-04-04 23:59:59+00:00;33.45;;;9.41;;;;;;
699801;treatment;before visit;2020-04-05 23:59:59+00:00;32.17;;;10.12;;;;;;
699801;treatment;before visit;2020-04-06 23:59:59+00:00;29.44;;;11.33;;;;;;
699801;treatment;before visit;2020-04-07 23:59:59+00:00;24.0;;;12.99;;;;;;
699801;treatment;before visit;2020-04-08 23:59:59+00:00;21.52;;;15.15;;;;;;
699801;treatment;before visit;2020-04-09 23:59:59+00:00;19.32;;;15.18;;;;;;
699801;treatment;before visit;2020-04-10 23:59:59+00:00;12.73;;;16.68;;;;;;
699801;treatment;before visit;2020-04-11 23:59:59+00:00;12.26;;;16.06;;;;;;
699801;treatment;before visit;2020-04-12 23:59:59+00:00;14.89;;;13.95;;;;;;
699801;treatment;before visit;2020-04-13 23:59:59+00:00;14.77;;;12.08;;;;;;
699801;treatment;before visit;2020-04-14 23:59:59+00:00;31.39;;;11.53;;;;;;
699801;treatment;before visit;2020-04-15 23:59:59+00:00;28.0;;;14.84;;;;;;
699801;treatment;before visit;2020-04-16 23:59:59+00:00;22.3;;;14.97;;;;;;
699801;treatment;before visit;2020-04-17 23:59:59+00:00;13.9;;;17.14;;;;;;
699801;treatment;before visit;2020-04-18 23:59:59+00:00;11.53;;;18.17;;;;;;
699801;treatment;before visit;2020-04-19 23:59:59+00:00;15.06;;;12.91;;;;;;
699801;treatment;before visit;2020-04-20 23:59:59+00:00;17.98;;;12.19;;;;;;
699801;treatment;before visit;2020-04-21 23:59:59+00:00;23.83;;;5.9;;;;;;
699801;treatment;before visit;2020-04-22 23:59:59+00:00;17.8;;;15.86;;;;;;
699801;treatment;before visit;2020-04-23 23:59:59+00:00;15.62;;;17.99;;;;;;
699801;treatment;before visit;2020-04-24 23:59:59+00:00;15.8;;;17.15;;;;;;
699801;treatment;before visit;2020-04-25 23:59:59+00:00;15.01;;;10.01;;;;;;
699801;treatment;before visit;2020-04-26 23:59:59+00:00;16.53;;;15.64;;;;;;
699801;treatment;before visit;2020-04-27 23:59:59+00:00;14.52;;;17.99;;;;;;
699801;treatment;before visit;2020-04-28 23:59:59+00:00;24.2;;;2.79;;;;;;
699801;treatment;before visit;2020-04-29 23:59:59+00:00;28.02;;;8.39;;;;;;
699801;treatment;before visit;2020-04-30 23:59:59+00:00;35.02;;;1.78;;;;;;
699801;treatment;before visit;2020-05-01 23:59:59+00:00;33.05;;;4.25;;;;;;
699801;treatment;before visit;2020-05-02 23:59:59+00:00;32.81;;;4.13;;;;;;
699801;treatment;before visit;2020-05-03 23:59:59+00:00;29.64;;;13.31;;;;;;
699801;treatment;before visit;2020-05-04 23:59:59+00:00;20.09;;;16.65;;;;;;
699801;treatment;before visit;2020-05-05 23:59:59+00:00;33.02;;;0.93;;;;;;
699801;treatment;before visit;2020-05-06 23:59:59+00:00;29.57;;;10.31;;;;;;
699801;treatment;before visit;2020-05-07 23:59:59+00:00;22.9;;;16.34;;;;;;
699801;treatment;before visit;2020-05-08 23:59:59+00:00;14.79;;;18.44;;;;;;
699801;treatment;before visit;2020-05-09 23:59:59+00:00;12.13;;;19.28;;;;;;
699801;treatment;before visit;2020-05-10 23:59:59+00:00;13.49;;;16.73;;;;;;
699801;treatment;before visit;2020-05-11 23:59:59+00:00;27.16;;;3.16;;;;;;
699801;treatment;before visit;2020-05-12 23:59:59+00:00;30.5;;;7.92;;;;;;
699801;treatment;before visit;2020-05-13 23:59:59+00:00;36.84;;;1.56;;;;;;
699801;treatment;before visit;2020-05-14 23:59:59+00:00;39.45;;;0.59;;;;;;
699801;treatment;before visit;2020-05-15 23:59:59+00:00;35.94;;;3.23;;;;;;
699801;treatment;before visit;2020-05-16 23:59:59+00:00;24.45;;;12.5;;;;;;
699801;treatment;before visit;2020-05-17 23:59:59+00:00;18.94;;;18.46;;;;;;
699801;treatment;before visit;2020-05-18 23:59:59+00:00;13.91;;;21.54;;;;;;
699801;treatment;before visit;2020-05-19 23:59:59+00:00;12.37;;;19.47;;;;;;
699801;treatment;before visit;2020-05-20 23:59:59+00:00;12.11;;;18.91;;;;;;
699801;treatment;before visit;2020-05-21 23:59:59+00:00;11.67;;;20.99;;;;;;
699801;treatment;before visit;2020-05-22 23:59:59+00:00;10.96;;;15.59;;;;;;
699801;treatment;before visit;2020-05-23 23:59:59+00:00;17.31;;;4.66;;;;;;
699801;treatment;before visit;2020-05-24 23:59:59+00:00;19.18;;;17.17;;;;;;
699801;treatment;before visit;2020-05-25 23:59:59+00:00;15.08;;;18.12;;;;;;
699801;treatment;before visit;2020-05-26 23:59:59+00:00;15.8;;;19.82;;;;;;
699801;treatment;before visit;2020-05-27 23:59:59+00:00;13.95;;;21.7;;;;;;
699801;treatment;before visit;2020-05-28 23:59:59+00:00;17.32;;;17.93;;;;;;
699801;treatment;before visit;2020-05-29 23:59:59+00:00;14.88;;;21.45;;;;;;
699801;treatment;before visit;2020-05-30 23:59:59+00:00;15.04;;;19.5;;;;;;
699801;treatment;before visit;2020-05-31 23:59:59+00:00;15.62;;;19.41;;;;;;
699801;treatment;before visit;2020-06-01 23:59:59+00:00;13.71;;;20.55;;;;;;
699801;treatment;before visit;2020-06-02 23:59:59+00:00;11.45;;;22.85;;;;;;
699801;treatment;before visit;2020-06-03 23:59:59+00:00;12.01;;;17.59;;;;;;
699801;treatment;before visit;2020-06-04 23:59:59+00:00;21.17;;;1.6;;;;;;
699801;treatment;before visit;2020-06-05 23:59:59+00:00;22.36;;;5.39;;;;;;
699801;treatment;before visit;2020-06-06 23:59:59+00:00;16.99;;;16.37;;;;;;
699801;treatment;before visit;2020-06-07 23:59:59+00:00;25.59;;;4.16;;;;;;
699801;treatment;before visit;2020-06-08 23:59:59+00:00;20.83;;;14.79;;;;;;
699801;treatment;before visit;2020-06-09 23:59:59+00:00;25.96;;;3.98;;;;;;
699801;treatment;before visit;2020-06-10 23:59:59+00:00;22.17;;;4.09;;;;;;
699801;treatment;before visit;2020-06-11 23:59:59+00:00;17.85;;;14.96;;;;;;
699801;treatment;before visit;2020-06-12 23:59:59+00:00;12.33;;;21.88;;;;;;
699801;treatment;before visit;2020-06-13 23:59:59+00:00;17.89;;;16.72;;;;;;
699801;treatment;before visit;2020-06-14 23:59:59+00:00;23.52;;;2.07;;;;;;
699801;treatment;before visit;2020-06-15 23:59:59+00:00;14.92;;;9.63;;;;;;
699801;treatment;before visit;2020-06-16 23:59:59+00:00;13.56;;;16.88;;;;;;
699801;treatment;before visit;2020-06-17 23:59:59+00:00;21.21;;;4.07;;;;;;
699801;treatment;before visit;2020-06-18 23:59:59+00:00;17.04;;;14.78;;;;;;
699801;treatment;before visit;2020-06-19 23:59:59+00:00;21.15;;;5.6;;;;;;
699801;treatment;before visit;2020-06-20 23:59:59+00:00;14.44;;;16.52;;;;;;
699801;treatment;before visit;2020-06-21 23:59:59+00:00;12.68;;;17.58;;;;;;
699801;treatment;before visit;2020-06-22 23:59:59+00:00;10.44;;;16.86;;;;;;
699801;treatment;before visit;2020-06-23 23:59:59+00:00;9.13;;;21.59;;;;;;
699801;treatment;before visit;2020-06-24 23:59:59+00:00;8.17;;;24.68;;;;;;
699801;treatment;before visit;2020-06-25 23:59:59+00:00;9.2;;;23.53;;;;;;
699801;treatment;before visit;2020-06-26 23:59:59+00:00;9.31;;;12.12;;;;;;
699801;treatment;before visit;2020-06-27 23:59:59+00:00;10.09;;;18.36;;;;;;
699801;treatment;before visit;2020-06-28 23:59:59+00:00;14.16;;;11.76;;;;;;
699801;treatment;before visit;2020-06-29 23:59:59+00:00;12.51;;;13.19;;;;;;
699801;treatment;before visit;2020-06-30 23:59:59+00:00;8.36;;;23.58;;;;;;
699801;treatment;before visit;2020-07-01 23:59:59+00:00;8.84;;;21.6;;;;;;
699801;treatment;before visit;2020-07-02 23:59:59+00:00;8.63;;;14.12;;;;;;
699801;treatment;before visit;2020-07-03 23:59:59+00:00;11.4;;;9.46;;;;;;
699801;treatment;before visit;2020-07-04 23:59:59+00:00;8.85;;;20.19;;;;;;
699801;treatment;before visit;2020-07-05 23:59:59+00:00;7.63;;;23.84;;;;;;
699801;treatment;before visit;2020-07-06 23:59:59+00:00;10.13;;;16.67;;;;;;
699801;treatment;before visit;2020-07-07 23:59:59+00:00;6.25;;;22.8;;;;;;
699801;treatment;before visit;2020-07-08 23:59:59+00:00;7.14;;;24.03;;;;;;
699801;treatment;before visit;2020-07-09 23:59:59+00:00;7.63;;;22.45;;;;;;
699801;treatment;before visit;2020-07-10 23:59:59+00:00;8.05;;;21.54;;;;;;
699801;treatment;before visit;2020-07-11 23:59:59+00:00;8.93;;;11.9;;;;;;
699801;treatment;before visit;2020-07-12 23:59:59+00:00;6.9;;;22.29;;;;;;
699801;treatment;before visit;2020-07-13 23:59:59+00:00;8.2;;;21.74;;;;;;
699801;treatment;before visit;2020-07-14 23:59:59+00:00;8.05;;;20.37;;;;;;
699801;treatment;before visit;2020-07-15 23:59:59+00:00;9.47;;;6.29;;;;;;
699801;treatment;before visit;2020-07-16 23:59:59+00:00;11.86;;;4.01;;;;;;
699801;treatment;before visit;2020-07-17 23:59:59+00:00;9.98;;;6.9;;;;;;
699801;treatment;before visit;2020-07-18 23:59:59+00:00;11.4;;;20.17;;;;;;
699801;treatment;before visit;2020-07-19 23:59:59+00:00;10.57;;;20.88;;;;;;
699801;treatment;before visit;2020-07-20 23:59:59+00:00;7.82;;;21.23;;;;;;
699801;treatment;before visit;2020-07-21 23:59:59+00:00;8.36;;;15.74;;;;;;
699801;treatment;before visit;2020-07-22 23:59:59+00:00;7.0;;;17.13;;;;;;
699801;treatment;before visit;2020-07-23 23:59:59+00:00;7.51;;;21.31;;;;;;
699801;treatment;before visit;2020-07-24 23:59:59+00:00;9.19;;;9.08;;;;;;
699801;treatment;before visit;2020-07-25 23:59:59+00:00;5.74;;;22.19;;;;;;
699801;treatment;before visit;2020-07-26 23:59:59+00:00;9.81;;;16.47;;;;;;
699801;treatment;before visit;2020-07-27 23:59:59+00:00;8.09;;;22.31;;;;;;
699801;treatment;before visit;2020-07-28 23:59:59+00:00;6.62;;;17.1;;;;;;
699801;treatment;before visit;2020-07-29 23:59:59+00:00;7.82;;;19.97;;;;;;
699801;treatment;before visit;2020-07-30 23:59:59+00:00;6.99;;;23.08;;;;;;
699801;treatment;before visit;2020-07-31 23:59:59+00:00;6.48;;;20.84;;;;;;
699801;treatment;before visit;2020-08-01 23:59:59+00:00;8.61;;;14.1;;;;;;
699801;treatment;before visit;2020-08-02 23:59:59+00:00;10.47;;;6.91;;;;;;
699801;treatment;before visit;2020-08-03 23:59:59+00:00;11.73;;;4.09;;;;;;
699801;treatment;before visit;2020-08-04 23:59:59+00:00;9.64;;;6.16;;;;;;
699801;treatment;before visit;2020-08-05 23:59:59+00:00;7.63;;;20.57;;;;;;
699801;treatment;before visit;2020-08-06 23:59:59+00:00;7.85;;;18.98;;;;;;
699801;treatment;before visit;2020-08-07 23:59:59+00:00;6.47;;;21.96;;;;;;
699801;treatment;before visit;2020-08-08 23:59:59+00:00;7.22;;;19.04;;;;;;
699801;treatment;before visit;2020-08-09 23:59:59+00:00;7.87;;;19.07;;;;;;
699801;treatment;before visit;2020-08-10 23:59:59+00:00;8.27;;;17.24;;;;;;
699801;treatment;before visit;2020-08-11 23:59:59+00:00;7.22;;;18.29;;;;;;
699801;treatment;before visit;2020-08-12 23:59:59+00:00;7.2;;;16.44;;;;;;
699801;treatment;before visit;2020-08-13 23:59:59+00:00;9.14;;;8.69;;;;;;
699801;treatment;before visit;2020-08-14 23:59:59+00:00;9.94;;;10.89;;;;;;
699801;treatment;before visit;2020-08-15 23:59:59+00:00;8.18;;;17.25;;;;;;
699801;treatment;before visit;2020-08-16 23:59:59+00:00;8.4;;;16.22;;;;;;
699801;treatment;before visit;2020-08-17 23:59:59+00:00;8.97;;;11.69;;;;;;
699801;treatment;before visit;2020-08-18 23:59:59+00:00;8.47;;;14.71;;;;;;
699801;treatment;before visit;2020-08-19 23:59:59+00:00;8.47;;;15.11;;;;;;
699801;treatment;before visit;2020-08-20 23:59:59+00:00;7.51;;;19.0;;;;;;
699801;treatment;before visit;2020-08-21 23:59:59+00:00;6.87;;;18.91;;;;;;
699801;treatment;before visit;2020-08-22 23:59:59+00:00;12.46;;;5.48;;;;;;
699801;treatment;before visit;2020-08-23 23:59:59+00:00;9.31;;;11.96;;;;;;
699801;treatment;before visit;2020-08-24 23:59:59+00:00;9.43;;;14.57;;;;;;
699801;treatment;before visit;2020-08-25 23:59:59+00:00;8.8;;;13.14;;;;;;
699801;treatment;before visit;2020-08-26 23:59:59+00:00;7.4;;;15.3;;;;;;
699801;treatment;before visit;2020-08-27 23:59:59+00:00;9.39;;;14.89;;;;;;
699801;treatment;before visit;2020-08-28 23:59:59+00:00;10.41;;;6.75;;;;;;
699801;treatment;before visit;2020-08-29 23:59:59+00:00;13.49;;;0.95;;;;;;
699801;treatment;before visit;2020-08-30 23:59:59+00:00;22.09;;;0.22;;;;;;
699801;treatment;before visit;2020-08-31 23:59:59+00:00;16.71;;;10.26;;;;;;
699801;treatment;before visit;2020-09-01 23:59:59+00:00;17.81;;;6.85;;;;;;
699801;treatment;before visit;2020-09-02 23:59:59+00:00;14.83;;;13.55;;;;;;
699801;treatment;before visit;2020-09-03 23:59:59+00:00;11.34;;;16.66;;;;;;
699801;treatment;before visit;2020-09-04 23:59:59+00:00;10.31;;;16.07;;;;;;
699801;treatment;before visit;2020-09-05 23:59:59+00:00;9.59;;;12.07;;;;;;
699801;treatment;before visit;2020-09-06 23:59:59+00:00;16.85;;;1.39;;;;;;
699801;treatment;before visit;2020-09-07 23:59:59+00:00;14.22;;;11.89;;;;;;
699801;treatment;before visit;2020-09-08 23:59:59+00:00;12.87;;;14.99;;;;;;
699801;treatment;before visit;2020-09-09 23:59:59+00:00;9.55;;;16.51;;;;;;
699801;treatment;before visit;2020-09-10 23:59:59+00:00;10.83;;;14.55;;;;;;
699801;treatment;before visit;2020-09-11 23:59:59+00:00;9.63;;;12.81;;;;;;
699801;treatment;before visit;2020-09-12 23:59:59+00:00;10.84;;;13.45;;;;;;
699801;treatment;before visit;2020-09-13 23:59:59+00:00;11.38;;;12.74;;;;;;
699801;treatment;before visit;2020-09-14 23:59:59+00:00;8.53;;;13.87;;;;;;
699801;treatment;before visit;2020-09-15 23:59:59+00:00;9.25;;;14.44;;;;;;
699801;treatment;before visit;2020-09-16 23:59:59+00:00;10.72;;;8.35;;;;;;
699801;treatment;before visit;2020-09-17 23:59:59+00:00;9.43;;;13.5;;;;;;
699801;treatment;before visit;2020-09-18 23:59:59+00:00;10.07;;;8.16;;;;;;
699801;treatment;before visit;2020-09-19 23:59:59+00:00;15.94;;;5.02;;;;;;
699801;treatment;before visit;2020-09-20 23:59:59+00:00;16.8;;;9.57;;;;;;
699801;treatment;before visit;2020-09-21 23:59:59+00:00;9.57;;;10.18;;;;;;
699801;treatment;before visit;2020-09-22 23:59:59+00:00;12.06;;;8.35;;;;;;
699801;treatment;before visit;2020-09-23 23:59:59+00:00;13.12;;;5.46;;;;;;
699801;treatment;before visit;2020-09-24 23:59:59+00:00;16.11;;;6.33;;;;;;
699801;treatment;before visit;2020-09-25 23:59:59+00:00;31.0;;;0.84;;;;;;
699801;treatment;before visit;2020-09-26 23:59:59+00:00;37.23;;;2.47;;;;;;
699801;treatment;before visit;2020-09-27 23:59:59+00:00;50.4;;;1.09;;;;;;
699801;treatment;before visit;2020-09-28 23:59:59+00:00;35.55;;;6.96;;;;;;
699801;treatment;before visit;2020-09-29 23:59:59+00:00;31.4;;;1.25;;;;;;
699801;treatment;before visit;2020-09-30 23:59:59+00:00;33.24;;;4.57;;;;;;
699801;treatment;before visit;2020-10-01 23:59:59+00:00;27.28;;;5.02;;;;;;
699801;treatment;before visit;2020-10-02 23:59:59+00:00;25.89;;;1.82;;;;;;
699801;treatment;before visit;2020-10-03 23:59:59+00:00;36.6;;;3.89;;;;;;
699801;treatment;before visit;2020-10-04 23:59:59+00:00;32.39;;;5.6;;;;;;
699801;treatment;before visit;2020-10-05 23:59:59+00:00;32.17;;;2.89;;;;;;
699801;treatment;before visit;2020-10-06 23:59:59+00:00;31.16;;;3.37;;;;;;
699801;treatment;before visit;2020-10-07 23:59:59+00:00;35.02;;;1.61;;;;;;
699801;treatment;before visit;2020-10-08 23:59:59+00:00;25.77;;;5.72;;;;;;
699801;treatment;before visit;2020-10-09 23:59:59+00:00;24.49;;;6.76;;;;;;
699801;treatment;before visit;2020-10-10 23:59:59+00:00;39.58;;;0.9;;;;;;
699801;treatment;before visit;2020-10-11 23:59:59+00:00;44.98;;;2.13;;;;;;
699801;treatment;before visit;2020-10-12 23:59:59+00:00;53.06;;;0.8;;;;;;
699801;treatment;before visit;2020-10-13 23:59:59+00:00;48.15;;;1.63;;;;;;
699801;treatment;before visit;2020-10-14 23:59:59+00:00;51.9;;;1.21;;;;;;
699801;treatment;before visit;2020-10-15 23:59:59+00:00;53.09;;;0.23;;;;;;
699801;treatment;before visit;2020-10-16 23:59:59+00:00;51.94;;;0.3;;;;;;
699801;treatment;before visit;2020-10-17 23:59:59+00:00;48.24;;;1.62;;;;;;
699801;treatment;before visit;2020-10-18 23:59:59+00:00;50.0;;;1.18;;;;;;
699801;treatment;before visit;2020-10-19 23:59:59+00:00;54.68;;;1.12;;;;;;
699801;treatment;before visit;2020-10-20 23:59:59+00:00;50.56;;;1.44;;;;;;
699801;treatment;before visit;2020-10-21 23:59:59+00:00;45.11;;;0.39;;;;;;
699801;treatment;before visit;2020-10-22 23:59:59+00:00;34.27;;;3.48;;;;;;
699801;treatment;before visit;2020-10-23 23:59:59+00:00;40.01;;;0.05;;;;;;
699801;treatment;before visit;2020-10-24 23:59:59+00:00;33.63;;;2.81;;;;;;
699801;treatment;before visit;2020-10-25 23:59:59+00:00;42.96;;;3.18;;;;;;
699801;treatment;before visit;2020-10-26 23:59:59+00:00;56.63;;;0.01;;;;;;
699801;treatment;before visit;2020-10-27 23:59:59+00:00;48.8;;;1.98;;;;;;
699801;treatment;before visit;2020-10-28 23:59:59+00:00;45.94;;;0.69;;;;;;
699801;treatment;before visit;2020-10-29 23:59:59+00:00;39.88;;;0.66;;;;;;
699801;treatment;before visit;2020-10-30 23:59:59+00:00;36.48;;;2.44;;;;;;
699801;treatment;before visit;2020-10-31 23:59:59+00:00;52.87;;;0.44;;;;;;
699801;treatment;before visit;2020-11-01 23:59:59+00:00;46.25;;;0.54;;;;;;
699801;treatment;before visit;2020-11-02 23:59:59+00:00;27.7;;;3.28;;;;;;
699801;treatment;before visit;2020-11-03 23:59:59+00:00;35.28;;;0.22;;;;;;
699801;treatment;before visit;2020-11-04 23:59:59+00:00;53.69;;;0.2;;;;;;
699801;treatment;before visit;2020-11-05 23:59:59+00:00;52.06;;;0.25;;;;;;
699801;treatment;before visit;2020-11-06 23:59:59+00:00;55.21;;;0.41;;;;;;
699801;treatment;before visit;2020-11-07 23:59:59+00:00;55.67;;;0.69;;;;;;
699801;treatment;before visit;2020-11-08 23:59:59+00:00;60.41;;;0.4;;;;;;
699801;treatment;before visit;2020-11-09 23:59:59+00:00;55.25;;;1.03;;;;;;
699801;treatment;before visit;2020-11-10 23:59:59+00:00;57.81;;;0.7;;;;;;
699801;treatment;before visit;2020-11-11 23:59:59+00:00;59.42;;;0.17;;;;;;
699801;treatment;before visit;2020-11-12 23:59:59+00:00;46.01;;;2.35;;;;;;
699801;treatment;before visit;2020-11-13 23:59:59+00:00;47.32;;;2.07;;;;;;
699801;treatment;before visit;2020-11-14 23:59:59+00:00;45.98;;;1.01;;;;;;
699801;treatment;before visit;2020-11-15 23:59:59+00:00;45.26;;;1.74;;;;;;
699801;treatment;before visit;2020-11-16 23:59:59+00:00;48.28;;;0.56;;;;;;
699801;treatment;before visit;2020-11-17 23:59:59+00:00;45.65;;;1.59;;;;;;
699801;treatment;before visit;2020-11-18 23:59:59+00:00;54.39;;;0.7;;;;;;
699801;treatment;before visit;2020-11-19 23:59:59+00:00;54.4;;;0.29;;;;;;
699801;treatment;before visit;2020-11-20 23:59:59+00:00;60.72;;;0.18;;;;;;
699801;treatment;before visit;2020-11-21 23:59:59+00:00;67.14;;;0.03;;;;;;
699801;treatment;before visit;2020-11-22 23:59:59+00:00;75.71;;;0.06;;;;;;
699801;treatment;before visit;2020-11-23 23:59:59+00:00;80.0;;;;;;;;;
699801;treatment;before visit;2020-11-24 23:59:59+00:00;69.92;;;;;;;;;
699801;treatment;before visit;2020-11-25 23:59:59+00:00;83.55;;;;;;;;;
699801;treatment;before visit;2020-11-26 23:59:59+00:00;86.8;;;;;;;;;
699801;treatment;before visit;2020-11-27 23:59:59+00:00;86.44;;;;;;;;;
699801;treatment;before visit;2020-11-28 23:59:59+00:00;89.63;;;;;;;;;
699801;treatment;before visit;2020-11-29 23:59:59+00:00;92.29;;;;;;;;;
699801;treatment;before visit;2020-11-30 23:59:59+00:00;88.97;;;;;;;;;
699801;treatment;before visit;2020-12-01 23:59:59+00:00;89.34;;;;;;;;;
699801;treatment;before visit;2020-12-02 23:59:59+00:00;89.24;;;;;;;;;
699801;treatment;before visit;2020-12-03 23:59:59+00:00;88.91;;;;;;;;;
699801;treatment;before visit;2020-12-04 23:59:59+00:00;86.87;;;;;;;;;
699801;treatment;before visit;2020-12-05 23:59:59+00:00;84.36;;;;;;;;;
699801;treatment;before visit;2020-12-06 23:59:59+00:00;88.34;;;;;;;;;
699801;treatment;before visit;2020-12-07 23:59:59+00:00;77.34;;;;;;;;;
699801;treatment;before visit;2020-12-08 23:59:59+00:00;79.63;;;;;;;;;
699801;treatment;before visit;2020-12-09 23:59:59+00:00;78.15;;;;;;;;;
699801;treatment;before visit;2020-12-10 23:59:59+00:00;79.22;;;;;;;;;
699801;treatment;before visit;2020-12-11 23:59:59+00:00;78.18;;;;;;;;;
699801;treatment;before visit;2020-12-12 23:59:59+00:00;70.28;;;0.06;;;;;;
699801;treatment;before visit;2020-12-13 23:59:59+00:00;63.21;;;0.17;;;;;;
699801;treatment;before visit;2020-12-14 23:59:59+00:00;68.49;;;0.03;;;;;;
699801;treatment;before visit;2020-12-15 23:59:59+00:00;71.39;;;;;;;;;
699801;treatment;before visit;2020-12-16 23:59:59+00:00;71.67;;;;;;;;;
699801;treatment;before visit;2020-12-17 23:59:59+00:00;67.17;;;;;;;;;
699801;treatment;before visit;2020-12-18 23:59:59+00:00;72.85;;;;;;;;;
699801;treatment;before visit;2020-12-19 23:59:59+00:00;70.75;;;0.83;;;;;;
699801;treatment;before visit;2020-12-20 23:59:59+00:00;81.25;;;0.02;;;;;;
699801;treatment;before visit;2020-12-21 23:59:59+00:00;71.29;;;;;;;;;
699801;treatment;before visit;2020-12-22 23:59:59+00:00;55.0;;;0.22;;;;;;
699801;treatment;before visit;2020-12-23 23:59:59+00:00;53.21;;;0.16;;;;;;
699801;treatment;before visit;2020-12-24 23:59:59+00:00;62.82;;;0.15;;;;;;
699801;treatment;before visit;2020-12-25 23:59:59+00:00;66.96;;;0.07;;;;;;
699801;treatment;before visit;2020-12-26 23:59:59+00:00;74.54;;;;;;;;;
699801;treatment;before visit;2020-12-27 23:59:59+00:00;69.63;;;0.11;;;;;;
699801;treatment;before visit;2020-12-28 23:59:59+00:00;70.85;;;;;;;;;
699801;treatment;before visit;2020-12-29 23:59:59+00:00;66.02;;;0.63;;;;;;
699801;treatment;before visit;2020-12-30 23:59:59+00:00;77.42;;;;;;;;;
699801;treatment;before visit;2020-12-31 23:59:59+00:00;71.68;;;0.03;;;;;;
699801;treatment;before visit;2021-01-01 23:59:59+00:00;74.55;;;0.02;;;;;;
699801;treatment;before visit;2021-01-02 23:59:59+00:00;70.17;;;;;;;;;
699801;treatment;before visit;2021-01-03 23:59:59+00:00;73.75;;;;;;;;;
699801;treatment;before visit;2021-01-04 23:59:59+00:00;74.43;;;;;;;;;
699801;treatment;before visit;2021-01-05 23:59:59+00:00;73.57;;;0.01;;;;;;
699801;treatment;before visit;2021-01-06 23:59:59+00:00;77.7;;;;;;;;;
699801;treatment;before visit;2021-01-07 23:59:59+00:00;71.91;;;;;;;;;
699801;treatment;before visit;2021-01-08 23:59:59+00:00;69.9;;;;;;;;;
699801;treatment;before visit;2021-01-09 23:59:59+00:00;75.41;;;;;;;;;
699801;treatment;before visit;2021-01-10 23:59:59+00:00;82.76;;;;;;;;;
699801;treatment;before visit;2021-01-11 23:59:59+00:00;81.66;;;;;;;;;
699801;treatment;before visit;2021-01-12 23:59:59+00:00;73.69;;;;;;;;;
699801;treatment;before visit;2021-01-13 23:59:59+00:00;81.25;;;;;;;;;
699801;treatment;before visit;2021-01-14 23:59:59+00:00;75.73;;;;;;;;;
699801;treatment;before visit;2021-01-15 23:59:59+00:00;72.99;;;;;;;;;
699801;treatment;before visit;2021-01-16 23:59:59+00:00;74.32;;;;;;;;;
699801;treatment;before visit;2021-01-17 23:59:59+00:00;76.99;;;;;;;;;
699801;treatment;before visit;2021-01-18 23:59:59+00:00;74.26;;;;;;;;;
699801;treatment;before visit;2021-01-19 23:59:59+00:00;70.35;;;;;;;;;
699801;treatment;before visit;2021-01-20 23:59:59+00:00;64.79;;;;;;;;;
699801;treatment;before visit;2021-01-21 23:59:59+00:00;58.4;;;;;;;;;
699801;treatment;before visit;2021-01-22 23:59:59+00:00;58.8;;;0.02;;;;;;
699801;treatment;before visit;2021-01-23 23:59:59+00:00;72.86;;;;;;;;;
699801;treatment;before visit;2021-01-24 23:59:59+00:00;76.94;;;0.01;;;;;;
699801;treatment;before visit;2021-01-25 23:59:59+00:00;70.09;;;;;;;;;
699801;treatment;before visit;2021-01-26 23:59:59+00:00;77.29;;;;;;;;;
699801;treatment;before visit;2021-01-27 23:59:59+00:00;75.6;;;;;;;;;
699801;treatment;before visit;2021-01-28 23:59:59+00:00;69.18;;;;;;;;;
699801;treatment;before visit;2021-01-29 23:59:59+00:00;47.6;;;0.9;;;;;;
699801;treatment;before visit;2021-01-30 23:59:59+00:00;56.46;;;0.14;;;;;;
699801;treatment;before visit;2021-01-31 23:59:59+00:00;56.21;;;;;;;;;
699801;treatment;before visit;2021-02-01 23:59:59+00:00;60.5;;;;;;;;;
699801;treatment;before visit;2021-02-02 23:59:59+00:00;55.44;;;;;;;;;
699801;treatment;before visit;2021-02-03 23:59:59+00:00;56.48;;;0.04;;;;;;
699801;treatment;before visit;2021-02-04 23:59:59+00:00;54.77;;;;;;;;;
699801;treatment;before visit;2021-02-05 23:59:59+00:00;53.02;;;0.64;;;;;;
699801;treatment;before visit;2021-02-06 23:59:59+00:00;57.15;;;;;;;;;
699801;treatment;before visit;2021-02-07 23:59:59+00:00;64.37;;;;;;;;;
699801;treatment;before visit;2021-02-08 23:59:59+00:00;67.13;;;0.45;;;;;;
699801;treatment;before visit;2021-02-09 23:59:59+00:00;64.21;;;;;;;;;
699801;treatment;before visit;2021-02-10 23:59:59+00:00;71.23;;;;;;;;;
699801;treatment;before visit;2021-02-11 23:59:59+00:00;87.66;;;;;;;;;
699801;treatment;before visit;2021-02-12 23:59:59+00:00;88.64;;;;;;;;;
699801;treatment;before visit;2021-02-13 23:59:59+00:00;89.83;;;;;;;;;
699801;treatment;before visit;2021-02-14 23:59:59+00:00;84.8;;;;;;;;;
699801;treatment;before visit;2021-02-15 23:59:59+00:00;79.85;;;;;;;;;
699801;treatment;before visit;2021-02-16 23:59:59+00:00;56.97;;;1.7;;;;;;
699801;treatment;before visit;2021-02-17 23:59:59+00:00;50.73;;;0.62;;;;;;
699801;treatment;before visit;2021-02-18 23:59:59+00:00;57.06;;;1.12;;;;;;
699801;treatment;before visit;2021-02-19 23:59:59+00:00;49.81;;;0.65;;;;;;
699801;treatment;before visit;2021-02-20 23:59:59+00:00;47.24;;;1.86;;;;;;
699801;treatment;before visit;2021-02-21 23:59:59+00:00;48.19;;;2.3;;;;;;
699801;treatment;before visit;2021-02-22 23:59:59+00:00;44.54;;;2.15;;;;;;
699801;treatment;before visit;2021-02-23 23:59:59+00:00;43.97;;;1.6;;;;;;
699801;treatment;before visit;2021-02-24 23:59:59+00:00;41.34;;;2.83;;;;;;
699801;treatment;before visit;2021-02-25 23:59:59+00:00;39.03;;;3.03;;;;;;
699801;treatment;before visit;2021-02-26 23:59:59+00:00;40.01;;;2.88;;;;;;
699801;treatment;before visit;2021-02-27 23:59:59+00:00;50.65;;;0.48;;;;;;
699801;treatment;before visit;2021-02-28 23:59:59+00:00;56.69;;;0.91;;;;;;
699801;treatment;before visit;2021-03-01 23:59:59+00:00;50.18;;;1.83;;;;;;
699801;treatment;before visit;2021-03-02 23:59:59+00:00;45.77;;;2.71;;;;;;
699801;treatment;before visit;2021-03-03 23:59:59+00:00;52.96;;;0.3;;;;;;
699801;treatment;before visit;2021-03-04 23:59:59+00:00;46.58;;;0.96;;;;;;
699801;treatment;before visit;2021-03-05 23:59:59+00:00;59.43;;;;;;;;;
699801;treatment;before visit;2021-03-06 23:59:59+00:00;58.1;;;0.63;;;;;;
699801;treatment;before visit;2021-03-07 23:59:59+00:00;61.21;;;0.24;;;;;;
699801;treatment;before visit;2021-03-08 23:59:59+00:00;51.64;;;2.82;;;;;;
699801;treatment;before visit;2021-03-09 23:59:59+00:00;49.39;;;0.7;;;;;;
699801;treatment;before visit;2021-03-10 23:59:59+00:00;45.46;;;1.88;;;;;;
699801;treatment;before visit;2021-03-11 23:59:59+00:00;48.43;;;0.63;;;;;;
699801;treatment;before visit;2021-03-12 23:59:59+00:00;43.24;;;1.64;;;;;;
699801;treatment;before visit;2021-03-13 23:59:59+00:00;48.05;;;1.88;;;;;;
699801;treatment;before visit;2021-03-14 23:59:59+00:00;61.44;;;0.83;;;;;;
699801;treatment;before visit;2021-03-15 23:59:59+00:00;66.32;;;0.1;;;;;;
699801;treatment;before visit;2021-03-16 23:59:59+00:00;62.07;;;0.28;;;;;;
699801;treatment;before visit;2021-03-17 23:59:59+00:00;61.82;;;0.39;;;;;;
699801;treatment;before visit;2021-03-18 23:59:59+00:00;59.92;;;1.14;;;;;;
699801;treatment;before visit;2021-03-19 23:59:59+00:00;59.96;;;1.36;;;;;;
699801;treatment;before visit;2021-03-20 23:59:59+00:00;61.45;;;0.24;;;;;;
699801;treatment;before visit;2021-03-21 23:59:59+00:00;68.64;;;;;;;;;
699801;treatment;before visit;2021-03-22 23:59:59+00:00;57.76;;;0.28;;;;;;
699801;treatment;before visit;2021-03-23 23:59:59+00:00;46.41;;;1.82;;;;;;
699801;treatment;before visit;2021-03-24 23:59:59+00:00;42.29;;;3.77;;;;;;
699801;treatment;before visit;2021-03-25 23:59:59+00:00;37.17;;;5.16;;;;;;
699801;treatment;before visit;2021-03-26 23:59:59+00:00;35.79;;;5.26;;;;;;
699801;treatment;before visit;2021-03-27 23:59:59+00:00;38.7;;;4.08;;;;;;
699801;treatment;before visit;2021-03-28 23:59:59+00:00;33.16;;;7.14;;;;;;
699801;treatment;before visit;2021-03-29 23:59:59+00:00;34.84;;;6.45;;;;;;
699801;treatment;before visit;2021-03-30 23:59:59+00:00;26.65;;;9.94;;;;;;
699801;treatment;before visit;2021-03-31 23:59:59+00:00;21.47;;;11.5;;;;;;
699801;treatment;before visit;2021-04-01 23:59:59+00:00;19.37;;;11.91;;;;;;
699801;treatment;before visit;2021-04-02 23:59:59+00:00;24.21;;;9.46;;;;;;
699801;treatment;before visit;2021-04-03 23:59:59+00:00;35.82;;;4.7;;;;;;
699801;treatment;before visit;2021-04-04 23:59:59+00:00;33.88;;;7.56;;;;;;
699801;treatment;before visit;2021-04-05 23:59:59+00:00;36.62;;;4.39;;;;;;
699801;treatment;before visit;2021-04-06 23:59:59+00:00;50.66;;;3.11;;;;;;
699801;treatment;before visit;2021-04-07 23:59:59+00:00;56.2;;;1.98;;;;;;
699801;treatment;before visit;2021-04-08 23:59:59+00:00;41.81;;;4.35;;;;;;
699801;treatment;before visit;2021-04-09 23:59:59+00:00;38.24;;;6.32;;;;;;
699801;treatment;before visit;2021-04-10 23:59:59+00:00;33.02;;;5.67;;;;;;
699801;treatment;before visit;2021-04-11 23:59:59+00:00;28.86;;;7.66;;;;;;
699801;treatment;before visit;2021-04-12 23:59:59+00:00;50.69;;;1.55;;;;;;
699801;treatment;before visit;2021-04-13 23:59:59+00:00;50.46;;;3.03;;;;;;
699801;treatment;before visit;2021-04-14 23:59:59+00:00;44.02;;;6.59;;;;;;
699801;treatment;before visit;2021-04-15 23:59:59+00:00;43.89;;;4.22;;;;;;
699801;treatment;before visit;2021-04-16 23:59:59+00:00;39.43;;;7.25;;;;;;
699801;treatment;before visit;2021-04-17 23:59:59+00:00;42.67;;;3.63;;;;;;
699801;treatment;before visit;2021-04-18 23:59:59+00:00;47.84;;;1.37;;;;;;
699801;treatment;before visit;2021-04-19 23:59:59+00:00;40.47;;;6.85;;;;;;
699801;treatment;before visit;2021-04-20 23:59:59+00:00;31.34;;;10.85;;;;;;
699801;treatment;before visit;2021-04-21 23:59:59+00:00;27.16;;;13.52;;;;;;
699801;treatment;before visit;2021-04-22 23:59:59+00:00;26.64;;;9.5;;;;;;
699801;treatment;before visit;2021-04-23 23:59:59+00:00;23.41;;;14.44;;;;;;
699801;treatment;before visit;2021-04-24 23:59:59+00:00;21.44;;;16.26;;;;;;
699801;treatment;before visit;2021-04-25 23:59:59+00:00;19.9;;;16.59;;;;;;
699801;treatment;before visit;2021-04-26 23:59:59+00:00;23.13;;;12.36;;;;;;
699801;treatment;before visit;2021-04-27 23:59:59+00:00;21.33;;;15.32;;;;;;
699801;treatment;before visit;2021-04-28 23:59:59+00:00;24.19;;;11.3;;;;;;
699801;treatment;before visit;2021-04-29 23:59:59+00:00;25.72;;;5.15;;;;;;
699801;treatment;before visit;2021-04-30 23:59:59+00:00;32.94;;;7.83;;;;;;
699801;treatment;before visit;2021-05-01 23:59:59+00:00;44.36;;;0.83;;;;;;
699801;treatment;before visit;2021-05-02 23:59:59+00:00;43.75;;;3.41;;;;;;
699801;treatment;before visit;2021-05-03 23:59:59+00:00;32.96;;;10.89;;;;;;
699801;treatment;before visit;2021-05-04 23:59:59+00:00;28.03;;;12.65;;;;;;
699801;treatment;before visit;2021-05-05 23:59:59+00:00;34.04;;;7.74;;;;;;
699801;treatment;before visit;2021-05-06 23:59:59+00:00;42.64;;;1.26;;;;;;
699801;treatment;before visit;2021-05-07 23:59:59+00:00;36.12;;;5.98;;;;;;
699801;treatment;before visit;2021-05-08 23:59:59+00:00;25.37;;;14.8;;;;;;
699801;treatment;before visit;2021-05-09 23:59:59+00:00;16.75;;;20.29;;;;;;
699801;treatment;before visit;2021-05-10 23:59:59+00:00;16.49;;;10.62;;;;;;
699801;treatment;before visit;2021-05-11 23:59:59+00:00;27.78;;;2.9;;;;;;
699801;treatment;before visit;2021-05-12 23:59:59+00:00;29.29;;;5.73;;;;;;
699801;treatment;before visit;2021-05-13 23:59:59+00:00;32.48;;;4.7;;;;;;
699801;treatment;before visit;2021-05-14 23:59:59+00:00;27.44;;;19.91;;;;;;
699801;treatment;before visit;2021-05-15 23:59:59+00:00;34.57;;;7.62;;;;;;
699801;treatment;before visit;2021-05-16 23:59:59+00:00;30.51;;;6.68;;;;;;
699801;treatment;before visit;2021-05-17 23:59:59+00:00;29.83;;;6.65;;;;;;
699801;treatment;before visit;2021-05-18 23:59:59+00:00;28.83;;;8.1;;;;;;
699801;treatment;before visit;2021-05-19 23:59:59+00:00;29.29;;;10.67;;;;;;
699801;treatment;before visit;2021-05-20 23:59:59+00:00;28.56;;;10.08;;;;;;
699801;treatment;before visit;2021-05-21 23:59:59+00:00;33.8;;;2.07;;;;;;
699801;treatment;before visit;2021-05-22 23:59:59+00:00;20.54;;;17.95;;;;;;
699801;treatment;before visit;2021-05-23 23:59:59+00:00;26.59;;;16.49;;;;;;
699801;treatment;before visit;2021-05-24 23:59:59+00:00;32.88;;;3.38;;;;;;
699801;treatment;before visit;2021-05-25 23:59:59+00:00;26.96;;;15.34;;;;;;
699801;treatment;before visit;2021-05-26 23:59:59+00:00;23.46;;;11.16;;;;;;
699801;treatment;before visit;2021-05-27 23:59:59+00:00;30.28;;;7.6;;;;;;
699801;treatment;before visit;2021-05-28 23:59:59+00:00;18.03;;;24.29;;;;;;
699801;treatment;before visit;2021-05-29 23:59:59+00:00;16.9;;;15.93;;;;;;
699801;treatment;before visit;2021-05-30 23:59:59+00:00;13.51;;;26.38;;;;;;
699801;treatment;before visit;2021-05-31 23:59:59+00:00;11.99;;;23.55;;;;;;
699801;treatment;before visit;2021-06-01 23:59:59+00:00;10.87;;;25.47;;;;;;
699801;treatment;before visit;2021-06-02 23:59:59+00:00;9.31;;;20.06;;;;;;
699801;treatment;before visit;2021-06-03 23:59:59+00:00;8.63;;;20.46;;;;;;
699801;treatment;before visit;2021-06-04 23:59:59+00:00;9.52;;;12.02;;;;;;
699801;treatment;before visit;2021-06-05 23:59:59+00:00;14.36;;;4.86;;;;;;
699801;treatment;before visit;2021-06-06 23:59:59+00:00;16.79;;;5.65;;;;;;
699801;treatment;before visit;2021-06-07 23:59:59+00:00;19.06;;;8.64;;;;;;
699801;treatment;before visit;2021-06-08 23:59:59+00:00;14.55;;;10.92;;;;;;
699801;treatment;before visit;2021-06-09 23:59:59+00:00;10.39;;;16.39;;;;;;
699801;treatment;before visit;2021-06-10 23:59:59+00:00;8.54;;;19.6;;;;;;
699801;treatment;before visit;2021-06-11 23:59:59+00:00;6.9;;;21.84;;;;;;
699801;treatment;before visit;2021-06-12 23:59:59+00:00;6.8;;;18.39;;;;;;
699801;treatment;before visit;2021-06-13 23:59:59+00:00;4.91;;;24.6;;;;;;
699801;treatment;before visit;2021-06-14 23:59:59+00:00;8.25;;;22.11;;;;;;
699801;treatment;before visit;2021-06-15 23:59:59+00:00;6.5;;;24.53;;;;;;
699801;treatment;before visit;2021-06-16 23:59:59+00:00;6.34;;;23.96;;;;;;
699801;treatment;before visit;2021-06-17 23:59:59+00:00;6.01;;;21.79;;;;;;
699801;treatment;before visit;2021-06-18 23:59:59+00:00;5.68;;;21.36;;;;;;
699801;treatment;before visit;2021-06-19 23:59:59+00:00;6.26;;;18.69;;;;;;
699801;treatment;before visit;2021-06-20 23:59:59+00:00;8.71;;;13.07;;;;;;
699801;treatment;before visit;2021-06-21 23:59:59+00:00;8.29;;;20.34;;;;;;
699801;treatment;before visit;2021-06-22 23:59:59+00:00;10.55;;;13.88;;;;;;
699801;treatment;before visit;2021-06-23 23:59:59+00:00;8.68;;;16.29;;;;;;
699801;treatment;before visit;2021-06-24 23:59:59+00:00;15.16;;;12.32;;;;;;
699801;treatment;before visit;2021-06-25 23:59:59+00:00;11.81;;;11.65;;;;;;
699801;treatment;before visit;2021-06-26 23:59:59+00:00;10.27;;;18.97;;;;;;
699801;treatment;before visit;2021-06-27 23:59:59+00:00;8.1;;;20.54;;;;;;
699801;treatment;before visit;2021-06-28 23:59:59+00:00;8.62;;;19.84;;;;;;
699801;treatment;before visit;2021-06-29 23:59:59+00:00;12.15;;;8.84;;;;;;
699801;treatment;before visit;2021-06-30 23:59:59+00:00;11.29;;;17.29;;;;;;
699801;treatment;before visit;2021-07-01 23:59:59+00:00;15.63;;;11.41;;;;;;
699801;treatment;before visit;2021-07-02 23:59:59+00:00;10.81;;;20.53;;;;;;
699801;treatment;before visit;2021-07-03 23:59:59+00:00;13.04;;;13.73;;;;;;
699801;treatment;before visit;2022-01-05 23:59:59+00:00;74.57;;;;;;;;;
699801;treatment;before visit;2022-01-06 23:59:59+00:00;42.76;;;0.48;;;;;;
699801;treatment;before visit;2022-01-07 23:59:59+00:00;45.99;;;0.58;;;;;;
699801;treatment;before visit;2022-01-08 23:59:59+00:00;56.96;;;;;;;;;
699801;treatment;before visit;2022-01-09 23:59:59+00:00;75.83;;;0.09;;;;;;
699801;treatment;before visit;2022-01-10 23:59:59+00:00;59.39;;;;;;;;;
699801;treatment;before visit;2022-01-11 23:59:59+00:00;58.72;;;;;;;;;
699801;treatment;before visit;2022-01-12 23:59:59+00:00;49.58;;;;;;;;;
699801;treatment;before visit;2022-01-13 23:59:59+00:00;38.37;;;1.06;;;;;;
699801;treatment;before visit;2022-01-14 23:59:59+00:00;51.17;;;1.56;;;;;;
699801;treatment;before visit;2022-01-15 23:59:59+00:00;70.14;;;0.46;;;;;;
699801;treatment;before visit;2022-01-16 23:59:59+00:00;63.61;;;1.85;;;;;;
699801;treatment;before visit;2022-01-17 23:59:59+00:00;56.0;;;1.35;;;;;;
699801;treatment;before visit;2022-01-18 23:59:59+00:00;39.55;;;0.92;;;;;;
699801;treatment;before visit;2022-01-19 23:59:59+00:00;54.41;;;3.28;;;;;;
699801;treatment;before visit;2022-01-20 23:59:59+00:00;56.92;;;1.56;;;;;;
699801;treatment;before visit;2022-01-21 23:59:59+00:00;57.55;;;2.33;;;;;;
699801;treatment;before visit;2022-01-22 23:59:59+00:00;62.87;;;1.49;;;;;;
699801;treatment;before visit;2022-01-23 23:59:59+00:00;60.68;;;2.39;;;;;;
699801;treatment;before visit;2022-01-24 23:59:59+00:00;39.26;;;0.43;;;;;;
699801;treatment;before visit;2022-01-25 23:59:59+00:00;63.02;;;1.76;;;;;;
699801;treatment;before visit;2022-01-26 23:59:59+00:00;38.71;;;4.39;;;;;;
699801;treatment;before visit;2022-01-27 23:59:59+00:00;51.37;;;2.2;;;;;;
699801;treatment;before visit;2022-01-28 23:59:59+00:00;49.83;;;1.73;;;;;;
699801;treatment;before visit;2022-01-29 23:59:59+00:00;57.16;;;1.09;;;;;;
699801;treatment;before visit;2022-01-30 23:59:59+00:00;54.97;;;0.01;;;;;;
699801;treatment;before visit;2022-01-31 23:59:59+00:00;38.39;;;0.93;;;;;;
699801;treatment;before visit;2022-02-01 23:59:59+00:00;38.76;;;;;;;;;
699801;treatment;before visit;2022-02-02 23:59:59+00:00;61.3;;;0.01;;;;;;
699801;treatment;before visit;2022-02-03 23:59:59+00:00;65.01;;;;;;;;;
699801;treatment;before visit;2022-02-04 23:59:59+00:00;65.89;;;;;;;;;
699801;treatment;before visit;2022-02-05 23:59:59+00:00;59.11;;;0.21;;;;;;
699801;treatment;before visit;2022-02-06 23:59:59+00:00;65.26;;;;;;;;;
699801;treatment;before visit;2022-02-07 23:59:59+00:00;61.07;;;0.51;;;;;;
699801;treatment;before visit;2022-02-08 23:59:59+00:00;53.09;;;0.68;;;;;;
699801;treatment;before visit;2022-02-09 23:59:59+00:00;62.02;;;0.25;;;;;;
699801;treatment;before visit;2022-02-10 23:59:59+00:00;54.06;;;0.52;;;;;;
699801;treatment;before visit;2022-02-11 23:59:59+00:00;56.08;;;;;;;;;
699801;treatment;before visit;2022-02-12 23:59:59+00:00;66.93;;;;;;;;;
699801;treatment;before visit;2022-02-13 23:59:59+00:00;53.33;;;1.97;;;;;;
699801;treatment;before visit;2022-02-14 23:59:59+00:00;64.21;;;0.07;;;;;;
699801;treatment;before visit;2022-02-15 23:59:59+00:00;62.42;;;0.08;;;;;;
699801;treatment;before visit;2022-02-16 23:59:59+00:00;60.02;;;;;;;;;
699801;treatment;before visit;2022-02-17 23:59:59+00:00;47.31;;;0.21;;;;;;
699801;treatment;before visit;2022-02-18 23:59:59+00:00;46.37;;;0.09;;;;;;
699801;treatment;before visit;2022-02-19 23:59:59+00:00;58.23;;;0.17;;;;;;
699801;treatment;before visit;2022-02-20 23:59:59+00:00;59.41;;;0.13;;;;;;
699801;treatment;before visit;2022-02-21 23:59:59+00:00;65.2;;;0.05;;;;;;
699801;treatment;before visit;2022-02-22 23:59:59+00:00;56.71;;;0.34;;;;;;
699801;treatment;before visit;2022-02-23 23:59:59+00:00;45.31;;;1.86;;;;;;
699801;treatment;before visit;2022-02-24 23:59:59+00:00;52.29;;;0.06;;;;;;
699801;treatment;before visit;2022-02-25 23:59:59+00:00;52.7;;;0.68;;;;;;
699801;treatment;before visit;2022-02-26 23:59:59+00:00;49.45;;;1.12;;;;;;
699801;treatment;before visit;2022-02-27 23:59:59+00:00;35.96;;;1.8;;;;;;
699801;treatment;before visit;2022-02-28 23:59:59+00:00;43.62;;;0.3;;;;;;
699801;treatment;before visit;2022-03-01 23:59:59+00:00;39.96;;;0.17;;;;;;
699801;treatment;before visit;2022-03-02 23:59:59+00:00;46.38;;;0.04;;;;;;
699801;treatment;before visit;2022-03-03 23:59:59+00:00;42.63;;;0.45;;;;;;
699801;treatment;before visit;2022-03-04 23:59:59+00:00;41.54;;;0.59;;;;;;
699801;treatment;before visit;2022-03-05 23:59:59+00:00;43.55;;;0.18;;;;;;
699801;treatment;before visit;2022-03-06 23:59:59+00:00;43.65;;;0.23;;;;;;
699801;treatment;before visit;2022-03-07 23:59:59+00:00;47.65;;;2.78;;;;;;
699801;treatment;before visit;2022-03-08 23:59:59+00:00;52.72;;;2.5;;;;;;
699801;treatment;before visit;2022-03-09 23:59:59+00:00;46.86;;;0.38;;;;;;
699801;treatment;before visit;2022-03-10 23:59:59+00:00;45.68;;;0.9;;;;;;
699801;treatment;before visit;2022-03-11 23:59:59+00:00;44.25;;;0.84;;;;;;
699801;treatment;before visit;2022-03-12 23:59:59+00:00;42.61;;;1.79;;;;;;
699801;treatment;before visit;2022-03-13 23:59:59+00:00;31.94;;;3.74;;;;;;
699801;treatment;before visit;2022-03-14 23:59:59+00:00;36.54;;;2.7;;;;;;
699801;treatment;before visit;2022-03-15 23:59:59+00:00;56.81;;;;;;;;;
699801;treatment;before visit;2022-03-16 23:59:59+00:00;52.79;;;1.5;;;;;;
699801;treatment;before visit;2022-03-17 23:59:59+00:00;37.16;;;2.35;;;;;;
699801;treatment;before visit;2022-03-18 23:59:59+00:00;46.41;;;0.4;;;;;;
699801;treatment;before visit;2022-03-19 23:59:59+00:00;45.09;;;3.29;;;;;;
699801;treatment;before visit;2022-03-20 23:59:59+00:00;31.73;;;7.17;;;;;;
699801;treatment;before visit;2022-03-21 23:59:59+00:00;27.22;;;8.37;;;;;;
699801;treatment;before visit;2022-03-22 23:59:59+00:00;38.67;;;5.51;;;;;;
699801;treatment;before visit;2022-03-23 23:59:59+00:00;31.03;;;8.7;;;;;;
699801;treatment;before visit;2022-03-24 23:59:59+00:00;31.67;;;8.16;;;;;;
699801;treatment;before visit;2022-03-25 23:59:59+00:00;27.33;;;8.9;;;;;;
699801;treatment;before visit;2022-03-26 23:59:59+00:00;28.05;;;8.94;;;;;;
699801;treatment;before visit;2022-03-27 23:59:59+00:00;18.69;;;13.28;;;;;;
699801;treatment;before visit;2022-03-28 23:59:59+00:00;22.32;;;5.95;;;;;;
699801;treatment;before visit;2022-03-29 23:59:59+00:00;25.26;;;5.88;;;;;;
699801;treatment;before visit;2022-03-30 23:59:59+00:00;32.86;;;3.01;;;;;;
699801;treatment;before visit;2022-03-31 23:59:59+00:00;37.47;;;1.59;;;;;;
699801;treatment;before visit;2022-04-01 23:59:59+00:00;45.14;;;1.52;;;;;;
699801;treatment;before visit;2022-04-02 23:59:59+00:00;62.51;;;;;;;;;
699801;treatment;before visit;2022-04-03 23:59:59+00:00;56.94;;;;;;;;;
699801;treatment;before visit;2022-04-04 23:59:59+00:00;53.01;;;2.66;;;;;;
699801;treatment;before visit;2022-04-05 23:59:59+00:00;59.43;;;1.9;;;;;;
699801;treatment;before visit;2022-04-06 23:59:59+00:00;33.88;;;3.72;;;;;;
699801;treatment;before visit;2022-04-07 23:59:59+00:00;37.19;;;2.99;;;;;;
699801;treatment;before visit;2022-04-08 23:59:59+00:00;54.22;;;0.8;;;;;;
699801;treatment;before visit;2022-04-09 23:59:59+00:00;43.74;;;2.66;;;;;;
699801;treatment;before visit;2022-04-10 23:59:59+00:00;40.72;;;2.82;;;;;;
699801;treatment;before visit;2022-04-11 23:59:59+00:00;28.8;;;8.24;;;;;;
699801;treatment;before visit;2022-04-12 23:59:59+00:00;27.42;;;9.31;;;;;;
699801;treatment;before visit;2022-04-13 23:59:59+00:00;20.05;;;13.37;;;;;;
699801;treatment;before visit;2022-04-14 23:59:59+00:00;18.51;;;10.19;;;;;;
699801;treatment;before visit;2022-04-15 23:59:59+00:00;22.02;;;10.61;;;;;;
699801;treatment;before visit;2022-04-16 23:59:59+00:00;28.43;;;8.64;;;;;;
699801;treatment;before visit;2022-04-17 23:59:59+00:00;28.59;;;7.69;;;;;;
699801;treatment;before visit;2022-04-18 23:59:59+00:00;25.58;;;12.78;;;;;;
699801;treatment;before visit;2022-04-19 23:59:59+00:00;25.02;;;11.05;;;;;;
699801;treatment;before visit;2022-04-20 23:59:59+00:00;19.85;;;16.41;;;;;;
699801;treatment;before visit;2022-04-21 23:59:59+00:00;12.93;;;18.55;;;;;;
699801;treatment;before visit;2022-04-22 23:59:59+00:00;16.1;;;13.24;;;;;;
699801;treatment;before visit;2022-04-23 23:59:59+00:00;34.28;;;4.48;;;;;;
699801;treatment;before visit;2022-04-24 23:59:59+00:00;54.47;;;0.97;;;;;;
699801;treatment;before visit;2022-04-25 23:59:59+00:00;51.61;;;0.77;;;;;;
699801;treatment;before visit;2022-04-26 23:59:59+00:00;50.88;;;4.31;;;;;;
699801;treatment;before visit;2022-04-27 23:59:59+00:00;30.67;;;9.21;;;;;;
699801;treatment;before visit;2022-04-28 23:59:59+00:00;23.07;;;14.81;;;;;;
699801;treatment;before visit;2022-04-29 23:59:59+00:00;21.92;;;12.49;;;;;;
699801;treatment;before visit;2022-04-30 23:59:59+00:00;30.54;;;4.61;;;;;;
699801;treatment;before visit;2022-05-01 23:59:59+00:00;26.62;;;10.92;;;;;;
699801;treatment;before visit;2022-05-02 23:59:59+00:00;24.17;;;12.51;;;;;;
699801;treatment;before visit;2022-05-03 23:59:59+00:00;22.49;;;10.74;;;;;;
699801;treatment;before visit;2022-05-04 23:59:59+00:00;23.26;;;7.5;;;;;;
699801;treatment;before visit;2022-05-05 23:59:59+00:00;22.34;;;4.93;;;;;;
699801;treatment;before visit;2022-05-06 23:59:59+00:00;27.08;;;3.95;;;;;;
699801;treatment;before visit;2022-05-07 23:59:59+00:00;27.1;;;7.04;;;;;;
699801;treatment;before visit;2022-05-08 23:59:59+00:00;24.48;;;5.28;;;;;;
699801;treatment;before visit;2022-05-09 23:59:59+00:00;20.83;;;12.13;;;;;;
699801;treatment;before visit;2022-05-10 23:59:59+00:00;14.75;;;18.32;;;;;;
699801;treatment;before visit;2022-05-11 23:59:59+00:00;8.96;;;21.45;;;;;;
699801;treatment;before visit;2022-05-12 23:59:59+00:00;10.23;;;19.13;;;;;;
699801;treatment;before visit;2022-05-13 23:59:59+00:00;11.57;;;7.85;;;;;;
699801;treatment;before visit;2022-05-14 23:59:59+00:00;9.84;;;17.69;;;;;;
699801;treatment;before visit;2022-05-15 23:59:59+00:00;8.62;;;21.81;;;;;;
699801;treatment;before visit;2022-05-16 23:59:59+00:00;9.67;;;17.06;;;;;;
699801;treatment;before visit;2022-05-17 23:59:59+00:00;9.53;;;20.37;;;;;;
699801;treatment;before visit;2022-05-18 23:59:59+00:00;8.65;;;21.92;;;;;;
699801;treatment;before visit;2022-05-19 23:59:59+00:00;9.14;;;20.87;;;;;;
699801;treatment;before visit;2022-05-20 23:59:59+00:00;8.22;;;21.41;;;;;;
699801;treatment;before visit;2022-05-21 23:59:59+00:00;10.45;;;17.52;;;;;;
699801;treatment;before visit;2022-05-22 23:59:59+00:00;9.23;;;14.66;;;;;;
699801;treatment;before visit;2022-05-23 23:59:59+00:00;12.92;;;14.25;;;;;;
699801;treatment;before visit;2022-05-24 23:59:59+00:00;12.67;;;6.37;;;;;;
699801;treatment;before visit;2022-05-25 23:59:59+00:00;11.1;;;14.27;;;;;;
699801;treatment;before visit;2022-05-26 23:59:59+00:00;10.39;;;18.68;;;;;;
699801;treatment;before visit;2022-05-27 23:59:59+00:00;9.55;;;22.19;;;;;;
699801;treatment;before visit;2022-05-28 23:59:59+00:00;16.47;;;11.78;;;;;;
699801;treatment;before visit;2022-05-29 23:59:59+00:00;19.65;;;15.49;;;;;;
699801;treatment;before visit;2022-05-30 23:59:59+00:00;18.53;;;17.07;;;;;;
699801;treatment;before visit;2022-05-31 23:59:59+00:00;18.88;;;11.03;;;;;;
699801;treatment;before visit;2022-06-01 23:59:59+00:00;18.83;;;5.78;;;;;;
699801;treatment;before visit;2022-06-02 23:59:59+00:00;14.82;;;13.3;;;;;;
699801;treatment;before visit;2022-06-03 23:59:59+00:00;15.2;;;9.96;;;;;;
699801;treatment;before visit;2022-06-04 23:59:59+00:00;11.77;;;18.04;;;;;;
699801;treatment;before visit;2022-06-05 23:59:59+00:00;18.43;;;6.44;;;;;;
699801;treatment;before visit;2022-06-06 23:59:59+00:00;12.28;;;16.85;;;;;;
699801;treatment;before visit;2022-06-07 23:59:59+00:00;16.22;;;7.34;;;;;;
699801;treatment;before visit;2022-06-08 23:59:59+00:00;12.91;;;14.48;;;;;;
699801;treatment;before visit;2022-06-09 23:59:59+00:00;13.53;;;14.75;;;;;;
699801;treatment;before visit;2022-06-10 23:59:59+00:00;12.34;;;17.42;;;;;;
699801;treatment;before visit;2022-06-11 23:59:59+00:00;9.81;;;21.62;;;;;;
699801;treatment;before visit;2022-06-12 23:59:59+00:00;8.75;;;24.21;;;;;;
699801;treatment;before visit;2022-06-13 23:59:59+00:00;10.5;;;19.98;;;;;;
699801;treatment;before visit;2022-06-14 23:59:59+00:00;8.94;;;23.16;;;;;;
699801;treatment;before visit;2022-06-15 23:59:59+00:00;7.39;;;22.42;;;;;;
699801;treatment;before visit;2022-06-16 23:59:59+00:00;9.74;;;24.07;;;;;;
699801;treatment;before visit;2022-06-17 23:59:59+00:00;8.83;;;22.85;;;;;;
699801;treatment;before visit;2022-06-18 23:59:59+00:00;7.78;;;23.46;;;;;;
699801;treatment;before visit;2022-06-19 23:59:59+00:00;6.2;;;24.82;;;;;;
699801;treatment;before visit;2022-06-20 23:59:59+00:00;4.6;;;21.57;;;;;;
699801;treatment;before visit;2022-06-21 23:59:59+00:00;7.05;;;18.76;;;;;;
699801;treatment;before visit;2022-06-22 23:59:59+00:00;8.21;;;8.1;;;;;;
699801;treatment;before visit;2022-06-23 23:59:59+00:00;6.72;;;23.25;;;;;;
699801;treatment;before visit;2022-06-24 23:59:59+00:00;8.69;;;8.61;;;;;;
699801;treatment;before visit;2022-06-25 23:59:59+00:00;7.39;;;21.99;;;;;;
699801;treatment;before visit;2022-06-26 23:59:59+00:00;6.57;;;23.83;;;;;;
699801;treatment;before visit;2022-06-27 23:59:59+00:00;7.75;;;16.14;;;;;;
699801;treatment;before visit;2022-06-28 23:59:59+00:00;8.65;;;5.28;;;;;;
699801;treatment;before visit;2022-06-29 23:59:59+00:00;7.24;;;17.82;;;;;;
699801;treatment;before visit;2022-06-30 23:59:59+00:00;6.8;;;19.73;;;;;;
699801;treatment;before visit;2022-07-01 23:59:59+00:00;8.96;;;10.09;;;;;;
699801;treatment;before visit;2022-07-02 23:59:59+00:00;9.13;;;15.68;;;;;;
699801;treatment;before visit;2022-07-03 23:59:59+00:00;8.07;;;20.85;;;;;;
699801;treatment;before visit;2022-07-04 23:59:59+00:00;12.57;;;10.14;;;;;;
699801;treatment;before visit;2022-07-05 23:59:59+00:00;9.89;;;18.11;;;;;;
699801;treatment;before visit;2022-07-06 23:59:59+00:00;9.44;;;21.37;;;;;;
699801;treatment;before visit;2022-07-07 23:59:59+00:00;10.93;;;15.77;;;;;;
699801;treatment;before visit;2022-07-08 23:59:59+00:00;10.02;;;21.44;;;;;;
699801;treatment;before visit;2022-07-09 23:59:59+00:00;9.06;;;20.81;;;;;;
699801;treatment;before visit;2022-07-10 23:59:59+00:00;10.4;;;17.66;;;;;;
699801;treatment;before visit;2022-07-11 23:59:59+00:00;9.56;;;22.6;;;;;;
699801;treatment;before visit;2022-07-12 23:59:59+00:00;9.75;;;19.42;;;;;;
699801;treatment;before visit;2022-07-13 23:59:59+00:00;8.33;;;21.08;;;;;;
699801;treatment;before visit;2022-07-14 23:59:59+00:00;6.11;;;20.82;;;;;;
699801;treatment;before visit;2022-07-15 23:59:59+00:00;6.27;;;23.11;;;;;;
699801;treatment;before visit;2022-07-16 23:59:59+00:00;7.3;;;19.12;;;;;;
699801;treatment;before visit;2022-07-17 23:59:59+00:00;6.15;;;21.58;;;;;;
699801;treatment;before visit;2022-07-18 23:59:59+00:00;8.98;;;19.32;;;;;;
699801;treatment;before visit;2022-07-19 23:59:59+00:00;6.79;;;21.08;;;;;;
699801;treatment;before visit;2022-07-20 23:59:59+00:00;7.55;;;13.97;;;;;;
699801;treatment;before visit;2022-07-21 23:59:59+00:00;6.61;;;19.52;;;;;;
699801;treatment;before visit;2022-07-22 23:59:59+00:00;6.19;;;21.36;;;;;;
699801;treatment;before visit;2022-07-23 23:59:59+00:00;9.69;;;10.03;;;;;;
699801;treatment;before visit;2022-07-24 23:59:59+00:00;7.03;;;20.26;;;;;;
699801;treatment;before visit;2022-07-25 23:59:59+00:00;8.32;;;19.63;;;;;;
699801;treatment;before visit;2022-07-26 23:59:59+00:00;7.69;;;11.66;;;;;;
699801;treatment;before visit;2022-07-27 23:59:59+00:00;7.36;;;15.94;;;;;;
699801;treatment;before visit;2022-07-28 23:59:59+00:00;7.27;;;19.19;;;;;;
699801;treatment;before visit;2022-07-29 23:59:59+00:00;8.48;;;7.66;;;;;;
699801;treatment;before visit;2022-07-30 23:59:59+00:00;8.27;;;13.83;;;;;;
699801;treatment;before visit;2022-07-31 23:59:59+00:00;7.71;;;17.01;;;;;;
699801;treatment;before visit;2022-08-01 23:59:59+00:00;5.69;;;19.15;;;;;;
699801;treatment;before visit;2022-08-02 23:59:59+00:00;7.32;;;20.35;;;;;;
699801;treatment;before visit;2022-08-03 23:59:59+00:00;7.5;;;19.78;;;;;;
699801;treatment;before visit;2022-08-04 23:59:59+00:00;8.44;;;18.67;;;;;;
699801;treatment;before visit;2022-08-05 23:59:59+00:00;9.94;;;14.51;;;;;;
699801;treatment;before visit;2022-08-06 23:59:59+00:00;14.62;;;3.6;;;;;;
699801;treatment;before visit;2022-08-07 23:59:59+00:00;7.84;;;8.13;;;;;;
699801;treatment;before visit;2022-08-08 23:59:59+00:00;7.17;;;19.97;;;;;;
699801;treatment;before visit;2022-08-09 23:59:59+00:00;6.58;;;21.46;;;;;;
699801;treatment;before visit;2022-08-10 23:59:59+00:00;7.06;;;20.97;;;;;;
699801;treatment;before visit;2022-08-11 23:59:59+00:00;6.71;;;20.8;;;;;;
699801;treatment;before visit;2022-08-12 23:59:59+00:00;6.98;;;22.93;;;;;;
699801;treatment;before visit;2022-08-13 23:59:59+00:00;7.16;;;20.01;;;;;;
699801;treatment;before visit;2022-08-14 23:59:59+00:00;7.27;;;14.73;;;;;;
699801;treatment;before visit;2022-08-15 23:59:59+00:00;8.35;;;17.54;;;;;;
699801;treatment;before visit;2022-08-16 23:59:59+00:00;7.16;;;19.76;;;;;;
699801;treatment;before visit;2022-08-17 23:59:59+00:00;8.09;;;14.0;;;;;;
699801;treatment;before visit;2022-08-18 23:59:59+00:00;9.57;;;6.73;;;;;;
699801;treatment;before visit;2022-08-19 23:59:59+00:00;10.14;;;1.5;;;;;;
699801;treatment;before visit;2022-08-20 23:59:59+00:00;9.49;;;8.87;;;;;;
699801;treatment;before visit;2022-08-21 23:59:59+00:00;7.17;;;17.84;;;;;;
699801;treatment;before visit;2022-08-22 23:59:59+00:00;7.63;;;17.0;;;;;;
699801;treatment;before visit;2022-08-23 23:59:59+00:00;7.46;;;17.56;;;;;;
699801;treatment;before visit;2022-08-24 23:59:59+00:00;6.83;;;18.59;;;;;;
699801;treatment;before visit;2022-08-25 23:59:59+00:00;7.19;;;18.17;;;;;;
699801;treatment;before visit;2022-08-26 23:59:59+00:00;8.17;;;14.0;;;;;;
699801;treatment;before visit;2022-08-27 23:59:59+00:00;8.74;;;9.02;;;;;;
699801;treatment;before visit;2022-08-28 23:59:59+00:00;8.47;;;10.97;;;;;;
699801;treatment;before visit;2022-08-29 23:59:59+00:00;7.37;;;16.87;;;;;;
699801;treatment;before visit;2022-08-30 23:59:59+00:00;8.13;;;14.77;;;;;;
699801;treatment;before visit;2022-08-31 23:59:59+00:00;9.11;;;7.23;;;;;;
699801;treatment;before visit;2022-09-01 23:59:59+00:00;9.38;;;9.8;;;;;;
699801;treatment;before visit;2022-09-02 23:59:59+00:00;8.72;;;14.63;;;;;;
699801;treatment;before visit;2022-09-03 23:59:59+00:00;9.57;;;11.29;;;;;;
699801;treatment;before visit;2022-09-04 23:59:59+00:00;8.28;;;15.1;;;;;;
699801;treatment;before visit;2022-09-05 23:59:59+00:00;10.32;;;10.81;;;;;;
699801;treatment;before visit;2022-09-06 23:59:59+00:00;12.58;;;4.65;;;;;;
699801;treatment;before visit;2022-09-07 23:59:59+00:00;9.9;;;11.05;;;;;;
699801;treatment;before visit;2022-09-08 23:59:59+00:00;9.17;;;12.93;;;;;;
699801;treatment;before visit;2022-09-09 23:59:59+00:00;10.48;;;13.38;;;;;;
699801;treatment;before visit;2022-09-10 23:59:59+00:00;10.88;;;7.46;;;;;;
699801;treatment;before visit;2022-09-11 23:59:59+00:00;10.48;;;11.06;;;;;;
699801;treatment;before visit;2022-09-12 23:59:59+00:00;8.98;;;14.88;;;;;;
699801;treatment;before visit;2022-09-13 23:59:59+00:00;9.07;;;12.15;;;;;;
699801;treatment;before visit;2022-09-14 23:59:59+00:00;10.5;;;5.51;;;;;;
699801;treatment;before visit;2022-09-15 23:59:59+00:00;18.17;;;2.56;;;;;;
699801;treatment;before visit;2022-09-16 23:59:59+00:00;23.23;;;3.96;;;;;;
699801;treatment;before visit;2022-09-17 23:59:59+00:00;24.72;;;6.75;;;;;;
699801;treatment;before visit;2022-09-18 23:59:59+00:00;25.42;;;8.18;;;;;;
699801;treatment;before visit;2022-09-19 23:59:59+00:00;25.99;;;8.9;;;;;;
699801;treatment;before visit;2022-09-20 23:59:59+00:00;28.21;;;7.83;;;;;;
699801;treatment;before visit;2022-09-21 23:59:59+00:00;24.07;;;10.25;;;;;;
699801;treatment;before visit;2022-09-22 23:59:59+00:00;26.39;;;8.04;;;;;;
699801;treatment;before visit;2022-09-23 23:59:59+00:00;24.56;;;7.62;;;;;;
699801;treatment;before visit;2022-09-24 23:59:59+00:00;30.95;;;2.08;;;;;;
699801;treatment;before visit;2022-09-25 23:59:59+00:00;28.67;;;1.88;;;;;;
699801;treatment;before visit;2022-09-26 23:59:59+00:00;29.41;;;4.34;;;;;;
699801;treatment;before visit;2022-09-27 23:59:59+00:00;32.13;;;3.35;;;;;;
699801;treatment;before visit;2022-09-28 23:59:59+00:00;41.74;;;0.76;;;;;;
699801;treatment;before visit;2022-09-29 23:59:59+00:00;37.73;;;2.72;;;;;;
699801;treatment;before visit;2022-09-30 23:59:59+00:00;41.24;;;2.45;;;;;;
699801;treatment;before visit;2022-10-01 23:59:59+00:00;36.66;;;0.66;;;;;;
699801;treatment;before visit;2022-10-02 23:59:59+00:00;39.63;;;2.4;;;;;;
699801;treatment;before visit;2022-10-03 23:59:59+00:00;35.04;;;3.75;;;;;;
699801;treatment;before visit;2022-10-04 23:59:59+00:00;36.04;;;3.58;;;;;;
699801;treatment;before visit;2022-10-05 23:59:59+00:00;31.7;;;5.93;;;;;;
699801;treatment;before visit;2022-10-06 23:59:59+00:00;31.43;;;3.9;;;;;;
699801;treatment;before visit;2022-10-07 23:59:59+00:00;30.05;;;3.78;;;;;;
699801;treatment;before visit;2022-10-08 23:59:59+00:00;34.49;;;0.86;;;;;;
699801;treatment;before visit;2022-10-09 23:59:59+00:00;31.65;;;1.04;;;;;;
699801;treatment;before visit;2022-10-10 23:59:59+00:00;26.65;;;5.26;;;;;;
699801;treatment;before visit;2022-10-11 23:59:59+00:00;26.59;;;5.22;;;;;;
699801;treatment;before visit;2022-10-12 23:59:59+00:00;31.23;;;0.89;;;;;;
699801;treatment;before visit;2022-10-13 23:59:59+00:00;29.59;;;2.85;;;;;;
699801;treatment;before visit;2022-10-14 23:59:59+00:00;30.66;;;1.2;;;;;;
699801;treatment;before visit;2022-10-15 23:59:59+00:00;26.92;;;4.25;;;;;;
699801;treatment;before visit;2022-10-16 23:59:59+00:00;25.08;;;5.27;;;;;;
699801;treatment;before visit;2022-10-17 23:59:59+00:00;24.94;;;5.51;;;;;;
699801;treatment;before visit;2022-10-18 23:59:59+00:00;27.01;;;5.4;;;;;;
699801;treatment;before visit;2022-10-19 23:59:59+00:00;27.84;;;1.93;;;;;;
699801;treatment;before visit;2022-10-20 23:59:59+00:00;25.15;;;2.19;;;;;;
699801;treatment;before visit;2022-10-21 23:59:59+00:00;27.67;;;0.86;;;;;;
699801;treatment;before visit;2022-10-22 23:59:59+00:00;25.42;;;4.54;;;;;;
699801;treatment;before visit;2022-10-23 23:59:59+00:00;31.17;;;1.75;;;;;;
699801;treatment;before visit;2022-10-24 23:59:59+00:00;30.74;;;0.3;;;;;;
699801;treatment;before visit;2022-10-25 23:59:59+00:00;25.52;;;4.26;;;;;;
699801;treatment;before visit;2022-10-26 23:59:59+00:00;24.28;;;5.1;;;;;;
699801;treatment;before visit;2022-10-27 23:59:59+00:00;25.52;;;3.56;;;;;;
699801;treatment;before visit;2022-10-28 23:59:59+00:00;25.11;;;3.39;;;;;;
699801;treatment;before visit;2022-10-29 23:59:59+00:00;28.38;;;2.89;;;;;;
699801;treatment;before visit;2022-10-30 23:59:59+00:00;27.79;;;3.68;;;;;;
699801;treatment;before visit;2022-10-31 23:59:59+00:00;29.71;;;2.44;;;;;;
699801;treatment;before visit;2022-11-01 23:59:59+00:00;29.41;;;1.92;;;;;;
699801;treatment;before visit;2022-11-02 23:59:59+00:00;31.75;;;2.63;;;;;;
699801;treatment;before visit;2022-11-03 23:59:59+00:00;37.66;;;1.37;;;;;;
699801;treatment;before visit;2022-11-04 23:59:59+00:00;42.47;;;1.44;;;;;;
699801;treatment;before visit;2022-11-05 23:59:59+00:00;59.83;;;0.43;;;;;;
699801;treatment;before visit;2022-11-06 23:59:59+00:00;53.53;;;0.17;;;;;;
699801;treatment;before visit;2022-11-07 23:59:59+00:00;45.97;;;2.43;;;;;;
699801;treatment;before visit;2022-11-08 23:59:59+00:00;46.49;;;1.28;;;;;;
699801;treatment;before visit;2022-11-09 23:59:59+00:00;43.87;;;0.18;;;;;;
699801;treatment;before visit;2022-11-10 23:59:59+00:00;43.34;;;1.66;;;;;;
699801;treatment;before visit;2022-11-11 23:59:59+00:00;47.83;;;0.67;;;;;;
699801;treatment;before visit;2022-11-12 23:59:59+00:00;60.64;;;0.05;;;;;;
699801;treatment;before visit;2022-11-13 23:59:59+00:00;64.95;;;;;;;;;
699801;treatment;before visit;2022-11-14 23:59:59+00:00;64.01;;;0.09;;;;;;
699801;treatment;before visit;2022-11-15 23:59:59+00:00;63.32;;;0.09;;;;;;
699801;treatment;before visit;2022-11-16 23:59:59+00:00;54.83;;;1.42;;;;;;
699801;treatment;before visit;2022-11-17 23:59:59+00:00;51.16;;;0.49;;;;;;
699801;treatment;before visit;2022-11-18 23:59:59+00:00;61.36;;;0.02;;;;;;
699801;treatment;before visit;2022-11-19 23:59:59+00:00;59.24;;;0.21;;;;;;
699801;treatment;before visit;2022-11-20 23:59:59+00:00;58.49;;;;;;;;;
699801;treatment;before visit;2022-11-21 23:59:59+00:00;63.63;;;0.3;;;;;;
699801;treatment;before visit;2022-11-22 23:59:59+00:00;65.89;;;;;;;;;
699801;treatment;before visit;2022-11-23 23:59:59+00:00;61.31;;;;;;;;;
699801;treatment;before visit;2022-11-24 23:59:59+00:00;62.39;;;0.18;;;;;;
699801;treatment;before visit;2022-11-25 23:59:59+00:00;61.93;;;;;;;;;
699801;treatment;before visit;2022-11-26 23:59:59+00:00;57.71;;;;;;;;;
699801;treatment;before visit;2022-11-27 23:59:59+00:00;60.26;;;0.01;;;;;;
699801;treatment;before visit;2022-11-28 23:59:59+00:00;65.97;;;;;;;;;
699801;treatment;before visit;2022-11-29 23:59:59+00:00;68.08;;;;;;;;;
699801;treatment;before visit;2022-11-30 23:59:59+00:00;64.77;;;0.01;;;;;;
699801;treatment;before visit;2022-12-01 23:59:59+00:00;62.85;;;;;;;;;
699801;treatment;before visit;2022-12-02 23:59:59+00:00;58.22;;;;;;;;;
699801;treatment;before visit;2022-12-03 23:59:59+00:00;45.99;;;0.02;;;;;;
699801;treatment;before visit;2022-12-04 23:59:59+00:00;43.61;;;0.03;;;;;;
699801;treatment;before visit;2022-12-05 23:59:59+00:00;67.47;;;;;;;;;
699801;treatment;before visit;2022-12-06 23:59:59+00:00;48.35;;;1.35;;;;;;
699801;treatment;before visit;2022-12-07 23:59:59+00:00;53.81;;;0.23;;;;;;
699801;treatment;before visit;2022-12-08 23:59:59+00:00;34.76;;;1.61;;;;;;
699801;treatment;before visit;2022-12-09 23:59:59+00:00;41.56;;;;;;;;;
699801;treatment;before visit;2022-12-10 23:59:59+00:00;52.96;;;;;;;;;
699801;treatment;before visit;2022-12-11 23:59:59+00:00;21.42;;;;;;;;;
699801;treatment;before visit;2022-12-12 23:59:59+00:00;31.43;;;;;;;;;
699801;treatment;before visit;2022-12-13 23:59:59+00:00;32.92;;;;;;;;;
699801;treatment;before visit;2022-12-14 23:59:59+00:00;41.58;;;;;;;;;
699801;treatment;before visit;2022-12-15 23:59:59+00:00;49.97;;;;;;;;;
699801;treatment;before visit;2022-12-16 23:59:59+00:00;33.75;;;;;;;;;
699801;treatment;before visit;2022-12-17 23:59:59+00:00;30.07;;;;;;;;;
699801;treatment;before visit;2022-12-18 23:59:59+00:00;39.53;;;;;;;;;
699801;treatment;before visit;2022-12-19 23:59:59+00:00;70.34;;;;;;;;;
699801;treatment;before visit;2022-12-20 23:59:59+00:00;68.32;;;;;;;;;
699801;treatment;before visit;2022-12-21 23:59:59+00:00;69.95;;;;;;;;;
699801;treatment;before visit;2022-12-22 23:59:59+00:00;61.73;;;0.05;;;;;;
699801;treatment;before visit;2022-12-23 23:59:59+00:00;51.41;;;;;;;;;
699801;treatment;before visit;2022-12-24 23:59:59+00:00;61.17;;;;;;;;;
699801;treatment;before visit;2022-12-25 23:59:59+00:00;67.9;;;0.01;;;;;;
699801;treatment;before visit;2022-12-26 23:59:59+00:00;66.42;;;;;;;;;
699801;treatment;before visit;2022-12-27 23:59:59+00:00;52.01;;;0.08;;;;;;
699801;treatment;before visit;2022-12-28 23:59:59+00:00;54.11;;;;;;;;;
699801;treatment;before visit;2022-12-29 23:59:59+00:00;53.79;;;0.3;;;;;;
699801;treatment;before visit;2022-12-30 23:59:59+00:00;59.02;;;;;;;;;
699801;treatment;before visit;2022-12-31 23:59:59+00:00;47.24;;;0.72;;;;;;
699801;treatment;before visit;2023-01-01 23:59:59+00:00;39.47;;;1.95;;;;;;
699801;treatment;before visit;2023-01-02 23:59:59+00:00;43.9;;;0.8;;;;;;
699801;treatment;before visit;2023-01-03 23:59:59+00:00;51.31;;;0.03;;;;;;
699801;treatment;before visit;2023-01-04 23:59:59+00:00;52.64;;;0.03;;;;;;
699801;treatment;before visit;2023-01-05 23:59:59+00:00;51.76;;;0.23;;;;;;
699801;treatment;before visit;2023-01-06 23:59:59+00:00;50.66;;;0.04;;;;;;
699801;treatment;before visit;2023-01-07 23:59:59+00:00;47.05;;;0.86;;;;;;
699801;treatment;before visit;2023-01-08 23:59:59+00:00;53.66;;;;;;;;;
699801;treatment;before visit;2023-01-09 23:59:59+00:00;53.14;;;;;;;;;
699801;treatment;before visit;2023-01-10 23:59:59+00:00;50.6;;;0.96;;;;;;
699801;treatment;before visit;2023-01-11 23:59:59+00:00;66.79;;;;;;;;;
699801;treatment;before visit;2023-01-12 23:59:59+00:00;64.25;;;;;;;;;
699801;treatment;before visit;2023-01-13 23:59:59+00:00;62.09;;;0.01;;;;;;
699801;treatment;before visit;2023-01-14 23:59:59+00:00;63.77;;;;;;;;;
699801;treatment;before visit;2023-01-15 23:59:59+00:00;66.27;;;;;;;;;
699801;treatment;before visit;2023-01-16 23:59:59+00:00;67.42;;;0.01;;;;;;
699801;treatment;before visit;2023-01-17 23:59:59+00:00;30.86;;;0.01;;;;;;
699801;treatment;before visit;2023-01-18 23:59:59+00:00;34.47;;;;;;;;;
699801;treatment;before visit;2023-01-19 23:59:59+00:00;23.65;;;;;;;;;
699801;treatment;before visit;2023-01-20 23:59:59+00:00;22.84;;;0.52;;;;;;
699801;treatment;before visit;2023-01-21 23:59:59+00:00;36.27;;;0.19;;;;;;
699801;treatment;before visit;2023-01-22 23:59:59+00:00;21.9;;;0.05;;;;;;
699801;treatment;before visit;2023-01-23 23:59:59+00:00;25.69;;;;;;;;;
699801;treatment;before visit;2023-01-24 23:59:59+00:00;30.55;;;;;;;;;
699801;treatment;before visit;2023-01-25 23:59:59+00:00;35.23;;;;;;;;;
699801;treatment;before visit;2023-01-26 23:59:59+00:00;49.1;;;0.06;;;;;;
699801;treatment;before visit;2023-01-27 23:59:59+00:00;51.41;;;0.02;;;;;;
699801;treatment;before visit;2023-01-28 23:59:59+00:00;50.44;;;0.07;;;;;;
699801;treatment;before visit;2023-01-29 23:59:59+00:00;37.61;;;0.53;;;;;;
699801;treatment;before visit;2023-01-30 23:59:59+00:00;40.82;;;2.66;;;;;;
699801;treatment;before visit;2023-01-31 23:59:59+00:00;43.71;;;3.85;;;;;;
699801;treatment;before visit;2023-02-01 23:59:59+00:00;53.66;;;0.21;;;;;;
699801;treatment;before visit;2023-02-02 23:59:59+00:00;70.17;;;;;;;;;
699801;treatment;before visit;2023-02-03 23:59:59+00:00;65.58;;;;;;;;;
699801;treatment;before visit;2023-02-04 23:59:59+00:00;70.18;;;;;;;;;
699801;treatment;before visit;2023-02-05 23:59:59+00:00;63.1;;;0.54;;;;;;
699801;treatment;before visit;2023-02-06 23:59:59+00:00;43.28;;;2.75;;;;;;
699801;treatment;before visit;2023-02-07 23:59:59+00:00;36.32;;;5.38;;;;;;
699801;treatment;before visit;2023-02-08 23:59:59+00:00;36.1;;;4.9;;;;;;
699801;treatment;before visit;2023-02-09 23:59:59+00:00;41.97;;;4.38;;;;;;
699801;treatment;before visit;2023-02-10 23:59:59+00:00;34.96;;;5.75;;;;;;
699801;treatment;before visit;2023-02-11 23:59:59+00:00;39.36;;;3.01;;;;;;
699801;treatment;before visit;2023-02-12 23:59:59+00:00;42.61;;;0.48;;;;;;
699801;treatment;before visit;2023-02-13 23:59:59+00:00;58.13;;;;;;;;;
699801;treatment;before visit;2023-02-14 23:59:59+00:00;18.16;;;2.63;;;;;;
699801;treatment;before visit;2023-02-15 23:59:59+00:00;33.97;;;3.85;;;;;;
699801;treatment;before visit;2023-02-16 23:59:59+00:00;40.73;;;2.31;;;;;;
699801;treatment;before visit;2023-02-17 23:59:59+00:00;56.09;;;0.75;;;;;;
699801;treatment;before visit;2023-02-18 23:59:59+00:00;45.79;;;2.4;;;;;;
699801;treatment;before visit;2023-02-19 23:59:59+00:00;48.46;;;0.07;;;;;;
699801;treatment;before visit;2023-02-20 23:59:59+00:00;43.31;;;2.86;;;;;;
699801;treatment;before visit;2023-02-21 23:59:59+00:00;37.02;;;3.59;;;;;;
699801;treatment;before visit;2023-02-22 23:59:59+00:00;46.05;;;2.93;;;;;;
699801;treatment;before visit;2023-02-23 23:59:59+00:00;47.26;;;1.97;;;;;;
699801;treatment;before visit;2023-02-24 23:59:59+00:00;39.0;;;3.03;;;;;;
699801;treatment;before visit;2023-02-25 23:59:59+00:00;55.42;;;;;;;;;
699801;treatment;before visit;2023-02-26 23:59:59+00:00;37.56;;;3.83;;;;;;
699801;treatment;before visit;2023-02-27 23:59:59+00:00;31.13;;;0.92;;;;;;
699801;treatment;before visit;2023-02-28 23:59:59+00:00;24.81;;;1.8;;;;;;
699801;treatment;before visit;2023-03-01 23:59:59+00:00;45.29;;;0.1;;;;;;
699801;treatment;before visit;2023-03-02 23:59:59+00:00;50.51;;;0.46;;;;;;
699801;treatment;before visit;2023-03-03 23:59:59+00:00;46.34;;;0.69;;;;;;
699801;treatment;before visit;2023-03-04 23:59:59+00:00;55.22;;;;;;;;;
699801;treatment;before visit;2023-03-05 23:59:59+00:00;38.84;;;1.36;;;;;;
699801;treatment;before visit;2023-03-06 23:59:59+00:00;47.85;;;0.44;;;;;;
699801;treatment;before visit;2023-03-07 23:59:59+00:00;56.51;;;0.06;;;;;;
699801;treatment;before visit;2023-03-08 23:59:59+00:00;62.95;;;;;;;;;
699801;treatment;before visit;2023-03-09 23:59:59+00:00;42.88;;;4.62;;;;;;
699801;treatment;before visit;2023-03-10 23:59:59+00:00;50.34;;;0.09;;;;;;
699801;treatment;before visit;2023-03-11 23:59:59+00:00;52.44;;;0.7;;;;;;
699801;treatment;before visit;2023-03-12 23:59:59+00:00;57.59;;;0.57;;;;;;
699801;treatment;before visit;2023-03-13 23:59:59+00:00;44.29;;;4.76;;;;;;
699801;treatment;before visit;2023-03-14 23:59:59+00:00;53.12;;;0.53;;;;;;
699801;treatment;before visit;2023-03-15 23:59:59+00:00;43.02;;;2.73;;;;;;
699801;treatment;before visit;2023-03-16 23:59:59+00:00;44.31;;;3.5;;;;;;
699801;treatment;before visit;2023-03-17 23:59:59+00:00;33.05;;;3.57;;;;;;
699801;treatment;before visit;2023-03-18 23:59:59+00:00;34.42;;;5.52;;;;;;
699801;treatment;before visit;2023-03-19 23:59:59+00:00;31.7;;;4.44;;;;;;
699801;treatment;before visit;2023-03-20 23:59:59+00:00;39.09;;;4.02;;;;;;
699801;treatment;before visit;2023-03-21 23:59:59+00:00;40.98;;;4.64;;;;;;
699801;treatment;before visit;2023-03-22 23:59:59+00:00;27.7;;;9.68;;;;;;
699801;treatment;before visit;2023-03-23 23:59:59+00:00;33.28;;;2.44;;;;;;
699801;treatment;before visit;2023-03-24 23:59:59+00:00;44.38;;;0.47;;;;;;
699801;treatment;before visit;2023-03-25 23:59:59+00:00;49.9;;;2.6;;;;;;
699801;treatment;before visit;2023-03-26 23:59:59+00:00;57.73;;;1.03;;;;;;
699801;treatment;before visit;2023-03-27 23:59:59+00:00;53.3;;;1.34;;;;;;
699801;treatment;before visit;2023-03-28 23:59:59+00:00;43.73;;;3.54;;;;;;
699801;treatment;before visit;2023-03-29 23:59:59+00:00;40.69;;;4.34;;;;;;
699801;treatment;before visit;2023-03-30 23:59:59+00:00;38.03;;;2.09;;;;;;
699801;treatment;before visit;2023-03-31 23:59:59+00:00;38.61;;;4.33;;;;;;
699801;treatment;before visit;2023-04-01 23:59:59+00:00;55.3;;;0.6;;;;;;
699801;treatment;before visit;2023-04-02 23:59:59+00:00;44.91;;;5.61;;;;;;
699801;treatment;before visit;2023-04-03 23:59:59+00:00;58.52;;;;;;;;;
699801;treatment;before visit;2023-04-04 23:59:59+00:00;46.21;;;1.84;;;;;;
699801;treatment;before visit;2023-04-05 23:59:59+00:00;43.46;;;2.6;;;;;;
699801;treatment;before visit;2023-04-06 23:59:59+00:00;41.7;;;5.31;;;;;;
699801;treatment;before visit;2023-04-07 23:59:59+00:00;55.7;;;;;;;;;
699801;treatment;before visit;2023-04-08 23:59:59+00:00;52.02;;;1.42;;;;;;
699801;treatment;before visit;2023-04-09 23:59:59+00:00;40.71;;;7.25;;;;;;
699801;treatment;before visit;2023-04-10 23:59:59+00:00;37.2;;;6.96;;;;;;
699801;treatment;before visit;2023-04-11 23:59:59+00:00;35.83;;;3.7;;;;;;
699801;treatment;before visit;2023-04-12 23:59:59+00:00;41.45;;;3.07;;;;;;
699801;treatment;before visit;2023-04-13 23:59:59+00:00;51.49;;;2.21;;;;;;
699801;treatment;before visit;2023-04-14 23:59:59+00:00;37.42;;;9.09;;;;;;
699801;treatment;before visit;2023-04-15 23:59:59+00:00;51.99;;;1.46;;;;;;
699801;treatment;before visit;2023-04-16 23:59:59+00:00;63.7;;;;;;;;;
699801;treatment;before visit;2023-04-17 23:59:59+00:00;51.36;;;4.28;;;;;;
699801;treatment;before visit;2023-04-18 23:59:59+00:00;43.06;;;5.86;;;;;;
699801;treatment;before visit;2023-04-19 23:59:59+00:00;43.68;;;2.19;;;;;;
699801;treatment;before visit;2023-04-20 23:59:59+00:00;63.42;;;;;;;;;
699801;treatment;before visit;2023-04-21 23:59:59+00:00;44.96;;;2.41;;;;;;
699801;treatment;before visit;2023-04-22 23:59:59+00:00;38.81;;;7.19;;;;;;
699801;treatment;before visit;2023-04-23 23:59:59+00:00;28.85;;;8.45;;;;;;
699801;treatment;before visit;2023-04-24 23:59:59+00:00;38.11;;;7.87;;;;;;
699801;treatment;before visit;2023-04-25 23:59:59+00:00;40.91;;;3.87;;;;;;
699801;treatment;before visit;2023-04-26 23:59:59+00:00;43.62;;;4.94;;;;;;
699801;treatment;before visit;2023-04-27 23:59:59+00:00;31.07;;;8.04;;;;;;
699801;treatment;before visit;2023-04-28 23:59:59+00:00;34.95;;;3.08;;;;;;
699801;treatment;before visit;2023-04-29 23:59:59+00:00;34.16;;;;;;;;;
699801;treatment;before visit;2023-04-30 23:59:59+00:00;28.69;;;7.37;;;;;;
699801;treatment;before visit;2023-05-01 23:59:59+00:00;31.38;;;4.72;;;;;;
699801;treatment;before visit;2023-05-02 23:59:59+00:00;30.53;;;6.58;;;;;;
699801;treatment;before visit;2023-05-03 23:59:59+00:00;28.74;;;11.24;;;;;;
699801;treatment;before visit;2023-05-04 23:59:59+00:00;21.22;;;13.93;;;;;;
699801;treatment;before visit;2023-05-05 23:59:59+00:00;20.92;;;11.78;;;;;;
699801;treatment;before visit;2023-05-06 23:59:59+00:00;21.74;;;9.12;;;;;;
699801;treatment;before visit;2023-05-07 23:59:59+00:00;17.44;;;10.93;;;;;;
699801;treatment;before visit;2023-05-08 23:59:59+00:00;16.62;;;9.11;;;;;;
699801;treatment;before visit;2023-05-09 23:59:59+00:00;19.06;;;9.6;;;;;;
699801;treatment;before visit;2023-05-10 23:59:59+00:00;21.04;;;8.84;;;;;;
699801;treatment;before visit;2023-05-11 23:59:59+00:00;25.1;;;5.34;;;;;;
699801;treatment;before visit;2023-05-12 23:59:59+00:00;24.03;;;13.8;;;;;;
699801;treatment;before visit;2023-05-13 23:59:59+00:00;30.8;;;4.76;;;;;;
699801;treatment;before visit;2023-05-14 23:59:59+00:00;29.26;;;5.41;;;;;;
699801;treatment;before visit;2023-05-15 23:59:59+00:00;31.02;;;4.82;;;;;;
699801;treatment;before visit;2023-05-16 23:59:59+00:00;34.64;;;1.88;;;;;;
699801;treatment;before visit;2023-05-17 23:59:59+00:00;31.54;;;6.22;;;;;;
699801;treatment;before visit;2023-05-18 23:59:59+00:00;30.78;;;6.47;;;;;;
699801;treatment;before visit;2023-05-19 23:59:59+00:00;31.59;;;4.68;;;;;;
699801;treatment;before visit;2023-05-20 23:59:59+00:00;29.56;;;5.25;;;;;;
699801;treatment;before visit;2023-05-21 23:59:59+00:00;18.46;;;15.16;;;;;;
699801;treatment;before visit;2023-05-22 23:59:59+00:00;14.8;;;16.92;;;;;;
699801;treatment;before visit;2023-05-23 23:59:59+00:00;17.69;;;8.51;;;;;;
699801;treatment;before visit;2023-05-24 23:59:59+00:00;23.1;;;2.67;;;;;;
699801;treatment;before visit;2023-05-25 23:59:59+00:00;22.1;;;8.38;;;;;;
699801;treatment;before visit;2023-05-26 23:59:59+00:00;15.33;;;18.22;;;;;;
699801;treatment;before visit;2023-05-27 23:59:59+00:00;14.39;;;18.5;;;;;;
699801;treatment;before visit;2023-05-28 23:59:59+00:00;13.52;;;18.79;;;;;;
699801;treatment;before visit;2023-05-29 23:59:59+00:00;12.52;;;19.23;;;;;;
699801;treatment;before visit;2023-05-30 23:59:59+00:00;11.54;;;19.82;;;;;;
699801;treatment;before visit;2023-05-31 23:59:59+00:00;10.88;;;21.17;;;;;;
699801;treatment;before visit;2023-06-01 23:59:59+00:00;9.87;;;19.77;;;;;;
699801;treatment;before visit;2023-06-02 23:59:59+00:00;9.5;;;22.3;;;;;;
699801;treatment;before visit;2023-06-03 23:59:59+00:00;8.9;;;21.13;;;;;;
699801;treatment;before visit;2023-06-04 23:59:59+00:00;11.15;;;14.65;;;;;;
699801;treatment;before visit;2023-06-05 23:59:59+00:00;11.94;;;18.82;;;;;;
699801;treatment;before visit;2023-06-06 23:59:59+00:00;10.15;;;20.85;;;;;;
699801;treatment;before visit;2023-06-07 23:59:59+00:00;10.04;;;20.69;;;;;;
699801;treatment;before visit;2023-06-08 23:59:59+00:00;9.47;;;20.96;;;;;;
699801;treatment;before visit;2023-06-09 23:59:59+00:00;10.21;;;22.08;;;;;;
699801;treatment;before visit;2023-06-10 23:59:59+00:00;6.64;;;23.39;;;;;;
699801;treatment;before visit;2023-06-11 23:59:59+00:00;2.75;;;22.53;;;;;;
699801;treatment;before visit;2023-06-12 23:59:59+00:00;3.2;;;23.65;;;;;;
699801;treatment;before visit;2023-06-13 23:59:59+00:00;3.45;;;21.74;;;;;;
699801;treatment;before visit;2023-06-14 23:59:59+00:00;4.28;;;23.49;;;;;;
699801;treatment;before visit;2023-06-15 23:59:59+00:00;4.52;;;21.34;;;;;;
699801;treatment;before visit;2023-06-16 23:59:59+00:00;3.44;;;19.66;;;;;;
699801;treatment;before visit;2023-06-17 23:59:59+00:00;3.85;;;20.4;;;;;;
699801;treatment;before visit;2023-06-18 23:59:59+00:00;2.77;;;20.54;;;;;;
699801;treatment;before visit;2023-06-19 23:59:59+00:00;3.06;;;17.79;;;;;;
699801;treatment;before visit;2023-06-20 23:59:59+00:00;3.45;;;18.39;;;;;;
699801;treatment;before visit;2023-06-21 23:59:59+00:00;4.69;;;11.4;;;;;;
699801;treatment;before visit;2023-06-22 23:59:59+00:00;4.02;;;12.79;;;;;;
699801;treatment;before visit;2023-06-23 23:59:59+00:00;5.63;;;16.94;;;;;;
699801;treatment;before visit;2023-06-24 23:59:59+00:00;2.56;;;23.92;;;;;;
699801;treatment;before visit;2023-06-25 23:59:59+00:00;2.88;;;22.41;;;;;;
699801;treatment;before visit;2023-06-26 23:59:59+00:00;3.54;;;21.8;;;;;;
699801;treatment;before visit;2023-06-27 23:59:59+00:00;4.83;;;16.79;;;;;;
699801;treatment;before visit;2023-06-28 23:59:59+00:00;7.27;;;15.6;;;;;;
699801;treatment;before visit;2023-06-29 23:59:59+00:00;6.97;;;17.46;;;;;;
699801;treatment;before visit;2023-06-30 23:59:59+00:00;10.06;;;5.7;;;;;;
699801;treatment;before visit;2023-07-01 23:59:59+00:00;4.56;;;16.35;;;;;;
699801;treatment;before visit;2023-07-02 23:59:59+00:00;3.75;;;14.63;;;;;;
699801;treatment;before visit;2023-07-03 23:59:59+00:00;4.12;;;19.46;;;;;;
699801;treatment;before visit;2023-07-04 23:59:59+00:00;7.88;;;14.96;;;;;;
699801;treatment;before visit;2023-07-05 23:59:59+00:00;6.44;;;8.57;;;;;;
699801;treatment;before visit;2023-07-06 23:59:59+00:00;3.41;;;19.37;;;;;;
699801;treatment;before visit;2023-07-07 23:59:59+00:00;1.85;;;22.79;;;;;;
699801;treatment;before visit;2023-07-08 23:59:59+00:00;5.28;;;11.65;;;;;;
699801;treatment;before visit;2023-07-09 23:59:59+00:00;3.43;;;20.58;;;;;;
699801;treatment;before visit;2023-07-10 23:59:59+00:00;6.16;;;16.5;;;;;;
699801;treatment;before visit;2023-07-11 23:59:59+00:00;8.42;;;20.32;;;;;;
699801;treatment;before visit;2023-07-12 23:59:59+00:00;7.38;;;5.32;;;;;;
699801;treatment;before visit;2023-07-13 23:59:59+00:00;5.35;;;13.78;;;;;;
699801;treatment;before visit;2023-07-14 23:59:59+00:00;4.0;;;18.69;;;;;;
699801;treatment;before visit;2023-07-15 23:59:59+00:00;3.52;;;17.95;;;;;;
699801;treatment;before visit;2023-07-16 23:59:59+00:00;5.64;;;14.39;;;;;;
699801;treatment;before visit;2023-07-17 23:59:59+00:00;4.55;;;16.3;;;;;;
699801;treatment;before visit;2023-07-18 23:59:59+00:00;7.49;;;11.52;;;;;;
699801;treatment;before visit;2023-07-19 23:59:59+00:00;5.99;;;16.89;;;;;;
699801;treatment;before visit;2023-07-20 23:59:59+00:00;5.57;;;16.32;;;;;;
699801;treatment;before visit;2023-07-21 23:59:59+00:00;6.31;;;11.45;;;;;;
699801;treatment;before visit;2023-07-22 23:59:59+00:00;5.3;;;18.43;;;;;;
699801;treatment;before visit;2023-07-23 23:59:59+00:00;5.13;;;15.75;;;;;;
699801;treatment;before visit;2023-07-24 23:59:59+00:00;6.44;;;10.37;;;;;;
699801;treatment;before visit;2023-07-25 23:59:59+00:00;7.33;;;13.56;;;;;;
699801;treatment;before visit;2023-07-26 23:59:59+00:00;5.9;;;11.87;;;;;;
699801;treatment;before visit;2023-07-27 23:59:59+00:00;7.64;;;9.5;;;;;;
699801;treatment;before visit;2023-07-28 23:59:59+00:00;9.11;;;11.31;;;;;;
699801;treatment;before visit;2023-07-29 23:59:59+00:00;7.42;;;5.65;;;;;;
699801;treatment;before visit;2023-07-30 23:59:59+00:00;5.11;;;15.81;;;;;;
699801;treatment;before visit;2023-07-31 23:59:59+00:00;6.06;;;13.91;;;;;;
699801;treatment;before visit;2023-08-01 23:59:59+00:00;11.04;;;6.67;;;;;;
699801;treatment;before visit;2023-08-02 23:59:59+00:00;6.27;;;12.06;;;;;;
699801;treatment;before visit;2023-08-03 23:59:59+00:00;5.9;;;16.87;;;;;;
699801;treatment;before visit;2023-08-04 23:59:59+00:00;7.39;;;10.69;;;;;;
699801;treatment;before visit;2023-08-05 23:59:59+00:00;8.83;;;8.44;;;;;;
699801;treatment;before visit;2023-08-06 23:59:59+00:00;15.11;;;4.93;;;;;;
699801;treatment;before visit;2023-08-07 23:59:59+00:00;8.67;;;8.68;;;;;;
699801;treatment;before visit;2023-08-08 23:59:59+00:00;5.99;;;12.24;;;;;;
699801;treatment;before visit;2023-08-09 23:59:59+00:00;7.38;;;8.62;;;;;;
699801;treatment;before visit;2023-08-10 23:59:59+00:00;4.96;;;15.75;;;;;;
699801;treatment;before visit;2023-08-11 23:59:59+00:00;4.03;;;16.35;;;;;;
699801;treatment;before visit;2023-08-12 23:59:59+00:00;7.74;;;8.58;;;;;;
699801;treatment;before visit;2023-08-13 23:59:59+00:00;7.06;;;12.95;;;;;;
699801;treatment;before visit;2023-08-14 23:59:59+00:00;6.52;;;16.41;;;;;;
699801;treatment;before visit;2023-08-15 23:59:59+00:00;7.42;;;16.26;;;;;;
699801;treatment;before visit;2023-08-16 23:59:59+00:00;8.04;;;18.54;;;;;;
699801;treatment;before visit;2023-08-17 23:59:59+00:00;5.17;;;11.82;;;;;;
699801;treatment;before visit;2023-08-18 23:59:59+00:00;5.38;;;18.0;;;;;;
699801;treatment;before visit;2023-08-19 23:59:59+00:00;3.83;;;16.29;;;;;;
699801;treatment;before visit;2023-08-20 23:59:59+00:00;3.59;;;17.61;;;;;;
699801;treatment;before visit;2023-08-21 23:59:59+00:00;3.88;;;14.95;;;;;;
699801;treatment;before visit;2023-08-22 23:59:59+00:00;3.86;;;16.4;;;;;;
699801;treatment;before visit;2023-08-23 23:59:59+00:00;4.1;;;16.64;;;;;;
699801;treatment;before visit;2023-08-24 23:59:59+00:00;4.16;;;15.08;;;;;;
699801;treatment;before visit;2023-08-25 23:59:59+00:00;7.24;;;7.78;;;;;;
699801;treatment;before visit;2023-08-26 23:59:59+00:00;8.45;;;3.18;;;;;;
699801;treatment;before visit;2023-08-27 23:59:59+00:00;12.42;;;3.14;;;;;;
699801;treatment;before visit;2023-08-28 23:59:59+00:00;17.92;;;1.42;;;;;;
699801;treatment;before visit;2023-08-29 23:59:59+00:00;21.76;;;2.1;;;;;;
699801;treatment;before visit;2023-08-30 23:59:59+00:00;19.79;;;9.24;;;;;;
699801;treatment;before visit;2023-08-31 23:59:59+00:00;22.3;;;5.28;;;;;;
699801;treatment;before visit;2023-09-01 23:59:59+00:00;15.96;;;14.15;;;;;;
699801;treatment;before visit;2023-09-02 23:59:59+00:00;12.18;;;12.64;;;;;;
699801;treatment;before visit;2023-09-03 23:59:59+00:00;4.85;;;12.1;;;;;;
699801;treatment;before visit;2023-09-04 23:59:59+00:00;6.73;;;12.7;;;;;;
699801;treatment;before visit;2023-09-05 23:59:59+00:00;5.84;;;12.5;;;;;;
699801;treatment;before visit;2023-09-06 23:59:59+00:00;4.24;;;13.59;;;;;;
699801;treatment;before visit;2023-09-07 23:59:59+00:00;8.53;;;12.75;;;;;;
699801;treatment;before visit;2023-09-08 23:59:59+00:00;5.87;;;13.06;;;;;;
699801;treatment;before visit;2023-09-09 23:59:59+00:00;4.63;;;12.13;;;;;;
699801;treatment;before visit;2023-09-10 23:59:59+00:00;5.71;;;13.69;;;;;;
699801;treatment;before visit;2023-09-11 23:59:59+00:00;5.59;;;11.12;;;;;;
699801;treatment;before visit;2023-09-12 23:59:59+00:00;4.61;;;11.62;;;;;;
699801;treatment;before visit;2023-09-13 23:59:59+00:00;9.24;;;5.66;;;;;;
699801;treatment;before visit;2023-09-14 23:59:59+00:00;7.11;;;6.16;;;;;;
699801;treatment;before visit;2023-09-15 23:59:59+00:00;7.26;;;6.84;;;;;;
699801;treatment;before visit;2023-09-16 23:59:59+00:00;7.92;;;9.99;;;;;;
699801;treatment;before visit;2023-09-17 23:59:59+00:00;5.62;;;9.59;;;;;;
699801;treatment;before visit;2023-09-18 23:59:59+00:00;10.46;;;3.63;;;;;;
699801;treatment;before visit;2023-09-19 23:59:59+00:00;8.16;;;8.93;;;;;;
699801;treatment;before visit;2023-09-20 23:59:59+00:00;6.98;;;10.55;;;;;;
699801;treatment;before visit;2023-09-21 23:59:59+00:00;6.62;;;6.74;;;;;;
699801;treatment;before visit;2023-09-22 23:59:59+00:00;13.07;;;4.36;;;;;;
699801;treatment;before visit;2023-09-23 23:59:59+00:00;12.27;;;4.14;;;;;;
699801;treatment;before visit;2023-09-24 23:59:59+00:00;13.16;;;6.1;;;;;;
699801;treatment;before visit;2023-09-25 23:59:59+00:00;23.84;;;9.27;;;;;;
699801;treatment;before visit;2023-09-26 23:59:59+00:00;21.11;;;9.0;;;;;;
699801;treatment;before visit;2023-09-27 23:59:59+00:00;20.51;;;8.63;;;;;;
699801;treatment;before visit;2023-09-28 23:59:59+00:00;17.7;;;9.31;;;;;;
699801;treatment;before visit;2023-09-29 23:59:59+00:00;16.45;;;9.63;;;;;;
699801;treatment;before visit;2023-09-30 23:59:59+00:00;18.55;;;7.43;;;;;;
699801;treatment;before visit;2023-10-01 23:59:59+00:00;15.86;;;9.86;;;;;;
699801;treatment;before visit;2023-10-02 23:59:59+00:00;16.34;;;9.01;;;;;;
699801;treatment;before visit;2023-10-03 23:59:59+00:00;16.73;;;7.29;;;;;;
699801;treatment;before visit;2023-10-04 23:59:59+00:00;17.02;;;9.33;;;;;;
699801;treatment;before visit;2023-10-05 23:59:59+00:00;20.56;;;7.5;;;;;;
699801;treatment;before visit;2023-10-06 23:59:59+00:00;20.19;;;7.65;;;;;;
699801;treatment;before visit;2023-10-07 23:59:59+00:00;21.54;;;7.8;;;;;;
699801;treatment;before visit;2023-10-08 23:59:59+00:00;19.76;;;7.91;;;;;;
699801;treatment;before visit;2023-10-09 23:59:59+00:00;19.81;;;5.03;;;;;;
699801;treatment;before visit;2023-10-10 23:59:59+00:00;16.73;;;7.23;;;;;;
699801;treatment;before visit;2023-10-11 23:59:59+00:00;16.88;;;8.55;;;;;;
699801;treatment;before visit;2023-10-12 23:59:59+00:00;15.78;;;7.99;;;;;;
699801;treatment;before visit;2023-10-13 23:59:59+00:00;15.19;;;8.66;;;;;;
699801;treatment;before visit;2023-10-14 23:59:59+00:00;22.62;;;2.28;;;;;;
699801;treatment;before visit;2023-10-15 23:59:59+00:00;31.84;;;3.69;;;;;;
699801;treatment;before visit;2023-10-16 23:59:59+00:00;29.22;;;6.66;;;;;;
699801;treatment;before visit;2023-10-17 23:59:59+00:00;40.78;;;2.56;;;;;;
699801;treatment;before visit;2023-10-18 23:59:59+00:00;40.93;;;0.51;;;;;;
699801;treatment;before visit;2023-10-19 23:59:59+00:00;33.55;;;2.3;;;;;;
699801;treatment;before visit;2023-10-20 23:59:59+00:00;33.07;;;0.28;;;;;;
699801;treatment;before visit;2023-10-21 23:59:59+00:00;34.04;;;1.88;;;;;;
699801;treatment;before visit;2023-10-22 23:59:59+00:00;29.01;;;4.87;;;;;;
699801;treatment;before visit;2023-10-23 23:59:59+00:00;35.0;;;2.32;;;;;;
699801;treatment;before visit;2023-10-24 23:59:59+00:00;40.01;;;0.32;;;;;;
699801;treatment;before visit;2023-10-25 23:59:59+00:00;38.06;;;1.13;;;;;;
699801;treatment;before visit;2023-10-26 23:59:59+00:00;40.17;;;1.03;;;;;;
699801;treatment;before visit;2023-10-27 23:59:59+00:00;35.25;;;3.13;;;;;;
699801;treatment;before visit;2023-10-28 23:59:59+00:00;33.03;;;3.79;;;;;;
699801;treatment;before visit;2023-10-29 23:59:59+00:00;31.92;;;2.38;;;;;;
699801;treatment;before visit;2023-10-30 23:59:59+00:00;34.6;;;1.29;;;;;;
699801;treatment;before visit;2023-10-31 23:59:59+00:00;36.8;;;1.2;;;;;;
699801;treatment;before visit;2023-11-01 23:59:59+00:00;37.95;;;2.75;;;;;;
699801;treatment;before visit;2023-11-02 23:59:59+00:00;43.62;;;0.04;;;;;;
699801;treatment;before visit;2023-11-03 23:59:59+00:00;58.87;;;0.11;;;;;;
699801;treatment;before visit;2023-11-04 23:59:59+00:00;64.71;;;0.07;;;;;;
699801;treatment;before visit;2023-11-05 23:59:59+00:00;53.41;;;0.86;;;;;;
699801;treatment;before visit;2023-11-06 23:59:59+00:00;47.45;;;1.35;;;;;;
699801;treatment;before visit;2023-11-07 23:59:59+00:00;59.92;;;0.89;;;;;;
699801;treatment;before visit;2023-11-08 23:59:59+00:00;52.83;;;0.95;;;;;;
699801;treatment;before visit;2023-11-09 23:59:59+00:00;60.79;;;;;;;;;
699801;treatment;before visit;2023-11-10 23:59:59+00:00;61.54;;;0.25;;;;;;
699801;treatment;before visit;2023-11-11 23:59:59+00:00;61.68;;;;;;;;;
699801;treatment;before visit;2023-11-12 23:59:59+00:00;64.84;;;;;;;;;
699801;treatment;before visit;2023-11-13 23:59:59+00:00;48.25;;;0.05;;;;;;
699801;treatment;before visit;2023-11-14 23:59:59+00:00;46.97;;;0.01;;;;;;
699801;treatment;before visit;2023-11-15 23:59:59+00:00;51.27;;;0.82;;;;;;
699801;treatment;before visit;2023-11-16 23:59:59+00:00;58.04;;;0.04;;;;;;
699801;treatment;before visit;2023-11-17 23:59:59+00:00;62.13;;;;;;;;;
699801;treatment;before visit;2023-11-18 23:59:59+00:00;57.9;;;;;;;;;
699801;treatment;before visit;2023-11-19 23:59:59+00:00;56.74;;;0.12;;;;;;
699801;treatment;before visit;2023-11-20 23:59:59+00:00;60.41;;;0.82;;;;;;
699801;treatment;before visit;2023-11-21 23:59:59+00:00;64.98;;;0.04;;;;;;
699801;treatment;before visit;2023-11-22 23:59:59+00:00;62.05;;;;;;;;;
699801;treatment;before visit;2023-11-23 23:59:59+00:00;52.86;;;0.05;;;;;;
699801;treatment;before visit;2023-11-24 23:59:59+00:00;53.17;;;;;;;;;
699801;treatment;before visit;2023-11-25 23:59:59+00:00;58.54;;;;;;;;;
699801;treatment;before visit;2023-11-26 23:59:59+00:00;37.98;;;0.94;;;;;;
699801;treatment;before visit;2023-11-27 23:59:59+00:00;51.02;;;1.21;;;;;;
699801;treatment;before visit;2023-11-28 23:59:59+00:00;37.5;;;0.51;;;;;;
699801;treatment;before visit;2023-11-29 23:59:59+00:00;47.33;;;;;;;;;
699801;treatment;before visit;2023-11-30 23:59:59+00:00;41.01;;;;;;;;;
699801;treatment;before visit;2023-12-01 23:59:59+00:00;44.64;;;;;;;;;
699801;treatment;before visit;2023-12-02 23:59:59+00:00;48.37;;;;;;;;;
699801;treatment;before visit;2023-12-03 23:59:59+00:00;49.53;;;;;;;;;
699801;treatment;before visit;2023-12-04 23:59:59+00:00;64.5;;;;;;;;;
699801;treatment;before visit;2023-12-05 23:59:59+00:00;67.59;;;;;;;;;
699801;treatment;before visit;2023-12-06 23:59:59+00:00;67.08;;;;;;;;;
699801;treatment;before visit;2023-12-07 23:59:59+00:00;55.0;;;;;;;;;
699801;treatment;before visit;2023-12-08 23:59:59+00:00;69.0;;;;;;;;;
699801;treatment;before visit;2023-12-09 23:59:59+00:00;69.54;;;;;;;;;
699801;treatment;before visit;2023-12-10 23:59:59+00:00;61.91;;;;;;;;;
699801;treatment;before visit;2023-12-11 23:59:59+00:00;68.82;;;0.03;;;;;;
699801;treatment;before visit;2023-12-12 23:59:59+00:00;60.9;;;0.07;;;;;;
699801;treatment;before visit;2023-12-13 23:59:59+00:00;66.01;;;;;;;;;
699801;treatment;before visit;2023-12-14 23:59:59+00:00;64.7;;;;;;;;;
699801;treatment;before visit;2023-12-15 23:59:59+00:00;67.33;;;;;;;;;
699801;treatment;before visit;2023-12-16 23:59:59+00:00;66.24;;;0.01;;;;;;
699801;treatment;before visit;2023-12-17 23:59:59+00:00;36.96;;;0.2;;;;;;
699801;treatment;before visit;2023-12-18 23:59:59+00:00;68.29;;;0.18;;;;;;
699801;treatment;before visit;2023-12-19 23:59:59+00:00;66.95;;;0.12;;;;;;
699801;treatment;before visit;2023-12-20 23:59:59+00:00;69.08;;;;;;;;;
699801;treatment;before visit;2023-12-21 23:59:59+00:00;68.75;;;;;;;;;
699801;treatment;before visit;2023-12-22 23:59:59+00:00;67.42;;;;;;;;;
699801;treatment;before visit;2023-12-23 23:59:59+00:00;67.85;;;;;;;;;
699801;treatment;before visit;2023-12-24 23:59:59+00:00;64.58;;;;;;;;;
699801;treatment;before visit;2023-12-25 23:59:59+00:00;61.77;;;0.08;;;;;;
699801;treatment;before visit;2023-12-26 23:59:59+00:00;59.39;;;;;;;;;
699801;treatment;before visit;2023-12-27 23:59:59+00:00;59.81;;;;;;;;;
699801;treatment;before visit;2023-12-28 23:59:59+00:00;67.6;;;;;;;;;
699801;treatment;before visit;2023-12-29 23:59:59+00:00;64.59;;;0.12;;;;;;
699801;treatment;before visit;2023-12-30 23:59:59+00:00;62.51;;;0.23;;;;;;
699801;treatment;before visit;2023-12-31 23:59:59+00:00;61.04;;;0.01;;;;;;
699801;treatment;before visit;2024-01-01 23:59:59+00:00;64.76;;;;;;;;;
699801;treatment;before visit;2024-01-02 23:59:59+00:00;69.11;;;;;;;;;
699801;treatment;before visit;2024-01-03 23:59:59+00:00;59.73;;;0.31;;;;;;
699801;treatment;before visit;2024-01-04 23:59:59+00:00;62.99;;;;;;;;;
699801;treatment;before visit;2024-01-05 23:59:59+00:00;62.59;;;;;;;;;
699801;treatment;before visit;2024-01-06 23:59:59+00:00;66.23;;;;;;;;;
699801;treatment;before visit;2024-01-07 23:59:59+00:00;64.6;;;;;;;;;
699801;treatment;before visit;2024-01-08 23:59:59+00:00;34.99;;;;;;;;;
699801;treatment;before visit;2024-01-09 23:59:59+00:00;37.86;;;;;;;;;
699801;treatment;before visit;2024-01-10 23:59:59+00:00;41.59;;;;;;;;;
699801;treatment;before visit;2024-01-11 23:59:59+00:00;62.28;;;;;;;;;
699801;treatment;before visit;2024-01-12 23:59:59+00:00;67.07;;;;;;;;;
699801;treatment;before visit;2024-01-13 23:59:59+00:00;69.57;;;;;;;;;
699801;treatment;before visit;2024-01-14 23:59:59+00:00;51.66;;;0.01;;;;;;
699801;treatment;before visit;2024-01-15 23:59:59+00:00;45.57;;;;;;;;;
699801;treatment;before visit;2024-01-16 23:59:59+00:00;44.29;;;2.0;;;;;;
699801;treatment;before visit;2024-01-17 23:59:59+00:00;53.95;;;0.04;;;;;;
699801;treatment;before visit;2024-01-18 23:59:59+00:00;63.36;;;0.01;;;;;;
699801;treatment;before visit;2024-01-19 23:59:59+00:00;50.7;;;;;;;;;
699801;treatment;before visit;2024-01-20 23:59:59+00:00;68.11;;;;;;;;;
699801;treatment;before visit;2024-01-21 23:59:59+00:00;50.13;;;0.49;;;;;;
699801;treatment;before visit;2024-01-22 23:59:59+00:00;63.95;;;0.02;;;;;;
699801;treatment;before visit;2024-01-23 23:59:59+00:00;65.35;;;;;;;;;
699801;treatment;before visit;2024-01-24 23:59:59+00:00;56.45;;;0.43;;;;;;
699801;treatment;during visit;2024-01-25 23:59:59+00:00;56.79;;;0.7;;;;;;
699801;treatment;after visit;2024-01-26 23:59:59+00:00;61.24;;;0.09;;;;;;
699801;treatment;after visit;2024-01-27 23:59:59+00:00;43.08;;;;;;;;;
699801;treatment;after visit;2024-01-28 23:59:59+00:00;56.4;;;;;;;;;
699801;treatment;after visit;2024-01-29 23:59:59+00:00;44.15;;;1.9;;;;;;
699801;treatment;after visit;2024-01-30 23:59:59+00:00;56.27;;;1.24;;;;;;
699801;treatment;after visit;2024-01-31 23:59:59+00:00;61.95;;;;;;;;;
699801;treatment;after visit;2024-02-01 23:59:59+00:00;64.83;;;;;;;;;
699801;treatment;after visit;2024-02-02 23:59:59+00:00;60.88;;;0.04;;;;;;
699801;treatment;after visit;2024-02-03 23:59:59+00:00;49.03;;;0.9;;;;;;
699801;treatment;after visit;2024-02-04 23:59:59+00:00;51.26;;;0.07;;;;;;
699801;treatment;after visit;2024-02-05 23:59:59+00:00;53.53;;;0.35;;;;;;
699801;treatment;after visit;2024-02-06 23:59:59+00:00;52.79;;;0.43;;;;;;
699801;treatment;after visit;2024-02-07 23:59:59+00:00;59.25;;;;;;;;;
699801;treatment;after visit;2024-02-08 23:59:59+00:00;59.8;;;0.14;;;;;;
699801;treatment;after visit;2024-02-09 23:59:59+00:00;59.42;;;0.07;;;;;;
699801;treatment;after visit;2024-02-10 23:59:59+00:00;54.48;;;0.95;;;;;;
699801;treatment;after visit;2024-02-11 23:59:59+00:00;59.59;;;0.59;;;;;;
699801;treatment;after visit;2024-02-12 23:59:59+00:00;62.93;;;;;;;;;
699801;treatment;after visit;2024-02-13 23:59:59+00:00;48.44;;;1.03;;;;;;
699801;treatment;after visit;2024-02-14 23:59:59+00:00;51.98;;;1.61;;;;;;
699801;treatment;after visit;2024-02-15 23:59:59+00:00;46.86;;;2.18;;;;;;
699801;treatment;after visit;2024-02-16 23:59:59+00:00;40.49;;;2.27;;;;;;
699801;treatment;after visit;2024-02-17 23:59:59+00:00;45.02;;;0.59;;;;;;
699801;treatment;after visit;2024-02-18 23:59:59+00:00;50.23;;;1.3;;;;;;
699801;treatment;after visit;2024-02-19 23:59:59+00:00;53.95;;;1.53;;;;;;
699801;treatment;after visit;2024-02-20 23:59:59+00:00;55.07;;;0.6;;;;;;
699801;treatment;after visit;2024-02-21 23:59:59+00:00;45.16;;;1.58;;;;;;
699801;treatment;after visit;2024-02-22 23:59:59+00:00;53.54;;;0.07;;;;;;
699801;treatment;after visit;2024-02-23 23:59:59+00:00;53.06;;;0.22;;;;;;
699801;treatment;after visit;2024-02-24 23:59:59+00:00;50.63;;;1.04;;;;;;
699801;treatment;after visit;2024-02-25 23:59:59+00:00;48.0;;;3.17;;;;;;
699801;treatment;after visit;2024-02-26 23:59:59+00:00;54.94;;;0.39;;;;;;
699801;treatment;after visit;2024-02-27 23:59:59+00:00;56.47;;;0.17;;;;;;
699801;treatment;after visit;2024-02-28 23:59:59+00:00;63.42;;;;;;;;;
699801;treatment;after visit;2024-02-29 23:59:59+00:00;54.78;;;1.15;;;;;;
699801;treatment;after visit;2024-03-01 23:59:59+00:00;65.2;;;;;;;;;
699801;treatment;after visit;2024-03-02 23:59:59+00:00;52.84;;;0.28;;;;;;
699801;treatment;after visit;2024-03-03 23:59:59+00:00;51.32;;;3.63;;;;;;
699801;treatment;after visit;2024-03-04 23:59:59+00:00;63.66;;;0.82;;;;;;
699801;treatment;after visit;2024-03-05 23:59:59+00:00;61.44;;;0.97;;;;;;
699801;treatment;after visit;2024-03-06 23:59:59+00:00;70.51;;;0.43;;;;;;
699801;treatment;after visit;2024-03-07 23:59:59+00:00;72.03;;;0.22;;;;;;
699801;treatment;after visit;2024-03-08 23:59:59+00:00;65.29;;;1.61;;;;;;
699801;treatment;after visit;2024-03-09 23:59:59+00:00;53.69;;;3.28;;;;;;
699801;treatment;after visit;2024-03-10 23:59:59+00:00;60.15;;;0.62;;;;;;
699801;treatment;after visit;2024-03-11 23:59:59+00:00;52.01;;;4.79;;;;;;
699801;treatment;after visit;2024-03-12 23:59:59+00:00;64.68;;;0.51;;;;;;
699801;treatment;after visit;2024-03-13 23:59:59+00:00;57.81;;;1.64;;;;;;
699801;treatment;after visit;2024-03-14 23:59:59+00:00;51.93;;;3.32;;;;;;
699801;treatment;after visit;2024-03-15 23:59:59+00:00;40.89;;;5.7;;;;;;
699801;treatment;after visit;2024-03-16 23:59:59+00:00;48.78;;;3.37;;;;;;
699801;treatment;after visit;2024-03-17 23:59:59+00:00;50.1;;;1.84;;;;;;
699801;treatment;after visit;2024-03-18 23:59:59+00:00;48.71;;;0.93;;;;;;
699801;treatment;after visit;2024-03-19 23:59:59+00:00;45.53;;;4.03;;;;;;
699801;treatment;after visit;2024-03-20 23:59:59+00:00;37.74;;;6.99;;;;;;
