Household_ID;Group;AffectsTimePoint;Timestamp;kWh_received_Total;kWh_received_HeatPump;kWh_received_Other;kWh_returned_Total;kvarh_received_capacitive_Total;kvarh_received_capacitive_HeatPump;kvarh_received_capacitive_Other;kvarh_received_inductive_Total;kvarh_received_inductive_HeatPump;kvarh_received_inductive_Other
7146661;treatment;before visit;2019-03-02 23:59:59+00:00;25.53;;;;;;;;;
7146661;treatment;before visit;2019-03-03 23:59:59+00:00;23.36;;;;;;;;;
7146661;treatment;before visit;2019-03-04 23:59:59+00:00;22.93;;;;;;;;;
7146661;treatment;before visit;2019-03-05 23:59:59+00:00;20.51;;;;;;;;;
7146661;treatment;before visit;2019-03-06 23:59:59+00:00;24.46;;;;;;;;;
7146661;treatment;before visit;2019-03-07 23:59:59+00:00;28.47;;;;;;;;;
7146661;treatment;before visit;2019-03-08 23:59:59+00:00;26.0;;;;;;;;;
7146661;treatment;before visit;2019-03-09 23:59:59+00:00;26.84;;;;;;;;;
7146661;treatment;before visit;2019-03-10 23:59:59+00:00;25.71;;;;;;;;;
7146661;treatment;before visit;2019-03-11 23:59:59+00:00;19.9;;;;;;;;;
7146661;treatment;before visit;2019-03-12 23:59:59+00:00;22.93;;;;;;;;;
7146661;treatment;before visit;2019-03-13 23:59:59+00:00;19.95;;;;;;;;;
7146661;treatment;before visit;2019-03-14 23:59:59+00:00;21.52;;;;;;;;;
7146661;treatment;before visit;2019-03-15 23:59:59+00:00;19.78;;;;;;;;;
7146661;treatment;before visit;2019-03-16 23:59:59+00:00;22.14;;;;;;;;;
7146661;treatment;before visit;2019-03-17 23:59:59+00:00;25.64;;;;;;;;;
7146661;treatment;before visit;2019-03-18 23:59:59+00:00;25.38;;;;;;;;;
7146661;treatment;before visit;2019-03-19 23:59:59+00:00;22.99;;;;;;;;;
7146661;treatment;before visit;2019-03-20 23:59:59+00:00;19.94;;;;;;;;;
7146661;treatment;before visit;2019-03-21 23:59:59+00:00;21.62;;;;;;;;;
7146661;treatment;before visit;2019-03-22 23:59:59+00:00;28.21;;;;;;;;;
7146661;treatment;before visit;2019-03-23 23:59:59+00:00;19.52;;;;;;;;;
7146661;treatment;before visit;2019-03-24 23:59:59+00:00;18.28;;;;;;;;;
7146661;treatment;before visit;2019-03-25 23:59:59+00:00;17.22;;;;;;;;;
7146661;treatment;before visit;2019-03-26 23:59:59+00:00;18.08;;;;;;;;;
7146661;treatment;before visit;2019-03-27 23:59:59+00:00;18.42;;;;;;;;;
7146661;treatment;before visit;2019-03-28 23:59:59+00:00;18.84;;;;;;;;;
7146661;treatment;before visit;2019-03-29 23:59:59+00:00;19.32;;;;;;;;;
7146661;treatment;before visit;2019-03-30 23:59:59+00:00;23.46;;;;;;;;;
7146661;treatment;before visit;2019-03-31 23:59:59+00:00;14.73;;;;;;;;;
7146661;treatment;before visit;2019-04-01 23:59:59+00:00;22.59;;;;;;;;;
7146661;treatment;before visit;2019-04-02 23:59:59+00:00;22.29;;;;;;;;;
7146661;treatment;before visit;2019-04-03 23:59:59+00:00;28.56;;;;;;;;;
7146661;treatment;before visit;2019-04-04 23:59:59+00:00;20.34;;;;;;;;;
7146661;treatment;before visit;2019-04-05 23:59:59+00:00;20.26;;;;;;;;;
7146661;treatment;before visit;2019-04-06 23:59:59+00:00;25.82;;;;;;;;;
7146661;treatment;before visit;2019-04-07 23:59:59+00:00;24.28;;;;;;;;;
7146661;treatment;before visit;2019-04-08 23:59:59+00:00;25.0;;;;;;;;;
7146661;treatment;before visit;2019-04-09 23:59:59+00:00;19.03;;;;;;;;;
7146661;treatment;before visit;2019-04-10 23:59:59+00:00;20.47;;;;;;;;;
7146661;treatment;before visit;2019-04-11 23:59:59+00:00;21.74;;;;;;;;;
7146661;treatment;before visit;2019-04-12 23:59:59+00:00;25.38;;;;;;;;;
7146661;treatment;before visit;2019-04-13 23:59:59+00:00;26.14;;;;;;;;;
7146661;treatment;before visit;2019-04-14 23:59:59+00:00;21.86;;;;;;;;;
7146661;treatment;before visit;2019-04-15 23:59:59+00:00;22.03;;;;;;;;;
7146661;treatment;before visit;2019-04-16 23:59:59+00:00;18.12;;;;;;;;;
7146661;treatment;before visit;2019-04-17 23:59:59+00:00;18.66;;;;;;;;;
7146661;treatment;before visit;2019-04-18 23:59:59+00:00;21.99;;;;;;;;;
7146661;treatment;before visit;2019-04-19 23:59:59+00:00;27.09;;;;;;;;;
7146661;treatment;before visit;2019-04-20 23:59:59+00:00;18.86;;;;;;;;;
7146661;treatment;before visit;2019-04-21 23:59:59+00:00;25.08;;;;;;;;;
7146661;treatment;before visit;2019-04-22 23:59:59+00:00;22.35;;;;;;;;;
7146661;treatment;before visit;2019-04-23 23:59:59+00:00;14.33;;;;;;;;;
7146661;treatment;before visit;2019-04-24 23:59:59+00:00;13.43;;;;;;;;;
7146661;treatment;before visit;2019-04-25 23:59:59+00:00;14.28;;;;;;;;;
7146661;treatment;before visit;2019-04-26 23:59:59+00:00;17.26;;;;;;;;;
7146661;treatment;before visit;2019-04-27 23:59:59+00:00;22.73;;;;;;;;;
7146661;treatment;before visit;2019-04-28 23:59:59+00:00;17.34;;;;;;;;;
7146661;treatment;before visit;2019-04-29 23:59:59+00:00;29.84;;;;;;;;;
7146661;treatment;before visit;2019-04-30 23:59:59+00:00;20.5;;;;;;;;;
7146661;treatment;before visit;2019-05-01 23:59:59+00:00;17.35;;;;;;;;;
7146661;treatment;before visit;2019-05-02 23:59:59+00:00;17.21;;;;;;;;;
7146661;treatment;before visit;2019-05-03 23:59:59+00:00;18.69;;;;;;;;;
7146661;treatment;before visit;2019-05-04 23:59:59+00:00;31.15;;;;;;;;;
7146661;treatment;before visit;2019-05-05 23:59:59+00:00;25.24;;;;;;;;;
7146661;treatment;before visit;2019-05-06 23:59:59+00:00;23.19;;;;;;;;;
7146661;treatment;before visit;2019-05-07 23:59:59+00:00;19.76;;;;;;;;;
7146661;treatment;before visit;2019-05-08 23:59:59+00:00;19.49;;;;;;;;;
7146661;treatment;before visit;2019-05-09 23:59:59+00:00;19.93;;;;;;;;;
7146661;treatment;before visit;2019-05-10 23:59:59+00:00;16.52;;;;;;;;;
7146661;treatment;before visit;2019-05-11 23:59:59+00:00;18.08;;;;;;;;;
7146661;treatment;before visit;2019-05-12 23:59:59+00:00;16.49;;;;;;;;;
7146661;treatment;before visit;2019-05-13 23:59:59+00:00;17.41;;;;;;;;;
7146661;treatment;before visit;2019-05-14 23:59:59+00:00;17.84;;;;;;;;;
7146661;treatment;before visit;2019-05-15 23:59:59+00:00;17.08;;;;;;;;;
7146661;treatment;before visit;2019-05-16 23:59:59+00:00;17.74;;;;;;;;;
7146661;treatment;before visit;2019-05-17 23:59:59+00:00;15.47;;;;;;;;;
7146661;treatment;before visit;2019-05-18 23:59:59+00:00;16.68;;;;;;;;;
7146661;treatment;before visit;2019-05-19 23:59:59+00:00;16.96;;;;;;;;;
7146661;treatment;before visit;2019-05-20 23:59:59+00:00;16.85;;;;;;;;;
7146661;treatment;before visit;2019-05-21 23:59:59+00:00;17.07;;;;;;;;;
7146661;treatment;before visit;2019-05-22 23:59:59+00:00;17.55;;;;;;;;;
7146661;treatment;before visit;2019-05-23 23:59:59+00:00;15.56;;;;;;;;;
7146661;treatment;before visit;2019-05-24 23:59:59+00:00;15.0;;;;;;;;;
7146661;treatment;before visit;2019-05-25 23:59:59+00:00;19.93;;;;;;;;;
7146661;treatment;before visit;2019-05-26 23:59:59+00:00;27.47;;;;;;;;;
7146661;treatment;before visit;2019-05-27 23:59:59+00:00;23.74;;;;;;;;;
7146661;treatment;before visit;2019-05-28 23:59:59+00:00;20.73;;;;;;;;;
7146661;treatment;before visit;2019-05-29 23:59:59+00:00;21.82;;;;;;;;;
7146661;treatment;before visit;2019-05-30 23:59:59+00:00;20.13;;;;;;;;;
7146661;treatment;before visit;2019-05-31 23:59:59+00:00;21.99;;;;;;;;;
7146661;treatment;before visit;2019-06-01 23:59:59+00:00;18.84;;;;;;;;;
7146661;treatment;before visit;2019-06-02 23:59:59+00:00;19.06;;;;;;;;;
7146661;treatment;before visit;2019-06-03 23:59:59+00:00;19.34;;;;;;;;;
7146661;treatment;before visit;2019-06-04 23:59:59+00:00;23.09;;;;;;;;;
7146661;treatment;before visit;2019-06-05 23:59:59+00:00;21.8;;;;;;;;;
7146661;treatment;before visit;2019-06-06 23:59:59+00:00;18.32;;;;;;;;;
7146661;treatment;before visit;2019-06-07 23:59:59+00:00;17.01;;;;;;;;;
7146661;treatment;before visit;2019-06-08 23:59:59+00:00;12.55;;;;;;;;;
7146661;treatment;before visit;2019-06-09 23:59:59+00:00;11.86;;;;;;;;;
7146661;treatment;before visit;2019-06-10 23:59:59+00:00;16.52;;;;;;;;;
7146661;treatment;before visit;2019-06-11 23:59:59+00:00;23.46;;;;;;;;;
7146661;treatment;before visit;2019-06-12 23:59:59+00:00;21.75;;;;;;;;;
7146661;treatment;before visit;2019-06-13 23:59:59+00:00;25.42;;;;;;;;;
7146661;treatment;before visit;2019-06-14 23:59:59+00:00;16.33;;;;;;;;;
7146661;treatment;before visit;2019-06-15 23:59:59+00:00;19.39;;;;;;;;;
7146661;treatment;before visit;2019-06-16 23:59:59+00:00;25.53;;;;;;;;;
7146661;treatment;before visit;2019-06-17 23:59:59+00:00;18.51;;;;;;;;;
7146661;treatment;before visit;2019-06-18 23:59:59+00:00;15.92;;;;;;;;;
7146661;treatment;before visit;2019-06-19 23:59:59+00:00;18.92;;;;;;;;;
7146661;treatment;before visit;2019-06-20 23:59:59+00:00;17.75;;;;;;;;;
7146661;treatment;before visit;2019-06-21 23:59:59+00:00;26.18;;;;;;;;;
7146661;treatment;before visit;2019-06-22 23:59:59+00:00;22.5;;;;;;;;;
7146661;treatment;before visit;2019-06-23 23:59:59+00:00;18.1;;;;;;;;;
7146661;treatment;before visit;2019-06-24 23:59:59+00:00;21.16;;;;;;;;;
7146661;treatment;before visit;2019-06-25 23:59:59+00:00;14.89;;;;;;;;;
7146661;treatment;before visit;2019-06-26 23:59:59+00:00;20.43;;;;;;;;;
7146661;treatment;before visit;2019-06-27 23:59:59+00:00;16.31;;;;;;;;;
7146661;treatment;before visit;2019-06-28 23:59:59+00:00;22.4;;;;;;;;;
7146661;treatment;before visit;2019-06-29 23:59:59+00:00;17.67;;;;;;;;;
7146661;treatment;before visit;2019-06-30 23:59:59+00:00;16.12;;;;;;;;;
7146661;treatment;before visit;2019-07-01 23:59:59+00:00;13.53;;;;;;;;;
7146661;treatment;before visit;2019-07-02 23:59:59+00:00;13.77;;;;;;;;;
7146661;treatment;before visit;2019-07-03 23:59:59+00:00;14.14;;;;;;;;;
7146661;treatment;before visit;2019-07-04 23:59:59+00:00;13.47;;;;;;;;;
7146661;treatment;before visit;2019-07-05 23:59:59+00:00;11.77;;;;;;;;;
7146661;treatment;before visit;2019-07-06 23:59:59+00:00;11.05;;;;;;;;;
7146661;treatment;before visit;2019-07-07 23:59:59+00:00;11.4;;;;;;;;;
7146661;treatment;before visit;2019-07-08 23:59:59+00:00;14.97;;;;;;;;;
7146661;treatment;before visit;2019-07-09 23:59:59+00:00;18.56;;;;;;;;;
7146661;treatment;before visit;2019-07-10 23:59:59+00:00;15.77;;;;;;;;;
7146661;treatment;before visit;2019-07-11 23:59:59+00:00;27.36;;;;;;;;;
7146661;treatment;before visit;2019-07-12 23:59:59+00:00;18.88;;;;;;;;;
7146661;treatment;before visit;2019-07-13 23:59:59+00:00;20.06;;;;;;;;;
7146661;treatment;before visit;2019-07-14 23:59:59+00:00;18.32;;;;;;;;;
7146661;treatment;before visit;2019-07-15 23:59:59+00:00;20.3;;;;;;;;;
7146661;treatment;before visit;2019-07-16 23:59:59+00:00;14.98;;;;;;;;;
7146661;treatment;before visit;2019-07-17 23:59:59+00:00;17.25;;;;;;;;;
7146661;treatment;before visit;2019-07-18 23:59:59+00:00;17.72;;;;;;;;;
7146661;treatment;before visit;2019-07-19 23:59:59+00:00;22.46;;;;;;;;;
7146661;treatment;before visit;2019-07-20 23:59:59+00:00;19.68;;;;;;;;;
7146661;treatment;before visit;2019-07-21 23:59:59+00:00;15.58;;;;;;;;;
7146661;treatment;before visit;2019-07-22 23:59:59+00:00;18.43;;;;;;;;;
7146661;treatment;before visit;2019-07-23 23:59:59+00:00;19.45;;;;;;;;;
7146661;treatment;before visit;2019-07-24 23:59:59+00:00;18.74;;;;;;;;;
7146661;treatment;before visit;2019-07-25 23:59:59+00:00;20.27;;;;;;;;;
7146661;treatment;before visit;2019-07-26 23:59:59+00:00;18.85;;;;;;;;;
7146661;treatment;before visit;2019-07-27 23:59:59+00:00;20.99;;;;;;;;;
7146661;treatment;before visit;2019-07-28 23:59:59+00:00;19.51;;;;;;;;;
7146661;treatment;before visit;2019-07-29 23:59:59+00:00;23.59;;;;;;;;;
7146661;treatment;before visit;2019-07-30 23:59:59+00:00;19.7;;;;;;;;;
7146661;treatment;before visit;2019-07-31 23:59:59+00:00;16.54;;;;;;;;;
7146661;treatment;before visit;2019-08-01 23:59:59+00:00;12.48;;;;;;;;;
7146661;treatment;before visit;2019-08-02 23:59:59+00:00;11.06;;;;;;;;;
7146661;treatment;before visit;2019-08-03 23:59:59+00:00;11.03;;;;;;;;;
7146661;treatment;before visit;2019-08-04 23:59:59+00:00;18.27;;;;;;;;;
7146661;treatment;before visit;2019-08-05 23:59:59+00:00;20.48;;;;;;;;;
7146661;treatment;before visit;2019-08-06 23:59:59+00:00;19.92;;;;;;;;;
7146661;treatment;before visit;2019-08-07 23:59:59+00:00;18.02;;;;;;;;;
7146661;treatment;before visit;2019-08-08 23:59:59+00:00;19.47;;;;;;;;;
7146661;treatment;before visit;2019-08-09 23:59:59+00:00;17.13;;;;;;;;;
7146661;treatment;before visit;2019-08-10 23:59:59+00:00;17.44;;;;;;;;;
7146661;treatment;before visit;2019-08-11 23:59:59+00:00;18.72;;;;;;;;;
7146661;treatment;before visit;2019-08-12 23:59:59+00:00;18.47;;;;;;;;;
7146661;treatment;before visit;2019-08-13 23:59:59+00:00;17.38;;;;;;;;;
7146661;treatment;before visit;2019-08-14 23:59:59+00:00;15.69;;;;;;;;;
7146661;treatment;before visit;2019-08-15 23:59:59+00:00;16.49;;;;;;;;;
7146661;treatment;before visit;2019-08-16 23:59:59+00:00;20.14;;;;;;;;;
7146661;treatment;before visit;2019-08-17 23:59:59+00:00;18.6;;;;;;;;;
7146661;treatment;before visit;2019-08-18 23:59:59+00:00;21.41;;;;;;;;;
7146661;treatment;before visit;2019-08-19 23:59:59+00:00;18.37;;;;;;;;;
7146661;treatment;before visit;2019-08-20 23:59:59+00:00;16.89;;;;;;;;;
7146661;treatment;before visit;2019-08-21 23:59:59+00:00;18.36;;;;;;;;;
7146661;treatment;before visit;2019-08-22 23:59:59+00:00;21.88;;;;;;;;;
7146661;treatment;before visit;2019-08-23 23:59:59+00:00;22.27;;;;;;;;;
7146661;treatment;before visit;2019-08-24 23:59:59+00:00;23.11;;;;;;;;;
7146661;treatment;before visit;2019-08-25 23:59:59+00:00;19.04;;;;;;;;;
7146661;treatment;before visit;2019-08-26 23:59:59+00:00;16.28;;;;;;;;;
7146661;treatment;before visit;2019-08-27 23:59:59+00:00;19.7;;;;;;;;;
7146661;treatment;before visit;2019-08-28 23:59:59+00:00;17.04;;;;;;;;;
7146661;treatment;before visit;2019-08-29 23:59:59+00:00;25.34;;;;;;;;;
7146661;treatment;before visit;2019-08-30 23:59:59+00:00;17.36;;;;;;;;;
7146661;treatment;before visit;2019-08-31 23:59:59+00:00;20.52;;;;;;;;;
7146661;treatment;before visit;2019-09-01 23:59:59+00:00;17.44;;;;;;;;;
7146661;treatment;before visit;2019-09-02 23:59:59+00:00;19.87;;;;;;;;;
7146661;treatment;before visit;2019-09-03 23:59:59+00:00;18.13;;;;;;;;;
7146661;treatment;before visit;2019-09-04 23:59:59+00:00;15.66;;;;;;;;;
7146661;treatment;before visit;2019-09-05 23:59:59+00:00;26.63;;;;;;;;;
7146661;treatment;before visit;2019-09-06 23:59:59+00:00;26.26;;;;;;;;;
7146661;treatment;before visit;2019-09-07 23:59:59+00:00;15.99;;;;;;;;;
7146661;treatment;before visit;2019-09-08 23:59:59+00:00;18.43;;;;;;;;;
7146661;treatment;before visit;2019-09-09 23:59:59+00:00;20.66;;;;;;;;;
7146661;treatment;before visit;2019-09-10 23:59:59+00:00;20.8;;;;;;;;;
7146661;treatment;before visit;2019-09-11 23:59:59+00:00;18.14;;;;;;;;;
7146661;treatment;before visit;2019-09-12 23:59:59+00:00;18.43;;;;;;;;;
7146661;treatment;before visit;2019-09-13 23:59:59+00:00;15.27;;;;;;;;;
7146661;treatment;before visit;2019-09-14 23:59:59+00:00;12.55;;;;;;;;;
7146661;treatment;before visit;2019-09-15 23:59:59+00:00;22.55;;;;;;;;;
7146661;treatment;before visit;2019-09-16 23:59:59+00:00;19.93;;;;;;;;;
7146661;treatment;before visit;2019-09-17 23:59:59+00:00;15.84;;;;;;;;;
7146661;treatment;before visit;2019-09-18 23:59:59+00:00;17.2;;;;;;;;;
7146661;treatment;before visit;2019-09-19 23:59:59+00:00;23.8;;;;;;;;;
7146661;treatment;before visit;2019-09-20 23:59:59+00:00;20.55;;;;;;;;;
7146661;treatment;before visit;2019-09-21 23:59:59+00:00;18.6;;;;;;;;;
7146661;treatment;before visit;2019-09-22 23:59:59+00:00;16.44;;;;;;;;;
7146661;treatment;before visit;2019-09-23 23:59:59+00:00;17.93;;;;;;;;;
7146661;treatment;before visit;2019-09-24 23:59:59+00:00;17.46;;;;;;;;;
7146661;treatment;before visit;2019-09-25 23:59:59+00:00;18.38;;;;;;;;;
7146661;treatment;before visit;2019-09-26 23:59:59+00:00;23.07;;;;;;;;;
7146661;treatment;before visit;2019-09-27 23:59:59+00:00;19.82;;;;;;;;;
7146661;treatment;before visit;2019-09-28 23:59:59+00:00;18.11;;;;;;;;;
7146661;treatment;before visit;2019-09-29 23:59:59+00:00;19.26;;;;;;;;;
7146661;treatment;before visit;2019-09-30 23:59:59+00:00;18.79;;;;;;;;;
7146661;treatment;before visit;2019-10-01 23:59:59+00:00;19.31;;;;;;;;;
7146661;treatment;before visit;2019-10-02 23:59:59+00:00;16.3;;;;;;;;;
7146661;treatment;before visit;2019-10-03 23:59:59+00:00;17.91;;;;;;;;;
7146661;treatment;before visit;2019-10-04 23:59:59+00:00;15.17;;;;;;;;;
7146661;treatment;before visit;2019-10-05 23:59:59+00:00;18.13;;;;;;;;;
7146661;treatment;before visit;2019-10-06 23:59:59+00:00;17.69;;;;;;;;;
7146661;treatment;before visit;2019-10-07 23:59:59+00:00;26.89;;;;;;;;;
7146661;treatment;before visit;2019-10-08 23:59:59+00:00;26.01;;;;;;;;;
7146661;treatment;before visit;2019-10-09 23:59:59+00:00;21.54;;;;;;;;;
7146661;treatment;before visit;2019-10-10 23:59:59+00:00;21.82;;;;;;;;;
7146661;treatment;before visit;2019-10-11 23:59:59+00:00;21.1;;;;;;;;;
7146661;treatment;before visit;2019-10-12 23:59:59+00:00;16.8;;;;;;;;;
7146661;treatment;before visit;2019-10-13 23:59:59+00:00;15.8;;;;;;;;;
7146661;treatment;before visit;2019-10-14 23:59:59+00:00;20.0;;;;;;;;;
7146661;treatment;before visit;2019-10-15 23:59:59+00:00;21.15;;;;;;;;;
7146661;treatment;before visit;2019-10-16 23:59:59+00:00;17.31;;;;;;;;;
7146661;treatment;before visit;2019-10-17 23:59:59+00:00;16.37;;;;;;;;;
7146661;treatment;before visit;2019-10-18 23:59:59+00:00;26.46;;;;;;;;;
7146661;treatment;before visit;2019-10-19 23:59:59+00:00;25.2;;;;;;;;;
7146661;treatment;before visit;2019-10-20 23:59:59+00:00;25.42;;;;;;;;;
7146661;treatment;before visit;2019-10-21 23:59:59+00:00;20.86;;;;;;;;;
7146661;treatment;before visit;2019-10-22 23:59:59+00:00;18.01;;;;;;;;;
7146661;treatment;before visit;2019-10-23 23:59:59+00:00;22.55;;;;;;;;;
7146661;treatment;before visit;2019-10-24 23:59:59+00:00;27.69;;;;;;;;;
7146661;treatment;before visit;2019-10-25 23:59:59+00:00;21.88;;;;;;;;;
7146661;treatment;before visit;2019-10-26 23:59:59+00:00;20.09;;;;;;;;;
7146661;treatment;before visit;2019-10-27 23:59:59+00:00;31.28;;;;;;;;;
7146661;treatment;before visit;2019-10-28 23:59:59+00:00;17.5;;;;;;;;;
7146661;treatment;before visit;2019-10-29 23:59:59+00:00;19.56;;;;;;;;;
7146661;treatment;before visit;2019-10-30 23:59:59+00:00;22.08;;;;;;;;;
7146661;treatment;before visit;2019-10-31 23:59:59+00:00;31.11;;;;;;;;;
7146661;treatment;before visit;2019-11-01 23:59:59+00:00;22.72;;;;;;;;;
7146661;treatment;before visit;2019-11-02 23:59:59+00:00;24.55;;;;;;;;;
7146661;treatment;before visit;2019-11-03 23:59:59+00:00;21.98;;;;;;;;;
7146661;treatment;before visit;2019-11-04 23:59:59+00:00;20.09;;;;;;;;;
7146661;treatment;before visit;2019-11-05 23:59:59+00:00;25.69;;;;;;;;;
7146661;treatment;before visit;2019-11-06 23:59:59+00:00;19.17;;;;;;;;;
7146661;treatment;before visit;2019-11-07 23:59:59+00:00;27.31;;;;;;;;;
7146661;treatment;before visit;2019-11-08 23:59:59+00:00;27.75;;;;;;;;;
7146661;treatment;before visit;2019-11-09 23:59:59+00:00;24.23;;;;;;;;;
7146661;treatment;before visit;2019-11-10 23:59:59+00:00;26.77;;;;;;;;;
7146661;treatment;before visit;2019-11-11 23:59:59+00:00;22.38;;;;;;;;;
7146661;treatment;before visit;2019-11-12 23:59:59+00:00;18.05;;;;;;;;;
7146661;treatment;before visit;2019-11-13 23:59:59+00:00;22.26;;;;;;;;;
7146661;treatment;before visit;2019-11-14 23:59:59+00:00;30.7;;;;;;;;;
7146661;treatment;before visit;2019-11-15 23:59:59+00:00;24.3;;;;;;;;;
7146661;treatment;before visit;2019-11-16 23:59:59+00:00;19.82;;;;;;;;;
7146661;treatment;before visit;2019-11-17 23:59:59+00:00;25.49;;;;;;;;;
7146661;treatment;before visit;2019-11-18 23:59:59+00:00;24.38;;;;;;;;;
7146661;treatment;before visit;2019-11-19 23:59:59+00:00;26.83;;;;;;;;;
7146661;treatment;before visit;2019-11-20 23:59:59+00:00;21.92;;;;;;;;;
7146661;treatment;before visit;2019-11-21 23:59:59+00:00;22.24;;;;;;;;;
7146661;treatment;before visit;2019-11-22 23:59:59+00:00;24.32;;;;;;;;;
7146661;treatment;before visit;2019-11-23 23:59:59+00:00;29.77;;;;;;;;;
7146661;treatment;before visit;2019-11-24 23:59:59+00:00;27.41;;;;;;;;;
7146661;treatment;before visit;2019-11-25 23:59:59+00:00;20.44;;;;;;;;;
7146661;treatment;before visit;2019-11-26 23:59:59+00:00;18.81;;;;;;;;;
7146661;treatment;before visit;2019-11-27 23:59:59+00:00;22.66;;;;;;;;;
7146661;treatment;before visit;2019-11-28 23:59:59+00:00;28.01;;;;;;;;;
7146661;treatment;before visit;2019-11-29 23:59:59+00:00;28.98;;;;;;;;;
7146661;treatment;before visit;2019-11-30 23:59:59+00:00;21.49;;;;;;;;;
7146661;treatment;before visit;2019-12-01 23:59:59+00:00;23.82;;;;;;;;;
7146661;treatment;before visit;2019-12-02 23:59:59+00:00;23.13;;;;;;;;;
7146661;treatment;before visit;2019-12-03 23:59:59+00:00;23.55;;;;;;;;;
7146661;treatment;before visit;2019-12-04 23:59:59+00:00;19.68;;;;;;;;;
7146661;treatment;before visit;2019-12-05 23:59:59+00:00;25.99;;;;;;;;;
7146661;treatment;before visit;2019-12-06 23:59:59+00:00;24.45;;;;;;;;;
7146661;treatment;before visit;2019-12-07 23:59:59+00:00;25.38;;;;;;;;;
7146661;treatment;before visit;2019-12-08 23:59:59+00:00;25.04;;;;;;;;;
7146661;treatment;before visit;2019-12-09 23:59:59+00:00;22.59;;;;;;;;;
7146661;treatment;before visit;2019-12-10 23:59:59+00:00;20.64;;;;;;;;;
7146661;treatment;before visit;2019-12-11 23:59:59+00:00;23.01;;;;;;;;;
7146661;treatment;before visit;2019-12-12 23:59:59+00:00;22.32;;;;;;;;;
7146661;treatment;before visit;2019-12-13 23:59:59+00:00;27.51;;;;;;;;;
7146661;treatment;before visit;2019-12-14 23:59:59+00:00;28.59;;;;;;;;;
7146661;treatment;before visit;2019-12-15 23:59:59+00:00;24.56;;;;;;;;;
7146661;treatment;before visit;2019-12-16 23:59:59+00:00;20.93;;;;;;;;;
7146661;treatment;before visit;2019-12-17 23:59:59+00:00;20.54;;;;;;;;;
7146661;treatment;before visit;2019-12-18 23:59:59+00:00;27.83;;;;;;;;;
7146661;treatment;before visit;2019-12-19 23:59:59+00:00;24.71;;;;;;;;;
7146661;treatment;before visit;2019-12-20 23:59:59+00:00;25.06;;;;;;;;;
7146661;treatment;before visit;2019-12-21 23:59:59+00:00;23.0;;;;;;;;;
7146661;treatment;before visit;2019-12-22 23:59:59+00:00;18.51;;;;;;;;;
7146661;treatment;before visit;2019-12-23 23:59:59+00:00;15.35;;;;;;;;;
7146661;treatment;before visit;2019-12-24 23:59:59+00:00;13.59;;;;;;;;;
7146661;treatment;before visit;2019-12-25 23:59:59+00:00;13.12;;;;;;;;;
7146661;treatment;before visit;2019-12-26 23:59:59+00:00;13.76;;;;;;;;;
7146661;treatment;before visit;2019-12-27 23:59:59+00:00;13.76;;;;;;;;;
7146661;treatment;before visit;2019-12-28 23:59:59+00:00;13.65;;;;;;;;;
7146661;treatment;before visit;2019-12-29 23:59:59+00:00;14.19;;;;;;;;;
7146661;treatment;before visit;2019-12-30 23:59:59+00:00;14.15;;;;;;;;;
7146661;treatment;before visit;2019-12-31 23:59:59+00:00;14.04;;;;;;;;;
7146661;treatment;before visit;2020-01-01 23:59:59+00:00;13.92;;;;;;;;;
7146661;treatment;before visit;2020-01-02 23:59:59+00:00;29.62;;;;;;;;;
7146661;treatment;before visit;2020-01-03 23:59:59+00:00;30.17;;;;;;;;;
7146661;treatment;before visit;2020-01-04 23:59:59+00:00;29.33;;;;;;;;;
7146661;treatment;before visit;2020-01-05 23:59:59+00:00;27.1;;;;;;;;;
7146661;treatment;before visit;2020-01-06 23:59:59+00:00;23.62;;;;;;;;;
7146661;treatment;before visit;2020-01-07 23:59:59+00:00;21.47;;;;;;;;;
7146661;treatment;before visit;2020-01-08 23:59:59+00:00;21.89;;;;;;;;;
7146661;treatment;before visit;2020-01-09 23:59:59+00:00;27.21;;;;;;;;;
7146661;treatment;before visit;2020-01-10 23:59:59+00:00;24.87;;;;;;;;;
7146661;treatment;before visit;2020-01-11 23:59:59+00:00;21.57;;;;;;;;;
7146661;treatment;before visit;2020-01-12 23:59:59+00:00;24.68;;;;;;;;;
7146661;treatment;before visit;2020-01-13 23:59:59+00:00;22.7;;;;;;;;;
7146661;treatment;before visit;2020-01-14 23:59:59+00:00;26.99;;;;;;;;;
7146661;treatment;before visit;2020-01-15 23:59:59+00:00;19.19;;;;;;;;;
7146661;treatment;before visit;2020-01-16 23:59:59+00:00;32.41;;;;;;;;;
7146661;treatment;before visit;2020-01-17 23:59:59+00:00;26.87;;;;;;;;;
7146661;treatment;before visit;2020-01-18 23:59:59+00:00;22.88;;;;;;;;;
7146661;treatment;before visit;2020-01-19 23:59:59+00:00;25.08;;;;;;;;;
7146661;treatment;before visit;2020-01-20 23:59:59+00:00;24.85;;;;;;;;;
7146661;treatment;before visit;2020-01-21 23:59:59+00:00;27.1;;;;;;;;;
7146661;treatment;before visit;2020-01-22 23:59:59+00:00;26.64;;;;;;;;;
7146661;treatment;before visit;2020-01-23 23:59:59+00:00;24.38;;;;;;;;;
7146661;treatment;before visit;2020-01-24 23:59:59+00:00;26.26;;;;;;;;;
7146661;treatment;before visit;2020-01-25 23:59:59+00:00;23.41;;;;;;;;;
7146661;treatment;before visit;2020-01-26 23:59:59+00:00;24.87;;;;;;;;;
7146661;treatment;before visit;2020-01-27 23:59:59+00:00;23.03;;;;;;;;;
7146661;treatment;before visit;2020-01-28 23:59:59+00:00;20.01;;;;;;;;;
7146661;treatment;before visit;2020-01-29 23:59:59+00:00;21.47;;;;;;;;;
7146661;treatment;before visit;2020-01-30 23:59:59+00:00;26.99;;;;;;;;;
7146661;treatment;before visit;2020-01-31 23:59:59+00:00;20.01;;;;;;;;;
7146661;treatment;before visit;2020-02-01 23:59:59+00:00;20.4;;;;;;;;;
7146661;treatment;before visit;2020-02-02 23:59:59+00:00;28.33;;;;;;;;;
7146661;treatment;before visit;2020-02-03 23:59:59+00:00;20.71;;;;;;;;;
7146661;treatment;before visit;2020-02-04 23:59:59+00:00;25.35;;;;;;;;;
7146661;treatment;before visit;2020-02-05 23:59:59+00:00;25.7;;;;;;;;;
7146661;treatment;before visit;2020-02-06 23:59:59+00:00;26.93;;;;;;;;;
7146661;treatment;before visit;2020-02-07 23:59:59+00:00;26.14;;;;;;;;;
7146661;treatment;before visit;2020-02-08 23:59:59+00:00;23.12;;;;;;;;;
7146661;treatment;before visit;2020-02-09 23:59:59+00:00;20.07;;;;;;;;;
7146661;treatment;before visit;2020-02-10 23:59:59+00:00;17.98;;;;;;;;;
7146661;treatment;before visit;2020-02-11 23:59:59+00:00;17.5;;;;;;;;;
7146661;treatment;before visit;2020-02-12 23:59:59+00:00;16.48;;;;;;;;;
7146661;treatment;before visit;2020-02-13 23:59:59+00:00;16.83;;;;;;;;;
7146661;treatment;before visit;2020-02-14 23:59:59+00:00;26.42;;;;;;;;;
7146661;treatment;before visit;2020-02-15 23:59:59+00:00;25.27;;;;;;;;;
7146661;treatment;before visit;2020-02-16 23:59:59+00:00;21.71;;;;;;;;;
7146661;treatment;before visit;2020-02-17 23:59:59+00:00;21.2;;;;;;;;;
7146661;treatment;before visit;2020-02-18 23:59:59+00:00;20.38;;;;;;;;;
7146661;treatment;before visit;2020-02-19 23:59:59+00:00;19.97;;;;;;;;;
7146661;treatment;before visit;2020-02-20 23:59:59+00:00;20.82;;;;;;;;;
7146661;treatment;before visit;2020-02-21 23:59:59+00:00;23.19;;;;;;;;;
7146661;treatment;before visit;2020-02-22 23:59:59+00:00;26.97;;;;;;;;;
7146661;treatment;before visit;2020-02-23 23:59:59+00:00;25.89;;;;;;;;;
7146661;treatment;before visit;2020-02-24 23:59:59+00:00;19.58;;;;;;;;;
7146661;treatment;before visit;2020-02-25 23:59:59+00:00;21.29;;;;;;;;;
7146661;treatment;before visit;2020-02-26 23:59:59+00:00;21.58;;;;;;;;;
7146661;treatment;before visit;2020-02-27 23:59:59+00:00;22.27;;;;;;;;;
7146661;treatment;before visit;2020-02-28 23:59:59+00:00;34.76;;;;;;;;;
7146661;treatment;before visit;2020-02-29 23:59:59+00:00;26.88;;;;;;;;;
7146661;treatment;before visit;2020-03-01 23:59:59+00:00;23.85;;;;;;;;;
7146661;treatment;before visit;2020-03-02 23:59:59+00:00;21.45;;;;;;;;;
7146661;treatment;before visit;2020-03-03 23:59:59+00:00;22.74;;;;;;;;;
7146661;treatment;before visit;2020-03-04 23:59:59+00:00;20.97;;;;;;;;;
7146661;treatment;before visit;2020-03-05 23:59:59+00:00;23.77;;;;;;;;;
7146661;treatment;before visit;2020-03-06 23:59:59+00:00;25.96;;;;;;;;;
7146661;treatment;before visit;2020-03-07 23:59:59+00:00;23.81;;;;;;;;;
7146661;treatment;before visit;2020-03-08 23:59:59+00:00;27.0;;;;;;;;;
7146661;treatment;before visit;2020-03-09 23:59:59+00:00;17.74;;;;;;;;;
7146661;treatment;before visit;2020-03-10 23:59:59+00:00;24.06;;;;;;;;;
7146661;treatment;before visit;2020-03-11 23:59:59+00:00;20.72;;;;;;;;;
7146661;treatment;before visit;2020-03-12 23:59:59+00:00;20.52;;;;;;;;;
7146661;treatment;before visit;2020-03-13 23:59:59+00:00;27.2;;;;;;;;;
7146661;treatment;before visit;2020-03-14 23:59:59+00:00;22.25;;;;;;;;;
7146661;treatment;before visit;2020-03-15 23:59:59+00:00;24.7;;;;;;;;;
7146661;treatment;before visit;2020-03-16 23:59:59+00:00;27.56;;;;;;;;;
7146661;treatment;before visit;2020-03-17 23:59:59+00:00;36.39;;;;;;;;;
7146661;treatment;before visit;2020-03-18 23:59:59+00:00;24.53;;;;;;;;;
7146661;treatment;before visit;2020-03-19 23:59:59+00:00;23.92;;;;;;;;;
7146661;treatment;before visit;2020-03-20 23:59:59+00:00;22.57;;;;;;;;;
7146661;treatment;before visit;2020-03-21 23:59:59+00:00;24.62;;;;;;;;;
7146661;treatment;before visit;2020-03-22 23:59:59+00:00;25.45;;;;;;;;;
7146661;treatment;before visit;2020-03-23 23:59:59+00:00;21.21;;;;;;;;;
7146661;treatment;before visit;2020-03-24 23:59:59+00:00;26.0;;;;;;;;;
7146661;treatment;before visit;2020-03-25 23:59:59+00:00;22.75;;;;;;;;;
7146661;treatment;before visit;2020-03-26 23:59:59+00:00;28.31;;;;;;;;;
7146661;treatment;before visit;2020-03-27 23:59:59+00:00;26.45;;;;;;;;;
7146661;treatment;before visit;2020-03-28 23:59:59+00:00;26.67;;;;;;;;;
7146661;treatment;before visit;2020-03-29 23:59:59+00:00;24.67;;;;;;;;;
7146661;treatment;before visit;2020-03-30 23:59:59+00:00;25.5;;;;;;;;;
7146661;treatment;before visit;2020-03-31 23:59:59+00:00;15.77;;;;;;;;;
7146661;treatment;before visit;2020-04-01 23:59:59+00:00;26.09;;;;;;;;;
7146661;treatment;before visit;2020-04-02 23:59:59+00:00;28.67;;;;;;;;;
7146661;treatment;before visit;2020-04-03 23:59:59+00:00;24.26;;;;;;;;;
7146661;treatment;before visit;2020-04-04 23:59:59+00:00;23.66;;;;;;;;;
7146661;treatment;before visit;2020-04-05 23:59:59+00:00;26.64;;;;;;;;;
7146661;treatment;before visit;2020-04-06 23:59:59+00:00;22.69;;;;;;;;;
7146661;treatment;before visit;2020-04-07 23:59:59+00:00;25.34;;;;;;;;;
7146661;treatment;before visit;2020-04-08 23:59:59+00:00;20.17;;;;;;;;;
7146661;treatment;before visit;2020-04-09 23:59:59+00:00;33.5;;;;;;;;;
7146661;treatment;before visit;2020-04-10 23:59:59+00:00;26.23;;;;;;;;;
7146661;treatment;before visit;2020-04-11 23:59:59+00:00;22.27;;;;;;;;;
7146661;treatment;before visit;2020-04-12 23:59:59+00:00;22.72;;;;;;;;;
7146661;treatment;before visit;2020-04-13 23:59:59+00:00;23.79;;;;;;;;;
7146661;treatment;before visit;2020-04-14 23:59:59+00:00;24.68;;;;;;;;;
7146661;treatment;before visit;2020-04-15 23:59:59+00:00;25.66;;;;;;;;;
7146661;treatment;before visit;2020-04-16 23:59:59+00:00;29.9;;;;;;;;;
7146661;treatment;before visit;2020-04-17 23:59:59+00:00;26.41;;;;;;;;;
7146661;treatment;before visit;2020-04-18 23:59:59+00:00;27.55;;;;;;;;;
7146661;treatment;before visit;2020-04-19 23:59:59+00:00;24.02;;;;;;;;;
7146661;treatment;before visit;2020-04-20 23:59:59+00:00;28.19;;;;;;;;;
7146661;treatment;before visit;2020-04-21 23:59:59+00:00;29.68;;;;;;;;;
7146661;treatment;before visit;2020-04-22 23:59:59+00:00;22.65;;;;;;;;;
7146661;treatment;before visit;2020-04-23 23:59:59+00:00;23.11;;;;;;;;;
7146661;treatment;before visit;2020-04-24 23:59:59+00:00;21.86;;;;;;;;;
7146661;treatment;before visit;2020-04-25 23:59:59+00:00;21.15;;;;;;;;;
7146661;treatment;before visit;2020-04-26 23:59:59+00:00;21.26;;;;;;;;;
7146661;treatment;before visit;2020-04-27 23:59:59+00:00;22.46;;;;;;;;;
7146661;treatment;before visit;2020-04-28 23:59:59+00:00;21.77;;;;;;;;;
7146661;treatment;before visit;2020-04-29 23:59:59+00:00;20.47;;;;;;;;;
7146661;treatment;before visit;2020-04-30 23:59:59+00:00;23.36;;;;;;;;;
7146661;treatment;before visit;2020-05-01 23:59:59+00:00;28.44;;;;;;;;;
7146661;treatment;before visit;2020-05-02 23:59:59+00:00;21.24;;;;;;;;;
7146661;treatment;before visit;2020-05-03 23:59:59+00:00;22.79;;;;;;;;;
7146661;treatment;before visit;2020-05-04 23:59:59+00:00;24.57;;;;;;;;;
7146661;treatment;before visit;2020-05-05 23:59:59+00:00;22.71;;;;;;;;;
7146661;treatment;before visit;2020-05-06 23:59:59+00:00;21.91;;;;;;;;;
7146661;treatment;before visit;2020-05-07 23:59:59+00:00;21.76;;;;;;;;;
7146661;treatment;before visit;2020-05-08 23:59:59+00:00;19.77;;;;;;;;;
7146661;treatment;before visit;2020-05-09 23:59:59+00:00;27.36;;;;;;;;;
7146661;treatment;before visit;2020-05-10 23:59:59+00:00;19.75;;;;;;;;;
7146661;treatment;before visit;2020-05-11 23:59:59+00:00;21.06;;;;;;;;;
7146661;treatment;before visit;2020-05-12 23:59:59+00:00;21.2;;;;;;;;;
7146661;treatment;before visit;2020-05-13 23:59:59+00:00;21.84;;;;;;;;;
7146661;treatment;before visit;2020-05-14 23:59:59+00:00;19.62;;;;;;;;;
7146661;treatment;before visit;2020-05-15 23:59:59+00:00;27.16;;;;;;;;;
7146661;treatment;before visit;2020-05-16 23:59:59+00:00;23.7;;;;;;;;;
7146661;treatment;before visit;2020-05-17 23:59:59+00:00;22.03;;;;;;;;;
7146661;treatment;before visit;2020-05-18 23:59:59+00:00;21.11;;;;;;;;;
7146661;treatment;before visit;2020-05-19 23:59:59+00:00;20.83;;;;;;;;;
7146661;treatment;before visit;2020-05-20 23:59:59+00:00;19.26;;;;;;;;;
7146661;treatment;before visit;2020-05-21 23:59:59+00:00;18.51;;;;;;;;;
7146661;treatment;before visit;2020-05-22 23:59:59+00:00;12.41;;;;;;;;;
7146661;treatment;before visit;2020-05-23 23:59:59+00:00;11.24;;;;;;;;;
7146661;treatment;before visit;2020-05-24 23:59:59+00:00;20.94;;;;;;;;;
7146661;treatment;before visit;2020-05-25 23:59:59+00:00;21.26;;;;;;;;;
7146661;treatment;before visit;2020-05-26 23:59:59+00:00;18.48;;;;;;;;;
7146661;treatment;before visit;2020-05-27 23:59:59+00:00;18.28;;;;;;;;;
7146661;treatment;before visit;2020-05-28 23:59:59+00:00;16.37;;;;;;;;;
7146661;treatment;before visit;2020-05-29 23:59:59+00:00;21.34;;;;;;;;;
7146661;treatment;before visit;2020-05-30 23:59:59+00:00;25.6;;;;;;;;;
7146661;treatment;before visit;2020-05-31 23:59:59+00:00;21.43;;;;;;;;;
7146661;treatment;before visit;2020-06-01 23:59:59+00:00;18.41;;;;;;;;;
7146661;treatment;before visit;2020-06-02 23:59:59+00:00;22.67;;;;;;;;;
7146661;treatment;before visit;2020-06-03 23:59:59+00:00;20.18;;;;;;;;;
7146661;treatment;before visit;2020-06-04 23:59:59+00:00;20.0;;;;;;;;;
7146661;treatment;before visit;2020-06-05 23:59:59+00:00;19.22;;;;;;;;;
7146661;treatment;before visit;2020-06-06 23:59:59+00:00;17.34;;;;;;;;;
7146661;treatment;before visit;2020-06-07 23:59:59+00:00;20.45;;;;;;;;;
7146661;treatment;before visit;2020-06-08 23:59:59+00:00;16.22;;;;;;;;;
7146661;treatment;before visit;2020-06-09 23:59:59+00:00;18.08;;;;;;;;;
7146661;treatment;before visit;2020-06-10 23:59:59+00:00;15.8;;;;;;;;;
7146661;treatment;before visit;2020-06-11 23:59:59+00:00;23.87;;;;;;;;;
7146661;treatment;before visit;2020-06-12 23:59:59+00:00;16.68;;;;;;;;;
7146661;treatment;before visit;2020-06-13 23:59:59+00:00;25.78;;;;;;;;;
7146661;treatment;before visit;2020-06-14 23:59:59+00:00;22.88;;;;;;;;;
7146661;treatment;before visit;2020-06-15 23:59:59+00:00;19.33;;;;;;;;;
7146661;treatment;before visit;2020-06-16 23:59:59+00:00;18.37;;;;;;;;;
7146661;treatment;before visit;2020-06-17 23:59:59+00:00;14.95;;;;;;;;;
7146661;treatment;before visit;2020-06-18 23:59:59+00:00;18.61;;;;;;;;;
7146661;treatment;before visit;2020-06-19 23:59:59+00:00;21.21;;;;;;;;;
7146661;treatment;before visit;2020-06-20 23:59:59+00:00;24.31;;;;;;;;;
7146661;treatment;before visit;2020-06-21 23:59:59+00:00;21.8;;;;;;;;;
7146661;treatment;before visit;2020-06-22 23:59:59+00:00;22.06;;;;;;;;;
7146661;treatment;before visit;2020-06-23 23:59:59+00:00;15.63;;;;;;;;;
7146661;treatment;before visit;2020-06-24 23:59:59+00:00;18.99;;;;;;;;;
7146661;treatment;before visit;2020-06-25 23:59:59+00:00;20.12;;;;;;;;;
7146661;treatment;before visit;2020-06-26 23:59:59+00:00;16.01;;;;;;;;;
7146661;treatment;before visit;2020-06-27 23:59:59+00:00;13.68;;;;;;;;;
7146661;treatment;before visit;2020-06-28 23:59:59+00:00;15.85;;;;;;;;;
7146661;treatment;before visit;2020-06-29 23:59:59+00:00;22.36;;;;;;;;;
7146661;treatment;before visit;2020-06-30 23:59:59+00:00;19.11;;;;;;;;;
7146661;treatment;before visit;2020-07-01 23:59:59+00:00;14.14;;;;;;;;;
7146661;treatment;before visit;2020-07-02 23:59:59+00:00;20.51;;;;;;;;;
7146661;treatment;before visit;2020-07-03 23:59:59+00:00;20.17;;;;;;;;;
7146661;treatment;before visit;2020-07-04 23:59:59+00:00;18.16;;;;;;;;;
7146661;treatment;before visit;2020-07-05 23:59:59+00:00;20.4;;;;;;;;;
7146661;treatment;before visit;2020-07-06 23:59:59+00:00;19.76;;;;;;;;;
7146661;treatment;before visit;2020-07-07 23:59:59+00:00;20.18;;;;;;;;;
7146661;treatment;before visit;2020-07-08 23:59:59+00:00;15.19;;;;;;;;;
7146661;treatment;before visit;2020-07-09 23:59:59+00:00;20.84;;;;;;;;;
7146661;treatment;before visit;2020-07-10 23:59:59+00:00;17.75;;;;;;;;;
7146661;treatment;before visit;2020-07-11 23:59:59+00:00;16.04;;;;;;;;;
7146661;treatment;before visit;2020-07-12 23:59:59+00:00;16.81;;;;;;;;;
7146661;treatment;before visit;2020-07-13 23:59:59+00:00;16.21;;;;;;;;;
7146661;treatment;before visit;2020-07-14 23:59:59+00:00;21.57;;;;;;;;;
7146661;treatment;before visit;2020-07-15 23:59:59+00:00;17.68;;;;;;;;;
7146661;treatment;before visit;2020-07-16 23:59:59+00:00;20.57;;;;;;;;;
7146661;treatment;before visit;2020-07-17 23:59:59+00:00;19.82;;;;;;;;;
7146661;treatment;before visit;2020-07-18 23:59:59+00:00;17.57;;;;;;;;;
7146661;treatment;before visit;2020-07-19 23:59:59+00:00;19.09;;;;;;;;;
7146661;treatment;before visit;2020-07-20 23:59:59+00:00;14.17;;;;;;;;;
7146661;treatment;before visit;2020-07-21 23:59:59+00:00;13.62;;;;;;;;;
7146661;treatment;before visit;2020-07-22 23:59:59+00:00;12.89;;;;;;;;;
7146661;treatment;before visit;2020-07-23 23:59:59+00:00;13.97;;;;;;;;;
7146661;treatment;before visit;2020-07-24 23:59:59+00:00;13.68;;;;;;;;;
7146661;treatment;before visit;2020-07-25 23:59:59+00:00;14.14;;;;;;;;;
7146661;treatment;before visit;2020-07-26 23:59:59+00:00;13.49;;;;;;;;;
7146661;treatment;before visit;2020-07-27 23:59:59+00:00;15.31;;;;;;;;;
7146661;treatment;before visit;2020-07-28 23:59:59+00:00;13.2;;;;;;;;;
7146661;treatment;before visit;2020-07-29 23:59:59+00:00;11.18;;;;;;;;;
7146661;treatment;before visit;2020-07-30 23:59:59+00:00;10.21;;;;;;;;;
7146661;treatment;before visit;2020-07-31 23:59:59+00:00;10.05;;;;;;;;;
7146661;treatment;before visit;2020-08-01 23:59:59+00:00;10.04;;;;;;;;;
7146661;treatment;before visit;2020-08-02 23:59:59+00:00;10.15;;;;;;;;;
7146661;treatment;before visit;2020-08-03 23:59:59+00:00;11.05;;;;;;;;;
7146661;treatment;before visit;2020-08-04 23:59:59+00:00;13.44;;;;;;;;;
7146661;treatment;before visit;2020-08-05 23:59:59+00:00;17.42;;;;;;;;;
7146661;treatment;before visit;2020-08-06 23:59:59+00:00;13.61;;;;;;;;;
7146661;treatment;before visit;2020-08-07 23:59:59+00:00;13.47;;;;;;;;;
7146661;treatment;before visit;2020-08-08 23:59:59+00:00;13.81;;;;;;;;;
7146661;treatment;before visit;2020-08-09 23:59:59+00:00;16.74;;;;;;;;;
7146661;treatment;before visit;2020-08-10 23:59:59+00:00;23.67;;;;;;;;;
7146661;treatment;before visit;2020-08-11 23:59:59+00:00;15.85;;;;;;;;;
7146661;treatment;before visit;2020-08-12 23:59:59+00:00;16.92;;;;;;;;;
7146661;treatment;before visit;2020-08-13 23:59:59+00:00;15.68;;;;;;;;;
7146661;treatment;before visit;2020-08-14 23:59:59+00:00;15.21;;;;;;;;;
7146661;treatment;before visit;2020-08-15 23:59:59+00:00;19.39;;;;;;;;;
7146661;treatment;before visit;2020-08-16 23:59:59+00:00;13.28;;;;;;;;;
7146661;treatment;before visit;2020-08-17 23:59:59+00:00;14.93;;;;;;;;;
7146661;treatment;before visit;2020-08-18 23:59:59+00:00;18.06;;;;;;;;;
7146661;treatment;before visit;2020-08-19 23:59:59+00:00;13.97;;;;;;;;;
7146661;treatment;before visit;2020-08-20 23:59:59+00:00;19.19;;;;;;;;;
7146661;treatment;before visit;2020-08-21 23:59:59+00:00;18.39;;;;;;;;;
7146661;treatment;before visit;2020-08-22 23:59:59+00:00;16.54;;;;;;;;;
7146661;treatment;before visit;2020-08-23 23:59:59+00:00;19.39;;;;;;;;;
7146661;treatment;before visit;2020-08-24 23:59:59+00:00;14.13;;;;;;;;;
7146661;treatment;before visit;2020-08-25 23:59:59+00:00;15.2;;;;;;;;;
7146661;treatment;before visit;2020-08-26 23:59:59+00:00;15.44;;;;;;;;;
7146661;treatment;before visit;2020-08-27 23:59:59+00:00;20.39;;;;;;;;;
7146661;treatment;before visit;2020-08-28 23:59:59+00:00;15.53;;;;;;;;;
7146661;treatment;before visit;2020-08-29 23:59:59+00:00;19.53;;;;;;;;;
7146661;treatment;before visit;2020-08-30 23:59:59+00:00;20.03;;;;;;;;;
7146661;treatment;before visit;2020-08-31 23:59:59+00:00;18.06;;;;;;;;;
7146661;treatment;before visit;2020-09-01 23:59:59+00:00;17.74;;;;;;;;;
7146661;treatment;before visit;2020-09-02 23:59:59+00:00;15.06;;;;;;;;;
7146661;treatment;before visit;2020-09-03 23:59:59+00:00;23.95;;;;;;;;;
7146661;treatment;before visit;2020-09-04 23:59:59+00:00;23.37;;;;;;;;;
7146661;treatment;before visit;2020-09-05 23:59:59+00:00;16.86;;;;;;;;;
7146661;treatment;before visit;2020-09-06 23:59:59+00:00;26.04;;;;;;;;;
7146661;treatment;before visit;2020-09-07 23:59:59+00:00;17.8;;;;;;;;;
7146661;treatment;before visit;2020-09-08 23:59:59+00:00;16.24;;;;;;;;;
7146661;treatment;before visit;2020-09-09 23:59:59+00:00;18.24;;;;;;;;;
7146661;treatment;before visit;2020-09-10 23:59:59+00:00;17.62;;;;;;;;;
7146661;treatment;before visit;2020-09-11 23:59:59+00:00;15.87;;;;;;;;;
7146661;treatment;before visit;2020-09-12 23:59:59+00:00;18.28;;;;;;;;;
7146661;treatment;before visit;2020-09-13 23:59:59+00:00;17.63;;;;;;;;;
7146661;treatment;before visit;2020-09-14 23:59:59+00:00;20.71;;;;;;;;;
7146661;treatment;before visit;2020-09-15 23:59:59+00:00;20.28;;;;;;;;;
7146661;treatment;before visit;2020-09-16 23:59:59+00:00;17.06;;;;;;;;;
7146661;treatment;before visit;2020-09-17 23:59:59+00:00;15.58;;;;;;;;;
7146661;treatment;before visit;2020-09-18 23:59:59+00:00;14.61;;;;;;;;;
7146661;treatment;before visit;2020-09-19 23:59:59+00:00;13.9;;;;;;;;;
7146661;treatment;before visit;2020-09-20 23:59:59+00:00;16.04;;;;;;;;;
7146661;treatment;before visit;2020-09-21 23:59:59+00:00;14.54;;;;;;;;;
7146661;treatment;before visit;2020-09-22 23:59:59+00:00;20.47;;;;;;;;;
7146661;treatment;before visit;2020-09-23 23:59:59+00:00;14.8;;;;;;;;;
7146661;treatment;before visit;2020-09-24 23:59:59+00:00;23.47;;;;;;;;;
7146661;treatment;before visit;2020-09-25 23:59:59+00:00;17.23;;;;;;;;;
7146661;treatment;before visit;2020-09-26 23:59:59+00:00;19.35;;;;;;;;;
7146661;treatment;before visit;2020-09-27 23:59:59+00:00;18.22;;;;;;;;;
7146661;treatment;before visit;2020-09-28 23:59:59+00:00;21.91;;;;;;;;;
7146661;treatment;before visit;2020-09-29 23:59:59+00:00;19.22;;;;;;;;;
7146661;treatment;before visit;2020-09-30 23:59:59+00:00;17.61;;;;;;;;;
7146661;treatment;before visit;2020-10-01 23:59:59+00:00;28.82;;;;;;;;;
7146661;treatment;before visit;2020-10-02 23:59:59+00:00;17.84;;;;;;;;;
7146661;treatment;before visit;2020-10-03 23:59:59+00:00;18.29;;;;;;;;;
7146661;treatment;before visit;2020-10-04 23:59:59+00:00;20.97;;;;;;;;;
7146661;treatment;before visit;2020-10-05 23:59:59+00:00;25.05;;;;;;;;;
7146661;treatment;before visit;2020-10-06 23:59:59+00:00;19.76;;;;;;;;;
7146661;treatment;before visit;2020-10-07 23:59:59+00:00;25.32;;;;;;;;;
7146661;treatment;before visit;2020-10-08 23:59:59+00:00;20.03;;;;;;;;;
7146661;treatment;before visit;2020-10-09 23:59:59+00:00;20.48;;;;;;;;;
7146661;treatment;before visit;2020-10-10 23:59:59+00:00;19.58;;;;;;;;;
7146661;treatment;before visit;2020-10-11 23:59:59+00:00;22.2;;;;;;;;;
7146661;treatment;before visit;2020-10-12 23:59:59+00:00;26.3;;;;;;;;;
7146661;treatment;before visit;2020-10-13 23:59:59+00:00;21.69;;;;;;;;;
7146661;treatment;before visit;2020-10-14 23:59:59+00:00;18.3;;;;;;;;;
7146661;treatment;before visit;2020-10-15 23:59:59+00:00;13.92;;;;;;;;;
7146661;treatment;before visit;2020-10-16 23:59:59+00:00;12.86;;;;;;;;;
7146661;treatment;before visit;2020-10-17 23:59:59+00:00;12.73;;;;;;;;;
7146661;treatment;before visit;2020-10-18 23:59:59+00:00;19.0;;;;;;;;;
7146661;treatment;before visit;2020-10-19 23:59:59+00:00;18.92;;;;;;;;;
7146661;treatment;before visit;2020-10-20 23:59:59+00:00;21.57;;;;;;;;;
7146661;treatment;before visit;2020-10-21 23:59:59+00:00;26.54;;;;;;;;;
7146661;treatment;before visit;2020-10-22 23:59:59+00:00;22.38;;;;;;;;;
7146661;treatment;before visit;2020-10-23 23:59:59+00:00;27.47;;;;;;;;;
7146661;treatment;before visit;2020-10-24 23:59:59+00:00;21.97;;;;;;;;;
7146661;treatment;before visit;2020-10-25 23:59:59+00:00;21.63;;;;;;;;;
7146661;treatment;before visit;2020-10-26 23:59:59+00:00;23.37;;;;;;;;;
7146661;treatment;before visit;2020-10-27 23:59:59+00:00;21.96;;;;;;;;;
7146661;treatment;before visit;2020-10-28 23:59:59+00:00;21.28;;;;;;;;;
7146661;treatment;before visit;2020-10-29 23:59:59+00:00;21.46;;;;;;;;;
7146661;treatment;before visit;2020-10-30 23:59:59+00:00;20.48;;;;;;;;;
7146661;treatment;before visit;2020-10-31 23:59:59+00:00;34.29;;;;;;;;;
7146661;treatment;before visit;2020-11-01 23:59:59+00:00;22.42;;;;;;;;;
7146661;treatment;before visit;2020-11-02 23:59:59+00:00;21.86;;;;;;;;;
7146661;treatment;before visit;2020-11-03 23:59:59+00:00;21.19;;;;;;;;;
7146661;treatment;before visit;2020-11-04 23:59:59+00:00;22.58;;;;;;;;;
7146661;treatment;before visit;2020-11-05 23:59:59+00:00;23.17;;;;;;;;;
7146661;treatment;before visit;2020-11-06 23:59:59+00:00;22.43;;;;;;;;;
7146661;treatment;before visit;2020-11-07 23:59:59+00:00;21.03;;;;;;;;;
7146661;treatment;before visit;2020-11-08 23:59:59+00:00;24.27;;;;;;;;;
7146661;treatment;before visit;2020-11-09 23:59:59+00:00;21.22;;;;;;;;;
7146661;treatment;before visit;2020-11-10 23:59:59+00:00;21.54;;;;;;;;;
7146661;treatment;before visit;2020-11-11 23:59:59+00:00;21.24;;;;;;;;;
7146661;treatment;before visit;2020-11-12 23:59:59+00:00;25.71;;;;;;;;;
7146661;treatment;before visit;2020-11-13 23:59:59+00:00;20.99;;;;;;;;;
7146661;treatment;before visit;2020-11-14 23:59:59+00:00;16.9;;;;;;;;;
7146661;treatment;before visit;2020-11-15 23:59:59+00:00;20.45;;;;;;;;;
7146661;treatment;before visit;2020-11-16 23:59:59+00:00;20.29;;;;;;;;;
7146661;treatment;before visit;2020-11-17 23:59:59+00:00;23.86;;;;;;;;;
7146661;treatment;before visit;2020-11-18 23:59:59+00:00;24.69;;;;;;;;;
7146661;treatment;before visit;2020-11-19 23:59:59+00:00;21.31;;;;;;;;;
7146661;treatment;before visit;2020-11-20 23:59:59+00:00;23.75;;;;;;;;;
7146661;treatment;before visit;2020-11-21 23:59:59+00:00;22.12;;;;;;;;;
7146661;treatment;before visit;2020-11-22 23:59:59+00:00;24.08;;;;;;;;;
7146661;treatment;before visit;2020-11-23 23:59:59+00:00;25.41;;;;;;;;;
7146661;treatment;before visit;2020-11-24 23:59:59+00:00;23.78;;;;;;;;;
7146661;treatment;before visit;2020-11-25 23:59:59+00:00;23.8;;;;;;;;;
7146661;treatment;before visit;2020-11-26 23:59:59+00:00;31.19;;;;;;;;;
7146661;treatment;before visit;2020-11-27 23:59:59+00:00;24.52;;;;;;;;;
7146661;treatment;before visit;2020-11-28 23:59:59+00:00;26.48;;;;;;;;;
7146661;treatment;before visit;2020-11-29 23:59:59+00:00;23.18;;;;;;;;;
7146661;treatment;before visit;2020-11-30 23:59:59+00:00;23.78;;;;;;;;;
7146661;treatment;before visit;2020-12-01 23:59:59+00:00;24.15;;;;;;;;;
7146661;treatment;before visit;2020-12-02 23:59:59+00:00;24.08;;;;;;;;;
7146661;treatment;before visit;2020-12-03 23:59:59+00:00;27.42;;;;;;;;;
7146661;treatment;before visit;2020-12-04 23:59:59+00:00;24.95;;;;;;;;;
7146661;treatment;before visit;2020-12-05 23:59:59+00:00;24.25;;;;;;;;;
7146661;treatment;before visit;2020-12-06 23:59:59+00:00;20.84;;;;;;;;;
7146661;treatment;before visit;2020-12-07 23:59:59+00:00;21.28;;;;;;;;;
7146661;treatment;before visit;2020-12-08 23:59:59+00:00;24.17;;;;;;;;;
7146661;treatment;before visit;2020-12-09 23:59:59+00:00;27.58;;;;;;;;;
7146661;treatment;before visit;2020-12-10 23:59:59+00:00;24.45;;;;;;;;;
7146661;treatment;before visit;2020-12-11 23:59:59+00:00;31.47;;;;;;;;;
7146661;treatment;before visit;2020-12-12 23:59:59+00:00;22.54;;;;;;;;;
7146661;treatment;before visit;2020-12-13 23:59:59+00:00;24.66;;;;;;;;;
7146661;treatment;before visit;2020-12-14 23:59:59+00:00;24.91;;;;;;;;;
7146661;treatment;before visit;2020-12-15 23:59:59+00:00;24.92;;;;;;;;;
7146661;treatment;before visit;2020-12-16 23:59:59+00:00;23.81;;;;;;;;;
7146661;treatment;before visit;2020-12-17 23:59:59+00:00;28.55;;;;;;;;;
7146661;treatment;before visit;2020-12-18 23:59:59+00:00;23.97;;;;;;;;;
7146661;treatment;before visit;2020-12-19 23:59:59+00:00;26.28;;;;;;;;;
7146661;treatment;before visit;2020-12-20 23:59:59+00:00;28.16;;;;;;;;;
7146661;treatment;before visit;2020-12-21 23:59:59+00:00;30.06;;;;;;;;;
7146661;treatment;before visit;2020-12-22 23:59:59+00:00;23.54;;;;;;;;;
7146661;treatment;before visit;2020-12-23 23:59:59+00:00;16.28;;;;;;;;;
7146661;treatment;before visit;2020-12-24 23:59:59+00:00;16.2;;;;;;;;;
7146661;treatment;before visit;2020-12-25 23:59:59+00:00;13.5;;;;;;;;;
7146661;treatment;before visit;2020-12-26 23:59:59+00:00;13.87;;;;;;;;;
7146661;treatment;before visit;2020-12-27 23:59:59+00:00;14.17;;;;;;;;;
7146661;treatment;before visit;2020-12-28 23:59:59+00:00;13.73;;;;;;;;;
7146661;treatment;before visit;2020-12-29 23:59:59+00:00;14.01;;;;;;;;;
7146661;treatment;before visit;2020-12-30 23:59:59+00:00;14.06;;;;;;;;;
7146661;treatment;before visit;2020-12-31 23:59:59+00:00;14.11;;;;;;;;;
7146661;treatment;before visit;2021-01-01 23:59:59+00:00;17.67;;;;;;;;;
7146661;treatment;before visit;2021-01-02 23:59:59+00:00;33.88;;;;;;;;;
7146661;treatment;before visit;2021-01-03 23:59:59+00:00;29.8;;;;;;;;;
7146661;treatment;before visit;2021-01-04 23:59:59+00:00;24.85;;;;;;;;;
7146661;treatment;before visit;2021-01-05 23:59:59+00:00;25.37;;;;;;;;;
7146661;treatment;before visit;2021-01-06 23:59:59+00:00;25.75;;;;;;;;;
7146661;treatment;before visit;2021-01-30 23:59:59+00:00;26.39;;;;;;;;;
7146661;treatment;before visit;2021-01-31 23:59:59+00:00;28.49;;;;;;;;;
7146661;treatment;before visit;2021-02-01 23:59:59+00:00;29.52;;;;;;;;;
7146661;treatment;before visit;2021-02-02 23:59:59+00:00;21.19;;;;;;;;;
7146661;treatment;before visit;2021-02-03 23:59:59+00:00;27.22;;;;;;;;;
7146661;treatment;before visit;2021-02-04 23:59:59+00:00;24.63;;;;;;;;;
7146661;treatment;before visit;2021-02-05 23:59:59+00:00;26.79;;;;;;;;;
7146661;treatment;before visit;2021-02-06 23:59:59+00:00;21.83;;;;;;;;;
7146661;treatment;before visit;2021-02-07 23:59:59+00:00;19.37;;;;;;;;;
7146661;treatment;before visit;2021-02-08 23:59:59+00:00;17.07;;;;;;;;;
7146661;treatment;before visit;2021-02-09 23:59:59+00:00;19.39;;;;;;;;;
7146661;treatment;before visit;2021-02-10 23:59:59+00:00;18.61;;;;;;;;;
7146661;treatment;before visit;2021-02-11 23:59:59+00:00;18.92;;;;;;;;;
7146661;treatment;before visit;2021-02-12 23:59:59+00:00;22.67;;;;;;;;;
7146661;treatment;before visit;2021-02-13 23:59:59+00:00;30.4;;;;;;;;;
7146661;treatment;before visit;2021-02-14 23:59:59+00:00;29.06;;;;;;;;;
7146661;treatment;before visit;2021-02-15 23:59:59+00:00;26.67;;;;;;;;;
7146661;treatment;before visit;2021-02-16 23:59:59+00:00;26.03;;;;;;;;;
7146661;treatment;before visit;2021-02-17 23:59:59+00:00;25.36;;;;;;;;;
7146661;treatment;before visit;2021-02-18 23:59:59+00:00;27.57;;;;;;;;;
7146661;treatment;before visit;2021-02-19 23:59:59+00:00;24.17;;;;;;;;;
7146661;treatment;before visit;2021-02-20 23:59:59+00:00;25.79;;;;;;;;;
7146661;treatment;before visit;2021-02-21 23:59:59+00:00;22.76;;;;;;;;;
7146661;treatment;before visit;2021-02-22 23:59:59+00:00;22.74;;;;;;;;;
7146661;treatment;before visit;2021-02-23 23:59:59+00:00;24.22;;;;;;;;;
7146661;treatment;before visit;2021-02-24 23:59:59+00:00;24.82;;;;;;;;;
7146661;treatment;before visit;2021-02-25 23:59:59+00:00;26.65;;;;;;;;;
7146661;treatment;before visit;2021-02-26 23:59:59+00:00;28.45;;;;;;;;;
7146661;treatment;before visit;2021-02-27 23:59:59+00:00;25.99;;;;;;;;;
7146661;treatment;before visit;2021-02-28 23:59:59+00:00;25.0;;;;;;;;;
7146661;treatment;before visit;2021-03-01 23:59:59+00:00;26.06;;;;;;;;;
7146661;treatment;before visit;2021-03-02 23:59:59+00:00;21.98;;;;;;;;;
7146661;treatment;before visit;2021-03-03 23:59:59+00:00;27.37;;;;;;;;;
7146661;treatment;before visit;2021-03-04 23:59:59+00:00;24.42;;;;;;;;;
7146661;treatment;before visit;2021-03-05 23:59:59+00:00;23.86;;;;;;;;;
7146661;treatment;before visit;2021-03-06 23:59:59+00:00;25.81;;;;;;;;;
7146661;treatment;before visit;2021-03-07 23:59:59+00:00;26.4;;;;;;;;;
7146661;treatment;before visit;2021-03-08 23:59:59+00:00;21.88;;;;;;;;;
7146661;treatment;before visit;2021-03-09 23:59:59+00:00;21.03;;;;;;;;;
7146661;treatment;before visit;2021-03-10 23:59:59+00:00;24.44;;;;;;;;;
7146661;treatment;before visit;2021-03-11 23:59:59+00:00;26.9;;;;;;;;;
7146661;treatment;before visit;2021-03-12 23:59:59+00:00;24.07;;;;;;;;;
7146661;treatment;before visit;2021-03-13 23:59:59+00:00;19.46;;;;;;;;;
7146661;treatment;before visit;2021-03-14 23:59:59+00:00;21.02;;;;;;;;;
7146661;treatment;before visit;2021-03-15 23:59:59+00:00;25.1;;;;;;;;;
7146661;treatment;before visit;2021-03-16 23:59:59+00:00;26.25;;;;;;;;;
7146661;treatment;before visit;2021-03-17 23:59:59+00:00;23.22;;;;;;;;;
7146661;treatment;before visit;2021-03-18 23:59:59+00:00;27.44;;;;;;;;;
7146661;treatment;before visit;2021-03-19 23:59:59+00:00;27.62;;;;;;;;;
7146661;treatment;before visit;2021-03-20 23:59:59+00:00;25.47;;;;;;;;;
7146661;treatment;before visit;2021-03-21 23:59:59+00:00;22.86;;;;;;;;;
7146661;treatment;before visit;2021-03-22 23:59:59+00:00;26.01;;;;;;;;;
7146661;treatment;before visit;2021-03-23 23:59:59+00:00;21.22;;;;;;;;;
7146661;treatment;before visit;2021-03-24 23:59:59+00:00;26.47;;;;;;;;;
7146661;treatment;before visit;2021-03-25 23:59:59+00:00;25.49;;;;;;;;;
7146661;treatment;before visit;2021-03-26 23:59:59+00:00;22.55;;;;;;;;;
7146661;treatment;before visit;2021-03-27 23:59:59+00:00;24.87;;;;;;;;;
7146661;treatment;before visit;2021-03-28 23:59:59+00:00;25.74;;;;;;;;;
7146661;treatment;before visit;2021-03-29 23:59:59+00:00;24.63;;;;;;;;;
7146661;treatment;before visit;2021-03-30 23:59:59+00:00;20.96;;;;;;;;;
7146661;treatment;before visit;2021-03-31 23:59:59+00:00;13.48;;;;;;;;;
7146661;treatment;before visit;2021-04-01 23:59:59+00:00;20.16;;;;;;;;;
7146661;treatment;before visit;2021-04-02 23:59:59+00:00;24.87;;;;;;;;;
7146661;treatment;before visit;2021-04-03 23:59:59+00:00;24.0;;;;;;;;;
7146661;treatment;before visit;2021-04-04 23:59:59+00:00;24.24;;;;;;;;;
7146661;treatment;before visit;2021-04-05 23:59:59+00:00;28.68;;;;;;;;;
7146661;treatment;before visit;2021-04-06 23:59:59+00:00;23.77;;;;;;;;;
7146661;treatment;before visit;2021-04-07 23:59:59+00:00;21.06;;;;;;;;;
7146661;treatment;before visit;2021-04-08 23:59:59+00:00;22.36;;;;;;;;;
7146661;treatment;before visit;2021-04-09 23:59:59+00:00;19.13;;;;;;;;;
7146661;treatment;before visit;2021-04-10 23:59:59+00:00;18.02;;;;;;;;;
7146661;treatment;before visit;2021-04-11 23:59:59+00:00;20.24;;;;;;;;;
7146661;treatment;before visit;2021-04-12 23:59:59+00:00;29.13;;;;;;;;;
7146661;treatment;before visit;2021-04-13 23:59:59+00:00;23.63;;;;;;;;;
7146661;treatment;before visit;2021-04-14 23:59:59+00:00;22.15;;;;;;;;;
7146661;treatment;before visit;2021-04-15 23:59:59+00:00;24.63;;;;;;;;;
7146661;treatment;before visit;2021-04-16 23:59:59+00:00;23.62;;;;;;;;;
7146661;treatment;before visit;2021-04-17 23:59:59+00:00;29.22;;;;;;;;;
7146661;treatment;before visit;2021-04-18 23:59:59+00:00;26.02;;;;;;;;;
7146661;treatment;before visit;2021-04-19 23:59:59+00:00;26.08;;;;;;;;;
7146661;treatment;before visit;2021-04-20 23:59:59+00:00;23.16;;;;;;;;;
7146661;treatment;before visit;2021-04-21 23:59:59+00:00;20.3;;;;;;;;;
7146661;treatment;before visit;2021-04-22 23:59:59+00:00;24.62;;;;;;;;;
7146661;treatment;before visit;2021-04-23 23:59:59+00:00;27.32;;;;;;;;;
7146661;treatment;before visit;2021-04-24 23:59:59+00:00;23.59;;;;;;;;;
7146661;treatment;before visit;2021-04-25 23:59:59+00:00;25.13;;;;;;;;;
7146661;treatment;before visit;2021-04-26 23:59:59+00:00;24.1;;;;;;;;;
7146661;treatment;before visit;2021-04-27 23:59:59+00:00;22.91;;;;;;;;;
7146661;treatment;before visit;2021-04-28 23:59:59+00:00;21.14;;;;;;;;;
7146661;treatment;before visit;2021-04-29 23:59:59+00:00;25.63;;;;;;;;;
7146661;treatment;before visit;2021-04-30 23:59:59+00:00;22.12;;;;;;;;;
7146661;treatment;before visit;2021-05-01 23:59:59+00:00;26.91;;;;;;;;;
7146661;treatment;before visit;2021-05-02 23:59:59+00:00;21.62;;;;;;;;;
7146661;treatment;before visit;2021-05-03 23:59:59+00:00;19.17;;;;;;;;;
7146661;treatment;before visit;2021-05-04 23:59:59+00:00;18.33;;;;;;;;;
7146661;treatment;before visit;2021-05-05 23:59:59+00:00;17.17;;;;;;;;;
7146661;treatment;before visit;2021-05-06 23:59:59+00:00;17.49;;;;;;;;;
7146661;treatment;before visit;2021-05-07 23:59:59+00:00;19.86;;;;;;;;;
7146661;treatment;before visit;2021-05-08 23:59:59+00:00;28.22;;;;;;;;;
7146661;treatment;before visit;2021-05-09 23:59:59+00:00;25.08;;;;;;;;;
7146661;treatment;before visit;2021-05-10 23:59:59+00:00;19.95;;;;;;;;;
7146661;treatment;before visit;2021-05-11 23:59:59+00:00;24.06;;;;;;;;;
7146661;treatment;before visit;2021-05-12 23:59:59+00:00;19.61;;;;;;;;;
7146661;treatment;before visit;2021-05-13 23:59:59+00:00;25.98;;;;;;;;;
7146661;treatment;before visit;2021-05-14 23:59:59+00:00;24.63;;;;;;;;;
7146661;treatment;before visit;2021-05-15 23:59:59+00:00;25.25;;;;;;;;;
7146661;treatment;before visit;2021-05-16 23:59:59+00:00;23.04;;;;;;;;;
7146661;treatment;before visit;2021-05-17 23:59:59+00:00;21.56;;;;;;;;;
7146661;treatment;before visit;2021-05-18 23:59:59+00:00;21.01;;;;;;;;;
7146661;treatment;before visit;2021-05-19 23:59:59+00:00;26.81;;;;;;;;;
7146661;treatment;before visit;2021-05-20 23:59:59+00:00;20.21;;;;;;;;;
7146661;treatment;before visit;2021-05-21 23:59:59+00:00;13.88;;;;;;;;;
7146661;treatment;before visit;2021-05-22 23:59:59+00:00;12.63;;;;;;;;;
7146661;treatment;before visit;2021-05-23 23:59:59+00:00;12.66;;;;;;;;;
7146661;treatment;before visit;2021-05-24 23:59:59+00:00;17.76;;;;;;;;;
7146661;treatment;before visit;2021-05-25 23:59:59+00:00;16.09;;;;;;;;;
7146661;treatment;before visit;2021-05-26 23:59:59+00:00;20.91;;;;;;;;;
7146661;treatment;before visit;2021-05-27 23:59:59+00:00;26.95;;;;;;;;;
7146661;treatment;before visit;2021-05-28 23:59:59+00:00;26.97;;;;;;;;;
7146661;treatment;before visit;2021-05-29 23:59:59+00:00;18.85;;;;;;;;;
7146661;treatment;before visit;2021-05-30 23:59:59+00:00;21.5;;;;;;;;;
7146661;treatment;before visit;2021-05-31 23:59:59+00:00;22.9;;;;;;;;;
7146661;treatment;before visit;2021-06-01 23:59:59+00:00;21.03;;;;;;;;;
7146661;treatment;before visit;2021-06-02 23:59:59+00:00;19.7;;;;;;;;;
7146661;treatment;before visit;2021-06-03 23:59:59+00:00;19.3;;;;;;;;;
7146661;treatment;before visit;2021-06-04 23:59:59+00:00;19.61;;;;;;;;;
7146661;treatment;before visit;2021-06-05 23:59:59+00:00;23.76;;;;;;;;;
7146661;treatment;before visit;2021-06-06 23:59:59+00:00;20.29;;;;;;;;;
7146661;treatment;before visit;2021-06-07 23:59:59+00:00;18.45;;;;;;;;;
7146661;treatment;before visit;2021-06-08 23:59:59+00:00;18.64;;;;;;;;;
7146661;treatment;before visit;2021-06-09 23:59:59+00:00;17.35;;;;;;;;;
7146661;treatment;before visit;2021-06-10 23:59:59+00:00;20.25;;;;;;;;;
7146661;treatment;before visit;2021-06-11 23:59:59+00:00;13.27;;;;;;;;;
7146661;treatment;before visit;2021-06-12 23:59:59+00:00;10.94;;;;;;;;;
7146661;treatment;before visit;2021-06-13 23:59:59+00:00;16.24;;;;;;;;;
7146661;treatment;before visit;2021-06-14 23:59:59+00:00;18.33;;;;;;;;;
7146661;treatment;before visit;2021-06-15 23:59:59+00:00;23.2;;;;;;;;;
7146661;treatment;before visit;2021-06-16 23:59:59+00:00;23.2;;;;;;;;;
7146661;treatment;before visit;2021-06-17 23:59:59+00:00;18.25;;;;;;;;;
7146661;treatment;before visit;2021-06-18 23:59:59+00:00;15.66;;;;;;;;;
7146661;treatment;before visit;2021-06-19 23:59:59+00:00;17.12;;;;;;;;;
7146661;treatment;before visit;2021-06-20 23:59:59+00:00;20.02;;;;;;;;;
7146661;treatment;before visit;2021-06-21 23:59:59+00:00;15.24;;;;;;;;;
7146661;treatment;before visit;2021-06-22 23:59:59+00:00;19.57;;;;;;;;;
7146661;treatment;before visit;2021-06-23 23:59:59+00:00;16.05;;;;;;;;;
7146661;treatment;before visit;2021-06-24 23:59:59+00:00;20.67;;;;;;;;;
7146661;treatment;before visit;2021-06-25 23:59:59+00:00;18.88;;;;;;;;;
7146661;treatment;before visit;2021-06-26 23:59:59+00:00;21.08;;;;;;;;;
7146661;treatment;before visit;2021-06-27 23:59:59+00:00;19.64;;;;;;;;;
7146661;treatment;before visit;2021-06-28 23:59:59+00:00;19.09;;;;;;;;;
7146661;treatment;before visit;2021-06-29 23:59:59+00:00;15.51;;;;;;;;;
7146661;treatment;before visit;2021-06-30 23:59:59+00:00;17.73;;;;;;;;;
7146661;treatment;before visit;2021-07-01 23:59:59+00:00;22.88;;;;;;;;;
7146661;treatment;before visit;2021-07-02 23:59:59+00:00;21.71;;;;;;;;;
7146661;treatment;before visit;2021-07-03 23:59:59+00:00;17.42;;;;;;;;;
7146661;treatment;before visit;2021-07-04 23:59:59+00:00;20.43;;;;;;;;;
7146661;treatment;before visit;2021-07-05 23:59:59+00:00;22.2;;;;;;;;;
7146661;treatment;before visit;2021-07-06 23:59:59+00:00;20.29;;;;;;;;;
7146661;treatment;before visit;2021-07-07 23:59:59+00:00;17.27;;;;;;;;;
7146661;treatment;before visit;2021-07-08 23:59:59+00:00;16.38;;;;;;;;;
7146661;treatment;before visit;2021-07-09 23:59:59+00:00;16.73;;;;;;;;;
7146661;treatment;before visit;2021-07-10 23:59:59+00:00;11.39;;;;;;;;;
7146661;treatment;before visit;2021-07-11 23:59:59+00:00;12.63;;;;;;;;;
7146661;treatment;before visit;2021-07-12 23:59:59+00:00;21.4;;;;;;;;;
7146661;treatment;before visit;2021-07-13 23:59:59+00:00;17.82;;;;;;;;;
7146661;treatment;before visit;2021-07-14 23:59:59+00:00;16.77;;;;;;;;;
7146661;treatment;before visit;2021-07-15 23:59:59+00:00;22.8;;;;;;;;;
7146661;treatment;before visit;2021-07-16 23:59:59+00:00;18.34;;;;;;;;;
7146661;treatment;before visit;2021-07-17 23:59:59+00:00;15.59;;;;;;;;;
7146661;treatment;before visit;2021-07-18 23:59:59+00:00;15.48;;;;;;;;;
7146661;treatment;before visit;2021-07-19 23:59:59+00:00;16.26;;;;;;;;;
7146661;treatment;before visit;2021-07-20 23:59:59+00:00;15.1;;;;;;;;;
7146661;treatment;before visit;2021-07-21 23:59:59+00:00;17.59;;;;;;;;;
7146661;treatment;before visit;2021-07-22 23:59:59+00:00;14.92;;;;;;;;;
7146661;treatment;before visit;2021-07-23 23:59:59+00:00;18.51;;;;;;;;;
7146661;treatment;before visit;2021-07-24 23:59:59+00:00;20.17;;;;;;;;;
7146661;treatment;before visit;2021-07-25 23:59:59+00:00;25.48;;;;;;;;;
7146661;treatment;before visit;2021-07-26 23:59:59+00:00;30.83;;;;;;;;;
7146661;treatment;before visit;2021-07-27 23:59:59+00:00;17.57;;;;;;;;;
7146661;treatment;before visit;2021-07-28 23:59:59+00:00;17.38;;;;;;;;;
7146661;treatment;before visit;2021-07-29 23:59:59+00:00;21.76;;;;;;;;;
7146661;treatment;before visit;2021-07-30 23:59:59+00:00;14.79;;;;;;;;;
7146661;treatment;before visit;2021-07-31 23:59:59+00:00;12.7;;;;;;;;;
7146661;treatment;before visit;2021-08-01 23:59:59+00:00;10.6;;;;;;;;;
7146661;treatment;before visit;2021-08-02 23:59:59+00:00;10.41;;;;;;;;;
7146661;treatment;before visit;2021-08-03 23:59:59+00:00;10.66;;;;;;;;;
7146661;treatment;before visit;2021-08-04 23:59:59+00:00;10.76;;;;;;;;;
7146661;treatment;before visit;2021-08-05 23:59:59+00:00;10.68;;;;;;;;;
7146661;treatment;before visit;2021-08-06 23:59:59+00:00;10.77;;;;;;;;;
7146661;treatment;before visit;2021-08-07 23:59:59+00:00;10.65;;;;;;;;;
7146661;treatment;before visit;2021-08-08 23:59:59+00:00;10.8;;;;;;;;;
7146661;treatment;before visit;2021-08-09 23:59:59+00:00;10.64;;;;;;;;;
7146661;treatment;before visit;2021-08-10 23:59:59+00:00;10.81;;;;;;;;;
7146661;treatment;before visit;2021-08-11 23:59:59+00:00;10.81;;;;;;;;;
7146661;treatment;before visit;2021-08-12 23:59:59+00:00;10.65;;;;;;;;;
7146661;treatment;before visit;2021-08-13 23:59:59+00:00;10.34;;;;;;;;;
7146661;treatment;before visit;2021-08-14 23:59:59+00:00;10.72;;;;;;;;;
7146661;treatment;before visit;2021-08-15 23:59:59+00:00;17.53;;;;;;;;;
7146661;treatment;before visit;2021-08-16 23:59:59+00:00;19.18;;;;;;;;;
7146661;treatment;before visit;2021-08-17 23:59:59+00:00;24.28;;;;;;;;;
7146661;treatment;before visit;2021-08-18 23:59:59+00:00;20.0;;;;;;;;;
7146661;treatment;before visit;2021-08-19 23:59:59+00:00;22.66;;;;;;;;;
7146661;treatment;before visit;2021-08-20 23:59:59+00:00;21.46;;;;;;;;;
7146661;treatment;before visit;2021-08-21 23:59:59+00:00;17.99;;;;;;;;;
7146661;treatment;before visit;2021-08-22 23:59:59+00:00;25.23;;;;;;;;;
7146661;treatment;before visit;2021-08-23 23:59:59+00:00;19.83;;;;;;;;;
7146661;treatment;before visit;2021-08-24 23:59:59+00:00;17.89;;;;;;;;;
7146661;treatment;before visit;2021-08-25 23:59:59+00:00;19.99;;;;;;;;;
7146661;treatment;before visit;2021-08-26 23:59:59+00:00;22.26;;;;;;;;;
7146661;treatment;before visit;2021-08-27 23:59:59+00:00;23.75;;;;;;;;;
7146661;treatment;before visit;2021-08-28 23:59:59+00:00;23.0;;;;;;;;;
7146661;treatment;before visit;2021-08-29 23:59:59+00:00;22.81;;;;;;;;;
7146661;treatment;before visit;2021-08-30 23:59:59+00:00;17.34;;;;;;;;;
7146661;treatment;before visit;2021-08-31 23:59:59+00:00;21.61;;;;;;;;;
7146661;treatment;before visit;2021-09-01 23:59:59+00:00;15.96;;;;;;;;;
7146661;treatment;before visit;2021-09-02 23:59:59+00:00;18.87;;;;;;;;;
7146661;treatment;before visit;2021-09-03 23:59:59+00:00;16.06;;;;;;;;;
7146661;treatment;before visit;2021-09-04 23:59:59+00:00;15.94;;;;;;;;;
7146661;treatment;before visit;2021-09-05 23:59:59+00:00;19.39;;;;;;;;;
7146661;treatment;before visit;2021-09-06 23:59:59+00:00;17.38;;;;;;;;;
7146661;treatment;before visit;2021-09-07 23:59:59+00:00;18.23;;;;;;;;;
7146661;treatment;before visit;2021-09-08 23:59:59+00:00;18.99;;;;;;;;;
7146661;treatment;before visit;2021-09-09 23:59:59+00:00;19.73;;;;;;;;;
7146661;treatment;before visit;2021-09-10 23:59:59+00:00;20.28;;;;;;;;;
7146661;treatment;before visit;2021-09-11 23:59:59+00:00;23.58;;;;;;;;;
7146661;treatment;before visit;2021-09-12 23:59:59+00:00;22.34;;;;;;;;;
7146661;treatment;before visit;2021-09-13 23:59:59+00:00;25.42;;;;;;;;;
7146661;treatment;before visit;2021-09-14 23:59:59+00:00;16.49;;;;;;;;;
7146661;treatment;before visit;2021-09-15 23:59:59+00:00;21.5;;;;;;;;;
7146661;treatment;before visit;2021-09-16 23:59:59+00:00;15.12;;;;;;;;;
7146661;treatment;before visit;2021-09-17 23:59:59+00:00;19.52;;;;;;;;;
7146661;treatment;before visit;2021-09-18 23:59:59+00:00;21.91;;;;;;;;;
7146661;treatment;before visit;2021-09-19 23:59:59+00:00;20.08;;;;;;;;;
7146661;treatment;before visit;2021-09-20 23:59:59+00:00;16.0;;;;;;;;;
7146661;treatment;before visit;2021-09-21 23:59:59+00:00;20.17;;;;;;;;;
7146661;treatment;before visit;2021-09-22 23:59:59+00:00;16.0;;;;;;;;;
7146661;treatment;before visit;2021-09-23 23:59:59+00:00;16.08;;;;;;;;;
7146661;treatment;before visit;2021-09-24 23:59:59+00:00;19.33;;;;;;;;;
7146661;treatment;before visit;2021-09-25 23:59:59+00:00;24.68;;;;;;;;;
7146661;treatment;before visit;2021-09-26 23:59:59+00:00;22.0;;;;;;;;;
7146661;treatment;before visit;2021-09-27 23:59:59+00:00;15.84;;;;;;;;;
7146661;treatment;before visit;2021-09-28 23:59:59+00:00;18.1;;;;;;;;;
7146661;treatment;before visit;2021-09-29 23:59:59+00:00;15.39;;;;;;;;;
7146661;treatment;before visit;2021-09-30 23:59:59+00:00;21.1;;;;;;;;;
7146661;treatment;before visit;2021-10-01 23:59:59+00:00;18.22;;;;;;;;;
7146661;treatment;before visit;2021-10-02 23:59:59+00:00;17.64;;;;;;;;;
7146661;treatment;before visit;2021-10-03 23:59:59+00:00;19.45;;;;;;;;;
7146661;treatment;before visit;2021-10-04 23:59:59+00:00;23.58;;;;;;;;;
7146661;treatment;before visit;2021-10-05 23:59:59+00:00;17.8;;;;;;;;;
7146661;treatment;before visit;2021-10-06 23:59:59+00:00;20.8;;;;;;;;;
7146661;treatment;before visit;2021-10-07 23:59:59+00:00;20.69;;;;;;;;;
7146661;treatment;before visit;2021-10-08 23:59:59+00:00;15.88;;;;;;;;;
7146661;treatment;before visit;2021-10-09 23:59:59+00:00;17.01;;;;;;;;;
7146661;treatment;before visit;2021-10-10 23:59:59+00:00;17.0;;;;;;;;;
7146661;treatment;before visit;2021-10-11 23:59:59+00:00;17.35;;;;;;;;;
7146661;treatment;before visit;2021-10-12 23:59:59+00:00;15.61;;;;;;;;;
7146661;treatment;before visit;2021-10-13 23:59:59+00:00;15.23;;;;;;;;;
7146661;treatment;before visit;2021-10-14 23:59:59+00:00;17.39;;;;;;;;;
7146661;treatment;before visit;2021-10-15 23:59:59+00:00;27.9;;;;;;;;;
7146661;treatment;before visit;2021-10-16 23:59:59+00:00;20.32;;;;;;;;;
7146661;treatment;before visit;2021-10-17 23:59:59+00:00;18.72;;;;;;;;;
7146661;treatment;before visit;2021-10-18 23:59:59+00:00;17.59;;;;;;;;;
7146661;treatment;before visit;2021-10-19 23:59:59+00:00;22.52;;;;;;;;;
7146661;treatment;before visit;2021-10-20 23:59:59+00:00;19.91;;;;;;;;;
7146661;treatment;before visit;2021-10-21 23:59:59+00:00;16.7;;;;;;;;;
7146661;treatment;before visit;2021-10-22 23:59:59+00:00;23.04;;;;;;;;;
7146661;treatment;before visit;2021-10-23 23:59:59+00:00;24.54;;;;;;;;;
7146661;treatment;before visit;2021-10-24 23:59:59+00:00;26.38;;;;;;;;;
7146661;treatment;before visit;2021-10-25 23:59:59+00:00;20.54;;;;;;;;;
7146661;treatment;before visit;2021-10-26 23:59:59+00:00;18.24;;;;;;;;;
7146661;treatment;before visit;2021-10-27 23:59:59+00:00;26.1;;;;;;;;;
7146661;treatment;before visit;2021-10-28 23:59:59+00:00;22.65;;;;;;;;;
7146661;treatment;before visit;2021-10-29 23:59:59+00:00;20.74;;;;;;;;;
7146661;treatment;before visit;2021-10-30 23:59:59+00:00;26.42;;;;;;;;;
7146661;treatment;before visit;2021-10-31 23:59:59+00:00;32.37;;;;;;;;;
7146661;treatment;before visit;2021-11-01 23:59:59+00:00;19.87;;;;;;;;;
7146661;treatment;before visit;2021-11-02 23:59:59+00:00;17.41;;;;;;;;;
7146661;treatment;before visit;2021-11-03 23:59:59+00:00;26.79;;;;;;;;;
7146661;treatment;before visit;2021-11-04 23:59:59+00:00;20.0;;;;;;;;;
7146661;treatment;before visit;2021-11-05 23:59:59+00:00;19.16;;;;;;;;;
7146661;treatment;before visit;2021-11-06 23:59:59+00:00;21.57;;;;;;;;;
7146661;treatment;before visit;2021-11-07 23:59:59+00:00;20.17;;;;;;;;;
7146661;treatment;before visit;2021-11-08 23:59:59+00:00;19.81;;;;;;;;;
7146661;treatment;before visit;2021-11-09 23:59:59+00:00;22.9;;;;;;;;;
7146661;treatment;before visit;2021-11-10 23:59:59+00:00;27.0;;;;;;;;;
7146661;treatment;before visit;2021-11-11 23:59:59+00:00;23.35;;;;;;;;;
7146661;treatment;before visit;2021-11-12 23:59:59+00:00;26.82;;;;;;;;;
7146661;treatment;before visit;2021-11-13 23:59:59+00:00;29.51;;;;;;;;;
7146661;treatment;before visit;2021-11-14 23:59:59+00:00;25.64;;;;;;;;;
7146661;treatment;before visit;2021-11-15 23:59:59+00:00;22.03;;;;;;;;;
7146661;treatment;before visit;2021-11-16 23:59:59+00:00;20.46;;;;;;;;;
7146661;treatment;before visit;2021-11-17 23:59:59+00:00;20.76;;;;;;;;;
7146661;treatment;before visit;2021-11-18 23:59:59+00:00;27.21;;;;;;;;;
7146661;treatment;before visit;2021-11-19 23:59:59+00:00;24.06;;;;;;;;;
7146661;treatment;before visit;2021-11-20 23:59:59+00:00;24.86;;;;;;;;;
7146661;treatment;before visit;2021-11-21 23:59:59+00:00;27.51;;;;;;;;;
7146661;treatment;before visit;2021-11-22 23:59:59+00:00;22.63;;;;;;;;;
7146661;treatment;before visit;2021-11-23 23:59:59+00:00;24.24;;;;;;;;;
7146661;treatment;before visit;2021-11-24 23:59:59+00:00;22.79;;;;;;;;;
7146661;treatment;before visit;2021-11-25 23:59:59+00:00;28.1;;;;;;;;;
7146661;treatment;before visit;2021-11-26 23:59:59+00:00;22.29;;;;;;;;;
7146661;treatment;before visit;2021-11-27 23:59:59+00:00;25.42;;;;;;;;;
7146661;treatment;before visit;2021-11-28 23:59:59+00:00;29.51;;;;;;;;;
7146661;treatment;before visit;2021-11-29 23:59:59+00:00;28.29;;;;;;;;;
7146661;treatment;before visit;2021-11-30 23:59:59+00:00;23.5;;;;;;;;;
7146661;treatment;before visit;2021-12-01 23:59:59+00:00;23.27;;;;;;;;;
7146661;treatment;before visit;2021-12-02 23:59:59+00:00;22.16;;;;;;;;;
7146661;treatment;before visit;2021-12-03 23:59:59+00:00;19.57;;;;;;;;;
7146661;treatment;before visit;2021-12-04 23:59:59+00:00;28.2;;;;;;;;;
7146661;treatment;before visit;2021-12-05 23:59:59+00:00;24.93;;;;;;;;;
7146661;treatment;before visit;2021-12-06 23:59:59+00:00;29.09;;;;;;;;;
7146661;treatment;before visit;2021-12-07 23:59:59+00:00;25.39;;;;;;;;;
7146661;treatment;before visit;2021-12-08 23:59:59+00:00;25.44;;;;;;;;;
7146661;treatment;before visit;2021-12-09 23:59:59+00:00;24.98;;;;;;;;;
7146661;treatment;before visit;2021-12-10 23:59:59+00:00;29.44;;;;;;;;;
7146661;treatment;before visit;2021-12-11 23:59:59+00:00;23.88;;;;;;;;;
7146661;treatment;before visit;2021-12-12 23:59:59+00:00;26.53;;;;;;;;;
7146661;treatment;before visit;2021-12-13 23:59:59+00:00;22.53;;;;;;;;;
7146661;treatment;before visit;2021-12-14 23:59:59+00:00;23.14;;;;;;;;;
7146661;treatment;before visit;2021-12-15 23:59:59+00:00;22.52;;;;;;;;;
7146661;treatment;before visit;2021-12-16 23:59:59+00:00;26.46;;;;;;;;;
7146661;treatment;before visit;2021-12-17 23:59:59+00:00;22.73;;;;;;;;;
7146661;treatment;before visit;2021-12-18 23:59:59+00:00;25.77;;;;;;;;;
7146661;treatment;before visit;2021-12-19 23:59:59+00:00;23.48;;;;;;;;;
7146661;treatment;before visit;2021-12-20 23:59:59+00:00;19.44;;;;;;;;;
7146661;treatment;before visit;2021-12-21 23:59:59+00:00;19.87;;;;;;;;;
7146661;treatment;before visit;2021-12-22 23:59:59+00:00;17.6;;;;;;;;;
7146661;treatment;before visit;2021-12-23 23:59:59+00:00;15.29;;;;;;;;;
7146661;treatment;before visit;2021-12-24 23:59:59+00:00;14.64;;;;;;;;;
7146661;treatment;before visit;2021-12-25 23:59:59+00:00;13.69;;;;;;;;;
7146661;treatment;before visit;2021-12-26 23:59:59+00:00;13.59;;;;;;;;;
7146661;treatment;before visit;2021-12-27 23:59:59+00:00;13.76;;;;;;;;;
7146661;treatment;before visit;2021-12-28 23:59:59+00:00;13.47;;;;;;;;;
7146661;treatment;before visit;2021-12-29 23:59:59+00:00;12.56;;;;;;;;;
7146661;treatment;before visit;2021-12-30 23:59:59+00:00;23.05;;;;;;;;;
7146661;treatment;before visit;2021-12-31 23:59:59+00:00;31.85;;;;;;;;;
7146661;treatment;before visit;2022-01-01 23:59:59+00:00;27.9;;;;;;;;;
7146661;treatment;before visit;2022-01-02 23:59:59+00:00;28.79;;;;;;;;;
7146661;treatment;before visit;2022-01-03 23:59:59+00:00;23.87;;;;;;;;;
7146661;treatment;before visit;2022-01-04 23:59:59+00:00;19.39;;;;;;;;;
7146661;treatment;before visit;2022-01-05 23:59:59+00:00;27.03;;;;;;;;;
7146661;treatment;before visit;2022-01-06 23:59:59+00:00;29.59;;;;;;;;;
7146661;treatment;before visit;2022-01-07 23:59:59+00:00;23.47;;;;;;;;;
7146661;treatment;before visit;2022-01-08 23:59:59+00:00;21.49;;;;;;;;;
7146661;treatment;before visit;2022-01-09 23:59:59+00:00;26.53;;;;;;;;;
7146661;treatment;before visit;2022-01-10 23:59:59+00:00;21.36;;;;;;;;;
7146661;treatment;before visit;2022-01-11 23:59:59+00:00;22.85;;;;;;;;;
7146661;treatment;before visit;2022-01-12 23:59:59+00:00;25.34;;;;;;;;;
7146661;treatment;before visit;2022-01-13 23:59:59+00:00;29.17;;;;;;;;;
7146661;treatment;before visit;2022-01-14 23:59:59+00:00;22.27;;;;;;;;;
7146661;treatment;before visit;2022-01-15 23:59:59+00:00;26.54;;;;;;;;;
7146661;treatment;before visit;2022-01-16 23:59:59+00:00;27.04;;;;;;;;;
7146661;treatment;before visit;2022-01-17 23:59:59+00:00;23.2;;;;;;;;;
7146661;treatment;before visit;2022-01-18 23:59:59+00:00;20.53;;;;;;;;;
7146661;treatment;before visit;2022-01-19 23:59:59+00:00;26.17;;;;;;;;;
7146661;treatment;before visit;2022-01-20 23:59:59+00:00;23.43;;;;;;;;;
7146661;treatment;before visit;2022-01-21 23:59:59+00:00;22.4;;;;;;;;;
7146661;treatment;before visit;2022-01-22 23:59:59+00:00;22.42;;;;;;;;;
7146661;treatment;before visit;2022-01-23 23:59:59+00:00;24.76;;;;;;;;;
7146661;treatment;before visit;2022-01-24 23:59:59+00:00;22.15;;;;;;;;;
7146661;treatment;before visit;2022-01-25 23:59:59+00:00;25.74;;;;;;;;;
7146661;treatment;before visit;2022-01-26 23:59:59+00:00;22.65;;;;;;;;;
7146661;treatment;before visit;2022-01-27 23:59:59+00:00;23.6;;;;;;;;;
7146661;treatment;before visit;2022-01-28 23:59:59+00:00;27.3;;;;;;;;;
7146661;treatment;before visit;2022-01-29 23:59:59+00:00;20.16;;;;;;;;;
7146661;treatment;before visit;2022-01-30 23:59:59+00:00;30.9;;;;;;;;;
7146661;treatment;before visit;2022-01-31 23:59:59+00:00;28.07;;;;;;;;;
7146661;treatment;before visit;2022-02-01 23:59:59+00:00;22.23;;;;;;;;;
7146661;treatment;before visit;2022-02-02 23:59:59+00:00;23.31;;;;;;;;;
7146661;treatment;before visit;2022-02-03 23:59:59+00:00;25.06;;;;;;;;;
7146661;treatment;before visit;2022-02-04 23:59:59+00:00;19.76;;;;;;;;;
7146661;treatment;before visit;2022-02-05 23:59:59+00:00;18.6;;;;;;;;;
7146661;treatment;before visit;2022-02-06 23:59:59+00:00;21.4;;;;;;;;;
7146661;treatment;before visit;2022-02-07 23:59:59+00:00;19.68;;;;;;;;;
7146661;treatment;before visit;2022-02-08 23:59:59+00:00;19.11;;;;;;;;;
7146661;treatment;before visit;2022-02-09 23:59:59+00:00;17.58;;;;;;;;;
7146661;treatment;before visit;2022-02-10 23:59:59+00:00;17.23;;;;;;;;;
7146661;treatment;before visit;2022-02-11 23:59:59+00:00;18.78;;;;;;;;;
7146661;treatment;before visit;2022-02-12 23:59:59+00:00;18.35;;;;;;;;;
7146661;treatment;before visit;2022-02-13 23:59:59+00:00;24.26;;;;;;;;;
7146661;treatment;before visit;2022-02-14 23:59:59+00:00;30.59;;;;;;;;;
7146661;treatment;before visit;2022-02-15 23:59:59+00:00;22.55;;;;;;;;;
7146661;treatment;before visit;2022-02-16 23:59:59+00:00;24.44;;;;;;;;;
7146661;treatment;before visit;2022-02-17 23:59:59+00:00;24.0;;;;;;;;;
7146661;treatment;before visit;2022-02-18 23:59:59+00:00;23.84;;;;;;;;;
7146661;treatment;before visit;2022-02-19 23:59:59+00:00;20.0;;;;;;;;;
7146661;treatment;before visit;2022-02-20 23:59:59+00:00;27.51;;;;;;;;;
7146661;treatment;before visit;2022-02-21 23:59:59+00:00;28.61;;;;;;;;;
7146661;treatment;before visit;2022-02-22 23:59:59+00:00;23.16;;;;;;;;;
7146661;treatment;before visit;2022-02-23 23:59:59+00:00;21.96;;;;;;;;;
7146661;treatment;before visit;2022-02-24 23:59:59+00:00;23.35;;;;;;;;;
7146661;treatment;before visit;2022-02-25 23:59:59+00:00;27.88;;;;;;;;;
7146661;treatment;before visit;2022-02-26 23:59:59+00:00;25.43;;;;;;;;;
7146661;treatment;before visit;2022-02-27 23:59:59+00:00;26.07;;;;;;;;;
7146661;treatment;before visit;2022-02-28 23:59:59+00:00;23.2;;;;;;;;;
7146661;treatment;before visit;2022-03-01 23:59:59+00:00;19.95;;;;;;;;;
7146661;treatment;before visit;2022-03-02 23:59:59+00:00;25.92;;;;;;;;;
7146661;treatment;before visit;2022-03-03 23:59:59+00:00;22.48;;;;;;;;;
7146661;treatment;before visit;2022-03-04 23:59:59+00:00;21.26;;;;;;;;;
7146661;treatment;before visit;2022-03-05 23:59:59+00:00;33.07;;;;;;;;;
7146661;treatment;before visit;2022-03-06 23:59:59+00:00;26.06;;;;;;;;;
7146661;treatment;before visit;2022-03-07 23:59:59+00:00;22.6;;;;;;;;;
7146661;treatment;before visit;2022-03-08 23:59:59+00:00;21.31;;;;;;;;;
7146661;treatment;before visit;2022-03-09 23:59:59+00:00;23.23;;;;;;;;;
7146661;treatment;before visit;2022-03-10 23:59:59+00:00;22.56;;;;;;;;;
7146661;treatment;before visit;2022-03-11 23:59:59+00:00;23.66;;;;;;;;;
7146661;treatment;before visit;2022-03-12 23:59:59+00:00;26.41;;;;;;;;;
7146661;treatment;before visit;2022-03-13 23:59:59+00:00;26.03;;;;;;;;;
7146661;treatment;before visit;2022-03-14 23:59:59+00:00;23.94;;;;;;;;;
7146661;treatment;before visit;2022-03-15 23:59:59+00:00;18.58;;;;;;;;;
7146661;treatment;before visit;2022-03-16 23:59:59+00:00;22.66;;;;;;;;;
7146661;treatment;before visit;2022-03-17 23:59:59+00:00;25.25;;;;;;;;;
7146661;treatment;before visit;2022-03-18 23:59:59+00:00;21.26;;;;;;;;;
7146661;treatment;before visit;2022-03-19 23:59:59+00:00;25.52;;;;;;;;;
7146661;treatment;before visit;2022-03-20 23:59:59+00:00;27.67;;;;;;;;;
7146661;treatment;before visit;2022-03-21 23:59:59+00:00;22.13;;;;;;;;;
7146661;treatment;before visit;2022-03-22 23:59:59+00:00;21.07;;;;;;;;;
7146661;treatment;before visit;2022-03-23 23:59:59+00:00;21.76;;;;;;;;;
7146661;treatment;before visit;2022-03-24 23:59:59+00:00;26.87;;;;;;;;;
7146661;treatment;before visit;2022-03-25 23:59:59+00:00;23.05;;;;;;;;;
7146661;treatment;before visit;2022-03-26 23:59:59+00:00;21.69;;;;;;;;;
7146661;treatment;before visit;2022-03-27 23:59:59+00:00;17.75;;;;;;;;;
7146661;treatment;before visit;2022-03-28 23:59:59+00:00;28.73;;;;;;;;;
7146661;treatment;before visit;2022-03-29 23:59:59+00:00;20.07;;;;;;;;;
7146661;treatment;before visit;2022-03-30 23:59:59+00:00;18.07;;;;;;;;;
7146661;treatment;before visit;2022-03-31 23:59:59+00:00;13.0;;;;;;;;;
7146661;treatment;before visit;2022-04-01 23:59:59+00:00;23.07;;;;;;;;;
7146661;treatment;before visit;2022-04-02 23:59:59+00:00;26.69;;;;;;;;;
7146661;treatment;before visit;2022-04-03 23:59:59+00:00;25.14;;;;;;;;;
7146661;treatment;before visit;2022-04-04 23:59:59+00:00;24.98;;;;;;;;;
7146661;treatment;before visit;2022-04-05 23:59:59+00:00;20.65;;;;;;;;;
7146661;treatment;before visit;2022-04-06 23:59:59+00:00;20.45;;;;;;;;;
7146661;treatment;before visit;2022-04-07 23:59:59+00:00;21.96;;;;;;;;;
7146661;treatment;before visit;2022-04-08 23:59:59+00:00;22.19;;;;;;;;;
7146661;treatment;before visit;2022-04-09 23:59:59+00:00;23.8;;;;;;;;;
7146661;treatment;before visit;2022-04-10 23:59:59+00:00;20.38;;;;;;;;;
7146661;treatment;before visit;2022-04-11 23:59:59+00:00;21.66;;;;;;;;;
7146661;treatment;before visit;2022-04-12 23:59:59+00:00;20.31;;;;;;;;;
7146661;treatment;before visit;2022-04-13 23:59:59+00:00;22.9;;;;;;;;;
7146661;treatment;before visit;2022-04-14 23:59:59+00:00;18.75;;;;;;;;;
7146661;treatment;before visit;2022-04-15 23:59:59+00:00;23.58;;;;;;;;;
7146661;treatment;before visit;2022-04-16 23:59:59+00:00;22.94;;;;;;;;;
7146661;treatment;before visit;2022-04-17 23:59:59+00:00;24.57;;;;;;;;;
7146661;treatment;before visit;2022-04-18 23:59:59+00:00;24.41;;;;;;;;;
7146661;treatment;before visit;2022-04-19 23:59:59+00:00;23.6;;;;;;;;;
7146661;treatment;before visit;2022-04-20 23:59:59+00:00;22.85;;;;;;;;;
7146661;treatment;before visit;2022-04-21 23:59:59+00:00;20.81;;;;;;;;;
7146661;treatment;before visit;2022-04-22 23:59:59+00:00;17.95;;;;;;;;;
7146661;treatment;before visit;2022-04-23 23:59:59+00:00;16.52;;;;;;;;;
7146661;treatment;before visit;2022-04-24 23:59:59+00:00;15.98;;;;;;;;;
7146661;treatment;before visit;2022-04-25 23:59:59+00:00;17.96;;;;;;;;;
7146661;treatment;before visit;2022-04-26 23:59:59+00:00;18.04;;;;;;;;;
7146661;treatment;before visit;2022-04-27 23:59:59+00:00;19.05;;;;;;;;;
7146661;treatment;before visit;2022-04-28 23:59:59+00:00;23.21;;;;;;;;;
7146661;treatment;before visit;2022-04-29 23:59:59+00:00;22.02;;;;;;;;;
7146661;treatment;before visit;2022-04-30 23:59:59+00:00;22.96;;;;;;;;;
7146661;treatment;before visit;2022-05-01 23:59:59+00:00;21.82;;;;;;;;;
7146661;treatment;before visit;2022-05-02 23:59:59+00:00;18.13;;;;;;;;;
7146661;treatment;before visit;2022-05-03 23:59:59+00:00;22.38;;;;;;;;;
7146661;treatment;before visit;2022-05-04 23:59:59+00:00;20.92;;;;;;;;;
7146661;treatment;before visit;2022-05-05 23:59:59+00:00;27.6;;;;;;;;;
7146661;treatment;before visit;2022-05-06 23:59:59+00:00;23.03;;;;;;;;;
7146661;treatment;before visit;2022-05-07 23:59:59+00:00;21.93;;;;;;;;;
7146661;treatment;before visit;2022-05-08 23:59:59+00:00;23.01;;;;;;;;;
7146661;treatment;before visit;2022-05-09 23:59:59+00:00;19.71;;;;;;;;;
7146661;treatment;before visit;2022-05-10 23:59:59+00:00;17.39;;;;;;;;;
7146661;treatment;before visit;2022-05-11 23:59:59+00:00;18.36;;;;;;;;;
7146661;treatment;before visit;2022-05-12 23:59:59+00:00;23.93;;;;;;;;;
7146661;treatment;before visit;2022-05-13 23:59:59+00:00;18.07;;;;;;;;;
7146661;treatment;before visit;2022-05-14 23:59:59+00:00;24.03;;;;;;;;;
7146661;treatment;before visit;2022-05-15 23:59:59+00:00;21.38;;;;;;;;;
7146661;treatment;before visit;2022-05-16 23:59:59+00:00;16.9;;;;;;;;;
7146661;treatment;before visit;2022-05-17 23:59:59+00:00;16.03;;;;;;;;;
7146661;treatment;before visit;2022-05-18 23:59:59+00:00;23.85;;;;;;;;;
7146661;treatment;before visit;2022-05-19 23:59:59+00:00;16.6;;;;;;;;;
7146661;treatment;before visit;2022-05-20 23:59:59+00:00;14.86;;;;;;;;;
7146661;treatment;before visit;2022-05-21 23:59:59+00:00;14.32;;;;;;;;;
7146661;treatment;before visit;2022-05-22 23:59:59+00:00;17.57;;;;;;;;;
7146661;treatment;before visit;2022-05-23 23:59:59+00:00;18.88;;;;;;;;;
7146661;treatment;before visit;2022-05-24 23:59:59+00:00;17.59;;;;;;;;;
7146661;treatment;before visit;2022-05-25 23:59:59+00:00;18.46;;;;;;;;;
7146661;treatment;before visit;2022-05-26 23:59:59+00:00;22.91;;;;;;;;;
7146661;treatment;before visit;2022-05-27 23:59:59+00:00;12.47;;;;;;;;;
7146661;treatment;before visit;2022-05-28 23:59:59+00:00;10.82;;;;;;;;;
7146661;treatment;before visit;2022-05-29 23:59:59+00:00;22.4;;;;;;;;;
7146661;treatment;before visit;2022-05-30 23:59:59+00:00;17.7;;;;;;;;;
7146661;treatment;before visit;2022-05-31 23:59:59+00:00;18.41;;;;;;;;;
7146661;treatment;before visit;2022-06-01 23:59:59+00:00;19.58;;;;;;;;;
7146661;treatment;before visit;2022-06-02 23:59:59+00:00;21.43;;;;;;;;;
7146661;treatment;before visit;2022-06-03 23:59:59+00:00;17.86;;;;;;;;;
7146661;treatment;before visit;2022-06-04 23:59:59+00:00;22.22;;;;;;;;;
7146661;treatment;before visit;2022-06-05 23:59:59+00:00;22.61;;;;;;;;;
7146661;treatment;before visit;2022-06-06 23:59:59+00:00;20.94;;;;;;;;;
7146661;treatment;before visit;2022-06-07 23:59:59+00:00;17.79;;;;;;;;;
7146661;treatment;before visit;2022-06-08 23:59:59+00:00;22.56;;;;;;;;;
7146661;treatment;before visit;2022-06-09 23:59:59+00:00;16.2;;;;;;;;;
7146661;treatment;before visit;2022-06-10 23:59:59+00:00;17.46;;;;;;;;;
7146661;treatment;before visit;2022-06-11 23:59:59+00:00;19.8;;;;;;;;;
7146661;treatment;before visit;2022-06-12 23:59:59+00:00;19.43;;;;;;;;;
7146661;treatment;before visit;2022-06-13 23:59:59+00:00;16.49;;;;;;;;;
7146661;treatment;before visit;2022-06-14 23:59:59+00:00;16.49;;;;;;;;;
7146661;treatment;before visit;2022-06-15 23:59:59+00:00;21.58;;;;;;;;;
7146661;treatment;before visit;2022-06-16 23:59:59+00:00;17.97;;;;;;;;;
7146661;treatment;before visit;2022-06-17 23:59:59+00:00;21.76;;;;;;;;;
7146661;treatment;before visit;2022-06-18 23:59:59+00:00;18.74;;;;;;;;;
7146661;treatment;before visit;2022-06-19 23:59:59+00:00;18.06;;;;;;;;;
7146661;treatment;before visit;2022-06-20 23:59:59+00:00;19.59;;;;;;;;;
7146661;treatment;before visit;2022-06-21 23:59:59+00:00;16.2;;;;;;;;;
7146661;treatment;before visit;2022-06-22 23:59:59+00:00;18.74;;;;;;;;;
7146661;treatment;before visit;2022-06-23 23:59:59+00:00;16.28;;;;;;;;;
7146661;treatment;before visit;2022-06-24 23:59:59+00:00;16.7;;;;;;;;;
7146661;treatment;before visit;2022-06-25 23:59:59+00:00;17.8;;;;;;;;;
7146661;treatment;before visit;2022-06-26 23:59:59+00:00;18.95;;;;;;;;;
7146661;treatment;before visit;2022-06-27 23:59:59+00:00;19.47;;;;;;;;;
7146661;treatment;before visit;2022-06-28 23:59:59+00:00;16.9;;;;;;;;;
7146661;treatment;before visit;2022-06-29 23:59:59+00:00;19.71;;;;;;;;;
7146661;treatment;before visit;2022-06-30 23:59:59+00:00;18.27;;;;;;;;;
7146661;treatment;before visit;2022-07-01 23:59:59+00:00;21.21;;;;;;;;;
7146661;treatment;before visit;2022-07-02 23:59:59+00:00;21.2;;;;;;;;;
7146661;treatment;before visit;2022-07-03 23:59:59+00:00;19.58;;;;;;;;;
7146661;treatment;before visit;2022-07-04 23:59:59+00:00;21.09;;;;;;;;;
7146661;treatment;before visit;2022-07-05 23:59:59+00:00;17.5;;;;;;;;;
7146661;treatment;before visit;2022-07-06 23:59:59+00:00;22.39;;;;;;;;;
7146661;treatment;before visit;2022-07-07 23:59:59+00:00;16.87;;;;;;;;;
7146661;treatment;before visit;2022-07-08 23:59:59+00:00;18.47;;;;;;;;;
7146661;treatment;before visit;2022-07-09 23:59:59+00:00;20.56;;;;;;;;;
7146661;treatment;before visit;2022-07-10 23:59:59+00:00;19.17;;;;;;;;;
7146661;treatment;before visit;2022-07-11 23:59:59+00:00;19.0;;;;;;;;;
7146661;treatment;before visit;2022-07-12 23:59:59+00:00;14.54;;;;;;;;;
7146661;treatment;before visit;2022-07-13 23:59:59+00:00;17.93;;;;;;;;;
7146661;treatment;before visit;2022-07-14 23:59:59+00:00;16.64;;;;;;;;;
7146661;treatment;before visit;2022-07-15 23:59:59+00:00;15.62;;;;;;;;;
7146661;treatment;before visit;2022-07-16 23:59:59+00:00;20.16;;;;;;;;;
7146661;treatment;before visit;2022-07-17 23:59:59+00:00;17.68;;;;;;;;;
7146661;treatment;before visit;2022-07-18 23:59:59+00:00;18.12;;;;;;;;;
7146661;treatment;before visit;2022-07-19 23:59:59+00:00;17.93;;;;;;;;;
7146661;treatment;before visit;2022-07-20 23:59:59+00:00;16.61;;;;;;;;;
7146661;treatment;before visit;2022-07-21 23:59:59+00:00;19.32;;;;;;;;;
7146661;treatment;before visit;2022-07-22 23:59:59+00:00;19.05;;;;;;;;;
7146661;treatment;before visit;2022-07-23 23:59:59+00:00;15.1;;;;;;;;;
7146661;treatment;before visit;2022-07-24 23:59:59+00:00;14.9;;;;;;;;;
7146661;treatment;before visit;2022-07-25 23:59:59+00:00;14.74;;;;;;;;;
7146661;treatment;before visit;2022-07-26 23:59:59+00:00;14.22;;;;;;;;;
7146661;treatment;before visit;2022-07-27 23:59:59+00:00;14.38;;;;;;;;;
7146661;treatment;before visit;2022-07-28 23:59:59+00:00;13.09;;;;;;;;;
7146661;treatment;before visit;2022-07-29 23:59:59+00:00;15.59;;;;;;;;;
7146661;treatment;before visit;2022-07-30 23:59:59+00:00;13.86;;;;;;;;;
7146661;treatment;before visit;2022-07-31 23:59:59+00:00;13.38;;;;;;;;;
7146661;treatment;before visit;2022-08-01 23:59:59+00:00;14.21;;;;;;;;;
7146661;treatment;before visit;2022-08-02 23:59:59+00:00;12.05;;;;;;;;;
7146661;treatment;before visit;2022-08-03 23:59:59+00:00;10.42;;;;;;;;;
7146661;treatment;before visit;2022-08-04 23:59:59+00:00;10.78;;;;;;;;;
7146661;treatment;before visit;2022-08-05 23:59:59+00:00;13.0;;;;;;;;;
7146661;treatment;before visit;2022-08-06 23:59:59+00:00;12.77;;;;;;;;;
7146661;treatment;before visit;2022-08-07 23:59:59+00:00;13.45;;;;;;;;;
7146661;treatment;before visit;2022-08-08 23:59:59+00:00;13.83;;;;;;;;;
7146661;treatment;before visit;2022-08-09 23:59:59+00:00;19.55;;;;;;;;;
7146661;treatment;before visit;2022-08-10 23:59:59+00:00;16.13;;;;;;;;;
7146661;treatment;before visit;2022-08-11 23:59:59+00:00;13.88;;;;;;;;;
7146661;treatment;before visit;2022-08-12 23:59:59+00:00;19.18;;;;;;;;;
7146661;treatment;before visit;2022-08-13 23:59:59+00:00;18.67;;;;;;;;;
7146661;treatment;before visit;2022-08-14 23:59:59+00:00;16.01;;;;;;;;;
7146661;treatment;before visit;2022-08-15 23:59:59+00:00;15.38;;;;;;;;;
7146661;treatment;before visit;2022-08-16 23:59:59+00:00;13.44;;;;;;;;;
7146661;treatment;before visit;2022-08-17 23:59:59+00:00;13.85;;;;;;;;;
7146661;treatment;before visit;2022-08-18 23:59:59+00:00;13.74;;;;;;;;;
7146661;treatment;before visit;2022-08-19 23:59:59+00:00;13.63;;;;;;;;;
7146661;treatment;before visit;2022-08-20 23:59:59+00:00;14.29;;;;;;;;;
7146661;treatment;before visit;2022-08-21 23:59:59+00:00;21.13;;;;;;;;;
7146661;treatment;before visit;2022-08-22 23:59:59+00:00;17.03;;;;;;;;;
7146661;treatment;before visit;2022-08-23 23:59:59+00:00;14.4;;;;;;;;;
7146661;treatment;before visit;2022-08-24 23:59:59+00:00;17.13;;;;;;;;;
7146661;treatment;before visit;2022-08-25 23:59:59+00:00;14.15;;;;;;;;;
7146661;treatment;before visit;2022-08-26 23:59:59+00:00;14.87;;;;;;;;;
7146661;treatment;before visit;2022-08-27 23:59:59+00:00;17.07;;;;;;;;;
7146661;treatment;before visit;2022-08-28 23:59:59+00:00;17.12;;;;;;;;;
7146661;treatment;before visit;2022-08-29 23:59:59+00:00;15.14;;;;;;;;;
7146661;treatment;before visit;2022-08-30 23:59:59+00:00;13.89;;;;;;;;;
7146661;treatment;before visit;2022-08-31 23:59:59+00:00;16.02;;;;;;;;;
7146661;treatment;before visit;2022-09-01 23:59:59+00:00;17.46;;;;;;;;;
7146661;treatment;before visit;2022-09-02 23:59:59+00:00;14.86;;;;;;;;;
7146661;treatment;before visit;2022-09-03 23:59:59+00:00;20.07;;;;;;;;;
7146661;treatment;before visit;2022-09-04 23:59:59+00:00;18.55;;;;;;;;;
7146661;treatment;before visit;2022-09-05 23:59:59+00:00;13.88;;;;;;;;;
7146661;treatment;before visit;2022-09-06 23:59:59+00:00;17.56;;;;;;;;;
7146661;treatment;before visit;2022-09-07 23:59:59+00:00;17.43;;;;;;;;;
7146661;treatment;before visit;2022-09-08 23:59:59+00:00;21.56;;;;;;;;;
7146661;treatment;before visit;2022-09-09 23:59:59+00:00;19.02;;;;;;;;;
7146661;treatment;before visit;2022-09-10 23:59:59+00:00;23.03;;;;;;;;;
7146661;treatment;before visit;2022-09-11 23:59:59+00:00;19.77;;;;;;;;;
7146661;treatment;before visit;2022-09-12 23:59:59+00:00;15.23;;;;;;;;;
7146661;treatment;before visit;2022-09-13 23:59:59+00:00;15.26;;;;;;;;;
7146661;treatment;before visit;2022-09-14 23:59:59+00:00;16.22;;;;;;;;;
7146661;treatment;before visit;2022-09-15 23:59:59+00:00;14.44;;;;;;;;;
7146661;treatment;before visit;2022-09-16 23:59:59+00:00;20.19;;;;;;;;;
7146661;treatment;before visit;2022-09-17 23:59:59+00:00;22.7;;;;;;;;;
7146661;treatment;before visit;2022-09-18 23:59:59+00:00;24.28;;;;;;;;;
7146661;treatment;before visit;2022-09-19 23:59:59+00:00;23.23;;;;;;;;;
7146661;treatment;before visit;2022-09-20 23:59:59+00:00;21.07;;;;;;;;;
7146661;treatment;before visit;2022-09-21 23:59:59+00:00;17.67;;;;;;;;;
7146661;treatment;before visit;2022-09-22 23:59:59+00:00;17.74;;;;;;;;;
7146661;treatment;before visit;2022-09-23 23:59:59+00:00;23.31;;;;;;;;;
7146661;treatment;before visit;2022-09-24 23:59:59+00:00;24.13;;;;;;;;;
7146661;treatment;before visit;2022-09-25 23:59:59+00:00;20.91;;;;;;;;;
7146661;treatment;before visit;2022-09-26 23:59:59+00:00;18.05;;;;;;;;;
7146661;treatment;before visit;2022-09-27 23:59:59+00:00;24.68;;;;;;;;;
7146661;treatment;before visit;2022-09-28 23:59:59+00:00;23.51;;;;;;;;;
7146661;treatment;before visit;2022-09-29 23:59:59+00:00;22.54;;;;;;;;;
7146661;treatment;before visit;2022-09-30 23:59:59+00:00;22.61;;;;;;;;;
7146661;treatment;before visit;2022-10-01 23:59:59+00:00;20.23;;;;;;;;;
7146661;treatment;before visit;2022-10-02 23:59:59+00:00;17.37;;;;;;;;;
7146661;treatment;before visit;2022-10-03 23:59:59+00:00;16.6;;;;;;;;;
7146661;treatment;before visit;2022-10-04 23:59:59+00:00;18.7;;;;;;;;;
7146661;treatment;before visit;2022-10-05 23:59:59+00:00;16.05;;;;;;;;;
7146661;treatment;before visit;2022-10-06 23:59:59+00:00;15.81;;;;;;;;;
7146661;treatment;before visit;2022-10-07 23:59:59+00:00;17.0;;;;;;;;;
7146661;treatment;before visit;2022-10-08 23:59:59+00:00;16.91;;;;;;;;;
7146661;treatment;before visit;2022-10-09 23:59:59+00:00;18.02;;;;;;;;;
7146661;treatment;before visit;2022-10-10 23:59:59+00:00;16.4;;;;;;;;;
7146661;treatment;before visit;2022-10-11 23:59:59+00:00;16.26;;;;;;;;;
7146661;treatment;before visit;2022-10-12 23:59:59+00:00;15.05;;;;;;;;;
7146661;treatment;before visit;2022-10-13 23:59:59+00:00;18.14;;;;;;;;;
7146661;treatment;before visit;2022-10-14 23:59:59+00:00;15.43;;;;;;;;;
7146661;treatment;before visit;2022-10-15 23:59:59+00:00;16.11;;;;;;;;;
7146661;treatment;before visit;2022-10-16 23:59:59+00:00;15.71;;;;;;;;;
7146661;treatment;before visit;2022-10-17 23:59:59+00:00;16.62;;;;;;;;;
7146661;treatment;before visit;2022-10-18 23:59:59+00:00;15.71;;;;;;;;;
7146661;treatment;before visit;2022-10-19 23:59:59+00:00;16.86;;;;;;;;;
7146661;treatment;before visit;2022-10-20 23:59:59+00:00;24.08;;;;;;;;;
7146661;treatment;before visit;2022-10-21 23:59:59+00:00;117.91;;;;;;;;;
7146661;treatment;before visit;2022-10-22 23:59:59+00:00;113.45;;;;;;;;;
7146661;treatment;before visit;2022-10-23 23:59:59+00:00;91.5;;;;;;;;;
7146661;treatment;before visit;2022-10-24 23:59:59+00:00;37.15;;;;;;;;;
7146661;treatment;before visit;2022-10-25 23:59:59+00:00;39.98;;;;;;;;;
7146661;treatment;before visit;2022-10-26 23:59:59+00:00;53.97;;;;;;;;;
7146661;treatment;before visit;2022-10-27 23:59:59+00:00;47.06;;;;;;;;;
7146661;treatment;before visit;2022-10-28 23:59:59+00:00;63.1;;;;;;;;;
7146661;treatment;before visit;2022-10-29 23:59:59+00:00;55.62;;;;;;;;;
7146661;treatment;before visit;2022-10-30 23:59:59+00:00;62.28;;;;;;;;;
7146661;treatment;before visit;2022-10-31 23:59:59+00:00;71.16;;;;;;;;;
7146661;treatment;before visit;2022-11-01 23:59:59+00:00;40.71;;;;;;;;;
7146661;treatment;before visit;2022-11-02 23:59:59+00:00;11.05;;;;;;;;;
7146661;treatment;before visit;2022-11-03 23:59:59+00:00;90.72;;;;;;;;;
7146661;treatment;before visit;2022-11-04 23:59:59+00:00;101.2;;;;;;;;;
7146661;treatment;before visit;2022-11-05 23:59:59+00:00;79.32;;;;;;;;;
7146661;treatment;before visit;2022-11-06 23:59:59+00:00;78.81;;;;;;;;;
7146661;treatment;before visit;2022-11-07 23:59:59+00:00;103.32;;;;;;;;;
7146661;treatment;before visit;2022-11-08 23:59:59+00:00;108.04;;;;;;;;;
7146661;treatment;before visit;2022-11-09 23:59:59+00:00;106.38;;;;;;;;;
7146661;treatment;before visit;2022-11-10 23:59:59+00:00;72.59;;;;;;;;;
7146661;treatment;before visit;2022-11-11 23:59:59+00:00;41.24;;;;;;;;;
7146661;treatment;before visit;2022-11-12 23:59:59+00:00;18.59;;;;;;;;;
7146661;treatment;before visit;2022-11-13 23:59:59+00:00;27.46;;;;;;;;;
7146661;treatment;before visit;2022-11-14 23:59:59+00:00;27.17;;;;;;;;;
7146661;treatment;before visit;2022-11-15 23:59:59+00:00;21.51;;;;;;;;;
7146661;treatment;before visit;2022-11-16 23:59:59+00:00;21.31;;;;;;;;;
7146661;treatment;before visit;2022-11-17 23:59:59+00:00;20.61;;;;;;;;;
7146661;treatment;before visit;2022-11-18 23:59:59+00:00;28.72;;;;;;;;;
7146661;treatment;before visit;2022-11-19 23:59:59+00:00;31.63;;;;;;;;;
7146661;treatment;before visit;2022-11-20 23:59:59+00:00;32.06;;;;;;;;;
7146661;treatment;before visit;2022-11-21 23:59:59+00:00;29.71;;;;;;;;;
7146661;treatment;before visit;2022-11-22 23:59:59+00:00;28.1;;;;;;;;;
7146661;treatment;before visit;2022-11-23 23:59:59+00:00;28.41;;;;;;;;;
7146661;treatment;before visit;2022-11-24 23:59:59+00:00;33.32;;;;;;;;;
7146661;treatment;before visit;2022-11-25 23:59:59+00:00;26.1;;;;;;;;;
7146661;treatment;before visit;2022-11-26 23:59:59+00:00;31.51;;;;;;;;;
7146661;treatment;before visit;2022-11-27 23:59:59+00:00;32.34;;;;;;;;;
7146661;treatment;before visit;2022-11-28 23:59:59+00:00;24.47;;;;;;;;;
7146661;treatment;before visit;2022-11-29 23:59:59+00:00;25.12;;;;;;;;;
7146661;treatment;before visit;2022-11-30 23:59:59+00:00;28.39;;;;;;;;;
7146661;treatment;before visit;2022-12-01 23:59:59+00:00;34.4;;;;;;;;;
7146661;treatment;before visit;2022-12-02 23:59:59+00:00;36.29;;;;;;;;;
7146661;treatment;before visit;2022-12-03 23:59:59+00:00;38.16;;;;;;;;;
7146661;treatment;before visit;2022-12-04 23:59:59+00:00;39.05;;;;;;;;;
7146661;treatment;before visit;2022-12-05 23:59:59+00:00;30.66;;;;;;;;;
7146661;treatment;before visit;2022-12-06 23:59:59+00:00;37.66;;;;;;;;;
7146661;treatment;before visit;2022-12-07 23:59:59+00:00;30.11;;;;;;;;;
7146661;treatment;before visit;2022-12-08 23:59:59+00:00;36.32;;;;;;;;;
7146661;treatment;before visit;2022-12-09 23:59:59+00:00;32.89;;;;;;;;;
7146661;treatment;before visit;2022-12-10 23:59:59+00:00;34.43;;;;;;;;;
7146661;treatment;before visit;2022-12-11 23:59:59+00:00;39.07;;;;;;;;;
7146661;treatment;before visit;2022-12-12 23:59:59+00:00;43.84;;;;;;;;;
7146661;treatment;before visit;2022-12-13 23:59:59+00:00;47.43;;;;;;;;;
7146661;treatment;before visit;2022-12-14 23:59:59+00:00;36.3;;;;;;;;;
7146661;treatment;before visit;2022-12-15 23:59:59+00:00;39.32;;;;;;;;;
7146661;treatment;before visit;2022-12-16 23:59:59+00:00;44.84;;;;;;;;;
7146661;treatment;before visit;2022-12-17 23:59:59+00:00;43.75;;;;;;;;;
7146661;treatment;before visit;2022-12-18 23:59:59+00:00;40.39;;;;;;;;;
7146661;treatment;before visit;2022-12-19 23:59:59+00:00;39.34;;;;;;;;;
7146661;treatment;before visit;2022-12-20 23:59:59+00:00;29.04;;;;;;;;;
7146661;treatment;before visit;2022-12-21 23:59:59+00:00;24.07;;;;;;;;;
7146661;treatment;before visit;2022-12-22 23:59:59+00:00;18.15;;;;;;;;;
7146661;treatment;before visit;2022-12-23 23:59:59+00:00;17.56;;;;;;;;;
7146661;treatment;before visit;2022-12-24 23:59:59+00:00;5.52;;;;;;;;;
7146661;treatment;before visit;2022-12-25 23:59:59+00:00;11.98;;;;;;;;;
7146661;treatment;before visit;2022-12-26 23:59:59+00:00;10.34;;;;;;;;;
7146661;treatment;before visit;2022-12-27 23:59:59+00:00;16.54;;;;;;;;;
7146661;treatment;before visit;2022-12-28 23:59:59+00:00;19.38;;;;;;;;;
7146661;treatment;before visit;2022-12-29 23:59:59+00:00;12.56;;;;;;;;;
7146661;treatment;before visit;2022-12-30 23:59:59+00:00;13.73;;;;;;;;;
7146661;treatment;before visit;2022-12-31 23:59:59+00:00;9.6;;;;;;;;;
7146661;treatment;before visit;2023-01-01 23:59:59+00:00;12.25;;;;;;;;;
7146661;treatment;before visit;2023-01-02 23:59:59+00:00;8.7;;;;;;;;;
7146661;treatment;before visit;2023-01-03 23:59:59+00:00;31.36;;;;;;;;;
7146661;treatment;before visit;2023-01-04 23:59:59+00:00;29.96;;;;;;;;;
7146661;treatment;before visit;2023-01-05 23:59:59+00:00;23.55;;;;;;;;;
7146661;treatment;before visit;2023-01-06 23:59:59+00:00;29.21;;;;;;;;;
7146661;treatment;before visit;2023-01-07 23:59:59+00:00;28.64;;;;;;;;;
7146661;treatment;before visit;2023-01-08 23:59:59+00:00;27.22;;;;;;;;;
7146661;treatment;before visit;2023-01-09 23:59:59+00:00;26.91;;;;;;;;;
7146661;treatment;before visit;2023-01-10 23:59:59+00:00;27.58;;;;;;;;;
7146661;treatment;before visit;2023-01-11 23:59:59+00:00;23.95;;;;;;;;;
7146661;treatment;before visit;2023-01-12 23:59:59+00:00;28.58;;;;;;;;;
7146661;treatment;before visit;2023-01-13 23:59:59+00:00;25.57;;;;;;;;;
7146661;treatment;before visit;2023-01-14 23:59:59+00:00;21.85;;;;;;;;;
7146661;treatment;before visit;2023-01-15 23:59:59+00:00;28.5;;;;;;;;;
7146661;treatment;before visit;2023-01-16 23:59:59+00:00;41.92;;;;;;;;;
7146661;treatment;before visit;2023-01-17 23:59:59+00:00;38.91;;;;;;;;;
7146661;treatment;before visit;2023-01-18 23:59:59+00:00;57.88;;;;;;;;;
7146661;treatment;before visit;2023-01-19 23:59:59+00:00;48.82;;;;;;;;;
7146661;treatment;before visit;2023-01-20 23:59:59+00:00;62.99;;;;;;;;;
7146661;treatment;before visit;2023-01-21 23:59:59+00:00;51.2;;;;;;;;;
7146661;treatment;before visit;2023-01-22 23:59:59+00:00;57.93;;;;;;;;;
7146661;treatment;before visit;2023-01-23 23:59:59+00:00;46.48;;;;;;;;;
7146661;treatment;before visit;2023-01-24 23:59:59+00:00;31.43;;;;;;;;;
7146661;treatment;before visit;2023-01-25 23:59:59+00:00;42.23;;;;;;;;;
7146661;treatment;before visit;2023-01-26 23:59:59+00:00;42.97;;;;;;;;;
7146661;treatment;before visit;2023-01-27 23:59:59+00:00;50.93;;;;;;;;;
7146661;treatment;before visit;2023-01-28 23:59:59+00:00;47.51;;;;;;;;;
7146661;treatment;before visit;2023-01-29 23:59:59+00:00;38.06;;;;;;;;;
7146661;treatment;before visit;2023-01-30 23:59:59+00:00;44.14;;;;;;;;;
7146661;treatment;before visit;2023-01-31 23:59:59+00:00;31.93;;;;;;;;;
7146661;treatment;before visit;2023-02-01 23:59:59+00:00;29.97;;;;;;;;;
7146661;treatment;before visit;2023-02-02 23:59:59+00:00;31.5;;;;;;;;;
7146661;treatment;before visit;2023-02-03 23:59:59+00:00;31.72;;;;;;;;;
7146661;treatment;before visit;2023-02-04 23:59:59+00:00;34.89;;;;;;;;;
7146661;treatment;before visit;2023-02-05 23:59:59+00:00;35.89;;;;;;;;;
7146661;treatment;before visit;2023-02-06 23:59:59+00:00;37.32;;;;;;;;;
7146661;treatment;before visit;2023-02-07 23:59:59+00:00;40.68;;;;;;;;;
7146661;treatment;before visit;2023-02-08 23:59:59+00:00;57.52;;;;;;;;;
7146661;treatment;before visit;2023-02-09 23:59:59+00:00;31.6;;;;;;;;;
7146661;treatment;before visit;2023-02-10 23:59:59+00:00;35.67;;;;;;;;;
7146661;treatment;before visit;2023-02-11 23:59:59+00:00;33.9;;;;;;;;;
7146661;treatment;before visit;2023-02-12 23:59:59+00:00;33.34;;;;;;;;;
7146661;treatment;before visit;2023-02-13 23:59:59+00:00;32.89;;;;;;;;;
7146661;treatment;before visit;2023-02-14 23:59:59+00:00;24.74;;;;;;;;;
7146661;treatment;before visit;2023-02-15 23:59:59+00:00;10.95;;;;;;;;;
7146661;treatment;before visit;2023-02-16 23:59:59+00:00;35.74;;;;;;;;;
7146661;treatment;before visit;2023-02-17 23:59:59+00:00;21.76;;;;;;;;;
7146661;treatment;before visit;2023-02-18 23:59:59+00:00;21.6;;;;;;;;;
7146661;treatment;before visit;2023-02-19 23:59:59+00:00;23.69;;;;;;;;;
7146661;treatment;before visit;2023-02-20 23:59:59+00:00;34.57;;;;;;;;;
7146661;treatment;before visit;2023-02-21 23:59:59+00:00;26.92;;;;;;;;;
7146661;treatment;before visit;2023-02-22 23:59:59+00:00;30.81;;;;;;;;;
7146661;treatment;before visit;2023-02-23 23:59:59+00:00;24.65;;;;;;;;;
7146661;treatment;before visit;2023-02-24 23:59:59+00:00;30.4;;;;;;;;;
7146661;treatment;before visit;2023-02-25 23:59:59+00:00;39.26;;;;;;;;;
7146661;treatment;before visit;2023-02-26 23:59:59+00:00;52.1;;;;;;;;;
7146661;treatment;before visit;2023-02-27 23:59:59+00:00;42.64;;;;;;;;;
7146661;treatment;before visit;2023-02-28 23:59:59+00:00;41.14;;;;;;;;;
7146661;treatment;before visit;2023-03-01 23:59:59+00:00;40.71;;;;;;;;;
7146661;treatment;before visit;2023-03-02 23:59:59+00:00;36.51;;;;;;;;;
7146661;treatment;before visit;2023-03-03 23:59:59+00:00;37.83;;;;;;;;;
7146661;treatment;before visit;2023-03-04 23:59:59+00:00;37.13;;;;;;;;;
7146661;treatment;before visit;2023-03-05 23:59:59+00:00;32.13;;;;;;;;;
7146661;treatment;before visit;2023-03-06 23:59:59+00:00;40.96;;;;;;;;;
7146661;treatment;before visit;2023-03-07 23:59:59+00:00;31.33;;;;;;;;;
7146661;treatment;before visit;2023-03-08 23:59:59+00:00;28.8;;;;;;;;;
7146661;treatment;before visit;2023-03-09 23:59:59+00:00;19.54;;;;;;;;;
7146661;treatment;before visit;2023-03-10 23:59:59+00:00;27.82;;;;;;;;;
7146661;treatment;before visit;2023-03-11 23:59:59+00:00;46.09;;;;;;;;;
7146661;treatment;before visit;2023-03-12 23:59:59+00:00;29.31;;;;;;;;;
7146661;treatment;before visit;2023-03-13 23:59:59+00:00;20.62;;;;;;;;;
7146661;treatment;before visit;2023-03-14 23:59:59+00:00;20.08;;;;;;;;;
7146661;treatment;before visit;2023-03-15 23:59:59+00:00;24.8;;;;;;;;;
7146661;treatment;before visit;2023-03-16 23:59:59+00:00;28.57;;;;;;;;;
7146661;treatment;before visit;2023-03-17 23:59:59+00:00;20.2;;;;;;;;;
7146661;treatment;before visit;2023-03-18 23:59:59+00:00;19.43;;;;;;;;;
7146661;treatment;before visit;2023-03-19 23:59:59+00:00;5.7;;;;;;;;;
7146661;treatment;before visit;2023-03-20 23:59:59+00:00;19.53;;;;;;;;;
7146661;treatment;before visit;2023-03-21 23:59:59+00:00;31.12;;;;;;;;;
7146661;treatment;before visit;2023-03-22 23:59:59+00:00;20.27;;;;;;;;;
7146661;treatment;before visit;2023-03-23 23:59:59+00:00;19.36;;;;;;;;;
7146661;treatment;before visit;2023-03-24 23:59:59+00:00;17.68;;;;;;;;;
7146661;treatment;before visit;2023-03-25 23:59:59+00:00;23.63;;;;;;;;;
7146661;treatment;before visit;2023-03-26 23:59:59+00:00;24.49;;;;;;;;;
7146661;treatment;before visit;2023-03-27 23:59:59+00:00;41.83;;;;;;;;;
7146661;treatment;before visit;2023-03-28 23:59:59+00:00;30.11;;;;;;;;;
7146661;treatment;before visit;2023-03-29 23:59:59+00:00;14.86;;;;;;;;;
7146661;treatment;before visit;2023-03-30 23:59:59+00:00;22.58;;;;;;;;;
7146661;treatment;before visit;2023-03-31 23:59:59+00:00;18.52;;;;;;;;;
7146661;treatment;before visit;2023-04-01 23:59:59+00:00;23.08;;;;;;;;;
7146661;treatment;before visit;2023-04-02 23:59:59+00:00;25.47;;;;;;;;;
7146661;treatment;before visit;2023-04-03 23:59:59+00:00;36.52;;;;;;;;;
7146661;treatment;before visit;2023-04-04 23:59:59+00:00;31.98;;;;;;;;;
7146661;treatment;before visit;2023-04-05 23:59:59+00:00;30.71;;;;;;;;;
7146661;treatment;before visit;2023-04-06 23:59:59+00:00;31.7;;;;;;;;;
7146661;treatment;before visit;2023-04-07 23:59:59+00:00;14.68;;;;;;;;;
7146661;treatment;before visit;2023-04-08 23:59:59+00:00;37.94;;;;;;;;;
7146661;treatment;before visit;2023-04-09 23:59:59+00:00;29.36;;;;;;;;;
7146661;treatment;before visit;2023-04-10 23:59:59+00:00;35.03;;;;;;;;;
7146661;treatment;before visit;2023-04-11 23:59:59+00:00;14.14;;;;;;;;;
7146661;treatment;before visit;2023-04-12 23:59:59+00:00;26.1;;;;;;;;;
7146661;treatment;before visit;2023-04-13 23:59:59+00:00;27.96;;;;;;;;;
7146661;treatment;before visit;2023-04-14 23:59:59+00:00;31.22;;;;;;;;;
7146661;treatment;before visit;2023-04-15 23:59:59+00:00;26.08;;;;;;;;;
7146661;treatment;before visit;2023-04-16 23:59:59+00:00;27.92;;;;;;;;;
7146661;treatment;before visit;2023-04-17 23:59:59+00:00;28.97;;;;;;;;;
7146661;treatment;before visit;2023-04-18 23:59:59+00:00;13.44;;;;;;;;;
7146661;treatment;before visit;2023-04-19 23:59:59+00:00;18.08;;;;;;;;;
7146661;treatment;before visit;2023-04-20 23:59:59+00:00;35.27;;;;;;;;;
7146661;treatment;before visit;2023-04-21 23:59:59+00:00;29.7;;;;;;;;;
7146661;treatment;before visit;2023-04-22 23:59:59+00:00;21.07;;;;;;;;;
7146661;treatment;before visit;2023-04-23 23:59:59+00:00;11.78;;;;;;;;;
7146661;treatment;before visit;2023-04-24 23:59:59+00:00;19.29;;;;;;;;;
7146661;treatment;before visit;2023-04-25 23:59:59+00:00;24.53;;;;;;;;;
7146661;treatment;before visit;2023-04-26 23:59:59+00:00;25.67;;;;;;;;;
7146661;treatment;before visit;2023-04-27 23:59:59+00:00;10.58;;;;;;;;;
7146661;treatment;before visit;2023-04-28 23:59:59+00:00;12.2;;;;;;;;;
7146661;treatment;before visit;2023-04-29 23:59:59+00:00;14.32;;;;;;;;;
7146661;treatment;before visit;2023-04-30 23:59:59+00:00;14.5;;;;;;;;;
7146661;treatment;before visit;2023-05-01 23:59:59+00:00;11.26;;;;;;;;;
7146661;treatment;before visit;2023-05-04 23:59:59+00:00;15.96;;;;;;;;;
7146661;treatment;before visit;2023-05-05 23:59:59+00:00;8.53;;;;;;;;;
7146661;treatment;before visit;2023-05-06 23:59:59+00:00;9.54;;;;;;;;;
7146661;treatment;before visit;2023-05-07 23:59:59+00:00;11.89;;;;;;;;;
7146661;treatment;before visit;2023-05-08 23:59:59+00:00;12.1;;;;;;;;;
7146661;treatment;before visit;2023-05-09 23:59:59+00:00;11.07;;;;;;;;;
7146661;treatment;before visit;2023-05-10 23:59:59+00:00;10.3;;;;;;;;;
7146661;treatment;before visit;2023-05-11 23:59:59+00:00;18.39;;;;;;;;;
7146661;treatment;before visit;2023-05-12 23:59:59+00:00;20.01;;;;;;;;;
7146661;treatment;before visit;2023-05-13 23:59:59+00:00;15.53;;;;;;;;;
7146661;treatment;before visit;2023-05-14 23:59:59+00:00;15.03;;;;;;;;;
7146661;treatment;before visit;2023-05-15 23:59:59+00:00;21.93;;;;;;;;;
7146661;treatment;before visit;2023-05-16 23:59:59+00:00;13.96;;;;;;;;;
7146661;treatment;before visit;2023-05-17 23:59:59+00:00;25.69;;;;;;;;;
7146661;treatment;before visit;2023-05-18 23:59:59+00:00;12.61;;;;;;;;;
7146661;treatment;before visit;2023-05-19 23:59:59+00:00;16.67;;;;;;;;;
7146661;treatment;before visit;2023-05-20 23:59:59+00:00;13.17;;;;;;;;;
7146661;treatment;before visit;2023-05-21 23:59:59+00:00;5.41;;;;;;;;;
7146661;treatment;before visit;2023-05-22 23:59:59+00:00;4.56;;;;;;;;;
7146661;treatment;before visit;2023-05-23 23:59:59+00:00;6.62;;;;;;;;;
7146661;treatment;before visit;2023-05-24 23:59:59+00:00;7.94;;;;;;;;;
7146661;treatment;before visit;2023-05-25 23:59:59+00:00;15.11;;;;;;;;;
7146661;treatment;before visit;2023-05-26 23:59:59+00:00;5.87;;;;;;;;;
7146661;treatment;before visit;2023-05-27 23:59:59+00:00;14.58;;;;;;;;;
7146661;treatment;before visit;2023-05-28 23:59:59+00:00;12.91;;;;;;;;;
7146661;treatment;before visit;2023-05-29 23:59:59+00:00;16.43;;;;;;;;;
7146661;treatment;before visit;2023-05-30 23:59:59+00:00;12.59;;;;;;;;;
7146661;treatment;before visit;2023-05-31 23:59:59+00:00;10.96;;;;;;;;;
7146661;treatment;before visit;2023-06-01 23:59:59+00:00;12.73;;;;;;;;;
7146661;treatment;before visit;2023-06-02 23:59:59+00:00;18.07;;;;;;;;;
7146661;treatment;before visit;2023-06-03 23:59:59+00:00;11.62;;;;;;;;;
7146661;treatment;before visit;2023-06-04 23:59:59+00:00;9.54;;;;;;;;;
7146661;treatment;before visit;2023-06-05 23:59:59+00:00;14.82;;;;;;;;;
7146661;treatment;before visit;2023-06-06 23:59:59+00:00;7.1;;;;;;;;;
7146661;treatment;before visit;2023-06-07 23:59:59+00:00;9.1;;;;;;;;;
7146661;treatment;before visit;2023-06-08 23:59:59+00:00;10.56;;;;;;;;;
7146661;treatment;before visit;2023-06-09 23:59:59+00:00;11.13;;;;;;;;;
7146661;treatment;before visit;2023-06-10 23:59:59+00:00;12.19;;;;;;;;;
7146661;treatment;before visit;2023-06-11 23:59:59+00:00;11.47;;;;;;;;;
7146661;treatment;before visit;2023-06-12 23:59:59+00:00;12.83;;;;;;;;;
7146661;treatment;before visit;2023-06-13 23:59:59+00:00;8.2;;;;;;;;;
7146661;treatment;before visit;2023-06-14 23:59:59+00:00;13.28;;;;;;;;;
7146661;treatment;before visit;2023-06-15 23:59:59+00:00;14.91;;;;;;;;;
7146661;treatment;before visit;2023-06-16 23:59:59+00:00;12.66;;;;;;;;;
7146661;treatment;before visit;2023-06-17 23:59:59+00:00;13.59;;;;;;;;;
7146661;treatment;before visit;2023-06-18 23:59:59+00:00;10.26;;;;;;;;;
7146661;treatment;before visit;2023-06-19 23:59:59+00:00;10.34;;;;;;;;;
7146661;treatment;before visit;2023-06-20 23:59:59+00:00;9.65;;;;;;;;;
7146661;treatment;before visit;2023-06-21 23:59:59+00:00;12.38;;;;;;;;;
7146661;treatment;before visit;2023-06-22 23:59:59+00:00;6.83;;;;;;;;;
7146661;treatment;before visit;2023-06-23 23:59:59+00:00;7.28;;;;;;;;;
7146661;treatment;before visit;2023-06-24 23:59:59+00:00;15.67;;;;;;;;;
7146661;treatment;before visit;2023-06-25 23:59:59+00:00;15.26;;;;;;;;;
7146661;treatment;before visit;2023-06-26 23:59:59+00:00;10.09;;;;;;;;;
7146661;treatment;before visit;2023-06-27 23:59:59+00:00;8.11;;;;;;;;;
7146661;treatment;before visit;2023-06-28 23:59:59+00:00;9.5;;;;;;;;;
7146661;treatment;before visit;2023-06-29 23:59:59+00:00;17.34;;;;;;;;;
7146661;treatment;before visit;2023-06-30 23:59:59+00:00;11.66;;;;;;;;;
7146661;treatment;before visit;2023-07-01 23:59:59+00:00;14.47;;;;;;;;;
7146661;treatment;before visit;2023-07-02 23:59:59+00:00;15.71;;;;;;;;;
7146661;treatment;before visit;2023-07-03 23:59:59+00:00;10.52;;;;;;;;;
7146661;treatment;before visit;2023-07-04 23:59:59+00:00;10.53;;;;;;;;;
7146661;treatment;before visit;2023-07-05 23:59:59+00:00;9.01;;;;;;;;;
7146661;treatment;before visit;2023-07-06 23:59:59+00:00;17.63;;;;;;;;;
7146661;treatment;before visit;2023-07-07 23:59:59+00:00;11.01;;;;;;;;;
7146661;treatment;before visit;2023-07-08 23:59:59+00:00;11.81;;;;;;;;;
7146661;treatment;before visit;2023-07-09 23:59:59+00:00;10.53;;;;;;;;;
7146661;treatment;before visit;2023-07-10 23:59:59+00:00;12.72;;;;;;;;;
7146661;treatment;before visit;2023-07-11 23:59:59+00:00;9.72;;;;;;;;;
7146661;treatment;before visit;2023-07-12 23:59:59+00:00;8.94;;;;;;;;;
7146661;treatment;before visit;2023-07-13 23:59:59+00:00;11.15;;;;;;;;;
7146661;treatment;before visit;2023-07-14 23:59:59+00:00;8.62;;;;;;;;;
7146661;treatment;before visit;2023-07-15 23:59:59+00:00;13.77;;;;;;;;;
7146661;treatment;before visit;2023-07-16 23:59:59+00:00;13.74;;;;;;;;;
7146661;treatment;before visit;2023-07-17 23:59:59+00:00;10.18;;;;;;;;;
7146661;treatment;before visit;2023-07-18 23:59:59+00:00;7.44;;;;;;;;;
7146661;treatment;before visit;2023-07-19 23:59:59+00:00;9.41;;;;;;;;;
7146661;treatment;before visit;2023-07-20 23:59:59+00:00;9.58;;;;;;;;;
7146661;treatment;before visit;2023-07-21 23:59:59+00:00;13.59;;;;;;;;;
7146661;treatment;before visit;2023-07-22 23:59:59+00:00;17.33;;;;;;;;;
7146661;treatment;before visit;2023-07-23 23:59:59+00:00;8.98;;;;;;;;;
7146661;treatment;before visit;2023-07-24 23:59:59+00:00;10.41;;;;;;;;;
7146661;treatment;before visit;2023-07-25 23:59:59+00:00;8.95;;;;;;;;;
7146661;treatment;before visit;2023-07-26 23:59:59+00:00;8.43;;;;;;;;;
7146661;treatment;before visit;2023-07-27 23:59:59+00:00;9.45;;;;;;;;;
7146661;treatment;before visit;2023-07-28 23:59:59+00:00;7.4;;;;;;;;;
7146661;treatment;before visit;2023-07-29 23:59:59+00:00;7.51;;;;;;;;;
7146661;treatment;before visit;2023-07-30 23:59:59+00:00;13.76;;;;;;;;;
7146661;treatment;before visit;2023-07-31 23:59:59+00:00;16.31;;;;;;;;;
7146661;treatment;before visit;2023-08-01 23:59:59+00:00;15.02;;;;;;;;;
7146661;treatment;before visit;2023-08-02 23:59:59+00:00;6.9;;;;;;;;;
7146661;treatment;before visit;2023-08-03 23:59:59+00:00;5.88;;;;;;;;;
7146661;treatment;before visit;2023-08-04 23:59:59+00:00;9.13;;;;;;;;;
7146661;treatment;before visit;2023-08-05 23:59:59+00:00;10.24;;;;;;;;;
7146661;treatment;before visit;2023-08-06 23:59:59+00:00;13.49;;;;;;;;;
7146661;treatment;before visit;2023-08-07 23:59:59+00:00;12.64;;;;;;;;;
7146661;treatment;before visit;2023-08-08 23:59:59+00:00;13.15;;;;;;;;;
7146661;treatment;before visit;2023-08-09 23:59:59+00:00;8.89;;;;;;;;;
7146661;treatment;before visit;2023-08-10 23:59:59+00:00;8.9;;;;;;;;;
7146661;treatment;before visit;2023-08-11 23:59:59+00:00;9.26;;;;;;;;;
7146661;treatment;before visit;2023-08-12 23:59:59+00:00;14.37;;;;;;;;;
7146661;treatment;before visit;2023-08-13 23:59:59+00:00;10.09;;;;;;;;;
7146661;treatment;before visit;2023-08-14 23:59:59+00:00;8.8;;;;;;;;;
7146661;treatment;before visit;2023-08-15 23:59:59+00:00;10.52;;;;;;;;;
7146661;treatment;before visit;2023-08-16 23:59:59+00:00;13.76;;;;;;;;;
7146661;treatment;before visit;2023-08-17 23:59:59+00:00;8.89;;;;;;;;;
7146661;treatment;before visit;2023-08-18 23:59:59+00:00;5.79;;;;;;;;;
7146661;treatment;before visit;2023-08-19 23:59:59+00:00;9.57;;;;;;;;;
7146661;treatment;before visit;2023-08-20 23:59:59+00:00;8.89;;;;;;;;;
7146661;treatment;before visit;2023-08-21 23:59:59+00:00;6.02;;;;;;;;;
7146661;treatment;before visit;2023-08-22 23:59:59+00:00;7.74;;;;;;;;;
7146661;treatment;before visit;2023-08-23 23:59:59+00:00;4.54;;;;;;;;;
7146661;treatment;before visit;2023-08-24 23:59:59+00:00;5.83;;;;;;;;;
7146661;treatment;before visit;2023-08-25 23:59:59+00:00;6.46;;;;;;;;;
7146661;treatment;before visit;2023-08-26 23:59:59+00:00;7.58;;;;;;;;;
7146661;treatment;before visit;2023-08-27 23:59:59+00:00;9.68;;;;;;;;;
7146661;treatment;before visit;2023-08-28 23:59:59+00:00;11.19;;;;;;;;;
7146661;treatment;before visit;2023-08-29 23:59:59+00:00;11.91;;;;;;;;;
7146661;treatment;before visit;2023-08-30 23:59:59+00:00;13.78;;;;;;;;;
7146661;treatment;before visit;2023-08-31 23:59:59+00:00;12.0;;;;;;;;;
7146661;treatment;before visit;2023-09-01 23:59:59+00:00;11.64;;;;;;;;;
7146661;treatment;before visit;2023-09-02 23:59:59+00:00;10.15;;;;;;;;;
7146661;treatment;before visit;2023-09-03 23:59:59+00:00;7.27;;;;;;;;;
7146661;treatment;before visit;2023-09-04 23:59:59+00:00;13.77;;;;;;;;;
7146661;treatment;before visit;2023-09-05 23:59:59+00:00;11.89;;;;;;;;;
7146661;treatment;before visit;2023-09-06 23:59:59+00:00;8.46;;;;;;;;;
7146661;treatment;before visit;2023-09-07 23:59:59+00:00;12.34;;;;;;;;;
7146661;treatment;before visit;2023-09-08 23:59:59+00:00;11.06;;;;;;;;;
7146661;treatment;before visit;2023-09-09 23:59:59+00:00;12.77;;;;;;;;;
7146661;treatment;before visit;2023-09-10 23:59:59+00:00;12.86;;;;;;;;;
7146661;treatment;before visit;2023-09-11 23:59:59+00:00;10.55;;;;;;;;;
7146661;treatment;before visit;2023-09-12 23:59:59+00:00;7.24;;;;;;;;;
7146661;treatment;before visit;2023-09-13 23:59:59+00:00;9.28;;;;;;;;;
7146661;treatment;before visit;2023-09-14 23:59:59+00:00;6.28;;;;;;;;;
7146661;treatment;before visit;2023-09-15 23:59:59+00:00;6.67;;;;;;;;;
7146661;treatment;before visit;2023-09-16 23:59:59+00:00;6.87;;;;;;;;;
7146661;treatment;before visit;2023-09-17 23:59:59+00:00;15.33;;;;;;;;;
7146661;treatment;before visit;2023-09-18 23:59:59+00:00;12.39;;;;;;;;;
7146661;treatment;before visit;2023-09-19 23:59:59+00:00;15.72;;;;;;;;;
7146661;treatment;before visit;2023-09-20 23:59:59+00:00;11.26;;;;;;;;;
7146661;treatment;before visit;2023-09-21 23:59:59+00:00;15.07;;;;;;;;;
7146661;treatment;before visit;2023-09-22 23:59:59+00:00;8.08;;;;;;;;;
7146661;treatment;before visit;2023-09-23 23:59:59+00:00;11.29;;;;;;;;;
7146661;treatment;before visit;2023-09-24 23:59:59+00:00;14.88;;;;;;;;;
7146661;treatment;before visit;2023-09-25 23:59:59+00:00;21.96;;;;;;;;;
7146661;treatment;before visit;2023-09-26 23:59:59+00:00;13.74;;;;;;;;;
7146661;treatment;before visit;2023-09-27 23:59:59+00:00;21.97;;;;;;;;;
7146661;treatment;before visit;2023-09-28 23:59:59+00:00;12.82;;;;;;;;;
7146661;treatment;before visit;2023-09-29 23:59:59+00:00;11.43;;;;;;;;;
7146661;treatment;before visit;2023-09-30 23:59:59+00:00;9.82;;;;;;;;;
7146661;treatment;before visit;2023-10-01 23:59:59+00:00;10.47;;;;;;;;;
7146661;treatment;before visit;2023-10-02 23:59:59+00:00;7.09;;;;;;;;;
7146661;treatment;before visit;2023-10-03 23:59:59+00:00;5.78;;;;;;;;;
7146661;treatment;before visit;2023-10-04 23:59:59+00:00;8.01;;;;;;;;;
7146661;treatment;before visit;2023-10-05 23:59:59+00:00;6.45;;;;;;;;;
7146661;treatment;before visit;2023-10-06 23:59:59+00:00;20.98;;;;;;;;;
7146661;treatment;before visit;2023-10-07 23:59:59+00:00;13.0;;;;;;;;;
7146661;treatment;before visit;2023-10-08 23:59:59+00:00;15.89;;;;;;;;;
7146661;treatment;before visit;2023-10-09 23:59:59+00:00;8.31;;;;;;;;;
7146661;treatment;before visit;2023-10-10 23:59:59+00:00;7.64;;;;;;;;;
7146661;treatment;before visit;2023-10-11 23:59:59+00:00;6.46;;;;;;;;;
7146661;treatment;before visit;2023-10-12 23:59:59+00:00;9.18;;;;;;;;;
7146661;treatment;before visit;2023-10-13 23:59:59+00:00;6.82;;;;;;;;;
7146661;treatment;before visit;2023-10-14 23:59:59+00:00;7.82;;;;;;;;;
7146661;treatment;before visit;2023-10-15 23:59:59+00:00;19.37;;;;;;;;;
7146661;treatment;before visit;2023-10-16 23:59:59+00:00;24.33;;;;;;;;;
7146661;treatment;before visit;2023-10-17 23:59:59+00:00;29.72;;;;;;;;;
7146661;treatment;before visit;2023-10-18 23:59:59+00:00;18.94;;;;;;;;;
7146661;treatment;before visit;2023-10-19 23:59:59+00:00;14.83;;;;;;;;;
7146661;treatment;before visit;2023-10-20 23:59:59+00:00;10.37;;;;;;;;;
7146661;treatment;before visit;2023-10-21 23:59:59+00:00;22.06;;;;;;;;;
7146661;treatment;before visit;2023-10-22 23:59:59+00:00;28.17;;;;;;;;;
7146661;treatment;before visit;2023-10-23 23:59:59+00:00;17.47;;;;;;;;;
7146661;treatment;before visit;2023-10-24 23:59:59+00:00;28.31;;;;;;;;;
7146661;treatment;before visit;2023-10-25 23:59:59+00:00;22.11;;;;;;;;;
7146661;treatment;before visit;2023-10-26 23:59:59+00:00;13.8;;;;;;;;;
7146661;treatment;before visit;2023-10-27 23:59:59+00:00;21.71;;;;;;;;;
7146661;treatment;before visit;2023-10-28 23:59:59+00:00;29.79;;;;;;;;;
7146661;treatment;before visit;2023-10-29 23:59:59+00:00;25.22;;;;;;;;;
7146661;treatment;before visit;2023-10-30 23:59:59+00:00;26.22;;;;;;;;;
7146661;treatment;before visit;2023-10-31 23:59:59+00:00;15.92;;;;;;;;;
7146661;treatment;before visit;2023-11-01 23:59:59+00:00;29.51;;;;;;;;;
7146661;treatment;before visit;2023-11-02 23:59:59+00:00;25.86;;;;;;;;;
7146661;treatment;before visit;2023-11-03 23:59:59+00:00;27.88;;;;;;;;;
7146661;treatment;before visit;2023-11-04 23:59:59+00:00;33.16;;;;;;;;;
7146661;treatment;before visit;2023-11-05 23:59:59+00:00;24.62;;;;;;;;;
7146661;treatment;before visit;2023-11-06 23:59:59+00:00;24.71;;;;;;;;;
7146661;treatment;before visit;2023-11-07 23:59:59+00:00;30.82;;;;;;;;;
7146661;treatment;before visit;2023-11-08 23:59:59+00:00;32.24;;;;;;;;;
7146661;treatment;before visit;2023-11-09 23:59:59+00:00;30.35;;;;;;;;;
7146661;treatment;before visit;2023-11-10 23:59:59+00:00;24.7;;;;;;;;;
7146661;treatment;before visit;2023-11-11 23:59:59+00:00;32.29;;;;;;;;;
7146661;treatment;before visit;2023-11-12 23:59:59+00:00;44.47;;;;;;;;;
7146661;treatment;before visit;2023-11-13 23:59:59+00:00;12.71;;;;;;;;;
7146661;treatment;before visit;2023-11-14 23:59:59+00:00;20.47;;;;;;;;;
7146661;treatment;before visit;2023-11-15 23:59:59+00:00;27.29;;;;;;;;;
7146661;treatment;before visit;2023-11-16 23:59:59+00:00;32.61;;;;;;;;;
7146661;treatment;before visit;2023-11-17 23:59:59+00:00;30.97;;;;;;;;;
7146661;treatment;before visit;2023-11-18 23:59:59+00:00;36.61;;;;;;;;;
7146661;treatment;before visit;2023-11-19 23:59:59+00:00;20.65;;;;;;;;;
7146661;treatment;before visit;2023-11-20 23:59:59+00:00;22.06;;;;;;;;;
7146661;treatment;before visit;2023-11-21 23:59:59+00:00;29.23;;;;;;;;;
7146661;treatment;before visit;2023-11-22 23:59:59+00:00;35.86;;;;;;;;;
7146661;treatment;before visit;2023-11-23 23:59:59+00:00;35.48;;;;;;;;;
7146661;treatment;before visit;2023-11-24 23:59:59+00:00;32.21;;;;;;;;;
7146661;treatment;before visit;2023-11-25 23:59:59+00:00;42.86;;;;;;;;;
7146661;treatment;before visit;2023-11-26 23:59:59+00:00;34.84;;;;;;;;;
7146661;treatment;before visit;2023-11-27 23:59:59+00:00;41.31;;;;;;;;;
7146661;treatment;before visit;2023-11-28 23:59:59+00:00;39.48;;;;;;;;;
7146661;treatment;before visit;2023-11-29 23:59:59+00:00;32.99;;;;;;;;;
7146661;treatment;before visit;2023-11-30 23:59:59+00:00;37.33;;;;;;;;;
7146661;treatment;before visit;2023-12-01 23:59:59+00:00;28.52;;;;;;;;;
7146661;treatment;before visit;2023-12-02 23:59:59+00:00;52.46;;;;;;;;;
7146661;treatment;before visit;2023-12-03 23:59:59+00:00;49.24;;;;;;;;;
7146661;treatment;before visit;2023-12-04 23:59:59+00:00;37.54;;;;;;;;;
7146661;treatment;before visit;2023-12-05 23:59:59+00:00;34.42;;;;;;;;;
7146661;treatment;before visit;2023-12-06 23:59:59+00:00;31.33;;;;;;;;;
7146661;treatment;before visit;2023-12-07 23:59:59+00:00;47.28;;;;;;;;;
7146661;treatment;before visit;2023-12-08 23:59:59+00:00;27.77;;;;;;;;;
7146661;treatment;before visit;2023-12-09 23:59:59+00:00;28.36;;;;;;;;;
7146661;treatment;before visit;2023-12-10 23:59:59+00:00;31.8;;;;;;;;;
7146661;treatment;before visit;2023-12-11 23:59:59+00:00;27.34;;;;;;;;;
7146661;treatment;before visit;2023-12-12 23:59:59+00:00;28.8;;;;;;;;;
7146661;treatment;before visit;2023-12-13 23:59:59+00:00;23.79;;;;;;;;;
7146661;treatment;before visit;2023-12-14 23:59:59+00:00;31.64;;;;;;;;;
7146661;treatment;before visit;2023-12-15 23:59:59+00:00;36.63;;;;;;;;;
7146661;treatment;before visit;2023-12-16 23:59:59+00:00;38.52;;;;;;;;;
7146661;treatment;before visit;2023-12-17 23:59:59+00:00;28.51;;;;;;;;;
7146661;treatment;before visit;2023-12-18 23:59:59+00:00;35.39;;;;;;;;;
7146661;treatment;before visit;2023-12-19 23:59:59+00:00;34.12;;;;;;;;;
7146661;treatment;before visit;2023-12-20 23:59:59+00:00;24.9;;;;;;;;;
7146661;treatment;before visit;2023-12-21 23:59:59+00:00;25.47;;;;;;;;;
7146661;treatment;before visit;2023-12-22 23:59:59+00:00;3.28;;;;;;;;;
7146661;treatment;before visit;2023-12-23 23:59:59+00:00;10.12;;;;;;;;;
7146661;treatment;before visit;2023-12-24 23:59:59+00:00;6.82;;;;;;;;;
7146661;treatment;before visit;2023-12-25 23:59:59+00:00;21.07;;;;;;;;;
7146661;treatment;before visit;2023-12-26 23:59:59+00:00;29.63;;;;;;;;;
7146661;treatment;before visit;2023-12-27 23:59:59+00:00;47.45;;;;;;;;;
7146661;treatment;before visit;2023-12-28 23:59:59+00:00;32.68;;;;;;;;;
7146661;treatment;before visit;2023-12-29 23:59:59+00:00;20.84;;;;;;;;;
7146661;treatment;before visit;2023-12-30 23:59:59+00:00;28.04;;;;;;;;;
7146661;treatment;before visit;2023-12-31 23:59:59+00:00;31.55;;;;;;;;;
7146661;treatment;before visit;2024-01-01 23:59:59+00:00;29.18;;;;;;;;;
7146661;treatment;before visit;2024-01-02 23:59:59+00:00;43.39;;;;;;;;;
7146661;treatment;before visit;2024-01-03 23:59:59+00:00;20.45;;;;;;;;;
7146661;treatment;before visit;2024-01-04 23:59:59+00:00;36.39;;;;;;;;;
7146661;treatment;before visit;2024-01-05 23:59:59+00:00;30.43;;;;;;;;;
7146661;treatment;before visit;2024-01-06 23:59:59+00:00;45.8;;;;;;;;;
7146661;treatment;before visit;2024-01-07 23:59:59+00:00;46.7;;;;;;;;;
7146661;treatment;before visit;2024-01-08 23:59:59+00:00;57.26;;;;;;;;;
7146661;treatment;before visit;2024-01-09 23:59:59+00:00;56.72;;;;;;;;;
7146661;treatment;before visit;2024-01-10 23:59:59+00:00;50.06;;;;;;;;;
7146661;treatment;before visit;2024-01-11 23:59:59+00:00;50.05;;;;;;;;;
7146661;treatment;before visit;2024-01-12 23:59:59+00:00;41.06;;;;;;;;;
7146661;treatment;before visit;2024-01-13 23:59:59+00:00;60.19;;;;;;;;;
7146661;treatment;before visit;2024-01-14 23:59:59+00:00;44.89;;;;;;;;;
7146661;treatment;before visit;2024-01-15 23:59:59+00:00;39.58;;;;;;;;;
7146661;treatment;before visit;2024-01-16 23:59:59+00:00;46.58;;;;;;;;;
7146661;treatment;before visit;2024-01-17 23:59:59+00:00;35.56;;;;;;;;;
7146661;treatment;before visit;2024-01-18 23:59:59+00:00;29.38;;;;;;;;;
7146661;treatment;before visit;2024-01-19 23:59:59+00:00;59.32;;;;;;;;;
7146661;treatment;before visit;2024-01-20 23:59:59+00:00;55.07;;;;;;;;;
7146661;treatment;before visit;2024-01-21 23:59:59+00:00;36.79;;;;;;;;;
7146661;treatment;before visit;2024-01-22 23:59:59+00:00;30.0;;;;;;;;;
7146661;treatment;before visit;2024-01-23 23:59:59+00:00;23.09;;;;;;;;;
7146661;treatment;before visit;2024-01-24 23:59:59+00:00;15.62;;;;;;;;;
7146661;treatment;before visit;2024-01-25 23:59:59+00:00;18.71;;;;;;;;;
7146661;treatment;before visit;2024-01-26 23:59:59+00:00;22.91;;;;;;;;;
7146661;treatment;before visit;2024-01-27 23:59:59+00:00;25.84;;;;;;;;;
7146661;treatment;before visit;2024-01-28 23:59:59+00:00;37.27;;;;;;;;;
7146661;treatment;before visit;2024-01-29 23:59:59+00:00;39.16;;;;;;;;;
7146661;treatment;before visit;2024-01-30 23:59:59+00:00;35.38;;;;;;;;;
7146661;treatment;before visit;2024-01-31 23:59:59+00:00;32.2;;;;;;;;;
7146661;treatment;before visit;2024-02-01 23:59:59+00:00;28.34;;;;;;;;;
7146661;treatment;before visit;2024-02-02 23:59:59+00:00;28.85;;;;;;;;;
7146661;treatment;before visit;2024-02-03 23:59:59+00:00;33.22;;;;;;;;;
7146661;treatment;before visit;2024-02-04 23:59:59+00:00;33.73;;;;;;;;;
7146661;treatment;before visit;2024-02-05 23:59:59+00:00;35.5;;;;;;;;;
7146661;treatment;before visit;2024-02-06 23:59:59+00:00;35.1;;;;;;;;;
7146661;treatment;during visit;2024-02-07 23:59:59+00:00;27.59;;;;;;;;;
7146661;treatment;after visit;2024-02-08 23:59:59+00:00;26.31;;;;;;;;;
7146661;treatment;after visit;2024-02-09 23:59:59+00:00;25.64;;;;;;;;;
7146661;treatment;after visit;2024-02-10 23:59:59+00:00;34.69;;;;;;;;;
7146661;treatment;after visit;2024-02-11 23:59:59+00:00;31.42;;;;;;;;;
7146661;treatment;after visit;2024-02-12 23:59:59+00:00;29.37;;;;;;;;;
7146661;treatment;after visit;2024-02-13 23:59:59+00:00;34.01;;;;;;;;;
7146661;treatment;after visit;2024-02-14 23:59:59+00:00;28.21;;;;;;;;;
7146661;treatment;after visit;2024-02-15 23:59:59+00:00;26.76;;;;;;;;;
7146661;treatment;after visit;2024-02-16 23:59:59+00:00;24.38;;;;;;;;;
7146661;treatment;after visit;2024-02-17 23:59:59+00:00;33.41;;;;;;;;;
7146661;treatment;after visit;2024-02-18 23:59:59+00:00;22.05;;;;;;;;;
7146661;treatment;after visit;2024-02-19 23:59:59+00:00;31.77;;;;;;;;;
7146661;treatment;after visit;2024-02-20 23:59:59+00:00;27.17;;;;;;;;;
7146661;treatment;after visit;2024-02-21 23:59:59+00:00;26.32;;;;;;;;;
7146661;treatment;after visit;2024-02-22 23:59:59+00:00;23.53;;;;;;;;;
7146661;treatment;after visit;2024-02-23 23:59:59+00:00;32.17;;;;;;;;;
7146661;treatment;after visit;2024-02-24 23:59:59+00:00;35.83;;;;;;;;;
7146661;treatment;after visit;2024-02-25 23:59:59+00:00;33.28;;;;;;;;;
7146661;treatment;after visit;2024-02-26 23:59:59+00:00;23.52;;;;;;;;;
7146661;treatment;after visit;2024-02-27 23:59:59+00:00;22.29;;;;;;;;;
7146661;treatment;after visit;2024-02-28 23:59:59+00:00;23.98;;;;;;;;;
7146661;treatment;after visit;2024-02-29 23:59:59+00:00;24.95;;;;;;;;;
7146661;treatment;after visit;2024-03-01 23:59:59+00:00;28.71;;;;;;;;;
7146661;treatment;after visit;2024-03-02 23:59:59+00:00;24.19;;;;;;;;;
7146661;treatment;after visit;2024-03-03 23:59:59+00:00;18.88;;;;;;;;;
7146661;treatment;after visit;2024-03-04 23:59:59+00:00;24.83;;;;;;;;;
7146661;treatment;after visit;2024-03-05 23:59:59+00:00;30.37;;;;;;;;;
7146661;treatment;after visit;2024-03-06 23:59:59+00:00;37.72;;;;;;;;;
7146661;treatment;after visit;2024-03-07 23:59:59+00:00;35.97;;;;;;;;;
7146661;treatment;after visit;2024-03-08 23:59:59+00:00;32.13;;;;;;;;;
7146661;treatment;after visit;2024-03-09 23:59:59+00:00;29.66;;;;;;;;;
7146661;treatment;after visit;2024-03-10 23:59:59+00:00;22.5;;;;;;;;;
7146661;treatment;after visit;2024-03-11 23:59:59+00:00;24.46;;;;;;;;;
7146661;treatment;after visit;2024-03-12 23:59:59+00:00;22.55;;;;;;;;;
7146661;treatment;after visit;2024-03-13 23:59:59+00:00;21.68;;;;;;;;;
7146661;treatment;after visit;2024-03-14 23:59:59+00:00;23.98;;;;;;;;;
7146661;treatment;after visit;2024-03-15 23:59:59+00:00;11.18;;;;;;;;;
7146661;treatment;after visit;2024-03-16 23:59:59+00:00;20.64;;;;;;;;;
7146661;treatment;after visit;2024-03-17 23:59:59+00:00;23.38;;;;;;;;;
7146661;treatment;after visit;2024-03-18 23:59:59+00:00;17.98;;;;;;;;;
7146661;treatment;after visit;2024-03-19 23:59:59+00:00;21.93;;;;;;;;;
7146661;treatment;after visit;2024-03-20 23:59:59+00:00;19.06;;;;;;;;;
