Household_ID;Group;AffectsTimePoint;Timestamp;kWh_received_Total;kWh_received_HeatPump;kWh_received_Other;kWh_returned_Total;kvarh_received_capacitive_Total;kvarh_received_capacitive_HeatPump;kvarh_received_capacitive_Other;kvarh_received_inductive_Total;kvarh_received_inductive_HeatPump;kvarh_received_inductive_Other
7474976;treatment;before visit;2019-03-02 23:59:59+00:00;21.09;;;;;;;;;
7474976;treatment;before visit;2019-03-03 23:59:59+00:00;19.46;;;;;;;;;
7474976;treatment;before visit;2019-03-04 23:59:59+00:00;36.34;;;;;;;;;
7474976;treatment;before visit;2019-03-05 23:59:59+00:00;31.85;;;0.05;;;;;;
7474976;treatment;before visit;2019-03-06 23:59:59+00:00;28.65;;;;;;;;;
7474976;treatment;before visit;2019-03-07 23:59:59+00:00;36.04;;;;;;;;;
7474976;treatment;before visit;2019-03-08 23:59:59+00:00;32.35;;;0.01;;;;;;
7474976;treatment;before visit;2019-03-09 23:59:59+00:00;29.0;;;;;;;;;
7474976;treatment;before visit;2019-03-10 23:59:59+00:00;21.03;;;;;;;;;
7474976;treatment;before visit;2019-03-11 23:59:59+00:00;34.35;;;0.02;;;;;;
7474976;treatment;before visit;2019-03-12 23:59:59+00:00;32.27;;;0.05;;;;;;
7474976;treatment;before visit;2019-03-13 23:59:59+00:00;28.23;;;;;;;;;
7474976;treatment;before visit;2019-03-14 23:59:59+00:00;33.33;;;;;;;;;
7474976;treatment;before visit;2019-03-15 23:59:59+00:00;39.69;;;;;;;;;
7474976;treatment;before visit;2019-03-16 23:59:59+00:00;24.84;;;;;;;;;
7474976;treatment;before visit;2019-03-17 23:59:59+00:00;21.99;;;;;;;;;
7474976;treatment;before visit;2019-03-18 23:59:59+00:00;39.45;;;0.02;;;;;;
7474976;treatment;before visit;2019-03-19 23:59:59+00:00;30.05;;;;;;;;;
7474976;treatment;before visit;2019-03-20 23:59:59+00:00;28.84;;;0.01;;;;;;
7474976;treatment;before visit;2019-03-21 23:59:59+00:00;32.97;;;0.04;;;;;;
7474976;treatment;before visit;2019-03-22 23:59:59+00:00;41.76;;;;;;;;;
7474976;treatment;before visit;2019-03-23 23:59:59+00:00;25.87;;;;;;;;;
7474976;treatment;before visit;2019-03-24 23:59:59+00:00;20.05;;;;;;;;;
7474976;treatment;before visit;2019-03-25 23:59:59+00:00;38.59;;;0.01;;;;;;
7474976;treatment;before visit;2019-03-26 23:59:59+00:00;32.77;;;0.01;;;;;;
7474976;treatment;before visit;2019-03-27 23:59:59+00:00;32.4;;;0.01;;;;;;
7474976;treatment;before visit;2019-03-28 23:59:59+00:00;33.89;;;0.02;;;;;;
7474976;treatment;before visit;2019-03-29 23:59:59+00:00;30.23;;;0.01;;;;;;
7474976;treatment;before visit;2019-03-30 23:59:59+00:00;19.1;;;;;;;;;
7474976;treatment;before visit;2019-03-31 23:59:59+00:00;20.09;;;;;;;;;
7474976;treatment;before visit;2019-04-01 23:59:59+00:00;13.61;;;;;;;;;
7474976;treatment;before visit;2019-04-02 23:59:59+00:00;10.62;;;;;;;;;
7474976;treatment;before visit;2019-04-03 23:59:59+00:00;11.12;;;;;;;;;
7474976;treatment;before visit;2019-04-04 23:59:59+00:00;13.12;;;;;;;;;
7474976;treatment;before visit;2019-04-05 23:59:59+00:00;18.48;;;;;;;;;
7474976;treatment;before visit;2019-04-06 23:59:59+00:00;23.75;;;;;;;;;
7474976;treatment;before visit;2019-04-07 23:59:59+00:00;17.42;;;;;;;;;
7474976;treatment;before visit;2019-04-08 23:59:59+00:00;33.18;;;;;;;;;
7474976;treatment;before visit;2019-04-09 23:59:59+00:00;30.95;;;;;;;;;
7474976;treatment;before visit;2019-04-10 23:59:59+00:00;38.34;;;0.01;;;;;;
7474976;treatment;before visit;2019-04-11 23:59:59+00:00;39.27;;;0.02;;;;;;
7474976;treatment;before visit;2019-04-12 23:59:59+00:00;35.31;;;0.01;;;;;;
7474976;treatment;before visit;2019-04-13 23:59:59+00:00;28.19;;;;;;;;;
7474976;treatment;before visit;2019-04-14 23:59:59+00:00;21.67;;;;;;;;;
7474976;treatment;before visit;2019-04-15 23:59:59+00:00;35.77;;;0.1;;;;;;
7474976;treatment;before visit;2019-04-16 23:59:59+00:00;26.72;;;;;;;;;
7474976;treatment;before visit;2019-04-17 23:59:59+00:00;30.43;;;0.01;;;;;;
7474976;treatment;before visit;2019-04-18 23:59:59+00:00;26.97;;;;;;;;;
7474976;treatment;before visit;2019-04-19 23:59:59+00:00;19.6;;;;;;;;;
7474976;treatment;before visit;2019-04-20 23:59:59+00:00;23.75;;;;;;;;;
7474976;treatment;before visit;2019-04-21 23:59:59+00:00;12.3;;;;;;;;;
7474976;treatment;before visit;2019-04-22 23:59:59+00:00;9.99;;;;;;;;;
7474976;treatment;before visit;2019-04-23 23:59:59+00:00;28.41;;;;;;;;;
7474976;treatment;before visit;2019-04-24 23:59:59+00:00;25.02;;;;;;;;;
7474976;treatment;before visit;2019-04-25 23:59:59+00:00;28.17;;;0.01;;;;;;
7474976;treatment;before visit;2019-04-26 23:59:59+00:00;27.62;;;;;;;;;
7474976;treatment;before visit;2019-04-27 23:59:59+00:00;22.4;;;;;;;;;
7474976;treatment;before visit;2019-04-28 23:59:59+00:00;19.15;;;;;;;;;
7474976;treatment;before visit;2019-04-29 23:59:59+00:00;44.59;;;0.01;;;;;;
7474976;treatment;before visit;2019-04-30 23:59:59+00:00;49.24;;;0.01;;;;;;
7474976;treatment;before visit;2019-05-01 23:59:59+00:00;25.62;;;0.01;;;;;;
7474976;treatment;before visit;2019-05-02 23:59:59+00:00;38.39;;;0.01;;;;;;
7474976;treatment;before visit;2019-05-03 23:59:59+00:00;33.06;;;0.01;;;;;;
7474976;treatment;before visit;2019-05-04 23:59:59+00:00;20.33;;;;;;;;;
7474976;treatment;before visit;2019-05-05 23:59:59+00:00;22.39;;;;;;;;;
7474976;treatment;before visit;2019-05-06 23:59:59+00:00;38.15;;;0.02;;;;;;
7474976;treatment;before visit;2019-05-07 23:59:59+00:00;50.87;;;0.03;;;;;;
7474976;treatment;before visit;2019-05-08 23:59:59+00:00;50.79;;;0.02;;;;;;
7474976;treatment;before visit;2019-05-09 23:59:59+00:00;29.06;;;0.01;;;;;;
7474976;treatment;before visit;2019-05-10 23:59:59+00:00;29.63;;;;;;;;;
7474976;treatment;before visit;2019-05-11 23:59:59+00:00;24.85;;;;;;;;;
7474976;treatment;before visit;2019-05-12 23:59:59+00:00;18.08;;;;;;;;;
7474976;treatment;before visit;2019-05-13 23:59:59+00:00;34.86;;;;;;;;;
7474976;treatment;before visit;2019-05-14 23:59:59+00:00;14.51;;;;;;;;;
7474976;treatment;before visit;2019-05-15 23:59:59+00:00;32.9;;;;;;;;;
7474976;treatment;before visit;2019-05-16 23:59:59+00:00;31.19;;;0.02;;;;;;
7474976;treatment;before visit;2019-05-17 23:59:59+00:00;27.8;;;;;;;;;
7474976;treatment;before visit;2019-05-18 23:59:59+00:00;19.06;;;;;;;;;
7474976;treatment;before visit;2019-05-19 23:59:59+00:00;14.88;;;;;;;;;
7474976;treatment;before visit;2019-05-20 23:59:59+00:00;29.03;;;0.01;;;;;;
7474976;treatment;before visit;2019-05-21 23:59:59+00:00;35.22;;;0.02;;;;;;
7474976;treatment;before visit;2019-05-22 23:59:59+00:00;13.24;;;;;;;;;
7474976;treatment;before visit;2019-05-23 23:59:59+00:00;41.59;;;0.01;;;;;;
7474976;treatment;before visit;2019-05-24 23:59:59+00:00;30.3;;;0.03;;;;;;
7474976;treatment;before visit;2019-05-25 23:59:59+00:00;15.83;;;;;;;;;
7474976;treatment;before visit;2019-05-26 23:59:59+00:00;14.92;;;;;;;;;
7474976;treatment;before visit;2019-05-27 23:59:59+00:00;21.58;;;;;;;;;
7474976;treatment;before visit;2019-05-28 23:59:59+00:00;26.25;;;;;;;;;
7474976;treatment;before visit;2019-05-29 23:59:59+00:00;24.36;;;;;;;;;
7474976;treatment;before visit;2019-05-30 23:59:59+00:00;15.67;;;;;;;;;
7474976;treatment;before visit;2019-05-31 23:59:59+00:00;18.67;;;;;;;;;
7474976;treatment;before visit;2019-06-01 23:59:59+00:00;15.87;;;;;;;;;
7474976;treatment;before visit;2019-06-02 23:59:59+00:00;13.09;;;;;;;;;
7474976;treatment;before visit;2019-06-03 23:59:59+00:00;23.21;;;0.05;;;;;;
7474976;treatment;before visit;2019-06-04 23:59:59+00:00;21.29;;;;;;;;;
7474976;treatment;before visit;2019-06-05 23:59:59+00:00;23.56;;;0.02;;;;;;
7474976;treatment;before visit;2019-06-06 23:59:59+00:00;7.27;;;;;;;;;
7474976;treatment;before visit;2019-06-07 23:59:59+00:00;9.54;;;;;;;;;
7474976;treatment;before visit;2019-06-08 23:59:59+00:00;14.83;;;;;;;;;
7474976;treatment;before visit;2019-06-09 23:59:59+00:00;12.53;;;;;;;;;
7474976;treatment;before visit;2019-06-10 23:59:59+00:00;19.35;;;;;;;;;
7474976;treatment;before visit;2019-06-11 23:59:59+00:00;37.86;;;0.01;;;;;;
7474976;treatment;before visit;2019-06-12 23:59:59+00:00;36.38;;;0.03;;;;;;
7474976;treatment;before visit;2019-06-13 23:59:59+00:00;21.12;;;;;;;;;
7474976;treatment;before visit;2019-06-14 23:59:59+00:00;19.48;;;;;;;;;
7474976;treatment;before visit;2019-06-15 23:59:59+00:00;16.61;;;;;;;;;
7474976;treatment;before visit;2019-06-16 23:59:59+00:00;13.69;;;;;;;;;
7474976;treatment;before visit;2019-06-17 23:59:59+00:00;27.66;;;0.01;;;;;;
7474976;treatment;before visit;2019-06-18 23:59:59+00:00;38.35;;;0.01;;;;;;
7474976;treatment;before visit;2019-06-19 23:59:59+00:00;28.69;;;0.01;;;;;;
7474976;treatment;before visit;2019-06-20 23:59:59+00:00;23.49;;;;;;;;;
7474976;treatment;before visit;2019-06-21 23:59:59+00:00;29.13;;;0.02;;;;;;
7474976;treatment;before visit;2019-06-22 23:59:59+00:00;17.42;;;;;;;;;
7474976;treatment;before visit;2019-06-23 23:59:59+00:00;11.41;;;;;;;;;
7474976;treatment;before visit;2019-06-24 23:59:59+00:00;24.93;;;;;;;;;
7474976;treatment;before visit;2019-06-25 23:59:59+00:00;28.69;;;0.01;;;;;;
7474976;treatment;before visit;2019-06-26 23:59:59+00:00;25.79;;;;;;;;;
7474976;treatment;before visit;2019-06-27 23:59:59+00:00;24.44;;;;;;;;;
7474976;treatment;before visit;2019-06-28 23:59:59+00:00;29.86;;;;;;;;;
7474976;treatment;before visit;2019-06-29 23:59:59+00:00;20.92;;;;;;;;;
7474976;treatment;before visit;2019-06-30 23:59:59+00:00;23.44;;;0.01;;;;;;
7474976;treatment;before visit;2019-07-01 23:59:59+00:00;31.73;;;0.01;;;;;;
7474976;treatment;before visit;2019-07-02 23:59:59+00:00;28.92;;;;;;;;;
7474976;treatment;before visit;2019-07-03 23:59:59+00:00;36.32;;;;;;;;;
7474976;treatment;before visit;2019-07-04 23:59:59+00:00;44.89;;;0.03;;;;;;
7474976;treatment;before visit;2019-07-05 23:59:59+00:00;37.63;;;0.02;;;;;;
7474976;treatment;before visit;2019-07-06 23:59:59+00:00;25.75;;;;;;;;;
7474976;treatment;before visit;2019-07-07 23:59:59+00:00;16.44;;;;;;;;;
7474976;treatment;before visit;2019-07-08 23:59:59+00:00;6.74;;;;;;;;;
7474976;treatment;before visit;2019-07-09 23:59:59+00:00;6.95;;;;;;;;;
7474976;treatment;before visit;2019-07-10 23:59:59+00:00;7.75;;;;;;;;;
7474976;treatment;before visit;2019-07-11 23:59:59+00:00;8.61;;;;;;;;;
7474976;treatment;before visit;2019-07-12 23:59:59+00:00;9.33;;;;;;;;;
7474976;treatment;before visit;2019-07-13 23:59:59+00:00;12.55;;;;;;;;;
7474976;treatment;before visit;2019-07-14 23:59:59+00:00;12.5;;;;;;;;;
7474976;treatment;before visit;2019-07-15 23:59:59+00:00;27.9;;;0.01;;;;;;
7474976;treatment;before visit;2019-07-16 23:59:59+00:00;23.88;;;0.02;;;;;;
7474976;treatment;before visit;2019-07-17 23:59:59+00:00;20.3;;;;;;;;;
7474976;treatment;before visit;2019-07-18 23:59:59+00:00;30.25;;;0.04;;;;;;
7474976;treatment;before visit;2019-07-19 23:59:59+00:00;28.08;;;0.03;;;;;;
7474976;treatment;before visit;2019-07-20 23:59:59+00:00;18.47;;;;;;;;;
7474976;treatment;before visit;2019-07-21 23:59:59+00:00;21.22;;;;;;;;;
7474976;treatment;before visit;2019-07-22 23:59:59+00:00;39.82;;;0.05;;;;;;
7474976;treatment;before visit;2019-07-23 23:59:59+00:00;44.36;;;0.05;;;;;;
7474976;treatment;before visit;2019-07-24 23:59:59+00:00;34.83;;;0.03;;;;;;
7474976;treatment;before visit;2019-07-25 23:59:59+00:00;44.08;;;0.06;;;;;;
7474976;treatment;before visit;2019-07-26 23:59:59+00:00;42.07;;;0.04;;;;;;
7474976;treatment;before visit;2019-07-27 23:59:59+00:00;19.66;;;;;;;;;
7474976;treatment;before visit;2019-07-28 23:59:59+00:00;14.77;;;;;;;;;
7474976;treatment;before visit;2019-07-29 23:59:59+00:00;29.14;;;;;;;;;
7474976;treatment;before visit;2019-07-30 23:59:59+00:00;24.63;;;;;;;;;
7474976;treatment;before visit;2019-07-31 23:59:59+00:00;21.81;;;;;;;;;
7474976;treatment;before visit;2019-08-01 23:59:59+00:00;16.41;;;;;;;;;
7474976;treatment;before visit;2019-08-02 23:59:59+00:00;21.34;;;;;;;;;
7474976;treatment;before visit;2019-08-03 23:59:59+00:00;17.12;;;;;;;;;
7474976;treatment;before visit;2019-08-04 23:59:59+00:00;14.94;;;;;;;;;
7474976;treatment;before visit;2019-08-05 23:59:59+00:00;33.99;;;0.01;;;;;;
7474976;treatment;before visit;2019-08-06 23:59:59+00:00;36.08;;;0.02;;;;;;
7474976;treatment;before visit;2019-08-07 23:59:59+00:00;33.73;;;0.02;;;;;;
7474976;treatment;before visit;2019-08-08 23:59:59+00:00;30.53;;;0.07;;;;;;
7474976;treatment;before visit;2019-08-09 23:59:59+00:00;25.78;;;0.01;;;;;;
7474976;treatment;before visit;2019-08-10 23:59:59+00:00;15.52;;;;;;;;;
7474976;treatment;before visit;2019-08-11 23:59:59+00:00;10.75;;;;;;;;;
7474976;treatment;before visit;2019-08-12 23:59:59+00:00;20.26;;;;;;;;;
7474976;treatment;before visit;2019-08-13 23:59:59+00:00;22.23;;;;;;;;;
7474976;treatment;before visit;2019-08-14 23:59:59+00:00;21.12;;;;;;;;;
7474976;treatment;before visit;2019-08-15 23:59:59+00:00;21.76;;;;;;;;;
7474976;treatment;before visit;2019-08-16 23:59:59+00:00;11.16;;;;;;;;;
7474976;treatment;before visit;2019-08-17 23:59:59+00:00;8.38;;;;;;;;;
7474976;treatment;before visit;2019-08-18 23:59:59+00:00;15.92;;;;;;;;;
7474976;treatment;before visit;2019-08-19 23:59:59+00:00;23.48;;;;;;;;;
7474976;treatment;before visit;2019-08-20 23:59:59+00:00;27.77;;;0.03;;;;;;
7474976;treatment;before visit;2019-08-21 23:59:59+00:00;23.3;;;0.01;;;;;;
7474976;treatment;before visit;2019-08-22 23:59:59+00:00;26.36;;;0.03;;;;;;
7474976;treatment;before visit;2019-08-23 23:59:59+00:00;33.54;;;0.01;;;;;;
7474976;treatment;before visit;2019-08-24 23:59:59+00:00;12.41;;;;;;;;;
7474976;treatment;before visit;2019-08-25 23:59:59+00:00;8.67;;;;;;;;;
7474976;treatment;before visit;2019-08-26 23:59:59+00:00;30.89;;;;;;;;;
7474976;treatment;before visit;2019-08-27 23:59:59+00:00;31.83;;;0.01;;;;;;
7474976;treatment;before visit;2019-08-28 23:59:59+00:00;32.4;;;;;;;;;
7474976;treatment;before visit;2019-08-29 23:59:59+00:00;11.36;;;;;;;;;
7474976;treatment;before visit;2019-08-30 23:59:59+00:00;27.14;;;;;;;;;
7474976;treatment;before visit;2019-08-31 23:59:59+00:00;19.44;;;;;;;;;
7474976;treatment;before visit;2019-09-01 23:59:59+00:00;7.01;;;;;;;;;
7474976;treatment;before visit;2019-09-02 23:59:59+00:00;8.68;;;;;;;;;
7474976;treatment;before visit;2019-09-03 23:59:59+00:00;9.14;;;;;;;;;
7474976;treatment;before visit;2019-09-28 23:59:59+00:00;17.47;;;;;;;;;
7474976;treatment;before visit;2019-09-29 23:59:59+00:00;14.9;;;;;;;;;
7474976;treatment;before visit;2019-09-30 23:59:59+00:00;29.18;;;0.02;;;;;;
7474976;treatment;before visit;2019-10-01 23:59:59+00:00;33.18;;;0.02;;;;;;
7474976;treatment;before visit;2019-10-02 23:59:59+00:00;26.18;;;;;;;;;
7474976;treatment;before visit;2019-10-03 23:59:59+00:00;43.3;;;0.01;;;;;;
7474976;treatment;before visit;2019-10-04 23:59:59+00:00;27.62;;;0.01;;;;;;
7474976;treatment;before visit;2019-10-05 23:59:59+00:00;24.03;;;;;;;;;
7474976;treatment;before visit;2019-10-06 23:59:59+00:00;20.09;;;;;;;;;
7474976;treatment;before visit;2019-10-07 23:59:59+00:00;13.2;;;;;;;;;
7474976;treatment;before visit;2019-10-08 23:59:59+00:00;12.3;;;;;;;;;
7474976;treatment;before visit;2019-10-09 23:59:59+00:00;12.29;;;;;;;;;
7474976;treatment;before visit;2019-10-10 23:59:59+00:00;12.39;;;;;;;;;
7474976;treatment;before visit;2019-10-11 23:59:59+00:00;17.92;;;;;;;;;
7474976;treatment;before visit;2019-10-12 23:59:59+00:00;24.08;;;;;;;;;
7474976;treatment;before visit;2019-10-13 23:59:59+00:00;17.53;;;;;;;;;
7474976;treatment;before visit;2019-10-14 23:59:59+00:00;27.99;;;0.01;;;;;;
7474976;treatment;before visit;2019-10-15 23:59:59+00:00;29.28;;;;;;;;;
7474976;treatment;before visit;2019-10-16 23:59:59+00:00;25.92;;;;;;;;;
7474976;treatment;before visit;2019-10-17 23:59:59+00:00;15.33;;;;;;;;;
7474976;treatment;before visit;2019-10-18 23:59:59+00:00;47.13;;;0.05;;;;;;
7474976;treatment;before visit;2019-10-19 23:59:59+00:00;24.2;;;;;;;;;
7474976;treatment;before visit;2019-10-20 23:59:59+00:00;15.68;;;;;;;;;
7474976;treatment;before visit;2019-10-21 23:59:59+00:00;35.54;;;0.02;;;;;;
7474976;treatment;before visit;2019-10-22 23:59:59+00:00;40.3;;;0.06;;;;;;
7474976;treatment;before visit;2019-10-23 23:59:59+00:00;16.86;;;;;;;;;
7474976;treatment;before visit;2019-10-24 23:59:59+00:00;28.03;;;;;;;;;
7474976;treatment;before visit;2019-10-25 23:59:59+00:00;28.3;;;;;;;;;
7474976;treatment;before visit;2019-10-26 23:59:59+00:00;20.16;;;;;;;;;
7474976;treatment;before visit;2019-10-27 23:59:59+00:00;16.24;;;;;;;;;
7474976;treatment;before visit;2019-10-28 23:59:59+00:00;26.13;;;;;;;;;
7474976;treatment;before visit;2019-10-29 23:59:59+00:00;28.63;;;0.01;;;;;;
7474976;treatment;before visit;2019-10-30 23:59:59+00:00;33.03;;;;;;;;;
7474976;treatment;before visit;2019-10-31 23:59:59+00:00;28.27;;;;;;;;;
7474976;treatment;before visit;2019-11-01 23:59:59+00:00;19.09;;;0.01;;;;;;
7474976;treatment;before visit;2019-11-02 23:59:59+00:00;22.81;;;;;;;;;
7474976;treatment;before visit;2019-11-03 23:59:59+00:00;20.68;;;;;;;;;
7474976;treatment;before visit;2019-11-04 23:59:59+00:00;28.09;;;;;;;;;
7474976;treatment;before visit;2019-11-05 23:59:59+00:00;28.81;;;;;;;;;
7474976;treatment;before visit;2019-11-06 23:59:59+00:00;25.89;;;;;;;;;
7474976;treatment;before visit;2019-11-07 23:59:59+00:00;39.02;;;;;;;;;
7474976;treatment;before visit;2019-11-08 23:59:59+00:00;25.28;;;;;;;;;
7474976;treatment;before visit;2019-11-09 23:59:59+00:00;23.93;;;;;;;;;
7474976;treatment;before visit;2019-11-10 23:59:59+00:00;20.92;;;;;;;;;
7474976;treatment;before visit;2019-11-11 23:59:59+00:00;30.49;;;;;;;;;
7474976;treatment;before visit;2019-11-12 23:59:59+00:00;33.12;;;0.01;;;;;;
7474976;treatment;before visit;2019-11-13 23:59:59+00:00;37.17;;;;;;;;;
7474976;treatment;before visit;2019-11-14 23:59:59+00:00;28.82;;;;;;;;;
7474976;treatment;before visit;2019-11-15 23:59:59+00:00;22.3;;;;;;;;;
7474976;treatment;before visit;2019-11-16 23:59:59+00:00;27.21;;;;;;;;;
7474976;treatment;before visit;2019-11-17 23:59:59+00:00;20.31;;;;;;;;;
7474976;treatment;before visit;2019-11-18 23:59:59+00:00;30.28;;;;;;;;;
7474976;treatment;before visit;2019-11-19 23:59:59+00:00;36.17;;;0.01;;;;;;
7474976;treatment;before visit;2019-11-20 23:59:59+00:00;29.2;;;;;;;;;
7474976;treatment;before visit;2019-11-21 23:59:59+00:00;16.74;;;;;;;;;
7474976;treatment;before visit;2019-11-22 23:59:59+00:00;16.16;;;;;;;;;
7474976;treatment;before visit;2019-11-23 23:59:59+00:00;16.52;;;;;;;;;
7474976;treatment;before visit;2019-11-24 23:59:59+00:00;20.53;;;;;;;;;
7474976;treatment;before visit;2019-11-25 23:59:59+00:00;31.1;;;;;;;;;
7474976;treatment;before visit;2019-11-26 23:59:59+00:00;27.2;;;0.01;;;;;;
7474976;treatment;before visit;2019-11-27 23:59:59+00:00;38.03;;;;;;;;;
7474976;treatment;before visit;2019-11-28 23:59:59+00:00;26.38;;;;;;;;;
7474976;treatment;before visit;2019-11-29 23:59:59+00:00;36.18;;;;;;;;;
7474976;treatment;before visit;2019-11-30 23:59:59+00:00;25.79;;;;;;;;;
7474976;treatment;before visit;2019-12-01 23:59:59+00:00;26.33;;;;;;;;;
7474976;treatment;before visit;2019-12-02 23:59:59+00:00;35.13;;;0.01;;;;;;
7474976;treatment;before visit;2019-12-03 23:59:59+00:00;31.42;;;;;;;;;
7474976;treatment;before visit;2019-12-04 23:59:59+00:00;42.18;;;0.01;;;;;;
7474976;treatment;before visit;2019-12-05 23:59:59+00:00;31.19;;;;;;;;;
7474976;treatment;before visit;2019-12-06 23:59:59+00:00;24.78;;;;;;;;;
7474976;treatment;before visit;2019-12-07 23:59:59+00:00;21.08;;;;;;;;;
7474976;treatment;before visit;2019-12-08 23:59:59+00:00;19.44;;;;;;;;;
7474976;treatment;before visit;2019-12-09 23:59:59+00:00;40.86;;;0.02;;;;;;
7474976;treatment;before visit;2019-12-10 23:59:59+00:00;46.57;;;0.01;;;;;;
7474976;treatment;before visit;2019-12-11 23:59:59+00:00;39.63;;;0.01;;;;;;
7474976;treatment;before visit;2019-12-12 23:59:59+00:00;40.23;;;0.02;;;;;;
7474976;treatment;before visit;2019-12-13 23:59:59+00:00;42.69;;;0.02;;;;;;
7474976;treatment;before visit;2019-12-14 23:59:59+00:00;28.85;;;0.01;;;;;;
7474976;treatment;before visit;2019-12-15 23:59:59+00:00;22.17;;;;;;;;;
7474976;treatment;before visit;2019-12-16 23:59:59+00:00;30.08;;;;;;;;;
7474976;treatment;before visit;2019-12-17 23:59:59+00:00;28.35;;;;;;;;;
7474976;treatment;before visit;2019-12-26 23:59:59+00:00;18.29;;;;;;;;;
7474976;treatment;before visit;2019-12-27 23:59:59+00:00;17.61;;;;;;;;;
7474976;treatment;before visit;2019-12-28 23:59:59+00:00;24.73;;;;;;;;;
7474976;treatment;before visit;2019-12-29 23:59:59+00:00;19.4;;;;;;;;;
7474976;treatment;before visit;2019-12-30 23:59:59+00:00;32.39;;;;;;;;;
7474976;treatment;before visit;2019-12-31 23:59:59+00:00;37.8;;;;;;;;;
7474976;treatment;before visit;2020-01-01 23:59:59+00:00;21.2;;;;;;;;;
7474976;treatment;before visit;2020-01-02 23:59:59+00:00;25.46;;;;;;;;;
7474976;treatment;before visit;2020-01-03 23:59:59+00:00;26.96;;;;;;;;;
7474976;treatment;before visit;2020-01-04 23:59:59+00:00;28.86;;;;;;;;;
7474976;treatment;before visit;2020-01-05 23:59:59+00:00;18.48;;;;;;;;;
7474976;treatment;before visit;2020-01-06 23:59:59+00:00;37.08;;;;;;;;;
7474976;treatment;before visit;2020-01-07 23:59:59+00:00;45.39;;;0.04;;;;;;
7474976;treatment;before visit;2020-01-08 23:59:59+00:00;50.61;;;0.06;;;;;;
7474976;treatment;before visit;2020-01-09 23:59:59+00:00;15.92;;;;;;;;;
7474976;treatment;before visit;2020-01-10 23:59:59+00:00;14.08;;;;;;;;;
7474976;treatment;before visit;2020-01-11 23:59:59+00:00;14.14;;;;;;;;;
7474976;treatment;before visit;2020-01-12 23:59:59+00:00;19.19;;;;;;;;;
7474976;treatment;before visit;2020-01-13 23:59:59+00:00;47.67;;;0.01;;;;;;
7474976;treatment;before visit;2020-01-14 23:59:59+00:00;48.56;;;0.04;;;;;;
7474976;treatment;before visit;2020-01-15 23:59:59+00:00;46.3;;;0.06;;;;;;
7474976;treatment;before visit;2020-01-16 23:59:59+00:00;30.83;;;0.01;;;;;;
7474976;treatment;before visit;2020-01-17 23:59:59+00:00;26.58;;;0.01;;;;;;
7474976;treatment;before visit;2020-01-18 23:59:59+00:00;15.67;;;;;;;;;
7474976;treatment;before visit;2020-01-19 23:59:59+00:00;15.41;;;;;;;;;
7474976;treatment;before visit;2020-01-20 23:59:59+00:00;15.69;;;;;;;;;
7474976;treatment;before visit;2020-01-21 23:59:59+00:00;16.4;;;;;;;;;
7474976;treatment;before visit;2020-01-22 23:59:59+00:00;16.41;;;;;;;;;
7474976;treatment;before visit;2020-01-23 23:59:59+00:00;15.97;;;;;;;;;
7474976;treatment;before visit;2020-01-24 23:59:59+00:00;15.9;;;;;;;;;
7474976;treatment;before visit;2020-01-25 23:59:59+00:00;22.68;;;;;;;;;
7474976;treatment;before visit;2020-01-26 23:59:59+00:00;24.94;;;;;;;;;
7474976;treatment;before visit;2020-01-27 23:59:59+00:00;35.61;;;;;;;;;
7474976;treatment;before visit;2020-01-28 23:59:59+00:00;26.88;;;;;;;;;
7474976;treatment;before visit;2020-01-29 23:59:59+00:00;27.48;;;;;;;;;
7474976;treatment;before visit;2020-01-30 23:59:59+00:00;29.24;;;0.01;;;;;;
7474976;treatment;before visit;2020-01-31 23:59:59+00:00;31.93;;;;;;;;;
7474976;treatment;before visit;2020-02-01 23:59:59+00:00;21.6;;;;;;;;;
7474976;treatment;before visit;2020-02-02 23:59:59+00:00;23.59;;;0.03;;;;;;
7474976;treatment;before visit;2020-02-03 23:59:59+00:00;29.41;;;;;;;;;
7474976;treatment;before visit;2020-02-04 23:59:59+00:00;35.76;;;0.02;;;;;;
7474976;treatment;before visit;2020-02-05 23:59:59+00:00;42.18;;;;;;;;;
7474976;treatment;before visit;2020-02-06 23:59:59+00:00;29.84;;;;;;;;;
7474976;treatment;before visit;2020-02-07 23:59:59+00:00;23.13;;;;;;;;;
7474976;treatment;before visit;2020-02-08 23:59:59+00:00;26.12;;;;;;;;;
7474976;treatment;before visit;2020-02-09 23:59:59+00:00;17.45;;;;;;;;;
7474976;treatment;before visit;2020-02-10 23:59:59+00:00;31.87;;;0.03;;;;;;
7474976;treatment;before visit;2020-02-11 23:59:59+00:00;39.43;;;;;;;;;
7474976;treatment;before visit;2020-02-12 23:59:59+00:00;43.27;;;0.01;;;;;;
7474976;treatment;before visit;2020-02-13 23:59:59+00:00;35.93;;;;;;;;;
7474976;treatment;before visit;2020-02-14 23:59:59+00:00;29.37;;;0.01;;;;;;
7474976;treatment;before visit;2020-02-15 23:59:59+00:00;22.75;;;;;;;;;
7474976;treatment;before visit;2020-02-16 23:59:59+00:00;16.4;;;;;;;;;
7474976;treatment;before visit;2020-02-17 23:59:59+00:00;38.57;;;0.04;;;;;;
7474976;treatment;before visit;2020-02-18 23:59:59+00:00;30.0;;;;;;;;;
7474976;treatment;before visit;2020-02-19 23:59:59+00:00;33.42;;;;;;;;;
7474976;treatment;before visit;2020-02-20 23:59:59+00:00;30.02;;;0.04;;;;;;
7474976;treatment;before visit;2020-02-21 23:59:59+00:00;30.16;;;;;;;;;
7474976;treatment;before visit;2020-02-22 23:59:59+00:00;17.93;;;;;;;;;
7474976;treatment;before visit;2020-02-23 23:59:59+00:00;17.7;;;;;;;;;
7474976;treatment;before visit;2020-02-24 23:59:59+00:00;30.68;;;0.02;;;;;;
7474976;treatment;before visit;2020-02-25 23:59:59+00:00;25.77;;;;;;;;;
7474976;treatment;before visit;2020-02-26 23:59:59+00:00;25.98;;;;;;;;;
7474976;treatment;before visit;2020-02-27 23:59:59+00:00;34.59;;;0.01;;;;;;
7474976;treatment;before visit;2020-02-28 23:59:59+00:00;43.24;;;0.01;;;;;;
7474976;treatment;before visit;2020-02-29 23:59:59+00:00;17.22;;;;;;;;;
7474976;treatment;before visit;2020-03-01 23:59:59+00:00;17.28;;;;;;;;;
7474976;treatment;before visit;2020-03-02 23:59:59+00:00;35.94;;;;;;;;;
7474976;treatment;before visit;2020-03-03 23:59:59+00:00;42.85;;;0.01;;;;;;
7474976;treatment;before visit;2020-03-04 23:59:59+00:00;42.25;;;0.01;;;;;;
7474976;treatment;before visit;2020-03-05 23:59:59+00:00;35.29;;;0.02;;;;;;
7474976;treatment;before visit;2020-03-06 23:59:59+00:00;29.53;;;0.01;;;;;;
7474976;treatment;before visit;2020-03-07 23:59:59+00:00;25.06;;;;;;;;;
7474976;treatment;before visit;2020-03-08 23:59:59+00:00;19.2;;;;;;;;;
7474976;treatment;before visit;2020-03-09 23:59:59+00:00;30.31;;;0.01;;;;;;
7474976;treatment;before visit;2020-03-10 23:59:59+00:00;32.38;;;0.01;;;;;;
7474976;treatment;before visit;2020-03-11 23:59:59+00:00;29.56;;;;;;;;;
7474976;treatment;before visit;2020-03-12 23:59:59+00:00;39.6;;;0.02;;;;;;
7474976;treatment;before visit;2020-03-13 23:59:59+00:00;24.46;;;0.01;;;;;;
7474976;treatment;before visit;2020-03-14 23:59:59+00:00;18.27;;;;;;;;;
7474976;treatment;before visit;2020-03-15 23:59:59+00:00;16.26;;;;;;;;;
7474976;treatment;before visit;2020-03-16 23:59:59+00:00;35.24;;;;;;;;;
7474976;treatment;before visit;2020-03-17 23:59:59+00:00;30.08;;;0.02;;;;;;
7474976;treatment;before visit;2020-03-18 23:59:59+00:00;27.98;;;;;;;;;
7474976;treatment;before visit;2020-03-19 23:59:59+00:00;24.71;;;;;;;;;
7474976;treatment;before visit;2020-03-20 23:59:59+00:00;25.74;;;;;;;;;
7474976;treatment;before visit;2020-03-21 23:59:59+00:00;24.62;;;;;;;;;
7474976;treatment;before visit;2020-03-22 23:59:59+00:00;19.18;;;;;;;;;
7474976;treatment;before visit;2020-03-23 23:59:59+00:00;42.86;;;0.04;;;;;;
7474976;treatment;before visit;2020-03-24 23:59:59+00:00;47.13;;;0.06;;;;;;
7474976;treatment;before visit;2020-03-25 23:59:59+00:00;38.73;;;0.04;;;;;;
7474976;treatment;before visit;2020-03-26 23:59:59+00:00;33.56;;;0.01;;;;;;
7474976;treatment;before visit;2020-03-27 23:59:59+00:00;26.73;;;;;;;;;
7474976;treatment;before visit;2020-03-28 23:59:59+00:00;22.73;;;;;;;;;
7474976;treatment;before visit;2020-03-29 23:59:59+00:00;20.75;;;;;;;;;
7474976;treatment;before visit;2020-03-30 23:59:59+00:00;28.86;;;0.01;;;;;;
7474976;treatment;before visit;2020-03-31 23:59:59+00:00;29.96;;;0.01;;;;;;
7474976;treatment;before visit;2020-04-01 23:59:59+00:00;19.27;;;0.02;;;;;;
7474976;treatment;before visit;2020-04-02 23:59:59+00:00;37.17;;;0.03;;;;;;
7474976;treatment;before visit;2020-04-03 23:59:59+00:00;25.66;;;0.01;;;;;;
7474976;treatment;before visit;2020-04-04 23:59:59+00:00;22.24;;;;;;;;;
7474976;treatment;before visit;2020-04-05 23:59:59+00:00;16.74;;;;;;;;;
7474976;treatment;before visit;2020-04-06 23:59:59+00:00;27.85;;;0.01;;;;;;
7474976;treatment;before visit;2020-04-07 23:59:59+00:00;24.57;;;;;;;;;
7474976;treatment;before visit;2020-04-08 23:59:59+00:00;29.28;;;0.02;;;;;;
7474976;treatment;before visit;2020-04-09 23:59:59+00:00;29.07;;;;;;;;;
7474976;treatment;before visit;2020-04-10 23:59:59+00:00;16.17;;;;;;;;;
7474976;treatment;before visit;2020-04-11 23:59:59+00:00;18.9;;;;;;;;;
7474976;treatment;before visit;2020-04-12 23:59:59+00:00;15.89;;;;;;;;;
7474976;treatment;before visit;2020-04-13 23:59:59+00:00;14.02;;;;;;;;;
7474976;treatment;before visit;2020-04-14 23:59:59+00:00;27.76;;;0.05;;;;;;
7474976;treatment;before visit;2020-04-15 23:59:59+00:00;27.01;;;0.01;;;;;;
7474976;treatment;before visit;2020-04-16 23:59:59+00:00;24.44;;;0.02;;;;;;
7474976;treatment;before visit;2020-04-17 23:59:59+00:00;21.98;;;;;;;;;
7474976;treatment;before visit;2020-04-18 23:59:59+00:00;15.53;;;;;;;;;
7474976;treatment;before visit;2020-04-19 23:59:59+00:00;14.7;;;;;;;;;
7474976;treatment;before visit;2020-04-20 23:59:59+00:00;19.64;;;;;;;;;
7474976;treatment;before visit;2020-04-21 23:59:59+00:00;36.51;;;0.04;;;;;;
7474976;treatment;before visit;2020-04-22 23:59:59+00:00;26.09;;;0.04;;;;;;
7474976;treatment;before visit;2020-04-23 23:59:59+00:00;13.52;;;;;;;;;
7474976;treatment;before visit;2020-04-24 23:59:59+00:00;39.06;;;0.11;;;;;;
7474976;treatment;before visit;2020-04-25 23:59:59+00:00;21.53;;;0.03;;;;;;
7474976;treatment;before visit;2020-04-26 23:59:59+00:00;14.02;;;;;;;;;
7474976;treatment;before visit;2020-04-27 23:59:59+00:00;21.94;;;;;;;;;
7474976;treatment;before visit;2020-04-28 23:59:59+00:00;26.29;;;0.07;;;;;;
7474976;treatment;before visit;2020-04-29 23:59:59+00:00;28.09;;;;;;;;;
7474976;treatment;before visit;2020-04-30 23:59:59+00:00;28.64;;;;;;;;;
7474976;treatment;before visit;2020-05-01 23:59:59+00:00;14.96;;;;;;;;;
7474976;treatment;before visit;2020-05-02 23:59:59+00:00;21.51;;;;;;;;;
7474976;treatment;before visit;2020-05-03 23:59:59+00:00;14.0;;;;;;;;;
7474976;treatment;before visit;2020-05-04 23:59:59+00:00;25.69;;;0.01;;;;;;
7474976;treatment;before visit;2020-05-05 23:59:59+00:00;34.64;;;;;;;;;
7474976;treatment;before visit;2020-05-06 23:59:59+00:00;26.23;;;;;;;;;
7474976;treatment;before visit;2020-05-07 23:59:59+00:00;19.13;;;;;;;;;
7474976;treatment;before visit;2020-05-08 23:59:59+00:00;23.19;;;0.01;;;;;;
7474976;treatment;before visit;2020-05-09 23:59:59+00:00;19.94;;;;;;;;;
7474976;treatment;before visit;2020-05-10 23:59:59+00:00;16.35;;;;;;;;;
7474976;treatment;before visit;2020-05-11 23:59:59+00:00;27.47;;;0.01;;;;;;
7474976;treatment;before visit;2020-05-12 23:59:59+00:00;28.17;;;0.01;;;;;;
7474976;treatment;before visit;2020-05-13 23:59:59+00:00;28.66;;;0.04;;;;;;
7474976;treatment;before visit;2020-05-14 23:59:59+00:00;24.82;;;0.06;;;;;;
7474976;treatment;before visit;2020-05-15 23:59:59+00:00;27.61;;;0.02;;;;;;
7474976;treatment;before visit;2020-05-16 23:59:59+00:00;21.23;;;;;;;;;
7474976;treatment;before visit;2020-05-17 23:59:59+00:00;16.02;;;;;;;;;
7474976;treatment;before visit;2020-05-18 23:59:59+00:00;21.44;;;;;;;;;
7474976;treatment;before visit;2020-05-19 23:59:59+00:00;16.68;;;0.04;;;;;;
7474976;treatment;before visit;2020-05-20 23:59:59+00:00;17.75;;;0.02;;;;;;
7474976;treatment;before visit;2020-05-21 23:59:59+00:00;13.28;;;;;;;;;
7474976;treatment;before visit;2020-05-22 23:59:59+00:00;11.22;;;;;;;;;
7474976;treatment;before visit;2020-05-23 23:59:59+00:00;14.39;;;;;;;;;
7474976;treatment;before visit;2020-05-24 23:59:59+00:00;13.85;;;;;;;;;
7474976;treatment;before visit;2020-05-25 23:59:59+00:00;17.61;;;;;;;;;
7474976;treatment;before visit;2020-05-26 23:59:59+00:00;37.0;;;0.01;;;;;;
7474976;treatment;before visit;2020-05-27 23:59:59+00:00;26.3;;;0.03;;;;;;
7474976;treatment;before visit;2020-05-28 23:59:59+00:00;39.36;;;0.09;;;;;;
7474976;treatment;before visit;2020-05-29 23:59:59+00:00;31.53;;;0.03;;;;;;
7474976;treatment;before visit;2020-05-30 23:59:59+00:00;17.36;;;;;;;;;
7474976;treatment;before visit;2020-05-31 23:59:59+00:00;14.66;;;;;;;;;
7474976;treatment;before visit;2020-06-01 23:59:59+00:00;12.26;;;;;;;;;
7474976;treatment;before visit;2020-06-02 23:59:59+00:00;20.45;;;;;;;;;
7474976;treatment;before visit;2020-06-03 23:59:59+00:00;21.47;;;0.01;;;;;;
7474976;treatment;before visit;2020-06-04 23:59:59+00:00;26.15;;;0.02;;;;;;
7474976;treatment;before visit;2020-06-05 23:59:59+00:00;21.82;;;;;;;;;
7474976;treatment;before visit;2020-06-06 23:59:59+00:00;15.97;;;;;;;;;
7474976;treatment;before visit;2020-06-07 23:59:59+00:00;17.47;;;;;;;;;
7474976;treatment;before visit;2020-06-08 23:59:59+00:00;28.79;;;0.01;;;;;;
7474976;treatment;before visit;2020-06-09 23:59:59+00:00;14.11;;;;;;;;;
7474976;treatment;before visit;2020-06-10 23:59:59+00:00;14.14;;;;;;;;;
7474976;treatment;before visit;2020-06-11 23:59:59+00:00;12.81;;;;;;;;;
7474976;treatment;before visit;2020-06-12 23:59:59+00:00;12.11;;;;;;;;;
7474976;treatment;before visit;2020-06-13 23:59:59+00:00;20.69;;;;;;;;;
7474976;treatment;before visit;2020-06-14 23:59:59+00:00;17.84;;;;;;;;;
7474976;treatment;before visit;2020-06-15 23:59:59+00:00;28.72;;;0.02;;;;;;
7474976;treatment;before visit;2020-06-16 23:59:59+00:00;22.68;;;;;;;;;
7474976;treatment;before visit;2020-06-17 23:59:59+00:00;23.16;;;;;;;;;
7474976;treatment;before visit;2020-06-18 23:59:59+00:00;27.5;;;0.01;;;;;;
7474976;treatment;before visit;2020-06-19 23:59:59+00:00;32.59;;;0.01;;;;;;
7474976;treatment;before visit;2020-06-20 23:59:59+00:00;17.2;;;;;;;;;
7474976;treatment;before visit;2020-06-21 23:59:59+00:00;13.82;;;;;;;;;
7474976;treatment;before visit;2020-06-22 23:59:59+00:00;13.08;;;;;;;;;
7474976;treatment;before visit;2020-06-23 23:59:59+00:00;26.23;;;0.02;;;;;;
7474976;treatment;before visit;2020-06-24 23:59:59+00:00;16.67;;;0.03;;;;;;
7474976;treatment;before visit;2020-06-25 23:59:59+00:00;24.77;;;0.02;;;;;;
7474976;treatment;before visit;2020-06-26 23:59:59+00:00;20.15;;;0.02;;;;;;
7474976;treatment;before visit;2020-06-27 23:59:59+00:00;12.64;;;;;;;;;
7474976;treatment;before visit;2020-06-28 23:59:59+00:00;11.51;;;;;;;;;
7474976;treatment;before visit;2020-06-29 23:59:59+00:00;42.39;;;0.01;;;;;;
7474976;treatment;before visit;2020-06-30 23:59:59+00:00;35.88;;;0.03;;;;;;
7474976;treatment;before visit;2020-07-01 23:59:59+00:00;29.63;;;0.01;;;;;;
7474976;treatment;before visit;2020-07-02 23:59:59+00:00;43.18;;;0.1;;;;;;
7474976;treatment;before visit;2020-07-03 23:59:59+00:00;54.01;;;0.08;;;;;;
7474976;treatment;before visit;2020-07-04 23:59:59+00:00;23.06;;;;;;;;;
7474976;treatment;before visit;2020-07-05 23:59:59+00:00;19.16;;;;;;;;;
7474976;treatment;before visit;2020-07-06 23:59:59+00:00;29.6;;;;;;;;;
7474976;treatment;before visit;2020-07-07 23:59:59+00:00;14.66;;;;;;;;;
7474976;treatment;before visit;2020-07-08 23:59:59+00:00;14.35;;;;;;;;;
7474976;treatment;before visit;2020-07-09 23:59:59+00:00;20.35;;;;;;;;;
7474976;treatment;before visit;2020-07-10 23:59:59+00:00;33.06;;;;;;;;;
7474976;treatment;before visit;2020-07-11 23:59:59+00:00;27.45;;;0.01;;;;;;
7474976;treatment;before visit;2020-07-12 23:59:59+00:00;14.88;;;;;;;;;
7474976;treatment;before visit;2020-07-13 23:59:59+00:00;26.61;;;;;;;;;
7474976;treatment;before visit;2020-07-14 23:59:59+00:00;33.3;;;;;;;;;
7474976;treatment;before visit;2020-07-15 23:59:59+00:00;25.78;;;;;;;;;
7474976;treatment;before visit;2020-07-16 23:59:59+00:00;30.63;;;;;;;;;
7474976;treatment;before visit;2020-07-17 23:59:59+00:00;20.44;;;;;;;;;
7474976;treatment;before visit;2020-07-18 23:59:59+00:00;20.4;;;;;;;;;
7474976;treatment;before visit;2020-07-19 23:59:59+00:00;17.85;;;;;;;;;
7474976;treatment;before visit;2020-07-20 23:59:59+00:00;21.84;;;;;;;;;
7474976;treatment;before visit;2020-07-21 23:59:59+00:00;22.53;;;;;;;;;
7474976;treatment;before visit;2020-07-22 23:59:59+00:00;22.33;;;0.01;;;;;;
7474976;treatment;before visit;2020-07-23 23:59:59+00:00;30.27;;;;;;;;;
7474976;treatment;before visit;2020-07-24 23:59:59+00:00;27.02;;;0.01;;;;;;
7474976;treatment;before visit;2020-07-25 23:59:59+00:00;22.55;;;;;;;;;
7474976;treatment;before visit;2020-07-26 23:59:59+00:00;17.24;;;;;;;;;
7474976;treatment;before visit;2020-07-27 23:59:59+00:00;25.57;;;0.01;;;;;;
7474976;treatment;before visit;2020-07-28 23:59:59+00:00;25.72;;;;;;;;;
7474976;treatment;before visit;2020-07-29 23:59:59+00:00;26.14;;;;;;;;;
7474976;treatment;before visit;2020-07-30 23:59:59+00:00;22.54;;;0.01;;;;;;
7474976;treatment;before visit;2020-07-31 23:59:59+00:00;30.34;;;;;;;;;
7474976;treatment;before visit;2020-08-01 23:59:59+00:00;19.88;;;;;;;;;
7474976;treatment;before visit;2020-08-02 23:59:59+00:00;14.13;;;;;;;;;
7474976;treatment;before visit;2020-08-03 23:59:59+00:00;27.22;;;0.02;;;;;;
7474976;treatment;before visit;2020-08-04 23:59:59+00:00;26.63;;;;;;;;;
7474976;treatment;before visit;2020-08-05 23:59:59+00:00;26.69;;;;;;;;;
7474976;treatment;before visit;2020-08-06 23:59:59+00:00;21.02;;;;;;;;;
7474976;treatment;before visit;2020-08-07 23:59:59+00:00;25.09;;;0.03;;;;;;
7474976;treatment;before visit;2020-08-08 23:59:59+00:00;18.01;;;;;;;;;
7474976;treatment;before visit;2020-08-09 23:59:59+00:00;17.92;;;;;;;;;
7474976;treatment;before visit;2020-08-10 23:59:59+00:00;32.55;;;;;;;;;
7474976;treatment;before visit;2020-08-11 23:59:59+00:00;25.98;;;0.01;;;;;;
7474976;treatment;before visit;2020-08-12 23:59:59+00:00;29.33;;;0.01;;;;;;
7474976;treatment;before visit;2020-08-13 23:59:59+00:00;29.16;;;0.01;;;;;;
7474976;treatment;before visit;2020-08-14 23:59:59+00:00;22.53;;;;;;;;;
7474976;treatment;before visit;2020-08-15 23:59:59+00:00;22.55;;;;;;;;;
7474976;treatment;before visit;2020-08-16 23:59:59+00:00;18.84;;;;;;;;;
7474976;treatment;before visit;2020-08-17 23:59:59+00:00;21.59;;;;;;;;;
7474976;treatment;before visit;2020-08-18 23:59:59+00:00;21.96;;;;;;;;;
7474976;treatment;before visit;2020-08-19 23:59:59+00:00;13.97;;;;;;;;;
7474976;treatment;before visit;2020-08-20 23:59:59+00:00;24.65;;;;;;;;;
7474976;treatment;before visit;2020-08-21 23:59:59+00:00;28.62;;;;;;;;;
7474976;treatment;before visit;2020-08-22 23:59:59+00:00;20.83;;;;;;;;;
7474976;treatment;before visit;2020-08-23 23:59:59+00:00;13.49;;;;;;;;;
7474976;treatment;before visit;2020-08-24 23:59:59+00:00;25.71;;;0.03;;;;;;
7474976;treatment;before visit;2020-08-25 23:59:59+00:00;18.97;;;;;;;;;
7474976;treatment;before visit;2020-08-26 23:59:59+00:00;13.16;;;;;;;;;
7474976;treatment;before visit;2020-08-27 23:59:59+00:00;21.6;;;;;;;;;
7474976;treatment;before visit;2020-08-28 23:59:59+00:00;32.08;;;0.02;;;;;;
7474976;treatment;before visit;2020-08-29 23:59:59+00:00;19.98;;;;;;;;;
7474976;treatment;before visit;2020-08-30 23:59:59+00:00;27.64;;;;;;;;;
7474976;treatment;before visit;2020-08-31 23:59:59+00:00;36.25;;;0.01;;;;;;
7474976;treatment;before visit;2020-09-01 23:59:59+00:00;29.55;;;;;;;;;
7474976;treatment;before visit;2020-09-02 23:59:59+00:00;39.26;;;0.02;;;;;;
7474976;treatment;before visit;2020-09-03 23:59:59+00:00;40.58;;;0.02;;;;;;
7474976;treatment;before visit;2020-09-04 23:59:59+00:00;30.76;;;0.01;;;;;;
7474976;treatment;before visit;2020-09-05 23:59:59+00:00;16.6;;;;;;;;;
7474976;treatment;before visit;2020-09-06 23:59:59+00:00;24.8;;;;;;;;;
7474976;treatment;before visit;2020-09-07 23:59:59+00:00;27.96;;;0.02;;;;;;
7474976;treatment;before visit;2020-09-08 23:59:59+00:00;22.81;;;;;;;;;
7474976;treatment;before visit;2020-09-09 23:59:59+00:00;17.23;;;;;;;;;
7474976;treatment;before visit;2020-09-10 23:59:59+00:00;40.64;;;;;;;;;
7474976;treatment;before visit;2020-09-11 23:59:59+00:00;33.5;;;;;;;;;
7474976;treatment;before visit;2020-09-12 23:59:59+00:00;17.84;;;;;;;;;
7474976;treatment;before visit;2020-09-13 23:59:59+00:00;11.38;;;;;;;;;
7474976;treatment;before visit;2020-09-14 23:59:59+00:00;10.84;;;;;;;;;
7474976;treatment;before visit;2020-09-15 23:59:59+00:00;8.96;;;;;;;;;
7474976;treatment;before visit;2020-09-16 23:59:59+00:00;12.28;;;;;;;;;
7474976;treatment;before visit;2020-09-17 23:59:59+00:00;28.78;;;;;;;;;
7474976;treatment;before visit;2020-09-18 23:59:59+00:00;25.26;;;0.01;;;;;;
7474976;treatment;before visit;2020-09-19 23:59:59+00:00;20.61;;;;;;;;;
7474976;treatment;before visit;2020-09-20 23:59:59+00:00;19.68;;;;;;;;;
7474976;treatment;before visit;2020-09-21 23:59:59+00:00;28.91;;;;;;;;;
7474976;treatment;before visit;2020-09-22 23:59:59+00:00;37.29;;;0.01;;;;;;
7474976;treatment;before visit;2020-09-23 23:59:59+00:00;27.34;;;;;;;;;
7474976;treatment;before visit;2020-09-24 23:59:59+00:00;23.14;;;;;;;;;
7474976;treatment;before visit;2020-09-25 23:59:59+00:00;41.74;;;0.01;;;;;;
7474976;treatment;before visit;2020-09-26 23:59:59+00:00;38.39;;;;;;;;;
7474976;treatment;before visit;2020-09-27 23:59:59+00:00;30.99;;;;;;;;;
7474976;treatment;before visit;2020-09-28 23:59:59+00:00;26.95;;;;;;;;;
7474976;treatment;before visit;2020-09-29 23:59:59+00:00;24.61;;;;;;;;;
7474976;treatment;before visit;2020-09-30 23:59:59+00:00;23.4;;;;;;;;;
7474976;treatment;before visit;2020-10-01 23:59:59+00:00;22.18;;;;;;;;;
7474976;treatment;before visit;2020-10-02 23:59:59+00:00;22.34;;;;;;;;;
7474976;treatment;before visit;2020-10-03 23:59:59+00:00;32.75;;;;;;;;;
7474976;treatment;before visit;2020-10-04 23:59:59+00:00;25.79;;;;;;;;;
7474976;treatment;before visit;2020-10-05 23:59:59+00:00;32.98;;;;;;;;;
7474976;treatment;before visit;2020-10-06 23:59:59+00:00;24.51;;;;;;;;;
7474976;treatment;before visit;2020-10-07 23:59:59+00:00;24.83;;;;;;;;;
7474976;treatment;before visit;2020-10-08 23:59:59+00:00;25.54;;;;;;;;;
7474976;treatment;before visit;2020-10-09 23:59:59+00:00;23.39;;;;;;;;;
7474976;treatment;before visit;2020-10-10 23:59:59+00:00;25.03;;;;;;;;;
7474976;treatment;before visit;2020-10-11 23:59:59+00:00;39.14;;;;;;;;;
7474976;treatment;before visit;2020-10-12 23:59:59+00:00;50.12;;;0.01;;;;;;
7474976;treatment;before visit;2020-10-13 23:59:59+00:00;43.99;;;;;;;;;
7474976;treatment;before visit;2020-10-14 23:59:59+00:00;47.67;;;;;;;;;
7474976;treatment;before visit;2020-10-15 23:59:59+00:00;49.26;;;0.01;;;;;;
7474976;treatment;before visit;2020-10-16 23:59:59+00:00;39.82;;;;;;;;;
7474976;treatment;before visit;2020-10-17 23:59:59+00:00;44.2;;;;;;;;;
7474976;treatment;before visit;2020-10-18 23:59:59+00:00;34.88;;;;;;;;;
7474976;treatment;before visit;2020-10-19 23:59:59+00:00;44.86;;;;;;;;;
7474976;treatment;before visit;2020-10-20 23:59:59+00:00;51.41;;;;;;;;;
7474976;treatment;before visit;2020-10-21 23:59:59+00:00;36.63;;;;;;;;;
7474976;treatment;before visit;2020-10-22 23:59:59+00:00;38.55;;;0.04;;;;;;
7474976;treatment;before visit;2020-10-23 23:59:59+00:00;30.26;;;;;;;;;
7474976;treatment;before visit;2020-10-24 23:59:59+00:00;25.88;;;;;;;;;
7474976;treatment;before visit;2020-10-25 23:59:59+00:00;32.04;;;;;;;;;
7474976;treatment;before visit;2020-10-26 23:59:59+00:00;59.48;;;;;;;;;
7474976;treatment;before visit;2020-10-27 23:59:59+00:00;50.12;;;0.01;;;;;;
7474976;treatment;before visit;2020-10-28 23:59:59+00:00;40.26;;;;;;;;;
7474976;treatment;before visit;2020-10-29 23:59:59+00:00;39.11;;;0.03;;;;;;
7474976;treatment;before visit;2020-10-30 23:59:59+00:00;39.45;;;0.02;;;;;;
7474976;treatment;before visit;2020-10-31 23:59:59+00:00;41.39;;;;;;;;;
7474976;treatment;before visit;2020-11-01 23:59:59+00:00;35.83;;;;;;;;;
7474976;treatment;before visit;2020-11-02 23:59:59+00:00;31.08;;;;;;;;;
7474976;treatment;before visit;2020-11-03 23:59:59+00:00;40.71;;;;;;;;;
7474976;treatment;before visit;2020-11-04 23:59:59+00:00;42.41;;;0.01;;;;;;
7474976;treatment;before visit;2020-11-05 23:59:59+00:00;57.27;;;;;;;;;
7474976;treatment;before visit;2020-11-06 23:59:59+00:00;33.84;;;;;;;;;
7474976;treatment;before visit;2020-11-07 23:59:59+00:00;45.93;;;;;;;;;
7474976;treatment;before visit;2020-11-08 23:59:59+00:00;36.64;;;;;;;;;
7474976;treatment;before visit;2020-11-09 23:59:59+00:00;48.54;;;0.01;;;;;;
7474976;treatment;before visit;2020-11-10 23:59:59+00:00;54.07;;;0.01;;;;;;
7474976;treatment;before visit;2020-11-11 23:59:59+00:00;52.99;;;0.02;;;;;;
7474976;treatment;before visit;2020-11-12 23:59:59+00:00;43.64;;;0.01;;;;;;
7474976;treatment;before visit;2020-11-13 23:59:59+00:00;48.84;;;;;;;;;
7474976;treatment;before visit;2020-11-14 23:59:59+00:00;43.18;;;;;;;;;
7474976;treatment;before visit;2020-11-15 23:59:59+00:00;38.94;;;;;;;;;
7474976;treatment;before visit;2020-11-16 23:59:59+00:00;45.42;;;0.01;;;;;;
7474976;treatment;before visit;2020-11-17 23:59:59+00:00;46.92;;;0.03;;;;;;
7474976;treatment;before visit;2020-11-18 23:59:59+00:00;50.89;;;;;;;;;
7474976;treatment;before visit;2020-11-19 23:59:59+00:00;49.13;;;;;;;;;
7474976;treatment;before visit;2020-11-20 23:59:59+00:00;55.93;;;;;;;;;
7474976;treatment;before visit;2020-11-21 23:59:59+00:00;53.81;;;;;;;;;
7474976;treatment;before visit;2020-11-22 23:59:59+00:00;59.67;;;;;;;;;
7474976;treatment;before visit;2020-11-23 23:59:59+00:00;58.17;;;;;;;;;
7474976;treatment;before visit;2020-11-24 23:59:59+00:00;58.65;;;;;;;;;
7474976;treatment;before visit;2020-11-25 23:59:59+00:00;62.88;;;;;;;;;
7474976;treatment;before visit;2020-11-26 23:59:59+00:00;64.34;;;;;;;;;
7474976;treatment;before visit;2020-11-27 23:59:59+00:00;72.68;;;0.01;;;;;;
7474976;treatment;before visit;2020-11-28 23:59:59+00:00;63.95;;;;;;;;;
7474976;treatment;before visit;2020-11-29 23:59:59+00:00;61.23;;;;;;;;;
7474976;treatment;before visit;2020-11-30 23:59:59+00:00;69.04;;;;;;;;;
7474976;treatment;before visit;2020-12-01 23:59:59+00:00;64.07;;;;;;;;;
7474976;treatment;before visit;2020-12-02 23:59:59+00:00;69.0;;;;;;;;;
7474976;treatment;before visit;2020-12-03 23:59:59+00:00;62.01;;;;;;;;;
7474976;treatment;before visit;2020-12-04 23:59:59+00:00;76.82;;;;;;;;;
7474976;treatment;before visit;2020-12-05 23:59:59+00:00;63.43;;;;;;;;;
7474976;treatment;before visit;2020-12-06 23:59:59+00:00;58.79;;;;;;;;;
7474976;treatment;before visit;2020-12-07 23:59:59+00:00;71.96;;;;;;;;;
7474976;treatment;before visit;2020-12-08 23:59:59+00:00;78.67;;;;;;;;;
7474976;treatment;before visit;2020-12-09 23:59:59+00:00;73.31;;;;;;;;;
7474976;treatment;before visit;2020-12-10 23:59:59+00:00;68.25;;;;;;;;;
7474976;treatment;before visit;2021-01-18 23:59:59+00:00;68.03;;;;;;;;;
7474976;treatment;before visit;2021-01-19 23:59:59+00:00;87.51;;;;;;;;;
7474976;treatment;before visit;2021-01-20 23:59:59+00:00;86.4;;;;;;;;;
7474976;treatment;before visit;2021-01-21 23:59:59+00:00;75.39;;;;;;;;;
7474976;treatment;before visit;2021-01-22 23:59:59+00:00;68.0;;;;;;;;;
7474976;treatment;before visit;2021-01-23 23:59:59+00:00;53.81;;;;;;;;;
7474976;treatment;before visit;2021-01-24 23:59:59+00:00;55.87;;;;;;;;;
7474976;treatment;before visit;2021-01-25 23:59:59+00:00;57.83;;;;;;;;;
7474976;treatment;before visit;2021-01-26 23:59:59+00:00;59.34;;;;;;;;;
7474976;treatment;before visit;2021-01-27 23:59:59+00:00;65.96;;;;;;;;;
7474976;treatment;before visit;2021-01-28 23:59:59+00:00;53.44;;;;;;;;;
7474976;treatment;before visit;2021-01-29 23:59:59+00:00;42.89;;;;;;;;;
7474976;treatment;before visit;2021-01-30 23:59:59+00:00;54.42;;;;;;;;;
7474976;treatment;before visit;2021-01-31 23:59:59+00:00;55.86;;;;;;;;;
7474976;treatment;before visit;2021-02-01 23:59:59+00:00;76.77;;;0.05;;;;;;
7474976;treatment;before visit;2021-02-02 23:59:59+00:00;58.42;;;0.01;;;;;;
7474976;treatment;before visit;2021-02-03 23:59:59+00:00;56.65;;;0.01;;;;;;
7474976;treatment;before visit;2021-02-04 23:59:59+00:00;63.12;;;0.01;;;;;;
7474976;treatment;before visit;2021-02-05 23:59:59+00:00;51.63;;;;;;;;;
7474976;treatment;before visit;2021-02-06 23:59:59+00:00;51.9;;;;;;;;;
7474976;treatment;before visit;2021-02-07 23:59:59+00:00;59.78;;;;;;;;;
7474976;treatment;before visit;2021-02-08 23:59:59+00:00;59.95;;;;;;;;;
7474976;treatment;before visit;2021-02-09 23:59:59+00:00;68.79;;;;;;;;;
7474976;treatment;before visit;2021-02-10 23:59:59+00:00;88.93;;;;;;;;;
7474976;treatment;before visit;2021-02-11 23:59:59+00:00;119.25;;;;;;;;;
7474976;treatment;before visit;2021-02-12 23:59:59+00:00;120.77;;;0.01;;;;;;
7474976;treatment;before visit;2021-02-13 23:59:59+00:00;121.05;;;;;;;;;
7474976;treatment;before visit;2021-02-14 23:59:59+00:00;125.09;;;;;;;;;
7474976;treatment;before visit;2021-02-15 23:59:59+00:00;95.43;;;0.01;;;;;;
7474976;treatment;before visit;2021-02-16 23:59:59+00:00;60.89;;;0.01;;;;;;
7474976;treatment;before visit;2021-02-17 23:59:59+00:00;73.29;;;;;;;;;
7474976;treatment;before visit;2021-02-18 23:59:59+00:00;58.62;;;;;;;;;
7474976;treatment;before visit;2021-02-19 23:59:59+00:00;56.1;;;;;;;;;
7474976;treatment;before visit;2021-02-20 23:59:59+00:00;45.04;;;;;;;;;
7474976;treatment;before visit;2021-02-21 23:59:59+00:00;38.81;;;;;;;;;
7474976;treatment;before visit;2021-02-22 23:59:59+00:00;47.72;;;;;;;;;
7474976;treatment;before visit;2021-02-23 23:59:59+00:00;52.39;;;0.01;;;;;;
7474976;treatment;before visit;2021-02-24 23:59:59+00:00;48.56;;;;;;;;;
7474976;treatment;before visit;2021-02-25 23:59:59+00:00;54.81;;;;;;;;;
7474976;treatment;before visit;2021-02-26 23:59:59+00:00;61.06;;;0.02;;;;;;
7474976;treatment;before visit;2021-02-27 23:59:59+00:00;45.05;;;;;;;;;
7474976;treatment;before visit;2021-02-28 23:59:59+00:00;51.26;;;;;;;;;
7474976;treatment;before visit;2021-03-01 23:59:59+00:00;80.82;;;0.01;;;;;;
7474976;treatment;before visit;2021-03-02 23:59:59+00:00;59.22;;;;;;;;;
7474976;treatment;before visit;2021-03-03 23:59:59+00:00;58.88;;;;;;;;;
7474976;treatment;before visit;2021-03-04 23:59:59+00:00;61.0;;;0.01;;;;;;
7474976;treatment;before visit;2021-03-05 23:59:59+00:00;51.82;;;;;;;;;
7474976;treatment;before visit;2021-03-06 23:59:59+00:00;57.5;;;;;;;;;
7474976;treatment;before visit;2021-03-07 23:59:59+00:00;54.35;;;;;;;;;
7474976;treatment;before visit;2021-03-08 23:59:59+00:00;52.04;;;;;;;;;
7474976;treatment;before visit;2021-03-09 23:59:59+00:00;66.07;;;;;;;;;
7474976;treatment;before visit;2021-03-10 23:59:59+00:00;60.77;;;;;;;;;
7474976;treatment;before visit;2021-03-11 23:59:59+00:00;45.48;;;0.01;;;;;;
7474976;treatment;before visit;2021-03-12 23:59:59+00:00;55.99;;;;;;;;;
7474976;treatment;before visit;2021-03-13 23:59:59+00:00;40.76;;;;;;;;;
7474976;treatment;before visit;2021-03-14 23:59:59+00:00;51.48;;;;;;;;;
7474976;treatment;before visit;2021-03-15 23:59:59+00:00;72.53;;;;;;;;;
7474976;treatment;before visit;2021-03-16 23:59:59+00:00;67.71;;;;;;;;;
7474976;treatment;before visit;2021-03-17 23:59:59+00:00;72.58;;;;;;;;;
7474976;treatment;before visit;2021-03-18 23:59:59+00:00;77.26;;;0.01;;;;;;
7474976;treatment;before visit;2021-03-19 23:59:59+00:00;71.97;;;;;;;;;
7474976;treatment;before visit;2021-03-20 23:59:59+00:00;68.67;;;;;;;;;
7474976;treatment;before visit;2021-03-21 23:59:59+00:00;57.87;;;;;;;;;
7474976;treatment;before visit;2021-03-22 23:59:59+00:00;71.86;;;;;;;;;
7474976;treatment;before visit;2021-03-23 23:59:59+00:00;64.01;;;0.01;;;;;;
7474976;treatment;before visit;2021-03-24 23:59:59+00:00;58.51;;;;;;;;;
7474976;treatment;before visit;2021-03-25 23:59:59+00:00;47.32;;;;;;;;;
7474976;treatment;before visit;2021-03-26 23:59:59+00:00;44.9;;;;;;;;;
7474976;treatment;before visit;2021-03-27 23:59:59+00:00;41.79;;;;;;;;;
7474976;treatment;before visit;2021-03-28 23:59:59+00:00;35.12;;;;;;;;;
7474976;treatment;before visit;2021-03-29 23:59:59+00:00;44.07;;;0.01;;;;;;
7474976;treatment;before visit;2021-03-30 23:59:59+00:00;38.19;;;;;;;;;
7474976;treatment;before visit;2021-03-31 23:59:59+00:00;36.24;;;0.03;;;;;;
7474976;treatment;before visit;2021-04-01 23:59:59+00:00;20.56;;;;;;;;;
7474976;treatment;before visit;2021-04-02 23:59:59+00:00;23.51;;;;;;;;;
7474976;treatment;before visit;2021-04-03 23:59:59+00:00;35.88;;;;;;;;;
7474976;treatment;before visit;2021-04-04 23:59:59+00:00;36.22;;;;;;;;;
7474976;treatment;before visit;2021-04-05 23:59:59+00:00;40.41;;;;;;;;;
7474976;treatment;before visit;2021-04-06 23:59:59+00:00;62.89;;;0.01;;;;;;
7474976;treatment;before visit;2021-04-07 23:59:59+00:00;63.5;;;;;;;;;
7474976;treatment;before visit;2021-04-08 23:59:59+00:00;52.12;;;0.03;;;;;;
7474976;treatment;before visit;2021-04-09 23:59:59+00:00;43.06;;;;;;;;;
7474976;treatment;before visit;2021-04-10 23:59:59+00:00;32.4;;;;;;;;;
7474976;treatment;before visit;2021-04-11 23:59:59+00:00;27.22;;;;;;;;;
7474976;treatment;before visit;2021-04-12 23:59:59+00:00;62.08;;;;;;;;;
7474976;treatment;before visit;2021-04-13 23:59:59+00:00;52.33;;;;;;;;;
7474976;treatment;before visit;2021-04-14 23:59:59+00:00;63.16;;;;;;;;;
7474976;treatment;before visit;2021-04-15 23:59:59+00:00;65.7;;;0.01;;;;;;
7474976;treatment;before visit;2021-04-16 23:59:59+00:00;46.14;;;;;;;;;
7474976;treatment;before visit;2021-04-17 23:59:59+00:00;45.17;;;;;;;;;
7474976;treatment;before visit;2021-04-18 23:59:59+00:00;39.26;;;;;;;;;
7474976;treatment;before visit;2021-04-19 23:59:59+00:00;49.08;;;;;;;;;
7474976;treatment;before visit;2021-04-20 23:59:59+00:00;42.92;;;;;;;;;
7474976;treatment;before visit;2021-04-21 23:59:59+00:00;38.94;;;0.01;;;;;;
7474976;treatment;before visit;2021-04-22 23:59:59+00:00;39.32;;;;;;;;;
7474976;treatment;before visit;2021-04-23 23:59:59+00:00;36.33;;;;;;;;;
7474976;treatment;before visit;2021-04-24 23:59:59+00:00;31.38;;;;;;;;;
7474976;treatment;before visit;2021-04-25 23:59:59+00:00;30.48;;;;;;;;;
7474976;treatment;before visit;2021-04-26 23:59:59+00:00;46.21;;;;;;;;;
7474976;treatment;before visit;2021-04-27 23:59:59+00:00;33.24;;;;;;;;;
7474976;treatment;before visit;2021-04-28 23:59:59+00:00;44.88;;;0.01;;;;;;
7474976;treatment;before visit;2021-04-29 23:59:59+00:00;40.92;;;0.03;;;;;;
7474976;treatment;before visit;2021-04-30 23:59:59+00:00;37.12;;;0.01;;;;;;
7474976;treatment;before visit;2021-05-01 23:59:59+00:00;37.54;;;;;;;;;
7474976;treatment;before visit;2021-05-02 23:59:59+00:00;39.12;;;;;;;;;
7474976;treatment;before visit;2021-05-03 23:59:59+00:00;48.59;;;0.01;;;;;;
7474976;treatment;before visit;2021-05-04 23:59:59+00:00;34.96;;;;;;;;;
7474976;treatment;before visit;2021-05-05 23:59:59+00:00;38.85;;;;;;;;;
7474976;treatment;before visit;2021-05-06 23:59:59+00:00;39.48;;;;;;;;;
7474976;treatment;before visit;2021-05-07 23:59:59+00:00;43.37;;;;;;;;;
7474976;treatment;before visit;2021-05-08 23:59:59+00:00;35.29;;;;;;;;;
7474976;treatment;before visit;2021-05-09 23:59:59+00:00;18.82;;;;;;;;;
7474976;treatment;before visit;2021-05-10 23:59:59+00:00;32.65;;;0.01;;;;;;
7474976;treatment;before visit;2021-05-11 23:59:59+00:00;32.52;;;0.01;;;;;;
7474976;treatment;before visit;2021-05-12 23:59:59+00:00;41.75;;;;;;;;;
7474976;treatment;before visit;2021-05-13 23:59:59+00:00;31.43;;;;;;;;;
7474976;treatment;before visit;2021-05-14 23:59:59+00:00;35.98;;;;;;;;;
7474976;treatment;before visit;2021-05-15 23:59:59+00:00;28.72;;;;;;;;;
7474976;treatment;before visit;2021-05-16 23:59:59+00:00;31.15;;;;;;;;;
7474976;treatment;before visit;2021-05-17 23:59:59+00:00;52.47;;;0.01;;;;;;
7474976;treatment;before visit;2021-05-18 23:59:59+00:00;34.35;;;;;;;;;
7474976;treatment;before visit;2021-05-19 23:59:59+00:00;52.31;;;0.01;;;;;;
7474976;treatment;before visit;2021-05-20 23:59:59+00:00;35.86;;;;;;;;;
7474976;treatment;before visit;2021-05-21 23:59:59+00:00;38.36;;;;;;;;;
7474976;treatment;before visit;2021-05-22 23:59:59+00:00;24.01;;;;;;;;;
7474976;treatment;before visit;2021-05-23 23:59:59+00:00;28.88;;;;;;;;;
7474976;treatment;before visit;2021-05-24 23:59:59+00:00;33.72;;;;;;;;;
7474976;treatment;before visit;2021-05-25 23:59:59+00:00;32.85;;;;;;;;;
7474976;treatment;before visit;2021-05-26 23:59:59+00:00;43.11;;;;;;;;;
7474976;treatment;before visit;2021-05-27 23:59:59+00:00;35.72;;;0.01;;;;;;
7474976;treatment;before visit;2021-05-28 23:59:59+00:00;24.93;;;;;;;;;
7474976;treatment;before visit;2021-05-29 23:59:59+00:00;23.82;;;;;;;;;
7474976;treatment;before visit;2021-05-30 23:59:59+00:00;20.48;;;;;;;;;
7474976;treatment;before visit;2021-05-31 23:59:59+00:00;35.61;;;0.02;;;;;;
7474976;treatment;before visit;2021-06-01 23:59:59+00:00;22.38;;;;;;;;;
7474976;treatment;before visit;2021-06-02 23:59:59+00:00;28.97;;;0.07;;;;;;
7474976;treatment;before visit;2021-06-03 23:59:59+00:00;30.41;;;0.06;;;;;;
7474976;treatment;before visit;2021-06-04 23:59:59+00:00;24.73;;;0.03;;;;;;
7474976;treatment;before visit;2021-06-05 23:59:59+00:00;14.42;;;;;;;;;
7474976;treatment;before visit;2021-06-06 23:59:59+00:00;17.62;;;;;;;;;
7474976;treatment;before visit;2021-06-07 23:59:59+00:00;25.6;;;;;;;;;
7474976;treatment;before visit;2021-06-08 23:59:59+00:00;26.9;;;0.01;;;;;;
7474976;treatment;before visit;2021-06-09 23:59:59+00:00;24.68;;;;;;;;;
7474976;treatment;before visit;2021-06-10 23:59:59+00:00;27.44;;;;;;;;;
7474976;treatment;before visit;2021-06-11 23:59:59+00:00;22.71;;;;;;;;;
7474976;treatment;before visit;2021-06-12 23:59:59+00:00;22.53;;;;;;;;;
7474976;treatment;before visit;2021-06-13 23:59:59+00:00;11.74;;;;;;;;;
7474976;treatment;before visit;2021-06-14 23:59:59+00:00;23.81;;;;;;;;;
7474976;treatment;before visit;2021-06-15 23:59:59+00:00;19.02;;;;;;;;;
7474976;treatment;before visit;2021-06-16 23:59:59+00:00;18.46;;;;;;;;;
7474976;treatment;before visit;2021-06-17 23:59:59+00:00;24.76;;;;;;;;;
7474976;treatment;before visit;2021-06-18 23:59:59+00:00;24.64;;;;;;;;;
7474976;treatment;before visit;2021-06-19 23:59:59+00:00;23.58;;;;;;;;;
7474976;treatment;before visit;2021-06-20 23:59:59+00:00;17.34;;;;;;;;;
7474976;treatment;before visit;2021-06-21 23:59:59+00:00;23.83;;;;;;;;;
7474976;treatment;before visit;2021-06-22 23:59:59+00:00;25.31;;;;;;;;;
7474976;treatment;before visit;2021-06-23 23:59:59+00:00;21.76;;;;;;;;;
7474976;treatment;before visit;2021-06-24 23:59:59+00:00;22.98;;;;;;;;;
7474976;treatment;before visit;2021-06-25 23:59:59+00:00;35.26;;;;;;;;;
7474976;treatment;before visit;2021-06-26 23:59:59+00:00;18.77;;;;;;;;;
7474976;treatment;before visit;2021-06-27 23:59:59+00:00;14.8;;;;;;;;;
7474976;treatment;before visit;2021-06-28 23:59:59+00:00;25.75;;;0.01;;;;;;
7474976;treatment;before visit;2021-06-29 23:59:59+00:00;26.9;;;0.01;;;;;;
7474976;treatment;before visit;2021-06-30 23:59:59+00:00;26.09;;;;;;;;;
7474976;treatment;before visit;2021-07-01 23:59:59+00:00;16.91;;;;;;;;;
7474976;treatment;before visit;2021-07-02 23:59:59+00:00;22.49;;;;;;;;;
7474976;treatment;before visit;2021-07-03 23:59:59+00:00;20.1;;;;;;;;;
7474976;treatment;before visit;2021-07-04 23:59:59+00:00;15.5;;;;;;;;;
7474976;treatment;before visit;2021-07-05 23:59:59+00:00;13.35;;;;;;;;;
7474976;treatment;before visit;2021-07-06 23:59:59+00:00;9.35;;;;;;;;;
7474976;treatment;before visit;2021-07-07 23:59:59+00:00;10.04;;;;;;;;;
7474976;treatment;before visit;2021-07-08 23:59:59+00:00;12.25;;;;;;;;;
7474976;treatment;before visit;2021-07-09 23:59:59+00:00;15.92;;;;;;;;;
7474976;treatment;before visit;2021-07-10 23:59:59+00:00;17.52;;;;;;;;;
7474976;treatment;before visit;2021-07-11 23:59:59+00:00;13.96;;;;;;;;;
7474976;treatment;before visit;2021-07-12 23:59:59+00:00;27.3;;;;;;;;;
7474976;treatment;before visit;2021-07-13 23:59:59+00:00;28.53;;;0.05;;;;;;
7474976;treatment;before visit;2021-07-14 23:59:59+00:00;28.24;;;0.04;;;;;;
7474976;treatment;before visit;2021-07-15 23:59:59+00:00;24.15;;;;;;;;;
7474976;treatment;before visit;2021-07-16 23:59:59+00:00;23.26;;;;;;;;;
7474976;treatment;before visit;2021-07-17 23:59:59+00:00;19.13;;;;;;;;;
7474976;treatment;before visit;2021-07-18 23:59:59+00:00;12.31;;;;;;;;;
7474976;treatment;before visit;2021-07-19 23:59:59+00:00;17.87;;;;;;;;;
7474976;treatment;before visit;2021-07-20 23:59:59+00:00;20.98;;;;;;;;;
7474976;treatment;before visit;2021-07-21 23:59:59+00:00;19.19;;;;;;;;;
7474976;treatment;before visit;2021-07-22 23:59:59+00:00;24.71;;;0.01;;;;;;
7474976;treatment;before visit;2021-07-23 23:59:59+00:00;26.98;;;;;;;;;
7474976;treatment;before visit;2021-07-24 23:59:59+00:00;18.04;;;;;;;;;
7474976;treatment;before visit;2021-07-25 23:59:59+00:00;14.19;;;;;;;;;
7474976;treatment;before visit;2021-07-26 23:59:59+00:00;25.33;;;;;;;;;
7474976;treatment;before visit;2021-07-27 23:59:59+00:00;25.53;;;0.03;;;;;;
7474976;treatment;before visit;2021-07-28 23:59:59+00:00;20.85;;;;;;;;;
7474976;treatment;before visit;2021-07-29 23:59:59+00:00;16.28;;;;;;;;;
7474976;treatment;before visit;2021-07-30 23:59:59+00:00;17.33;;;;;;;;;
7474976;treatment;before visit;2021-07-31 23:59:59+00:00;21.14;;;;;;;;;
7474976;treatment;before visit;2021-08-01 23:59:59+00:00;14.23;;;;;;;;;
7474976;treatment;before visit;2021-08-02 23:59:59+00:00;27.37;;;;;;;;;
7474976;treatment;before visit;2021-08-03 23:59:59+00:00;29.07;;;0.03;;;;;;
7474976;treatment;before visit;2021-08-04 23:59:59+00:00;28.32;;;0.03;;;;;;
7474976;treatment;before visit;2021-08-05 23:59:59+00:00;24.27;;;0.01;;;;;;
7474976;treatment;before visit;2021-08-06 23:59:59+00:00;22.16;;;0.02;;;;;;
7474976;treatment;before visit;2021-08-07 23:59:59+00:00;20.0;;;;;;;;;
7474976;treatment;before visit;2021-08-08 23:59:59+00:00;18.47;;;;;;;;;
7474976;treatment;before visit;2021-08-09 23:59:59+00:00;31.69;;;;;;;;;
7474976;treatment;before visit;2021-08-10 23:59:59+00:00;20.66;;;0.01;;;;;;
7474976;treatment;before visit;2021-08-11 23:59:59+00:00;22.94;;;0.01;;;;;;
7474976;treatment;before visit;2021-08-12 23:59:59+00:00;20.74;;;;;;;;;
7474976;treatment;before visit;2021-08-13 23:59:59+00:00;28.47;;;;;;;;;
7474976;treatment;before visit;2021-08-14 23:59:59+00:00;20.14;;;;;;;;;
7474976;treatment;before visit;2021-08-15 23:59:59+00:00;19.01;;;;;;;;;
7474976;treatment;before visit;2021-08-16 23:59:59+00:00;26.01;;;0.03;;;;;;
7474976;treatment;before visit;2021-08-17 23:59:59+00:00;25.49;;;0.01;;;;;;
7474976;treatment;before visit;2021-08-18 23:59:59+00:00;18.11;;;0.02;;;;;;
7474976;treatment;before visit;2021-08-19 23:59:59+00:00;26.14;;;;;;;;;
7474976;treatment;before visit;2021-08-20 23:59:59+00:00;17.11;;;;;;;;;
7474976;treatment;before visit;2021-08-21 23:59:59+00:00;17.05;;;;;;;;;
7474976;treatment;before visit;2021-08-22 23:59:59+00:00;9.6;;;;;;;;;
7474976;treatment;before visit;2021-08-23 23:59:59+00:00;9.05;;;;;;;;;
7474976;treatment;before visit;2021-08-24 23:59:59+00:00;8.11;;;;;;;;;
7474976;treatment;before visit;2021-08-25 23:59:59+00:00;10.22;;;;;;;;;
7474976;treatment;before visit;2021-08-26 23:59:59+00:00;11.64;;;;;;;;;
7474976;treatment;before visit;2021-08-27 23:59:59+00:00;9.46;;;;;;;;;
7474976;treatment;before visit;2021-08-28 23:59:59+00:00;13.1;;;;;;;;;
7474976;treatment;before visit;2021-08-29 23:59:59+00:00;13.01;;;;;;;;;
7474976;treatment;before visit;2021-08-30 23:59:59+00:00;12.78;;;;;;;;;
7474976;treatment;before visit;2021-08-31 23:59:59+00:00;16.22;;;;;;;;;
7474976;treatment;before visit;2021-09-01 23:59:59+00:00;27.97;;;;;;;;;
7474976;treatment;before visit;2021-09-02 23:59:59+00:00;26.75;;;;;;;;;
7474976;treatment;before visit;2021-09-03 23:59:59+00:00;23.92;;;;;;;;;
7474976;treatment;before visit;2021-09-04 23:59:59+00:00;16.77;;;;;;;;;
7474976;treatment;before visit;2021-09-05 23:59:59+00:00;17.3;;;;;;;;;
7474976;treatment;before visit;2021-09-06 23:59:59+00:00;14.14;;;;;;;;;
7474976;treatment;before visit;2021-09-07 23:59:59+00:00;29.48;;;0.01;;;;;;
7474976;treatment;before visit;2021-09-08 23:59:59+00:00;26.06;;;;;;;;;
7474976;treatment;before visit;2021-09-09 23:59:59+00:00;22.35;;;;;;;;;
7474976;treatment;before visit;2021-09-10 23:59:59+00:00;22.9;;;;;;;;;
7474976;treatment;before visit;2021-09-11 23:59:59+00:00;14.97;;;;;;;;;
7474976;treatment;before visit;2021-09-12 23:59:59+00:00;17.09;;;;;;;;;
7474976;treatment;before visit;2021-09-13 23:59:59+00:00;15.21;;;;;;;;;
7474976;treatment;before visit;2021-09-14 23:59:59+00:00;30.05;;;0.01;;;;;;
7474976;treatment;before visit;2021-09-15 23:59:59+00:00;20.3;;;;;;;;;
7474976;treatment;before visit;2021-09-16 23:59:59+00:00;23.37;;;;;;;;;
7474976;treatment;before visit;2021-09-17 23:59:59+00:00;22.74;;;0.01;;;;;;
7474976;treatment;before visit;2021-09-18 23:59:59+00:00;14.66;;;;;;;;;
7474976;treatment;before visit;2021-09-19 23:59:59+00:00;24.43;;;;;;;;;
7474976;treatment;before visit;2021-09-20 23:59:59+00:00;41.48;;;0.01;;;;;;
7474976;treatment;before visit;2021-09-21 23:59:59+00:00;32.0;;;0.01;;;;;;
7474976;treatment;before visit;2021-09-22 23:59:59+00:00;46.66;;;;;;;;;
7474976;treatment;before visit;2021-09-23 23:59:59+00:00;37.7;;;0.01;;;;;;
7474976;treatment;before visit;2021-09-24 23:59:59+00:00;19.54;;;;;;;;;
7474976;treatment;before visit;2021-09-25 23:59:59+00:00;20.05;;;;;;;;;
7474976;treatment;before visit;2021-09-26 23:59:59+00:00;20.28;;;;;;;;;
7474976;treatment;before visit;2021-09-27 23:59:59+00:00;26.22;;;;;;;;;
7474976;treatment;before visit;2021-09-28 23:59:59+00:00;22.8;;;;;;;;;
7474976;treatment;before visit;2021-09-29 23:59:59+00:00;16.09;;;;;;;;;
7474976;treatment;before visit;2021-09-30 23:59:59+00:00;18.08;;;;;;;;;
7474976;treatment;before visit;2021-10-01 23:59:59+00:00;20.26;;;;;;;;;
7474976;treatment;before visit;2021-10-02 23:59:59+00:00;13.72;;;;;;;;;
7474976;treatment;before visit;2021-10-03 23:59:59+00:00;12.54;;;;;;;;;
7474976;treatment;before visit;2021-10-04 23:59:59+00:00;19.3;;;;;;;;;
7474976;treatment;before visit;2021-10-05 23:59:59+00:00;26.0;;;;;;;;;
7474976;treatment;before visit;2021-10-06 23:59:59+00:00;39.5;;;0.01;;;;;;
7474976;treatment;before visit;2021-10-07 23:59:59+00:00;41.25;;;0.01;;;;;;
7474976;treatment;before visit;2021-10-08 23:59:59+00:00;38.73;;;;;;;;;
7474976;treatment;before visit;2021-10-09 23:59:59+00:00;31.62;;;;;;;;;
7474976;treatment;before visit;2021-10-10 23:59:59+00:00;36.86;;;;;;;;;
7474976;treatment;before visit;2021-10-11 23:59:59+00:00;52.16;;;0.01;;;;;;
7474976;treatment;before visit;2021-10-12 23:59:59+00:00;44.88;;;;;;;;;
7474976;treatment;before visit;2021-10-13 23:59:59+00:00;48.05;;;;;;;;;
7474976;treatment;before visit;2021-10-14 23:59:59+00:00;48.86;;;0.01;;;;;;
7474976;treatment;before visit;2021-10-15 23:59:59+00:00;36.13;;;;;;;;;
7474976;treatment;before visit;2021-10-16 23:59:59+00:00;35.58;;;;;;;;;
7474976;treatment;before visit;2021-10-17 23:59:59+00:00;37.26;;;;;;;;;
7474976;treatment;before visit;2021-10-18 23:59:59+00:00;39.88;;;;;;;;;
7474976;treatment;before visit;2021-10-19 23:59:59+00:00;49.31;;;0.01;;;;;;
7474976;treatment;before visit;2021-10-20 23:59:59+00:00;35.03;;;0.01;;;;;;
7474976;treatment;before visit;2021-10-21 23:59:59+00:00;40.37;;;;;;;;;
7474976;treatment;before visit;2021-10-22 23:59:59+00:00;44.88;;;;;;;;;
7474976;treatment;before visit;2021-10-23 23:59:59+00:00;42.54;;;;;;;;;
7474976;treatment;before visit;2021-10-24 23:59:59+00:00;40.84;;;;;;;;;
7474976;treatment;before visit;2021-10-25 23:59:59+00:00;37.69;;;;;;;;;
7474976;treatment;before visit;2021-10-26 23:59:59+00:00;47.08;;;0.01;;;;;;
7474976;treatment;before visit;2021-10-27 23:59:59+00:00;43.65;;;0.03;;;;;;
7474976;treatment;before visit;2021-10-28 23:59:59+00:00;50.39;;;0.05;;;;;;
7474976;treatment;before visit;2021-10-29 23:59:59+00:00;41.85;;;0.01;;;;;;
7474976;treatment;before visit;2021-10-30 23:59:59+00:00;39.83;;;;;;;;;
7474976;treatment;before visit;2021-10-31 23:59:59+00:00;32.83;;;;;;;;;
7474976;treatment;before visit;2021-11-01 23:59:59+00:00;42.3;;;0.01;;;;;;
7474976;treatment;before visit;2021-11-02 23:59:59+00:00;43.19;;;;;;;;;
7474976;treatment;before visit;2021-11-03 23:59:59+00:00;47.93;;;;;;;;;
7474976;treatment;before visit;2021-11-04 23:59:59+00:00;54.85;;;;;;;;;
7474976;treatment;before visit;2021-11-05 23:59:59+00:00;56.91;;;;;;;;;
7474976;treatment;before visit;2021-11-06 23:59:59+00:00;52.26;;;;;;;;;
7474976;treatment;before visit;2021-11-07 23:59:59+00:00;45.62;;;;;;;;;
7474976;treatment;before visit;2021-11-08 23:59:59+00:00;52.01;;;;;;;;;
7474976;treatment;before visit;2021-11-09 23:59:59+00:00;64.69;;;;;;;;;
7474976;treatment;before visit;2021-11-10 23:59:59+00:00;62.82;;;;;;;;;
7474976;treatment;before visit;2021-11-11 23:59:59+00:00;41.14;;;;;;;;;
7474976;treatment;before visit;2021-11-12 23:59:59+00:00;51.96;;;0.01;;;;;;
7474976;treatment;before visit;2021-11-13 23:59:59+00:00;43.71;;;;;;;;;
7474976;treatment;before visit;2021-11-14 23:59:59+00:00;40.29;;;;;;;;;
7474976;treatment;before visit;2021-11-15 23:59:59+00:00;54.5;;;0.02;;;;;;
7474976;treatment;before visit;2021-11-16 23:59:59+00:00;54.43;;;;;;;;;
7474976;treatment;before visit;2021-11-17 23:59:59+00:00;55.14;;;0.01;;;;;;
7474976;treatment;before visit;2021-11-18 23:59:59+00:00;56.82;;;0.01;;;;;;
7474976;treatment;before visit;2021-11-19 23:59:59+00:00;56.93;;;;;;;;;
7474976;treatment;before visit;2021-11-20 23:59:59+00:00;50.35;;;;;;;;;
7474976;treatment;before visit;2021-11-21 23:59:59+00:00;49.03;;;;;;;;;
7474976;treatment;before visit;2021-11-22 23:59:59+00:00;51.91;;;;;;;;;
7474976;treatment;before visit;2021-11-23 23:59:59+00:00;59.39;;;0.01;;;;;;
7474976;treatment;before visit;2021-11-24 23:59:59+00:00;62.33;;;;;;;;;
7474976;treatment;before visit;2021-11-25 23:59:59+00:00;51.19;;;;;;;;;
7474976;treatment;before visit;2021-11-26 23:59:59+00:00;57.67;;;;;;;;;
7474976;treatment;before visit;2021-11-27 23:59:59+00:00;62.43;;;;;;;;;
7474976;treatment;before visit;2021-11-28 23:59:59+00:00;58.86;;;;;;;;;
7474976;treatment;before visit;2021-11-29 23:59:59+00:00;73.57;;;;;;;;;
7474976;treatment;before visit;2021-11-30 23:59:59+00:00;74.72;;;;;;;;;
7474976;treatment;before visit;2021-12-01 23:59:59+00:00;60.51;;;0.01;;;;;;
7474976;treatment;before visit;2021-12-02 23:59:59+00:00;54.81;;;;;;;;;
7474976;treatment;before visit;2021-12-03 23:59:59+00:00;59.98;;;;;;;;;
7474976;treatment;before visit;2021-12-04 23:59:59+00:00;60.73;;;;;;;;;
7474976;treatment;before visit;2021-12-05 23:59:59+00:00;53.57;;;;;;;;;
7474976;treatment;before visit;2021-12-06 23:59:59+00:00;66.66;;;0.01;;;;;;
7474976;treatment;before visit;2021-12-07 23:59:59+00:00;65.34;;;;;;;;;
7474976;treatment;before visit;2021-12-08 23:59:59+00:00;78.98;;;;;;;;;
7474976;treatment;before visit;2021-12-09 23:59:59+00:00;65.77;;;0.01;;;;;;
7474976;treatment;before visit;2021-12-10 23:59:59+00:00;71.55;;;;;;;;;
7474976;treatment;before visit;2021-12-11 23:59:59+00:00;69.6;;;;;;;;;
7474976;treatment;before visit;2021-12-12 23:59:59+00:00;55.52;;;;;;;;;
7474976;treatment;before visit;2021-12-13 23:59:59+00:00;59.41;;;;;;;;;
7474976;treatment;before visit;2021-12-14 23:59:59+00:00;71.81;;;;;;;;;
7474976;treatment;before visit;2021-12-15 23:59:59+00:00;72.56;;;;;;;;;
7474976;treatment;before visit;2021-12-16 23:59:59+00:00;59.72;;;;;;;;;
7474976;treatment;before visit;2021-12-17 23:59:59+00:00;64.34;;;;;;;;;
7474976;treatment;before visit;2021-12-18 23:59:59+00:00;71.83;;;;;;;;;
7474976;treatment;before visit;2021-12-19 23:59:59+00:00;63.33;;;;;;;;;
7474976;treatment;before visit;2021-12-20 23:59:59+00:00;89.8;;;;;;;;;
7474976;treatment;before visit;2021-12-21 23:59:59+00:00;84.52;;;;;;;;;
7474976;treatment;before visit;2021-12-22 23:59:59+00:00;84.8;;;;;;;;;
7474976;treatment;before visit;2021-12-23 23:59:59+00:00;76.28;;;;;;;;;
7474976;treatment;before visit;2021-12-24 23:59:59+00:00;61.2;;;;;;;;;
7474976;treatment;before visit;2021-12-25 23:59:59+00:00;61.46;;;;;;;;;
7474976;treatment;before visit;2021-12-26 23:59:59+00:00;49.5;;;;;;;;;
7474976;treatment;before visit;2021-12-27 23:59:59+00:00;55.58;;;;;;;;;
7474976;treatment;before visit;2021-12-28 23:59:59+00:00;58.97;;;;;;;;;
7474976;treatment;before visit;2021-12-29 23:59:59+00:00;57.65;;;;;;;;;
7474976;treatment;before visit;2021-12-30 23:59:59+00:00;45.27;;;;;;;;;
7474976;treatment;before visit;2021-12-31 23:59:59+00:00;54.7;;;;;;;;;
7474976;treatment;before visit;2022-01-01 23:59:59+00:00;48.77;;;;;;;;;
7474976;treatment;before visit;2022-01-02 23:59:59+00:00;49.58;;;;;;;;;
7474976;treatment;before visit;2022-01-03 23:59:59+00:00;54.94;;;;;;;;;
7474976;treatment;before visit;2022-01-04 23:59:59+00:00;49.99;;;;;;;;;
7474976;treatment;before visit;2022-01-05 23:59:59+00:00;70.43;;;;;;;;;
7474976;treatment;before visit;2022-01-06 23:59:59+00:00;83.08;;;0.01;;;;;;
7474976;treatment;before visit;2022-01-07 23:59:59+00:00;81.55;;;;;;;;;
7474976;treatment;before visit;2022-01-08 23:59:59+00:00;61.31;;;;;;;;;
7474976;treatment;before visit;2022-01-09 23:59:59+00:00;56.16;;;;;;;;;
7474976;treatment;before visit;2022-01-10 23:59:59+00:00;64.81;;;;;;;;;
7474976;treatment;before visit;2022-01-11 23:59:59+00:00;55.65;;;;;;;;;
7474976;treatment;before visit;2022-01-12 23:59:59+00:00;78.52;;;;;;;;;
7474976;treatment;before visit;2022-01-13 23:59:59+00:00;82.36;;;;;;;;;
7474976;treatment;before visit;2022-01-14 23:59:59+00:00;80.64;;;;;;;;;
7474976;treatment;before visit;2022-01-15 23:59:59+00:00;89.8;;;;;;;;;
7474976;treatment;before visit;2022-01-16 23:59:59+00:00;78.02;;;;;;;;;
7474976;treatment;before visit;2022-01-17 23:59:59+00:00;72.62;;;;;;;;;
7474976;treatment;before visit;2022-01-18 23:59:59+00:00;74.71;;;;;;;;;
7474976;treatment;before visit;2022-01-19 23:59:59+00:00;68.03;;;;;;;;;
7474976;treatment;before visit;2022-01-20 23:59:59+00:00;67.19;;;;;;;;;
7474976;treatment;before visit;2022-01-21 23:59:59+00:00;87.01;;;;;;;;;
7474976;treatment;before visit;2022-01-22 23:59:59+00:00;61.81;;;;;;;;;
7474976;treatment;before visit;2022-01-23 23:59:59+00:00;65.7;;;;;;;;;
7474976;treatment;before visit;2022-01-24 23:59:59+00:00;68.86;;;;;;;;;
7474976;treatment;before visit;2022-01-25 23:59:59+00:00;63.73;;;;;;;;;
7474976;treatment;before visit;2022-01-26 23:59:59+00:00;67.64;;;;;;;;;
7474976;treatment;before visit;2022-01-27 23:59:59+00:00;66.26;;;;;;;;;
7474976;treatment;before visit;2022-01-28 23:59:59+00:00;53.61;;;;;;;;;
7474976;treatment;before visit;2022-01-29 23:59:59+00:00;58.49;;;;;;;;;
7474976;treatment;before visit;2022-01-30 23:59:59+00:00;57.22;;;;;;;;;
7474976;treatment;before visit;2022-01-31 23:59:59+00:00;68.53;;;;;;;;;
7474976;treatment;before visit;2022-02-01 23:59:59+00:00;74.49;;;;;;;;;
7474976;treatment;before visit;2022-02-02 23:59:59+00:00;65.19;;;;;;;;;
7474976;treatment;before visit;2022-02-03 23:59:59+00:00;57.12;;;0.01;;;;;;
7474976;treatment;before visit;2022-02-04 23:59:59+00:00;56.59;;;0.01;;;;;;
7474976;treatment;before visit;2022-02-05 23:59:59+00:00;49.58;;;;;;;;;
7474976;treatment;before visit;2022-02-06 23:59:59+00:00;52.69;;;;;;;;;
7474976;treatment;before visit;2022-02-07 23:59:59+00:00;73.06;;;;;;;;;
7474976;treatment;before visit;2022-02-08 23:59:59+00:00;63.93;;;;;;;;;
7474976;treatment;before visit;2022-02-09 23:59:59+00:00;69.02;;;;;;;;;
7474976;treatment;before visit;2022-02-10 23:59:59+00:00;54.94;;;;;;;;;
7474976;treatment;before visit;2022-02-11 23:59:59+00:00;49.34;;;;;;;;;
7474976;treatment;before visit;2022-02-12 23:59:59+00:00;61.09;;;;;;;;;
7474976;treatment;before visit;2022-02-13 23:59:59+00:00;51.04;;;;;;;;;
7474976;treatment;before visit;2022-02-14 23:59:59+00:00;62.4;;;0.01;;;;;;
7474976;treatment;before visit;2022-02-15 23:59:59+00:00;52.87;;;;;;;;;
7474976;treatment;before visit;2022-02-16 23:59:59+00:00;58.97;;;;;;;;;
7474976;treatment;before visit;2022-02-17 23:59:59+00:00;41.26;;;;;;;;;
7474976;treatment;before visit;2022-02-18 23:59:59+00:00;42.22;;;;;;;;;
7474976;treatment;before visit;2022-02-19 23:59:59+00:00;46.96;;;;;;;;;
7474976;treatment;before visit;2022-02-20 23:59:59+00:00;45.35;;;;;;;;;
7474976;treatment;before visit;2022-02-21 23:59:59+00:00;59.17;;;;;;;;;
7474976;treatment;before visit;2022-02-22 23:59:59+00:00;60.75;;;;;;;;;
7474976;treatment;before visit;2022-02-23 23:59:59+00:00;50.95;;;0.01;;;;;;
7474976;treatment;before visit;2022-02-24 23:59:59+00:00;43.69;;;;;;;;;
7474976;treatment;before visit;2022-02-25 23:59:59+00:00;55.0;;;;;;;;;
7474976;treatment;before visit;2022-02-26 23:59:59+00:00;52.99;;;;;;;;;
7474976;treatment;before visit;2022-02-27 23:59:59+00:00;54.53;;;;;;;;;
7474976;treatment;before visit;2022-02-28 23:59:59+00:00;63.76;;;;;;;;;
7474976;treatment;before visit;2022-03-01 23:59:59+00:00;78.0;;;;;;;;;
7474976;treatment;before visit;2022-03-02 23:59:59+00:00;53.53;;;;;;;;;
7474976;treatment;before visit;2022-03-03 23:59:59+00:00;57.41;;;;;;;;;
7474976;treatment;before visit;2022-03-04 23:59:59+00:00;63.31;;;;;;;;;
7474976;treatment;before visit;2022-03-05 23:59:59+00:00;56.95;;;;;;;;;
7474976;treatment;before visit;2022-03-06 23:59:59+00:00;55.94;;;;;;;;;
7474976;treatment;before visit;2022-03-07 23:59:59+00:00;68.64;;;;;;;;;
7474976;treatment;before visit;2022-03-08 23:59:59+00:00;63.67;;;0.01;;;;;;
7474976;treatment;before visit;2022-03-09 23:59:59+00:00;63.2;;;0.01;;;;;;
7474976;treatment;before visit;2022-03-10 23:59:59+00:00;61.1;;;0.03;;;;;;
7474976;treatment;before visit;2022-03-11 23:59:59+00:00;51.81;;;0.05;;;;;;
7474976;treatment;before visit;2022-03-12 23:59:59+00:00;40.15;;;;;;;;;
7474976;treatment;before visit;2022-03-13 23:59:59+00:00;31.9;;;;;;;;;
7474976;treatment;before visit;2022-03-14 23:59:59+00:00;44.8;;;;;;;;;
7474976;treatment;before visit;2022-03-15 23:59:59+00:00;44.14;;;;;;;;;
7474976;treatment;before visit;2022-03-16 23:59:59+00:00;41.09;;;0.01;;;;;;
7474976;treatment;before visit;2022-03-17 23:59:59+00:00;53.43;;;;;;;;;
7474976;treatment;before visit;2022-03-18 23:59:59+00:00;32.65;;;;;;;;;
7474976;treatment;before visit;2022-03-19 23:59:59+00:00;45.11;;;;;;;;;
7474976;treatment;before visit;2022-03-20 23:59:59+00:00;38.65;;;;;;;;;
7474976;treatment;before visit;2022-03-21 23:59:59+00:00;42.58;;;0.01;;;;;;
7474976;treatment;before visit;2022-03-22 23:59:59+00:00;50.45;;;0.01;;;;;;
7474976;treatment;before visit;2022-03-23 23:59:59+00:00;46.89;;;;;;;;;
7474976;treatment;before visit;2022-03-24 23:59:59+00:00;39.33;;;;;;;;;
7474976;treatment;before visit;2022-03-25 23:59:59+00:00;39.91;;;0.01;;;;;;
7474976;treatment;before visit;2022-03-26 23:59:59+00:00;31.82;;;;;;;;;
7474976;treatment;before visit;2022-03-27 23:59:59+00:00;30.0;;;;;;;;;
7474976;treatment;before visit;2022-03-28 23:59:59+00:00;39.45;;;0.01;;;;;;
7474976;treatment;before visit;2022-03-29 23:59:59+00:00;31.5;;;;;;;;;
7474976;treatment;before visit;2022-03-30 23:59:59+00:00;23.85;;;;;;;;;
7474976;treatment;before visit;2022-03-31 23:59:59+00:00;27.43;;;;;;;;;
7474976;treatment;before visit;2022-04-01 23:59:59+00:00;38.99;;;;;;;;;
7474976;treatment;before visit;2022-04-02 23:59:59+00:00;49.46;;;;;;;;;
7474976;treatment;before visit;2022-04-03 23:59:59+00:00;53.15;;;;;;;;;
7474976;treatment;before visit;2022-04-04 23:59:59+00:00;64.56;;;;;;;;;
7474976;treatment;before visit;2022-04-05 23:59:59+00:00;45.17;;;;;;;;;
7474976;treatment;before visit;2022-04-06 23:59:59+00:00;38.81;;;0.01;;;;;;
7474976;treatment;before visit;2022-04-07 23:59:59+00:00;35.26;;;;;;;;;
7474976;treatment;before visit;2022-04-08 23:59:59+00:00;36.86;;;;;;;;;
7474976;treatment;before visit;2022-04-09 23:59:59+00:00;42.83;;;;;;;;;
7474976;treatment;before visit;2022-04-10 23:59:59+00:00;42.73;;;;;;;;;
7474976;treatment;before visit;2022-04-11 23:59:59+00:00;44.8;;;;;;;;;
7474976;treatment;before visit;2022-04-12 23:59:59+00:00;37.78;;;0.01;;;;;;
7474976;treatment;before visit;2022-04-13 23:59:59+00:00;36.88;;;0.01;;;;;;
7474976;treatment;before visit;2022-04-14 23:59:59+00:00;34.85;;;;;;;;;
7474976;treatment;before visit;2022-04-15 23:59:59+00:00;17.22;;;;;;;;;
7474976;treatment;before visit;2022-04-16 23:59:59+00:00;31.32;;;;;;;;;
7474976;treatment;before visit;2022-04-17 23:59:59+00:00;30.94;;;;;;;;;
7474976;treatment;before visit;2022-04-18 23:59:59+00:00;31.59;;;;;;;;;
7474976;treatment;before visit;2022-04-19 23:59:59+00:00;36.3;;;0.03;;;;;;
7474976;treatment;before visit;2022-04-20 23:59:59+00:00;38.31;;;0.05;;;;;;
7474976;treatment;before visit;2022-04-21 23:59:59+00:00;29.73;;;0.01;;;;;;
7474976;treatment;before visit;2022-04-22 23:59:59+00:00;36.33;;;;;;;;;
7474976;treatment;before visit;2022-04-23 23:59:59+00:00;24.67;;;;;;;;;
7474976;treatment;before visit;2022-04-24 23:59:59+00:00;32.89;;;;;;;;;
7474976;treatment;before visit;2022-04-25 23:59:59+00:00;48.6;;;;;;;;;
7474976;treatment;before visit;2022-04-26 23:59:59+00:00;36.88;;;;;;;;;
7474976;treatment;before visit;2022-04-27 23:59:59+00:00;26.28;;;;;;;;;
7474976;treatment;before visit;2022-04-28 23:59:59+00:00;40.79;;;0.02;;;;;;
7474976;treatment;before visit;2022-04-29 23:59:59+00:00;31.43;;;;;;;;;
7474976;treatment;before visit;2022-04-30 23:59:59+00:00;28.91;;;;;;;;;
7474976;treatment;before visit;2022-05-01 23:59:59+00:00;26.19;;;;;;;;;
7474976;treatment;before visit;2022-05-02 23:59:59+00:00;27.52;;;;;;;;;
7474976;treatment;before visit;2022-05-03 23:59:59+00:00;24.07;;;;;;;;;
7474976;treatment;before visit;2022-05-04 23:59:59+00:00;26.7;;;;;;;;;
7474976;treatment;before visit;2022-05-05 23:59:59+00:00;47.21;;;0.01;;;;;;
7474976;treatment;before visit;2022-05-06 23:59:59+00:00;42.24;;;0.01;;;;;;
7474976;treatment;before visit;2022-05-07 23:59:59+00:00;24.24;;;;;;;;;
7474976;treatment;before visit;2022-05-08 23:59:59+00:00;22.23;;;;;;;;;
7474976;treatment;before visit;2022-05-09 23:59:59+00:00;31.38;;;0.08;;;;;;
7474976;treatment;before visit;2022-05-10 23:59:59+00:00;29.78;;;0.01;;;;;;
7474976;treatment;before visit;2022-05-11 23:59:59+00:00;28.55;;;;;;;;;
7474976;treatment;before visit;2022-05-12 23:59:59+00:00;37.4;;;0.01;;;;;;
7474976;treatment;before visit;2022-05-13 23:59:59+00:00;25.09;;;;;;;;;
7474976;treatment;before visit;2022-05-14 23:59:59+00:00;16.94;;;;;;;;;
7474976;treatment;before visit;2022-05-15 23:59:59+00:00;20.32;;;;;;;;;
7474976;treatment;before visit;2022-05-16 23:59:59+00:00;19.64;;;;;;;;;
7474976;treatment;before visit;2022-05-17 23:59:59+00:00;10.43;;;;;;;;;
7474976;treatment;before visit;2022-05-18 23:59:59+00:00;9.04;;;;;;;;;
7474976;treatment;before visit;2022-05-19 23:59:59+00:00;8.22;;;;;;;;;
7474976;treatment;before visit;2022-05-20 23:59:59+00:00;8.47;;;;;;;;;
7474976;treatment;before visit;2022-05-21 23:59:59+00:00;14.29;;;;;;;;;
7474976;treatment;before visit;2022-05-22 23:59:59+00:00;14.44;;;;;;;;;
7474976;treatment;before visit;2022-05-23 23:59:59+00:00;20.51;;;;;;;;;
7474976;treatment;before visit;2022-05-24 23:59:59+00:00;23.35;;;;;;;;;
7474976;treatment;before visit;2022-05-25 23:59:59+00:00;23.77;;;;;;;;;
7474976;treatment;before visit;2022-05-26 23:59:59+00:00;14.14;;;;;;;;;
7474976;treatment;before visit;2022-05-27 23:59:59+00:00;18.23;;;;;;;;;
7474976;treatment;before visit;2022-05-28 23:59:59+00:00;18.43;;;;;;;;;
7474976;treatment;before visit;2022-05-29 23:59:59+00:00;23.8;;;;;;;;;
7474976;treatment;before visit;2022-05-30 23:59:59+00:00;43.03;;;0.06;;;;;;
7474976;treatment;before visit;2022-05-31 23:59:59+00:00;22.89;;;;;;;;;
7474976;treatment;before visit;2022-06-01 23:59:59+00:00;27.85;;;;;;;;;
7474976;treatment;before visit;2022-06-02 23:59:59+00:00;24.43;;;0.01;;;;;;
7474976;treatment;before visit;2022-06-03 23:59:59+00:00;24.39;;;0.02;;;;;;
7474976;treatment;before visit;2022-06-04 23:59:59+00:00;15.26;;;;;;;;;
7474976;treatment;before visit;2022-06-05 23:59:59+00:00;13.69;;;;;;;;;
7474976;treatment;before visit;2022-06-06 23:59:59+00:00;14.63;;;;;;;;;
7474976;treatment;before visit;2022-06-07 23:59:59+00:00;17.95;;;;;;;;;
7474976;treatment;before visit;2022-06-08 23:59:59+00:00;33.72;;;0.02;;;;;;
7474976;treatment;before visit;2022-06-09 23:59:59+00:00;33.48;;;0.04;;;;;;
7474976;treatment;before visit;2022-06-10 23:59:59+00:00;29.27;;;0.01;;;;;;
7474976;treatment;before visit;2022-06-11 23:59:59+00:00;15.8;;;;;;;;;
7474976;treatment;before visit;2022-06-12 23:59:59+00:00;13.03;;;;;;;;;
7474976;treatment;before visit;2022-06-13 23:59:59+00:00;26.48;;;0.03;;;;;;
7474976;treatment;before visit;2022-06-14 23:59:59+00:00;32.58;;;;;;;;;
7474976;treatment;before visit;2022-06-15 23:59:59+00:00;16.54;;;;;;;;;
7474976;treatment;before visit;2022-06-16 23:59:59+00:00;34.95;;;0.02;;;;;;
7474976;treatment;before visit;2022-06-17 23:59:59+00:00;39.85;;;0.08;;;;;;
7474976;treatment;before visit;2022-06-18 23:59:59+00:00;29.53;;;0.03;;;;;;
7474976;treatment;before visit;2022-06-19 23:59:59+00:00;20.0;;;;;;;;;
7474976;treatment;before visit;2022-06-20 23:59:59+00:00;30.26;;;;;;;;;
7474976;treatment;before visit;2022-06-21 23:59:59+00:00;21.65;;;;;;;;;
7474976;treatment;before visit;2022-06-22 23:59:59+00:00;17.37;;;;;;;;;
7474976;treatment;before visit;2022-06-23 23:59:59+00:00;29.8;;;0.01;;;;;;
7474976;treatment;before visit;2022-06-24 23:59:59+00:00;17.08;;;0.01;;;;;;
7474976;treatment;before visit;2022-06-25 23:59:59+00:00;14.1;;;;;;;;;
7474976;treatment;before visit;2022-06-26 23:59:59+00:00;18.13;;;;;;;;;
7474976;treatment;before visit;2022-06-27 23:59:59+00:00;22.82;;;0.01;;;;;;
7474976;treatment;before visit;2022-06-28 23:59:59+00:00;20.59;;;;;;;;;
7474976;treatment;before visit;2022-06-29 23:59:59+00:00;26.2;;;;;;;;;
7474976;treatment;before visit;2022-06-30 23:59:59+00:00;23.72;;;;;;;;;
7474976;treatment;before visit;2022-07-01 23:59:59+00:00;12.5;;;;;;;;;
7474976;treatment;before visit;2022-07-02 23:59:59+00:00;12.27;;;;;;;;;
7474976;treatment;before visit;2022-07-03 23:59:59+00:00;8.67;;;;;;;;;
7474976;treatment;before visit;2022-07-04 23:59:59+00:00;9.27;;;;;;;;;
7474976;treatment;before visit;2022-07-05 23:59:59+00:00;13.87;;;;;;;;;
7474976;treatment;before visit;2022-07-06 23:59:59+00:00;18.27;;;;;;;;;
7474976;treatment;before visit;2022-07-07 23:59:59+00:00;34.23;;;0.01;;;;;;
7474976;treatment;before visit;2022-07-08 23:59:59+00:00;28.98;;;0.01;;;;;;
7474976;treatment;before visit;2022-07-09 23:59:59+00:00;17.76;;;;;;;;;
7474976;treatment;before visit;2022-07-10 23:59:59+00:00;13.02;;;;;;;;;
7474976;treatment;before visit;2022-07-11 23:59:59+00:00;24.21;;;0.01;;;;;;
7474976;treatment;before visit;2022-07-12 23:59:59+00:00;31.32;;;;;;;;;
7474976;treatment;before visit;2022-07-13 23:59:59+00:00;38.22;;;0.02;;;;;;
7474976;treatment;before visit;2022-07-14 23:59:59+00:00;25.44;;;0.01;;;;;;
7474976;treatment;before visit;2022-07-15 23:59:59+00:00;25.83;;;;;;;;;
7474976;treatment;before visit;2022-07-16 23:59:59+00:00;20.03;;;;;;;;;
7474976;treatment;before visit;2022-07-17 23:59:59+00:00;16.65;;;;;;;;;
7474976;treatment;before visit;2022-07-18 23:59:59+00:00;25.16;;;;;;;;;
7474976;treatment;before visit;2022-07-19 23:59:59+00:00;30.13;;;;;;;;;
7474976;treatment;before visit;2022-07-20 23:59:59+00:00;26.76;;;0.01;;;;;;
7474976;treatment;before visit;2022-07-21 23:59:59+00:00;20.53;;;;;;;;;
7474976;treatment;before visit;2022-07-22 23:59:59+00:00;25.78;;;;;;;;;
7474976;treatment;before visit;2022-07-23 23:59:59+00:00;15.81;;;;;;;;;
7474976;treatment;before visit;2022-07-24 23:59:59+00:00;14.55;;;;;;;;;
7474976;treatment;before visit;2022-07-25 23:59:59+00:00;23.0;;;;;;;;;
7474976;treatment;before visit;2022-07-26 23:59:59+00:00;22.28;;;;;;;;;
7474976;treatment;before visit;2022-07-27 23:59:59+00:00;23.77;;;0.01;;;;;;
7474976;treatment;before visit;2022-07-28 23:59:59+00:00;31.27;;;;;;;;;
7474976;treatment;before visit;2022-07-29 23:59:59+00:00;19.77;;;;;;;;;
7474976;treatment;before visit;2022-07-30 23:59:59+00:00;15.56;;;;;;;;;
7474976;treatment;before visit;2022-07-31 23:59:59+00:00;15.3;;;;;;;;;
7474976;treatment;before visit;2022-08-01 23:59:59+00:00;15.93;;;;;;;;;
7474976;treatment;before visit;2022-08-02 23:59:59+00:00;30.77;;;0.01;;;;;;
7474976;treatment;before visit;2022-08-03 23:59:59+00:00;16.97;;;;;;;;;
7474976;treatment;before visit;2022-08-04 23:59:59+00:00;28.97;;;;;;;;;
7474976;treatment;before visit;2022-08-05 23:59:59+00:00;28.92;;;;;;;;;
7474976;treatment;before visit;2022-08-06 23:59:59+00:00;14.25;;;;;;;;;
7474976;treatment;before visit;2022-08-07 23:59:59+00:00;11.43;;;;;;;;;
7474976;treatment;before visit;2022-08-08 23:59:59+00:00;12.34;;;;;;;;;
7474976;treatment;before visit;2022-08-09 23:59:59+00:00;14.28;;;;;;;;;
7474976;treatment;before visit;2022-08-10 23:59:59+00:00;25.88;;;0.03;;;;;;
7474976;treatment;before visit;2022-08-11 23:59:59+00:00;27.54;;;0.03;;;;;;
7474976;treatment;before visit;2022-08-12 23:59:59+00:00;25.1;;;0.03;;;;;;
7474976;treatment;before visit;2022-08-13 23:59:59+00:00;13.09;;;;;;;;;
7474976;treatment;before visit;2022-08-14 23:59:59+00:00;14.01;;;;;;;;;
7474976;treatment;before visit;2022-08-15 23:59:59+00:00;24.13;;;0.07;;;;;;
7474976;treatment;before visit;2022-08-16 23:59:59+00:00;21.66;;;0.01;;;;;;
7474976;treatment;before visit;2022-08-17 23:59:59+00:00;21.82;;;;;;;;;
7474976;treatment;before visit;2022-08-18 23:59:59+00:00;18.45;;;;;;;;;
7474976;treatment;before visit;2022-08-19 23:59:59+00:00;22.69;;;0.02;;;;;;
7474976;treatment;before visit;2022-08-20 23:59:59+00:00;14.11;;;;;;;;;
7474976;treatment;before visit;2022-08-21 23:59:59+00:00;12.22;;;;;;;;;
7474976;treatment;before visit;2022-08-22 23:59:59+00:00;25.92;;;;;;;;;
7474976;treatment;before visit;2022-08-23 23:59:59+00:00;18.06;;;;;;;;;
7474976;treatment;before visit;2022-08-24 23:59:59+00:00;22.6;;;0.01;;;;;;
7474976;treatment;before visit;2022-08-25 23:59:59+00:00;26.03;;;0.05;;;;;;
7474976;treatment;before visit;2022-08-26 23:59:59+00:00;30.81;;;0.08;;;;;;
7474976;treatment;before visit;2022-08-27 23:59:59+00:00;18.92;;;0.02;;;;;;
7474976;treatment;before visit;2022-08-28 23:59:59+00:00;9.51;;;;;;;;;
7474976;treatment;before visit;2022-08-29 23:59:59+00:00;8.62;;;;;;;;;
7474976;treatment;before visit;2022-08-30 23:59:59+00:00;9.15;;;;;;;;;
7474976;treatment;before visit;2022-08-31 23:59:59+00:00;8.46;;;;;;;;;
7474976;treatment;before visit;2022-09-01 23:59:59+00:00;16.95;;;;;;;;;
7474976;treatment;before visit;2022-09-02 23:59:59+00:00;27.59;;;0.03;;;;;;
7474976;treatment;before visit;2022-09-03 23:59:59+00:00;16.51;;;;;;;;;
7474976;treatment;before visit;2022-09-04 23:59:59+00:00;11.9;;;;;;;;;
7474976;treatment;before visit;2022-09-05 23:59:59+00:00;36.81;;;0.09;;;;;;
7474976;treatment;before visit;2022-09-06 23:59:59+00:00;23.58;;;;;;;;;
7474976;treatment;before visit;2022-09-07 23:59:59+00:00;22.08;;;0.01;;;;;;
7474976;treatment;before visit;2022-09-08 23:59:59+00:00;25.24;;;0.01;;;;;;
7474976;treatment;before visit;2022-09-09 23:59:59+00:00;18.97;;;;;;;;;
7474976;treatment;before visit;2022-09-10 23:59:59+00:00;19.24;;;;;;;;;
7474976;treatment;before visit;2022-09-11 23:59:59+00:00;17.0;;;;;;;;;
7474976;treatment;before visit;2022-09-12 23:59:59+00:00;23.59;;;;;;;;;
7474976;treatment;before visit;2022-09-13 23:59:59+00:00;15.63;;;;;;;;;
7474976;treatment;before visit;2022-09-14 23:59:59+00:00;14.15;;;;;;;;;
7474976;treatment;before visit;2022-09-15 23:59:59+00:00;19.53;;;;;;;;;
7474976;treatment;before visit;2022-09-16 23:59:59+00:00;21.06;;;0.02;;;;;;
7474976;treatment;before visit;2022-09-17 23:59:59+00:00;29.63;;;;;;;;;
7474976;treatment;before visit;2022-09-18 23:59:59+00:00;20.17;;;;;;;;;
7474976;treatment;before visit;2022-09-19 23:59:59+00:00;29.55;;;;;;;;;
7474976;treatment;before visit;2022-09-20 23:59:59+00:00;27.97;;;0.03;;;;;;
7474976;treatment;before visit;2022-09-21 23:59:59+00:00;30.9;;;;;;;;;
7474976;treatment;before visit;2022-09-22 23:59:59+00:00;29.58;;;;;;;;;
7474976;treatment;before visit;2022-09-23 23:59:59+00:00;31.32;;;0.03;;;;;;
7474976;treatment;before visit;2022-09-24 23:59:59+00:00;22.56;;;0.02;;;;;;
7474976;treatment;before visit;2022-09-25 23:59:59+00:00;23.38;;;;;;;;;
7474976;treatment;before visit;2022-09-26 23:59:59+00:00;31.27;;;0.06;;;;;;
7474976;treatment;before visit;2022-09-27 23:59:59+00:00;35.21;;;0.07;;;;;;
7474976;treatment;before visit;2022-09-28 23:59:59+00:00;34.34;;;0.04;;;;;;
7474976;treatment;before visit;2022-09-29 23:59:59+00:00;32.5;;;;;;;;;
7474976;treatment;before visit;2022-09-30 23:59:59+00:00;35.77;;;0.03;;;;;;
7474976;treatment;before visit;2022-10-01 23:59:59+00:00;29.1;;;;;;;;;
7474976;treatment;before visit;2022-10-02 23:59:59+00:00;18.53;;;;;;;;;
7474976;treatment;before visit;2022-10-03 23:59:59+00:00;28.24;;;0.03;;;;;;
7474976;treatment;before visit;2022-10-04 23:59:59+00:00;25.68;;;;;;;;;
7474976;treatment;before visit;2022-10-05 23:59:59+00:00;27.98;;;0.02;;;;;;
7474976;treatment;before visit;2022-10-06 23:59:59+00:00;20.07;;;;;;;;;
7474976;treatment;before visit;2022-10-07 23:59:59+00:00;22.59;;;;;;;;;
7474976;treatment;before visit;2022-10-08 23:59:59+00:00;23.82;;;;;;;;;
7474976;treatment;before visit;2022-10-09 23:59:59+00:00;24.82;;;;;;;;;
7474976;treatment;before visit;2022-10-10 23:59:59+00:00;24.26;;;;;;;;;
7474976;treatment;before visit;2022-10-11 23:59:59+00:00;21.51;;;;;;;;;
7474976;treatment;before visit;2022-10-12 23:59:59+00:00;24.91;;;;;;;;;
7474976;treatment;before visit;2022-10-13 23:59:59+00:00;23.88;;;;;;;;;
7474976;treatment;before visit;2022-10-14 23:59:59+00:00;21.95;;;;;;;;;
7474976;treatment;before visit;2022-10-15 23:59:59+00:00;21.67;;;;;;;;;
7474976;treatment;before visit;2022-10-16 23:59:59+00:00;13.46;;;;;;;;;
7474976;treatment;before visit;2022-10-17 23:59:59+00:00;15.72;;;;;;;;;
7474976;treatment;before visit;2022-10-18 23:59:59+00:00;15.34;;;;;;;;;
7474976;treatment;before visit;2022-10-19 23:59:59+00:00;17.09;;;;;;;;;
7474976;treatment;before visit;2022-10-20 23:59:59+00:00;17.84;;;;;;;;;
7474976;treatment;before visit;2022-10-21 23:59:59+00:00;17.77;;;;;;;;;
7474976;treatment;before visit;2022-10-22 23:59:59+00:00;14.97;;;;;;;;;
7474976;treatment;before visit;2022-10-23 23:59:59+00:00;16.81;;;;;;;;;
7474976;treatment;before visit;2022-10-24 23:59:59+00:00;22.92;;;;;;;;;
7474976;treatment;before visit;2022-10-25 23:59:59+00:00;25.99;;;;;;;;;
7474976;treatment;before visit;2022-10-26 23:59:59+00:00;22.51;;;;;;;;;
7474976;treatment;before visit;2022-10-27 23:59:59+00:00;21.72;;;0.01;;;;;;
7474976;treatment;before visit;2022-10-28 23:59:59+00:00;22.62;;;;;;;;;
7474976;treatment;before visit;2022-10-29 23:59:59+00:00;22.65;;;;;;;;;
7474976;treatment;before visit;2022-10-30 23:59:59+00:00;25.54;;;;;;;;;
7474976;treatment;before visit;2022-10-31 23:59:59+00:00;28.71;;;;;;;;;
7474976;treatment;before visit;2022-11-01 23:59:59+00:00;28.15;;;0.01;;;;;;
7474976;treatment;before visit;2022-11-02 23:59:59+00:00;28.9;;;;;;;;;
7474976;treatment;before visit;2022-11-03 23:59:59+00:00;29.08;;;;;;;;;
7474976;treatment;before visit;2022-11-04 23:59:59+00:00;33.91;;;;;;;;;
7474976;treatment;before visit;2022-11-05 23:59:59+00:00;36.23;;;;;;;;;
7474976;treatment;before visit;2022-11-06 23:59:59+00:00;36.42;;;;;;;;;
7474976;treatment;before visit;2022-11-07 23:59:59+00:00;32.17;;;;;;;;;
7474976;treatment;before visit;2022-11-08 23:59:59+00:00;34.57;;;;;;;;;
7474976;treatment;before visit;2022-11-09 23:59:59+00:00;34.78;;;;;;;;;
7474976;treatment;before visit;2022-11-10 23:59:59+00:00;29.96;;;;;;;;;
7474976;treatment;before visit;2022-11-11 23:59:59+00:00;35.34;;;;;;;;;
7474976;treatment;before visit;2022-11-12 23:59:59+00:00;37.3;;;;;;;;;
7474976;treatment;before visit;2022-11-13 23:59:59+00:00;32.08;;;;;;;;;
7474976;treatment;before visit;2022-11-14 23:59:59+00:00;31.51;;;;;;;;;
7474976;treatment;before visit;2022-11-15 23:59:59+00:00;33.34;;;;;;;;;
7474976;treatment;before visit;2022-11-16 23:59:59+00:00;29.49;;;;;;;;;
7474976;treatment;before visit;2022-11-17 23:59:59+00:00;31.14;;;;;;;;;
7474976;treatment;before visit;2022-11-18 23:59:59+00:00;27.47;;;;;;;;;
7474976;treatment;before visit;2022-11-19 23:59:59+00:00;35.44;;;;;;;;;
7474976;treatment;before visit;2022-11-20 23:59:59+00:00;33.33;;;;;;;;;
7474976;treatment;before visit;2022-11-21 23:59:59+00:00;38.71;;;;;;;;;
7474976;treatment;before visit;2022-11-22 23:59:59+00:00;34.74;;;;;;;;;
7474976;treatment;before visit;2022-11-23 23:59:59+00:00;38.58;;;;;;;;;
7474976;treatment;before visit;2022-11-24 23:59:59+00:00;34.2;;;;;;;;;
7474976;treatment;before visit;2022-11-25 23:59:59+00:00;38.11;;;;;;;;;
7474976;treatment;before visit;2022-11-26 23:59:59+00:00;36.86;;;;;;;;;
7474976;treatment;before visit;2022-11-27 23:59:59+00:00;43.9;;;;;;;;;
7474976;treatment;before visit;2022-11-28 23:59:59+00:00;41.35;;;;;;;;;
7474976;treatment;before visit;2022-11-29 23:59:59+00:00;33.6;;;;;;;;;
7474976;treatment;before visit;2022-11-30 23:59:59+00:00;39.19;;;;;;;;;
7474976;treatment;before visit;2022-12-01 23:59:59+00:00;45.49;;;;;;;;;
7474976;treatment;before visit;2022-12-02 23:59:59+00:00;48.46;;;;;;;;;
7474976;treatment;before visit;2022-12-03 23:59:59+00:00;60.89;;;;;;;;;
7474976;treatment;before visit;2022-12-04 23:59:59+00:00;52.04;;;;;;;;;
7474976;treatment;before visit;2022-12-05 23:59:59+00:00;47.26;;;;;;;;;
7474976;treatment;before visit;2022-12-06 23:59:59+00:00;53.59;;;;;;;;;
7474976;treatment;before visit;2022-12-07 23:59:59+00:00;53.07;;;;;;;;;
7474976;treatment;before visit;2022-12-08 23:59:59+00:00;46.74;;;;;;;;;
7474976;treatment;before visit;2022-12-09 23:59:59+00:00;49.19;;;;;;;;;
7474976;treatment;before visit;2022-12-10 23:59:59+00:00;55.26;;;;;;;;;
7474976;treatment;before visit;2022-12-11 23:59:59+00:00;64.56;;;;;;;;;
7474976;treatment;before visit;2022-12-12 23:59:59+00:00;83.12;;;;;;;;;
7474976;treatment;before visit;2022-12-13 23:59:59+00:00;91.06;;;;;;;;;
7474976;treatment;before visit;2022-12-14 23:59:59+00:00;66.37;;;;;;;;;
7474976;treatment;before visit;2022-12-15 23:59:59+00:00;52.37;;;;;;;;;
7474976;treatment;before visit;2022-12-16 23:59:59+00:00;58.59;;;;;;;;;
7474976;treatment;before visit;2022-12-17 23:59:59+00:00;67.79;;;;;;;;;
7474976;treatment;before visit;2022-12-18 23:59:59+00:00;66.26;;;;;;;;;
7474976;treatment;before visit;2022-12-19 23:59:59+00:00;58.46;;;;;;;;;
7474976;treatment;before visit;2022-12-20 23:59:59+00:00;49.1;;;;;;;;;
7474976;treatment;before visit;2022-12-21 23:59:59+00:00;42.19;;;;;;;;;
7474976;treatment;before visit;2022-12-22 23:59:59+00:00;34.81;;;;;;;;;
7474976;treatment;before visit;2022-12-23 23:59:59+00:00;31.54;;;;;;;;;
7474976;treatment;before visit;2022-12-24 23:59:59+00:00;31.77;;;;;;;;;
7474976;treatment;before visit;2022-12-25 23:59:59+00:00;33.8;;;;;;;;;
7474976;treatment;before visit;2022-12-26 23:59:59+00:00;37.69;;;;;;;;;
7474976;treatment;before visit;2022-12-27 23:59:59+00:00;39.99;;;;;;;;;
7474976;treatment;before visit;2022-12-28 23:59:59+00:00;45.06;;;;;;;;;
7474976;treatment;before visit;2022-12-29 23:59:59+00:00;33.35;;;;;;;;;
7474976;treatment;before visit;2022-12-30 23:59:59+00:00;35.83;;;;;;;;;
7474976;treatment;before visit;2022-12-31 23:59:59+00:00;31.29;;;;;;;;;
7474976;treatment;before visit;2023-01-01 23:59:59+00:00;35.95;;;;;;;;;
7474976;treatment;before visit;2023-01-02 23:59:59+00:00;32.56;;;;;;;;;
7474976;treatment;before visit;2023-01-03 23:59:59+00:00;33.64;;;;;;;;;
7474976;treatment;before visit;2023-01-04 23:59:59+00:00;37.27;;;;;;;;;
7474976;treatment;before visit;2023-01-05 23:59:59+00:00;31.54;;;;;;;;;
7474976;treatment;before visit;2023-01-06 23:59:59+00:00;35.0;;;;;;;;;
7474976;treatment;before visit;2023-01-07 23:59:59+00:00;41.41;;;;;;;;;
7474976;treatment;before visit;2023-01-08 23:59:59+00:00;44.13;;;;;;;;;
7474976;treatment;before visit;2023-01-09 23:59:59+00:00;39.9;;;;;;;;;
7474976;treatment;before visit;2023-01-10 23:59:59+00:00;38.11;;;;;;;;;
7474976;treatment;before visit;2023-01-11 23:59:59+00:00;36.57;;;;;;;;;
7474976;treatment;before visit;2023-01-12 23:59:59+00:00;39.36;;;;;;;;;
7474976;treatment;before visit;2023-01-13 23:59:59+00:00;40.75;;;;;;;;;
7474976;treatment;before visit;2023-01-14 23:59:59+00:00;38.29;;;;;;;;;
7474976;treatment;before visit;2023-01-15 23:59:59+00:00;41.51;;;;;;;;;
7474976;treatment;before visit;2023-01-16 23:59:59+00:00;51.89;;;;;;;;;
7474976;treatment;before visit;2023-01-17 23:59:59+00:00;57.18;;;;;;;;;
7474976;treatment;before visit;2023-01-18 23:59:59+00:00;63.74;;;;;;;;;
7474976;treatment;before visit;2023-01-19 23:59:59+00:00;72.11;;;;;;;;;
7474976;treatment;before visit;2023-01-20 23:59:59+00:00;92.0;;;;;;;;;
7474976;treatment;before visit;2023-01-21 23:59:59+00:00;75.1;;;;;;;;;
7474976;treatment;before visit;2023-01-22 23:59:59+00:00;62.18;;;;;;;;;
7474976;treatment;before visit;2023-01-23 23:59:59+00:00;61.96;;;;;;;;;
7474976;treatment;before visit;2023-01-24 23:59:59+00:00;64.48;;;;;;;;;
7474976;treatment;before visit;2023-01-25 23:59:59+00:00;53.76;;;;;;;;;
7474976;treatment;before visit;2023-01-26 23:59:59+00:00;55.71;;;;;;;;;
7474976;treatment;before visit;2023-01-27 23:59:59+00:00;56.46;;;;;;;;;
7474976;treatment;before visit;2023-01-28 23:59:59+00:00;63.89;;;;;;;;;
7474976;treatment;before visit;2023-01-29 23:59:59+00:00;57.37;;;;;;;;;
7474976;treatment;before visit;2023-01-30 23:59:59+00:00;60.3;;;;;;;;;
7474976;treatment;before visit;2023-01-31 23:59:59+00:00;57.92;;;;;;;;;
7474976;treatment;before visit;2023-02-01 23:59:59+00:00;49.95;;;;;;;;;
7474976;treatment;before visit;2023-02-02 23:59:59+00:00;42.67;;;;;;;;;
7474976;treatment;before visit;2023-02-03 23:59:59+00:00;50.19;;;;;;;;;
7474976;treatment;before visit;2023-02-04 23:59:59+00:00;44.04;;;;;;;;;
7474976;treatment;before visit;2023-02-05 23:59:59+00:00;49.67;;;;;;;;;
7474976;treatment;before visit;2023-02-06 23:59:59+00:00;59.5;;;;;;;;;
7474976;treatment;before visit;2023-02-07 23:59:59+00:00;60.96;;;;;;;;;
7474976;treatment;before visit;2023-02-08 23:59:59+00:00;66.68;;;;;;;;;
7474976;treatment;before visit;2023-02-09 23:59:59+00:00;77.58;;;;;;;;;
7474976;treatment;before visit;2023-02-10 23:59:59+00:00;59.1;;;;;;;;;
7474976;treatment;before visit;2023-02-11 23:59:59+00:00;63.15;;;;;;;;;
7474976;treatment;before visit;2023-02-12 23:59:59+00:00;56.6;;;;;;;;;
7474976;treatment;before visit;2023-02-13 23:59:59+00:00;50.83;;;;;;;;;
7474976;treatment;before visit;2023-02-14 23:59:59+00:00;54.72;;;;;;;;;
7474976;treatment;before visit;2023-02-15 23:59:59+00:00;53.43;;;;;;;;;
7474976;treatment;before visit;2023-02-16 23:59:59+00:00;45.43;;;;;;;;;
7474976;treatment;before visit;2023-02-17 23:59:59+00:00;36.44;;;;;;;;;
7474976;treatment;before visit;2023-02-18 23:59:59+00:00;31.49;;;;;;;;;
7474976;treatment;before visit;2023-02-19 23:59:59+00:00;34.26;;;;;;;;;
7474976;treatment;before visit;2023-02-20 23:59:59+00:00;31.92;;;;;;;;;
7474976;treatment;before visit;2023-02-21 23:59:59+00:00;38.26;;;;;;;;;
7474976;treatment;before visit;2023-02-22 23:59:59+00:00;32.67;;;;;;;;;
7474976;treatment;before visit;2023-02-23 23:59:59+00:00;26.39;;;;;;;;;
7474976;treatment;before visit;2023-02-24 23:59:59+00:00;31.45;;;;;;;;;
7474976;treatment;before visit;2023-02-25 23:59:59+00:00;43.99;;;;;;;;;
7474976;treatment;before visit;2023-02-26 23:59:59+00:00;50.38;;;;;;;;;
7474976;treatment;before visit;2023-02-27 23:59:59+00:00;58.57;;;;;;;;;
7474976;treatment;before visit;2023-02-28 23:59:59+00:00;54.97;;;;;;;;;
7474976;treatment;before visit;2023-03-01 23:59:59+00:00;54.36;;;;;;;;;
7474976;treatment;before visit;2023-03-02 23:59:59+00:00;45.17;;;;;;;;;
7474976;treatment;before visit;2023-03-03 23:59:59+00:00;45.04;;;;;;;;;
7474976;treatment;before visit;2023-03-04 23:59:59+00:00;45.9;;;;;;;;;
7474976;treatment;before visit;2023-03-05 23:59:59+00:00;46.84;;;;;;;;;
7474976;treatment;before visit;2023-03-06 23:59:59+00:00;49.8;;;;;;;;;
7474976;treatment;before visit;2023-03-07 23:59:59+00:00;41.96;;;;;;;;;
7474976;treatment;before visit;2023-03-08 23:59:59+00:00;39.25;;;;;;;;;
7474976;treatment;before visit;2023-03-09 23:59:59+00:00;30.74;;;;;;;;;
7474976;treatment;before visit;2023-03-10 23:59:59+00:00;33.7;;;;;;;;;
7474976;treatment;before visit;2023-03-11 23:59:59+00:00;47.54;;;;;;;;;
7474976;treatment;before visit;2023-03-12 23:59:59+00:00;45.66;;;;;;;;;
7474976;treatment;before visit;2023-03-13 23:59:59+00:00;27.17;;;;;;;;;
7474976;treatment;before visit;2023-03-14 23:59:59+00:00;33.68;;;;;;;;;
7474976;treatment;before visit;2023-03-15 23:59:59+00:00;38.54;;;;;;;;;
7474976;treatment;before visit;2023-03-16 23:59:59+00:00;41.46;;;;;;;;;
7474976;treatment;before visit;2023-03-17 23:59:59+00:00;33.13;;;;;;;;;
7474976;treatment;before visit;2023-03-18 23:59:59+00:00;27.82;;;;;;;;;
7474976;treatment;before visit;2023-03-19 23:59:59+00:00;27.43;;;;;;;;;
7474976;treatment;before visit;2023-03-20 23:59:59+00:00;31.28;;;;;;;;;
7474976;treatment;before visit;2023-03-21 23:59:59+00:00;32.92;;;;;;;;;
7474976;treatment;before visit;2023-03-22 23:59:59+00:00;25.65;;;;;;;;;
7474976;treatment;before visit;2023-03-23 23:59:59+00:00;22.71;;;;;;;;;
7474976;treatment;before visit;2023-03-24 23:59:59+00:00;26.91;;;;;;;;;
7474976;treatment;before visit;2023-03-25 23:59:59+00:00;30.17;;;;;;;;;
7474976;treatment;before visit;2023-03-26 23:59:59+00:00;31.11;;;;;;;;;
7474976;treatment;before visit;2023-03-27 23:59:59+00:00;37.15;;;;;;;;;
7474976;treatment;before visit;2023-03-28 23:59:59+00:00;36.28;;;;;;;;;
7474976;treatment;before visit;2023-03-29 23:59:59+00:00;28.98;;;;;;;;;
7474976;treatment;before visit;2023-03-30 23:59:59+00:00;26.73;;;;;;;;;
7474976;treatment;before visit;2023-03-31 23:59:59+00:00;26.04;;;;;;;;;
7474976;treatment;before visit;2023-04-01 23:59:59+00:00;31.81;;;;;;;;;
7474976;treatment;before visit;2023-04-02 23:59:59+00:00;29.95;;;;;;;;;
7474976;treatment;before visit;2023-04-03 23:59:59+00:00;40.72;;;;;;;;;
7474976;treatment;before visit;2023-04-04 23:59:59+00:00;42.6;;;;;;;;;
7474976;treatment;before visit;2023-04-05 23:59:59+00:00;38.1;;;;;;;;;
7474976;treatment;before visit;2023-04-06 23:59:59+00:00;39.28;;;;;;;;;
7474976;treatment;before visit;2023-04-07 23:59:59+00:00;30.23;;;;;;;;;
7474976;treatment;before visit;2023-04-08 23:59:59+00:00;41.86;;;;;;;;;
7474976;treatment;before visit;2023-04-09 23:59:59+00:00;30.49;;;;;;;;;
7474976;treatment;before visit;2023-04-10 23:59:59+00:00;25.32;;;;;;;;;
7474976;treatment;before visit;2023-04-11 23:59:59+00:00;29.43;;;;;;;;;
7474976;treatment;before visit;2023-04-12 23:59:59+00:00;25.12;;;;;;;;;
7474976;treatment;before visit;2023-04-13 23:59:59+00:00;34.82;;;;;;;;;
7474976;treatment;before visit;2023-04-14 23:59:59+00:00;33.51;;;;;;;;;
7474976;treatment;before visit;2023-04-15 23:59:59+00:00;30.04;;;;;;;;;
7474976;treatment;before visit;2023-04-16 23:59:59+00:00;35.21;;;;;;;;;
7474976;treatment;before visit;2023-04-17 23:59:59+00:00;29.42;;;;;;;;;
7474976;treatment;before visit;2023-04-18 23:59:59+00:00;26.11;;;;;;;;;
7474976;treatment;before visit;2023-04-19 23:59:59+00:00;29.13;;;;;;;;;
7474976;treatment;before visit;2023-04-20 23:59:59+00:00;34.71;;;;;;;;;
7474976;treatment;before visit;2023-04-21 23:59:59+00:00;29.32;;;;;;;;;
7474976;treatment;before visit;2023-04-22 23:59:59+00:00;21.76;;;;;;;;;
7474976;treatment;before visit;2023-04-23 23:59:59+00:00;20.35;;;;;;;;;
7474976;treatment;before visit;2023-04-24 23:59:59+00:00;25.43;;;;;;;;;
7474976;treatment;before visit;2023-04-25 23:59:59+00:00;34.7;;;;;;;;;
7474976;treatment;before visit;2023-04-26 23:59:59+00:00;27.75;;;;;;;;;
7474976;treatment;before visit;2023-04-27 23:59:59+00:00;21.72;;;;;;;;;
7474976;treatment;before visit;2023-04-28 23:59:59+00:00;23.9;;;;;;;;;
7474976;treatment;before visit;2023-04-29 23:59:59+00:00;18.72;;;;;;;;;
7474976;treatment;before visit;2023-04-30 23:59:59+00:00;19.25;;;;;;;;;
7474976;treatment;before visit;2023-05-01 23:59:59+00:00;21.42;;;;;;;;;
7474976;treatment;before visit;2023-05-02 23:59:59+00:00;24.79;;;;;;;;;
7474976;treatment;before visit;2023-05-03 23:59:59+00:00;22.87;;;;;;;;;
7474976;treatment;before visit;2023-05-04 23:59:59+00:00;18.39;;;;;;;;;
7474976;treatment;before visit;2023-05-05 23:59:59+00:00;20.1;;;;;;;;;
7474976;treatment;before visit;2023-05-06 23:59:59+00:00;16.5;;;;;;;;;
7474976;treatment;before visit;2023-05-07 23:59:59+00:00;9.76;;;;;;;;;
7474976;treatment;before visit;2023-05-08 23:59:59+00:00;15.28;;;;;;;;;
7474976;treatment;before visit;2023-05-09 23:59:59+00:00;15.45;;;;;;;;;
7474976;treatment;before visit;2023-05-10 23:59:59+00:00;18.67;;;;;;;;;
7474976;treatment;before visit;2023-05-11 23:59:59+00:00;27.25;;;;;;;;;
7474976;treatment;before visit;2023-05-12 23:59:59+00:00;17.96;;;;;;;;;
7474976;treatment;before visit;2023-05-13 23:59:59+00:00;21.28;;;;;;;;;
7474976;treatment;before visit;2023-05-14 23:59:59+00:00;24.74;;;;;;;;;
7474976;treatment;before visit;2023-05-15 23:59:59+00:00;18.34;;;;;;;;;
7474976;treatment;before visit;2023-05-16 23:59:59+00:00;26.38;;;;;;;;;
7474976;treatment;before visit;2023-05-17 23:59:59+00:00;34.31;;;;;;;;;
7474976;treatment;before visit;2023-05-18 23:59:59+00:00;24.17;;;;;;;;;
7474976;treatment;before visit;2023-05-19 23:59:59+00:00;28.89;;;;;;;;;
7474976;treatment;before visit;2023-05-20 23:59:59+00:00;20.47;;;;;;;;;
7474976;treatment;before visit;2023-05-21 23:59:59+00:00;16.49;;;;;;;;;
7474976;treatment;before visit;2023-05-22 23:59:59+00:00;10.23;;;;;;;;;
7474976;treatment;before visit;2023-05-23 23:59:59+00:00;14.4;;;;;;;;;
7474976;treatment;before visit;2023-05-24 23:59:59+00:00;18.06;;;;;;;;;
7474976;treatment;before visit;2023-05-25 23:59:59+00:00;17.71;;;;;;;;;
7474976;treatment;before visit;2023-05-26 23:59:59+00:00;16.65;;;;;;;;;
7474976;treatment;before visit;2023-05-27 23:59:59+00:00;8.27;;;;;;;;;
7474976;treatment;before visit;2023-05-28 23:59:59+00:00;7.71;;;;;;;;;
7474976;treatment;before visit;2023-05-29 23:59:59+00:00;7.57;;;;;;;;;
7474976;treatment;before visit;2023-05-30 23:59:59+00:00;8.61;;;;;;;;;
7474976;treatment;before visit;2023-05-31 23:59:59+00:00;8.81;;;;;;;;;
7474976;treatment;before visit;2023-06-01 23:59:59+00:00;10.16;;;;;;;;;
7474976;treatment;before visit;2023-06-02 23:59:59+00:00;9.44;;;;;;;;;
7474976;treatment;before visit;2023-06-03 23:59:59+00:00;10.9;;;;;;;;;
7474976;treatment;before visit;2023-06-04 23:59:59+00:00;9.35;;;;;;;;;
7474976;treatment;before visit;2023-06-05 23:59:59+00:00;11.3;;;;;;;;;
7474976;treatment;before visit;2023-06-06 23:59:59+00:00;10.94;;;;;;;;;
7474976;treatment;before visit;2023-06-07 23:59:59+00:00;12.13;;;;;;;;;
7474976;treatment;before visit;2023-06-08 23:59:59+00:00;11.9;;;;;;;;;
7474976;treatment;before visit;2023-06-09 23:59:59+00:00;8.48;;;;;;;;;
7474976;treatment;before visit;2023-06-10 23:59:59+00:00;8.98;;;;;;;;;
7474976;treatment;before visit;2023-06-11 23:59:59+00:00;11.12;;;;;;;;;
7474976;treatment;before visit;2023-06-12 23:59:59+00:00;10.44;;;;;;;;;
7474976;treatment;before visit;2023-06-13 23:59:59+00:00;13.83;;;;;;;;;
7474976;treatment;before visit;2023-06-14 23:59:59+00:00;12.68;;;;;;;;;
7474976;treatment;before visit;2023-06-15 23:59:59+00:00;10.02;;;;;;;;;
7474976;treatment;before visit;2023-06-16 23:59:59+00:00;11.13;;;;;;;;;
7474976;treatment;before visit;2023-06-17 23:59:59+00:00;9.01;;;;;;;;;
7474976;treatment;before visit;2023-06-18 23:59:59+00:00;7.53;;;;;;;;;
7474976;treatment;before visit;2023-06-19 23:59:59+00:00;8.77;;;;;;;;;
7474976;treatment;before visit;2023-06-20 23:59:59+00:00;12.34;;;;;;;;;
7474976;treatment;before visit;2023-06-21 23:59:59+00:00;15.39;;;;;;;;;
7474976;treatment;before visit;2023-06-22 23:59:59+00:00;15.86;;;;;;;;;
7474976;treatment;before visit;2023-06-23 23:59:59+00:00;8.6;;;;;;;;;
7474976;treatment;before visit;2023-06-24 23:59:59+00:00;12.01;;;;;;;;;
7474976;treatment;before visit;2023-06-25 23:59:59+00:00;11.74;;;;;;;;;
7474976;treatment;before visit;2023-06-26 23:59:59+00:00;15.22;;;;;;;;;
7474976;treatment;before visit;2023-06-27 23:59:59+00:00;8.9;;;;;;;;;
7474976;treatment;before visit;2023-06-28 23:59:59+00:00;15.6;;;;;;;;;
7474976;treatment;before visit;2023-06-29 23:59:59+00:00;9.8;;;;;;;;;
7474976;treatment;before visit;2023-06-30 23:59:59+00:00;12.95;;;;;;;;;
7474976;treatment;before visit;2023-07-01 23:59:59+00:00;12.41;;;;;;;;;
7474976;treatment;before visit;2023-07-02 23:59:59+00:00;7.04;;;;;;;;;
7474976;treatment;before visit;2023-07-03 23:59:59+00:00;5.3;;;;;;;;;
7474976;treatment;before visit;2023-07-04 23:59:59+00:00;5.67;;;;;;;;;
7474976;treatment;before visit;2023-07-05 23:59:59+00:00;6.43;;;;;;;;;
7474976;treatment;before visit;2023-07-06 23:59:59+00:00;5.59;;;;;;;;;
7474976;treatment;before visit;2023-07-07 23:59:59+00:00;8.94;;;;;;;;;
7474976;treatment;before visit;2023-07-08 23:59:59+00:00;12.61;;;;;;;;;
7474976;treatment;before visit;2023-07-09 23:59:59+00:00;13.14;;;;;;;;;
7474976;treatment;before visit;2023-07-10 23:59:59+00:00;20.02;;;;;;;;;
7474976;treatment;before visit;2023-07-11 23:59:59+00:00;17.14;;;;;;;;;
7474976;treatment;before visit;2023-07-12 23:59:59+00:00;11.9;;;;;;;;;
7474976;treatment;before visit;2023-07-13 23:59:59+00:00;9.43;;;;;;;;;
7474976;treatment;before visit;2023-07-14 23:59:59+00:00;12.83;;;;;;;;;
7474976;treatment;before visit;2023-07-15 23:59:59+00:00;17.17;;;;;;;;;
7474976;treatment;before visit;2023-07-16 23:59:59+00:00;7.82;;;;;;;;;
7474976;treatment;before visit;2023-07-17 23:59:59+00:00;12.12;;;;;;;;;
7474976;treatment;before visit;2023-07-18 23:59:59+00:00;13.88;;;;;;;;;
7474976;treatment;before visit;2023-07-19 23:59:59+00:00;15.79;;;;;;;;;
7474976;treatment;before visit;2023-07-20 23:59:59+00:00;13.48;;;;;;;;;
7474976;treatment;before visit;2023-07-21 23:59:59+00:00;11.92;;;;;;;;;
7474976;treatment;before visit;2023-07-22 23:59:59+00:00;9.1;;;;;;;;;
7474976;treatment;before visit;2023-07-23 23:59:59+00:00;12.19;;;;;;;;;
7474976;treatment;before visit;2023-07-24 23:59:59+00:00;12.0;;;;;;;;;
7474976;treatment;before visit;2023-07-25 23:59:59+00:00;13.03;;;;;;;;;
7474976;treatment;before visit;2023-07-26 23:59:59+00:00;13.28;;;;;;;;;
7474976;treatment;before visit;2023-07-27 23:59:59+00:00;9.54;;;;;;;;;
7474976;treatment;before visit;2023-07-28 23:59:59+00:00;8.33;;;;;;;;;
7474976;treatment;before visit;2023-07-29 23:59:59+00:00;12.38;;;;;;;;;
7474976;treatment;before visit;2023-07-30 23:59:59+00:00;10.39;;;;;;;;;
7474976;treatment;before visit;2023-07-31 23:59:59+00:00;11.19;;;;;;;;;
7474976;treatment;before visit;2023-08-01 23:59:59+00:00;8.35;;;;;;;;;
7474976;treatment;before visit;2023-08-02 23:59:59+00:00;12.78;;;;;;;;;
7474976;treatment;before visit;2023-08-03 23:59:59+00:00;13.47;;;;;;;;;
7474976;treatment;before visit;2023-08-04 23:59:59+00:00;10.57;;;;;;;;;
7474976;treatment;before visit;2023-08-05 23:59:59+00:00;14.81;;;;;;;;;
7474976;treatment;before visit;2023-08-06 23:59:59+00:00;13.9;;;;;;;;;
7474976;treatment;before visit;2023-08-07 23:59:59+00:00;14.53;;;;;;;;;
7474976;treatment;before visit;2023-08-08 23:59:59+00:00;13.03;;;;;;;;;
7474976;treatment;before visit;2023-08-09 23:59:59+00:00;16.08;;;;;;;;;
7474976;treatment;before visit;2023-08-10 23:59:59+00:00;8.3;;;;;;;;;
7474976;treatment;before visit;2023-08-11 23:59:59+00:00;10.66;;;;;;;;;
7474976;treatment;before visit;2023-08-12 23:59:59+00:00;9.82;;;;;;;;;
7474976;treatment;before visit;2023-08-13 23:59:59+00:00;11.84;;;;;;;;;
7474976;treatment;before visit;2023-08-14 23:59:59+00:00;13.37;;;;;;;;;
7474976;treatment;before visit;2023-08-15 23:59:59+00:00;14.29;;;;;;;;;
7474976;treatment;before visit;2023-08-16 23:59:59+00:00;16.72;;;;;;;;;
7474976;treatment;before visit;2023-08-17 23:59:59+00:00;11.82;;;;;;;;;
7474976;treatment;before visit;2023-08-18 23:59:59+00:00;13.1;;;;;;;;;
7474976;treatment;before visit;2023-08-19 23:59:59+00:00;11.91;;;;;;;;;
7474976;treatment;before visit;2023-08-20 23:59:59+00:00;16.2;;;;;;;;;
7474976;treatment;before visit;2023-08-21 23:59:59+00:00;6.27;;;;;;;;;
7474976;treatment;before visit;2023-08-22 23:59:59+00:00;5.44;;;;;;;;;
7474976;treatment;before visit;2023-08-23 23:59:59+00:00;6.19;;;;;;;;;
7474976;treatment;before visit;2023-08-24 23:59:59+00:00;5.33;;;;;;;;;
7474976;treatment;before visit;2023-08-25 23:59:59+00:00;11.53;;;;;;;;;
7474976;treatment;before visit;2023-08-26 23:59:59+00:00;10.4;;;;;;;;;
7474976;treatment;before visit;2023-08-27 23:59:59+00:00;9.48;;;;;;;;;
7474976;treatment;before visit;2023-08-28 23:59:59+00:00;17.94;;;;;;;;;
7474976;treatment;before visit;2023-08-29 23:59:59+00:00;19.79;;;;;;;;;
7474976;treatment;before visit;2023-08-30 23:59:59+00:00;17.29;;;;;;;;;
7474976;treatment;before visit;2023-08-31 23:59:59+00:00;14.65;;;;;;;;;
7474976;treatment;before visit;2023-09-01 23:59:59+00:00;13.9;;;;;;;;;
7474976;treatment;before visit;2023-09-02 23:59:59+00:00;10.51;;;;;;;;;
7474976;treatment;before visit;2023-09-03 23:59:59+00:00;9.82;;;;;;;;;
7474976;treatment;before visit;2023-09-04 23:59:59+00:00;10.92;;;;;;;;;
7474976;treatment;before visit;2023-09-05 23:59:59+00:00;10.0;;;;;;;;;
7474976;treatment;before visit;2023-09-06 23:59:59+00:00;7.3;;;;;;;;;
7474976;treatment;before visit;2023-09-07 23:59:59+00:00;5.78;;;;;;;;;
7474976;treatment;before visit;2023-09-08 23:59:59+00:00;5.54;;;;;;;;;
7474976;treatment;before visit;2023-09-09 23:59:59+00:00;10.3;;;;;;;;;
7474976;treatment;before visit;2023-09-10 23:59:59+00:00;12.06;;;;;;;;;
7474976;treatment;before visit;2023-09-11 23:59:59+00:00;13.96;;;;;;;;;
7474976;treatment;before visit;2023-09-12 23:59:59+00:00;11.97;;;;;;;;;
7474976;treatment;before visit;2023-09-13 23:59:59+00:00;9.89;;;;;;;;;
7474976;treatment;before visit;2023-09-14 23:59:59+00:00;12.03;;;;;;;;;
7474976;treatment;before visit;2023-09-15 23:59:59+00:00;13.71;;;;;;;;;
7474976;treatment;before visit;2023-09-16 23:59:59+00:00;9.26;;;;;;;;;
7474976;treatment;before visit;2023-09-17 23:59:59+00:00;9.72;;;;;;;;;
7474976;treatment;before visit;2023-09-18 23:59:59+00:00;11.04;;;;;;;;;
7474976;treatment;before visit;2023-09-19 23:59:59+00:00;12.92;;;;;;;;;
7474976;treatment;before visit;2023-09-20 23:59:59+00:00;11.77;;;;;;;;;
7474976;treatment;before visit;2023-09-21 23:59:59+00:00;15.44;;;;;;;;;
7474976;treatment;before visit;2023-09-22 23:59:59+00:00;14.76;;;;;;;;;
7474976;treatment;before visit;2023-09-23 23:59:59+00:00;17.68;;;;;;;;;
7474976;treatment;before visit;2023-09-24 23:59:59+00:00;13.46;;;;;;;;;
7474976;treatment;before visit;2023-09-25 23:59:59+00:00;19.06;;;;;;;;;
7474976;treatment;before visit;2023-09-26 23:59:59+00:00;15.18;;;;;;;;;
7474976;treatment;before visit;2023-09-27 23:59:59+00:00;15.84;;;;;;;;;
7474976;treatment;before visit;2023-09-28 23:59:59+00:00;14.21;;;;;;;;;
7474976;treatment;before visit;2023-09-29 23:59:59+00:00;13.06;;;;;;;;;
7474976;treatment;before visit;2023-09-30 23:59:59+00:00;10.91;;;;;;;;;
7474976;treatment;before visit;2023-10-01 23:59:59+00:00;11.3;;;;;;;;;
7474976;treatment;before visit;2023-10-02 23:59:59+00:00;17.75;;;;;;;;;
7474976;treatment;before visit;2023-10-03 23:59:59+00:00;11.41;;;;;;;;;
7474976;treatment;before visit;2023-10-04 23:59:59+00:00;14.63;;;;;;;;;
7474976;treatment;before visit;2023-10-05 23:59:59+00:00;17.16;;;;;;;;;
7474976;treatment;before visit;2023-10-06 23:59:59+00:00;18.52;;;;;;;;;
7474976;treatment;before visit;2023-10-07 23:59:59+00:00;16.76;;;;;;;;;
7474976;treatment;before visit;2023-10-08 23:59:59+00:00;15.0;;;;;;;;;
7474976;treatment;before visit;2023-10-09 23:59:59+00:00;13.29;;;;;;;;;
7474976;treatment;before visit;2023-10-10 23:59:59+00:00;10.05;;;;;;;;;
7474976;treatment;before visit;2023-10-11 23:59:59+00:00;10.11;;;;;;;;;
7474976;treatment;before visit;2023-10-12 23:59:59+00:00;9.82;;;;;;;;;
7474976;treatment;before visit;2023-10-13 23:59:59+00:00;15.31;;;;;;;;;
7474976;treatment;before visit;2023-10-14 23:59:59+00:00;18.59;;;;;;;;;
7474976;treatment;before visit;2023-10-15 23:59:59+00:00;21.88;;;;;;;;;
7474976;treatment;before visit;2023-10-16 23:59:59+00:00;31.85;;;;;;;;;
7474976;treatment;before visit;2023-10-17 23:59:59+00:00;33.83;;;;;;;;;
7474976;treatment;before visit;2023-10-18 23:59:59+00:00;28.76;;;;;;;;;
7474976;treatment;before visit;2023-10-19 23:59:59+00:00;19.49;;;;;;;;;
7474976;treatment;before visit;2023-10-20 23:59:59+00:00;19.88;;;;;;;;;
7474976;treatment;before visit;2023-10-21 23:59:59+00:00;21.62;;;;;;;;;
7474976;treatment;before visit;2023-10-22 23:59:59+00:00;27.05;;;;;;;;;
7474976;treatment;before visit;2023-10-23 23:59:59+00:00;26.11;;;;;;;;;
7474976;treatment;before visit;2023-10-24 23:59:59+00:00;25.6;;;;;;;;;
7474976;treatment;before visit;2023-10-25 23:59:59+00:00;27.02;;;;;;;;;
7474976;treatment;before visit;2023-10-26 23:59:59+00:00;22.51;;;;;;;;;
7474976;treatment;before visit;2023-10-27 23:59:59+00:00;24.57;;;;;;;;;
7474976;treatment;before visit;2023-10-28 23:59:59+00:00;26.26;;;;;;;;;
7474976;treatment;before visit;2023-10-29 23:59:59+00:00;22.79;;;;;;;;;
7474976;treatment;before visit;2023-10-30 23:59:59+00:00;30.88;;;;;;;;;
7474976;treatment;before visit;2023-10-31 23:59:59+00:00;30.91;;;;;;;;;
7474976;treatment;before visit;2023-11-01 23:59:59+00:00;31.4;;;;;;;;;
7474976;treatment;before visit;2023-11-02 23:59:59+00:00;35.95;;;;;;;;;
7474976;treatment;before visit;2023-11-03 23:59:59+00:00;35.51;;;;;;;;;
7474976;treatment;before visit;2023-11-04 23:59:59+00:00;40.34;;;;;;;;;
7474976;treatment;before visit;2023-11-05 23:59:59+00:00;26.98;;;;;;;;;
7474976;treatment;before visit;2023-11-06 23:59:59+00:00;28.1;;;;;;;;;
7474976;treatment;before visit;2023-11-07 23:59:59+00:00;32.8;;;;;;;;;
7474976;treatment;before visit;2023-11-08 23:59:59+00:00;39.68;;;;;;;;;
7474976;treatment;before visit;2023-11-09 23:59:59+00:00;40.36;;;;;;;;;
7474976;treatment;before visit;2023-11-10 23:59:59+00:00;36.36;;;;;;;;;
7474976;treatment;before visit;2023-11-11 23:59:59+00:00;40.48;;;;;;;;;
7474976;treatment;before visit;2023-11-12 23:59:59+00:00;43.63;;;;;;;;;
7474976;treatment;before visit;2023-11-13 23:59:59+00:00;30.1;;;;;;;;;
7474976;treatment;before visit;2023-11-14 23:59:59+00:00;33.81;;;;;;;;;
7474976;treatment;before visit;2023-11-15 23:59:59+00:00;30.5;;;;;;;;;
7474976;treatment;before visit;2023-11-16 23:59:59+00:00;35.79;;;;;;;;;
7474976;treatment;before visit;2023-11-17 23:59:59+00:00;36.48;;;;;;;;;
7474976;treatment;before visit;2023-11-18 23:59:59+00:00;41.7;;;;;;;;;
7474976;treatment;before visit;2023-11-19 23:59:59+00:00;31.74;;;;;;;;;
7474976;treatment;before visit;2023-11-20 23:59:59+00:00;28.48;;;;;;;;;
7474976;treatment;during visit;2023-11-21 23:59:59+00:00;31.99;;;;;;;;;
7474976;treatment;after visit;2023-11-22 23:59:59+00:00;33.94;;;;;;;;;
7474976;treatment;after visit;2023-11-23 23:59:59+00:00;34.6;;;;;;;;;
7474976;treatment;after visit;2023-11-24 23:59:59+00:00;39.1;;;;;;;;;
7474976;treatment;after visit;2023-11-25 23:59:59+00:00;45.74;;;;;;;;;
7474976;treatment;after visit;2023-11-26 23:59:59+00:00;41.29;;;;;;;;;
7474976;treatment;after visit;2023-11-27 23:59:59+00:00;42.99;;;;;;;;;
7474976;treatment;after visit;2023-11-28 23:59:59+00:00;54.35;;;;;;;;;
7474976;treatment;after visit;2023-11-29 23:59:59+00:00;44.74;;;;;;;;;
7474976;treatment;after visit;2023-11-30 23:59:59+00:00;57.98;;;;;;;;;
7474976;treatment;after visit;2023-12-01 23:59:59+00:00;41.73;;;;;;;;;
7474976;treatment;after visit;2023-12-02 23:59:59+00:00;57.15;;;;;;;;;
7474976;treatment;after visit;2023-12-03 23:59:59+00:00;66.57;;;;;;;;;
7474976;treatment;after visit;2023-12-04 23:59:59+00:00;72.0;;;;;;;;;
7474976;treatment;after visit;2023-12-05 23:59:59+00:00;57.64;;;;;;;;;
7474976;treatment;after visit;2023-12-06 23:59:59+00:00;49.45;;;;;;;;;
7474976;treatment;after visit;2023-12-07 23:59:59+00:00;52.47;;;;;;;;;
7474976;treatment;after visit;2023-12-08 23:59:59+00:00;45.57;;;;;;;;;
7474976;treatment;after visit;2023-12-09 23:59:59+00:00;48.07;;;;;;;;;
7474976;treatment;after visit;2023-12-10 23:59:59+00:00;31.81;;;;;;;;;
7474976;treatment;after visit;2023-12-11 23:59:59+00:00;40.35;;;;;;;;;
7474976;treatment;after visit;2023-12-12 23:59:59+00:00;32.66;;;;;;;;;
7474976;treatment;after visit;2023-12-13 23:59:59+00:00;33.9;;;;;;;;;
7474976;treatment;after visit;2023-12-14 23:59:59+00:00;32.67;;;;;;;;;
7474976;treatment;after visit;2023-12-15 23:59:59+00:00;37.3;;;;;;;;;
7474976;treatment;after visit;2023-12-16 23:59:59+00:00;63.07;;;;;;;;;
7474976;treatment;after visit;2023-12-17 23:59:59+00:00;51.37;;;;;;;;;
7474976;treatment;after visit;2023-12-18 23:59:59+00:00;49.42;;;;;;;;;
7474976;treatment;after visit;2023-12-19 23:59:59+00:00;56.22;;;;;;;;;
7474976;treatment;after visit;2023-12-20 23:59:59+00:00;51.98;;;;;;;;;
7474976;treatment;after visit;2023-12-21 23:59:59+00:00;39.63;;;;;;;;;
7474976;treatment;after visit;2023-12-22 23:59:59+00:00;41.03;;;;;;;;;
7474976;treatment;after visit;2023-12-23 23:59:59+00:00;36.77;;;;;;;;;
7474976;treatment;after visit;2023-12-24 23:59:59+00:00;29.68;;;;;;;;;
7474976;treatment;after visit;2023-12-25 23:59:59+00:00;31.82;;;;;;;;;
7474976;treatment;after visit;2023-12-26 23:59:59+00:00;48.13;;;;;;;;;
7474976;treatment;after visit;2023-12-27 23:59:59+00:00;51.31;;;;;;;;;
7474976;treatment;after visit;2023-12-28 23:59:59+00:00;47.63;;;;;;;;;
7474976;treatment;after visit;2023-12-29 23:59:59+00:00;39.11;;;;;;;;;
7474976;treatment;after visit;2023-12-30 23:59:59+00:00;34.84;;;;;;;;;
7474976;treatment;after visit;2023-12-31 23:59:59+00:00;36.95;;;;;;;;;
7474976;treatment;after visit;2024-01-01 23:59:59+00:00;43.81;;;;;;;;;
7474976;treatment;after visit;2024-01-02 23:59:59+00:00;38.85;;;;;;;;;
7474976;treatment;after visit;2024-01-03 23:59:59+00:00;30.18;;;;;;;;;
7474976;treatment;after visit;2024-01-04 23:59:59+00:00;49.03;;;;;;;;;
7474976;treatment;after visit;2024-01-05 23:59:59+00:00;59.55;;;;;;;;;
7474976;treatment;after visit;2024-01-06 23:59:59+00:00;42.23;;;;;;;;;
7474976;treatment;after visit;2024-01-07 23:59:59+00:00;44.47;;;;;;;;;
7474976;treatment;after visit;2024-01-08 23:59:59+00:00;69.33;;;;;;;;;
7474976;treatment;after visit;2024-01-09 23:59:59+00:00;56.45;;;;;;;;;
7474976;treatment;after visit;2024-01-10 23:59:59+00:00;56.61;;;;;;;;;
7474976;treatment;after visit;2024-01-11 23:59:59+00:00;52.78;;;;;;;;;
7474976;treatment;after visit;2024-01-12 23:59:59+00:00;59.35;;;;;;;;;
7474976;treatment;after visit;2024-01-13 23:59:59+00:00;62.06;;;;;;;;;
7474976;treatment;after visit;2024-01-14 23:59:59+00:00;63.51;;;;;;;;;
7474976;treatment;after visit;2024-01-15 23:59:59+00:00;63.32;;;;;;;;;
7474976;treatment;after visit;2024-01-16 23:59:59+00:00;62.38;;;;;;;;;
7474976;treatment;after visit;2024-01-17 23:59:59+00:00;50.88;;;;;;;;;
7474976;treatment;after visit;2024-01-18 23:59:59+00:00;40.48;;;;;;;;;
7474976;treatment;after visit;2024-01-19 23:59:59+00:00;69.19;;;;;;;;;
7474976;treatment;after visit;2024-01-20 23:59:59+00:00;70.67;;;;;;;;;
7474976;treatment;after visit;2024-01-21 23:59:59+00:00;65.75;;;;;;;;;
7474976;treatment;after visit;2024-01-22 23:59:59+00:00;50.63;;;;;;;;;
7474976;treatment;after visit;2024-01-23 23:59:59+00:00;34.2;;;;;;;;;
7474976;treatment;after visit;2024-01-24 23:59:59+00:00;25.87;;;;;;;;;
7474976;treatment;after visit;2024-01-25 23:59:59+00:00;24.18;;;;;;;;;
7474976;treatment;after visit;2024-01-26 23:59:59+00:00;25.31;;;;;;;;;
7474976;treatment;after visit;2024-01-27 23:59:59+00:00;34.85;;;;;;;;;
7474976;treatment;after visit;2024-01-28 23:59:59+00:00;42.51;;;;;;;;;
7474976;treatment;after visit;2024-01-29 23:59:59+00:00;48.47;;;;;;;;;
7474976;treatment;after visit;2024-01-30 23:59:59+00:00;50.06;;;;;;;;;
7474976;treatment;after visit;2024-01-31 23:59:59+00:00;43.54;;;;;;;;;
7474976;treatment;after visit;2024-02-01 23:59:59+00:00;39.14;;;;;;;;;
7474976;treatment;after visit;2024-02-02 23:59:59+00:00;34.72;;;;;;;;;
7474976;treatment;after visit;2024-02-03 23:59:59+00:00;38.47;;;;;;;;;
7474976;treatment;after visit;2024-02-04 23:59:59+00:00;35.97;;;;;;;;;
7474976;treatment;after visit;2024-02-05 23:59:59+00:00;49.02;;;;;;;;;
7474976;treatment;after visit;2024-02-06 23:59:59+00:00;42.79;;;;;;;;;
7474976;treatment;after visit;2024-02-07 23:59:59+00:00;39.74;;;;;;;;;
7474976;treatment;after visit;2024-02-08 23:59:59+00:00;31.25;;;;;;;;;
7474976;treatment;after visit;2024-02-09 23:59:59+00:00;29.58;;;;;;;;;
7474976;treatment;after visit;2024-02-10 23:59:59+00:00;33.23;;;;;;;;;
7474976;treatment;after visit;2024-02-11 23:59:59+00:00;33.86;;;;;;;;;
7474976;treatment;after visit;2024-02-12 23:59:59+00:00;31.68;;;;;;;;;
7474976;treatment;after visit;2024-02-13 23:59:59+00:00;32.6;;;;;;;;;
7474976;treatment;after visit;2024-02-14 23:59:59+00:00;36.02;;;;;;;;;
7474976;treatment;after visit;2024-02-15 23:59:59+00:00;30.48;;;;;;;;;
7474976;treatment;after visit;2024-02-16 23:59:59+00:00;28.06;;;;;;;;;
7474976;treatment;after visit;2024-02-17 23:59:59+00:00;22.49;;;;;;;;;
7474976;treatment;after visit;2024-02-18 23:59:59+00:00;26.86;;;;;;;;;
7474976;treatment;after visit;2024-02-19 23:59:59+00:00;24.8;;;;;;;;;
7474976;treatment;after visit;2024-02-20 23:59:59+00:00;27.19;;;;;;;;;
7474976;treatment;after visit;2024-02-21 23:59:59+00:00;32.41;;;;;;;;;
7474976;treatment;after visit;2024-02-22 23:59:59+00:00;29.05;;;;;;;;;
7474976;treatment;after visit;2024-02-23 23:59:59+00:00;32.68;;;;;;;;;
7474976;treatment;after visit;2024-02-24 23:59:59+00:00;35.75;;;;;;;;;
7474976;treatment;after visit;2024-02-25 23:59:59+00:00;33.85;;;;;;;;;
7474976;treatment;after visit;2024-02-26 23:59:59+00:00;31.41;;;;;;;;;
7474976;treatment;after visit;2024-02-27 23:59:59+00:00;33.53;;;;;;;;;
7474976;treatment;after visit;2024-02-28 23:59:59+00:00;33.76;;;;;;;;;
7474976;treatment;after visit;2024-02-29 23:59:59+00:00;30.96;;;;;;;;;
7474976;treatment;after visit;2024-03-01 23:59:59+00:00;38.78;;;;;;;;;
7474976;treatment;after visit;2024-03-02 23:59:59+00:00;34.24;;;;;;;;;
7474976;treatment;after visit;2024-03-03 23:59:59+00:00;24.82;;;;;;;;;
7474976;treatment;after visit;2024-03-04 23:59:59+00:00;30.81;;;;;;;;;
7474976;treatment;after visit;2024-03-05 23:59:59+00:00;30.81;;;;;;;;;
7474976;treatment;after visit;2024-03-06 23:59:59+00:00;53.5;;;;;;;;;
7474976;treatment;after visit;2024-03-07 23:59:59+00:00;40.0;;;;;;;;;
7474976;treatment;after visit;2024-03-08 23:59:59+00:00;44.61;;;;;;;;;
7474976;treatment;after visit;2024-03-09 23:59:59+00:00;33.52;;;;;;;;;
7474976;treatment;after visit;2024-03-10 23:59:59+00:00;26.08;;;;;;;;;
7474976;treatment;after visit;2024-03-11 23:59:59+00:00;33.57;;;;;;;;;
7474976;treatment;after visit;2024-03-12 23:59:59+00:00;30.76;;;;;;;;;
7474976;treatment;after visit;2024-03-13 23:59:59+00:00;35.92;;;;;;;;;
7474976;treatment;after visit;2024-03-14 23:59:59+00:00;29.83;;;;;;;;;
7474976;treatment;after visit;2024-03-15 23:59:59+00:00;26.81;;;;;;;;;
7474976;treatment;after visit;2024-03-16 23:59:59+00:00;29.64;;;;;;;;;
7474976;treatment;after visit;2024-03-17 23:59:59+00:00;24.49;;;;;;;;;
7474976;treatment;after visit;2024-03-18 23:59:59+00:00;30.63;;;;;;;;;
7474976;treatment;after visit;2024-03-19 23:59:59+00:00;25.84;;;;;;;;;
7474976;treatment;after visit;2024-03-20 23:59:59+00:00;25.96;;;;;;;;;
