Household_ID;Group;AffectsTimePoint;Timestamp;kWh_received_Total;kWh_received_HeatPump;kWh_received_Other;kWh_returned_Total;kvarh_received_capacitive_Total;kvarh_received_capacitive_HeatPump;kvarh_received_capacitive_Other;kvarh_received_inductive_Total;kvarh_received_inductive_HeatPump;kvarh_received_inductive_Other
826780;treatment;before visit;2019-03-02 23:59:59+00:00;23.74;;;;1.48;;;17.24;;
826780;treatment;before visit;2019-03-03 23:59:59+00:00;15.83;;;;1.88;;;12.74;;
826780;treatment;before visit;2019-03-04 23:59:59+00:00;19.3;;;;1.76;;;16.94;;
826780;treatment;before visit;2019-03-05 23:59:59+00:00;26.99;;;;1.29;;;23.27;;
826780;treatment;before visit;2019-03-06 23:59:59+00:00;31.49;;;;0.63;;;24.4;;
826780;treatment;before visit;2019-03-07 23:59:59+00:00;31.3;;;;0.6;;;25.51;;
826780;treatment;before visit;2019-03-08 23:59:59+00:00;28.52;;;;0.99;;;20.87;;
826780;treatment;before visit;2019-03-09 23:59:59+00:00;21.81;;;;1.14;;;17.42;;
826780;treatment;before visit;2019-03-10 23:59:59+00:00;20.44;;;;1.6;;;14.71;;
826780;treatment;before visit;2019-03-11 23:59:59+00:00;36.18;;;;0.52;;;30.46;;
826780;treatment;before visit;2019-03-12 23:59:59+00:00;29.89;;;;0.81;;;21.87;;
826780;treatment;before visit;2019-03-13 23:59:59+00:00;28.13;;;;1.32;;;21.18;;
826780;treatment;before visit;2019-03-14 23:59:59+00:00;27.89;;;;1.4;;;22.45;;
826780;treatment;before visit;2019-03-15 23:59:59+00:00;29.24;;;;1.46;;;20.68;;
826780;treatment;before visit;2019-03-16 23:59:59+00:00;26.16;;;;1.22;;;17.09;;
826780;treatment;before visit;2019-03-17 23:59:59+00:00;29.34;;;;0.89;;;20.9;;
826780;treatment;before visit;2019-03-18 23:59:59+00:00;31.32;;;;0.81;;;23.96;;
826780;treatment;before visit;2019-03-19 23:59:59+00:00;35.53;;;;0.49;;;28.79;;
826780;treatment;before visit;2019-03-20 23:59:59+00:00;30.02;;;;1.14;;;23.71;;
826780;treatment;before visit;2019-03-21 23:59:59+00:00;24.39;;;;1.45;;;19.0;;
826780;treatment;before visit;2019-03-22 23:59:59+00:00;28.53;;;;0.97;;;16.24;;
826780;treatment;before visit;2019-03-23 23:59:59+00:00;22.0;;;;1.33;;;15.34;;
826780;treatment;before visit;2019-03-24 23:59:59+00:00;20.71;;;;1.5;;;11.98;;
826780;treatment;before visit;2019-03-25 23:59:59+00:00;24.66;;;;0.76;;;17.95;;
826780;treatment;before visit;2019-03-26 23:59:59+00:00;27.88;;;;0.66;;;21.14;;
826780;treatment;before visit;2019-03-27 23:59:59+00:00;37.21;;;;0.5;;;27.36;;
826780;treatment;before visit;2019-03-28 23:59:59+00:00;18.39;;;;1.39;;;12.94;;
826780;treatment;before visit;2019-03-29 23:59:59+00:00;25.34;;;;0.94;;;18.71;;
826780;treatment;before visit;2019-03-30 23:59:59+00:00;18.96;;;;1.37;;;13.12;;
826780;treatment;before visit;2019-03-31 23:59:59+00:00;16.48;;;;1.37;;;10.73;;
826780;treatment;before visit;2019-04-01 23:59:59+00:00;21.29;;;;0.84;;;15.23;;
826780;treatment;before visit;2019-04-02 23:59:59+00:00;13.71;;;;1.52;;;8.68;;
826780;treatment;before visit;2019-04-03 23:59:59+00:00;19.64;;;;1.31;;;10.5;;
826780;treatment;before visit;2019-04-04 23:59:59+00:00;18.67;;;;0.98;;;14.22;;
826780;treatment;before visit;2019-04-05 23:59:59+00:00;28.1;;;;0.71;;;22.08;;
826780;treatment;before visit;2019-04-06 23:59:59+00:00;29.69;;;;0.84;;;23.24;;
826780;treatment;before visit;2019-04-07 23:59:59+00:00;20.22;;;;1.19;;;14.83;;
826780;treatment;before visit;2019-04-08 23:59:59+00:00;27.21;;;;0.57;;;20.83;;
826780;treatment;before visit;2019-04-09 23:59:59+00:00;24.57;;;;0.86;;;15.5;;
826780;treatment;before visit;2019-04-10 23:59:59+00:00;19.63;;;;1.23;;;12.98;;
826780;treatment;before visit;2019-04-11 23:59:59+00:00;19.64;;;;1.05;;;15.79;;
826780;treatment;before visit;2019-04-12 23:59:59+00:00;28.76;;;;0.63;;;20.32;;
826780;treatment;before visit;2019-04-13 23:59:59+00:00;26.51;;;;0.76;;;20.85;;
826780;treatment;before visit;2019-04-14 23:59:59+00:00;25.16;;;;1.24;;;18.83;;
826780;treatment;before visit;2019-04-15 23:59:59+00:00;21.81;;;;1.06;;;17.78;;
826780;treatment;before visit;2019-04-16 23:59:59+00:00;21.44;;;;0.57;;;16.56;;
826780;treatment;before visit;2019-04-17 23:59:59+00:00;15.73;;;;1.5;;;9.94;;
826780;treatment;before visit;2019-04-18 23:59:59+00:00;20.51;;;;0.67;;;13.67;;
826780;treatment;before visit;2019-04-19 23:59:59+00:00;11.81;;;;1.37;;;5.17;;
826780;treatment;before visit;2019-04-20 23:59:59+00:00;9.67;;;;1.29;;;6.1;;
826780;treatment;before visit;2019-04-21 23:59:59+00:00;6.92;;;;1.33;;;3.31;;
826780;treatment;before visit;2019-04-22 23:59:59+00:00;9.34;;;;1.26;;;5.72;;
826780;treatment;before visit;2019-04-23 23:59:59+00:00;6.65;;;;1.3;;;2.95;;
826780;treatment;before visit;2019-04-24 23:59:59+00:00;6.74;;;;1.34;;;3.05;;
826780;treatment;before visit;2019-04-25 23:59:59+00:00;17.07;;;;0.78;;;10.9;;
826780;treatment;before visit;2019-04-26 23:59:59+00:00;18.88;;;;0.69;;;12.45;;
826780;treatment;before visit;2019-04-27 23:59:59+00:00;28.51;;;;0.15;;;20.58;;
826780;treatment;before visit;2019-04-28 23:59:59+00:00;26.97;;;;0.57;;;18.27;;
826780;treatment;before visit;2019-04-29 23:59:59+00:00;24.9;;;;0.56;;;17.95;;
826780;treatment;before visit;2019-04-30 23:59:59+00:00;22.11;;;;0.7;;;17.62;;
826780;treatment;before visit;2019-05-01 23:59:59+00:00;21.85;;;;0.72;;;15.29;;
826780;treatment;before visit;2019-05-02 23:59:59+00:00;11.1;;;;1.13;;;7.1;;
826780;treatment;before visit;2019-05-03 23:59:59+00:00;16.0;;;;1.02;;;10.42;;
826780;treatment;before visit;2019-05-04 23:59:59+00:00;15.72;;;;1.19;;;12.2;;
826780;treatment;before visit;2019-05-05 23:59:59+00:00;30.53;;;;0.67;;;22.57;;
826780;treatment;before visit;2019-05-06 23:59:59+00:00;30.11;;;;0.47;;;22.71;;
826780;treatment;before visit;2019-05-07 23:59:59+00:00;25.21;;;;0.54;;;20.78;;
826780;treatment;before visit;2019-05-08 23:59:59+00:00;23.12;;;;0.89;;;15.25;;
826780;treatment;before visit;2019-05-09 23:59:59+00:00;16.97;;;;1.0;;;12.95;;
826780;treatment;before visit;2019-05-10 23:59:59+00:00;20.43;;;;0.96;;;13.12;;
826780;treatment;before visit;2019-05-11 23:59:59+00:00;15.19;;;;1.14;;;10.69;;
826780;treatment;before visit;2019-05-12 23:59:59+00:00;19.65;;;;0.88;;;12.13;;
826780;treatment;before visit;2019-05-13 23:59:59+00:00;26.81;;;;0.46;;;22.44;;
826780;treatment;before visit;2019-05-14 23:59:59+00:00;20.37;;;;0.75;;;14.12;;
826780;treatment;before visit;2019-05-15 23:59:59+00:00;17.98;;;;1.01;;;11.65;;
826780;treatment;before visit;2019-05-16 23:59:59+00:00;28.55;;;;0.45;;;19.69;;
826780;treatment;before visit;2019-05-17 23:59:59+00:00;22.12;;;;0.46;;;16.07;;
826780;treatment;before visit;2019-05-18 23:59:59+00:00;16.26;;;;0.59;;;10.82;;
826780;treatment;before visit;2019-05-19 23:59:59+00:00;14.0;;;;1.43;;;4.59;;
826780;treatment;before visit;2019-05-20 23:59:59+00:00;22.51;;;;1.17;;;12.1;;
826780;treatment;before visit;2019-05-21 23:59:59+00:00;20.03;;;;0.81;;;14.15;;
826780;treatment;before visit;2019-05-22 23:59:59+00:00;16.65;;;;1.08;;;10.74;;
826780;treatment;before visit;2019-05-23 23:59:59+00:00;15.77;;;;0.94;;;10.24;;
826780;treatment;before visit;2019-05-24 23:59:59+00:00;14.87;;;;1.21;;;8.27;;
826780;treatment;before visit;2019-05-25 23:59:59+00:00;11.51;;;;1.16;;;4.08;;
826780;treatment;before visit;2019-05-26 23:59:59+00:00;10.23;;;;1.54;;;3.31;;
826780;treatment;before visit;2019-05-27 23:59:59+00:00;18.91;;;;0.78;;;11.06;;
826780;treatment;before visit;2019-05-28 23:59:59+00:00;13.62;;;;0.83;;;9.21;;
826780;treatment;before visit;2019-05-29 23:59:59+00:00;18.07;;;;1.3;;;9.85;;
826780;treatment;before visit;2019-05-30 23:59:59+00:00;17.65;;;;0.85;;;11.57;;
826780;treatment;before visit;2019-05-31 23:59:59+00:00;13.29;;;;0.98;;;7.57;;
826780;treatment;before visit;2019-06-01 23:59:59+00:00;6.98;;;;1.22;;;2.57;;
826780;treatment;before visit;2019-06-02 23:59:59+00:00;14.82;;;;0.84;;;7.19;;
826780;treatment;before visit;2019-06-03 23:59:59+00:00;20.71;;;;0.51;;;11.31;;
826780;treatment;before visit;2019-06-04 23:59:59+00:00;13.92;;;;0.84;;;8.53;;
826780;treatment;before visit;2019-06-05 23:59:59+00:00;16.03;;;;0.75;;;8.24;;
826780;treatment;before visit;2019-06-06 23:59:59+00:00;10.82;;;;1.08;;;6.04;;
826780;treatment;before visit;2019-06-07 23:59:59+00:00;11.33;;;;1.46;;;4.57;;
826780;treatment;before visit;2019-06-08 23:59:59+00:00;10.25;;;;1.39;;;3.75;;
826780;treatment;before visit;2019-06-09 23:59:59+00:00;11.66;;;;1.43;;;2.24;;
826780;treatment;before visit;2019-06-10 23:59:59+00:00;13.33;;;;1.37;;;7.39;;
826780;treatment;before visit;2019-06-11 23:59:59+00:00;22.37;;;;0.43;;;13.77;;
826780;treatment;before visit;2019-06-12 23:59:59+00:00;28.15;;;;0.25;;;14.56;;
826780;treatment;before visit;2019-06-13 23:59:59+00:00;17.91;;;;0.46;;;8.39;;
826780;treatment;before visit;2019-06-14 23:59:59+00:00;18.88;;;;0.31;;;9.16;;
826780;treatment;before visit;2019-06-15 23:59:59+00:00;11.79;;;;0.99;;;2.61;;
826780;treatment;before visit;2019-06-16 23:59:59+00:00;10.54;;;;1.68;;;5.48;;
826780;treatment;before visit;2019-06-17 23:59:59+00:00;20.28;;;;0.52;;;9.71;;
826780;treatment;before visit;2019-06-18 23:59:59+00:00;12.96;;;;0.97;;;6.01;;
826780;treatment;before visit;2019-06-19 23:59:59+00:00;20.04;;;;0.73;;;11.42;;
826780;treatment;before visit;2019-06-20 23:59:59+00:00;14.05;;;;0.55;;;5.3;;
826780;treatment;before visit;2019-06-21 23:59:59+00:00;16.04;;;;0.44;;;6.36;;
826780;treatment;before visit;2019-06-22 23:59:59+00:00;16.11;;;;0.63;;;4.98;;
826780;treatment;before visit;2019-06-23 23:59:59+00:00;12.88;;;;0.9;;;4.53;;
826780;treatment;before visit;2019-06-24 23:59:59+00:00;24.57;;;;0.4;;;10.9;;
826780;treatment;before visit;2019-06-25 23:59:59+00:00;25.06;;;;0.34;;;8.36;;
826780;treatment;before visit;2019-06-26 23:59:59+00:00;31.34;;;;0.45;;;10.58;;
826780;treatment;before visit;2019-06-27 23:59:59+00:00;32.38;;;;0.52;;;10.8;;
826780;treatment;before visit;2019-06-28 23:59:59+00:00;31.26;;;;0.06;;;6.77;;
826780;treatment;before visit;2019-06-29 23:59:59+00:00;27.79;;;;0.05;;;5.36;;
826780;treatment;before visit;2019-06-30 23:59:59+00:00;29.76;;;;0.07;;;7.63;;
826780;treatment;before visit;2019-07-01 23:59:59+00:00;46.49;;;;;;;17.52;;
826780;treatment;before visit;2019-07-02 23:59:59+00:00;32.55;;;;0.09;;;10.66;;
826780;treatment;before visit;2019-07-03 23:59:59+00:00;24.0;;;;0.37;;;7.47;;
826780;treatment;before visit;2019-07-04 23:59:59+00:00;16.09;;;;0.37;;;2.91;;
826780;treatment;before visit;2019-07-05 23:59:59+00:00;19.9;;;;0.28;;;5.45;;
826780;treatment;before visit;2019-07-06 23:59:59+00:00;15.71;;;;0.54;;;4.3;;
826780;treatment;before visit;2019-07-07 23:59:59+00:00;15.41;;;;0.45;;;3.66;;
826780;treatment;before visit;2019-07-08 23:59:59+00:00;8.72;;;;1.32;;;2.99;;
826780;treatment;before visit;2019-07-09 23:59:59+00:00;21.51;;;;0.48;;;10.58;;
826780;treatment;before visit;2019-07-10 23:59:59+00:00;11.84;;;;0.68;;;4.48;;
826780;treatment;before visit;2019-07-11 23:59:59+00:00;15.5;;;;0.5;;;8.61;;
826780;treatment;before visit;2019-07-12 23:59:59+00:00;21.83;;;;0.5;;;12.14;;
826780;treatment;before visit;2019-07-13 23:59:59+00:00;15.01;;;;0.51;;;4.8;;
826780;treatment;before visit;2019-07-14 23:59:59+00:00;19.28;;;;0.62;;;7.58;;
826780;treatment;before visit;2019-07-15 23:59:59+00:00;16.68;;;;0.55;;;8.29;;
826780;treatment;before visit;2019-07-16 23:59:59+00:00;14.68;;;;0.61;;;6.32;;
826780;treatment;before visit;2019-07-17 23:59:59+00:00;22.16;;;;0.34;;;11.35;;
826780;treatment;before visit;2019-07-18 23:59:59+00:00;20.82;;;;0.5;;;11.64;;
826780;treatment;before visit;2019-07-19 23:59:59+00:00;13.42;;;;0.4;;;4.55;;
826780;treatment;before visit;2019-07-20 23:59:59+00:00;10.1;;;;0.68;;;2.48;;
826780;treatment;before visit;2019-07-21 23:59:59+00:00;6.89;;;;0.97;;;1.97;;
826780;treatment;before visit;2019-07-22 23:59:59+00:00;5.59;;;;1.35;;;2.0;;
826780;treatment;before visit;2019-07-23 23:59:59+00:00;5.61;;;;1.33;;;1.92;;
826780;treatment;before visit;2019-07-24 23:59:59+00:00;5.72;;;;1.32;;;1.94;;
826780;treatment;before visit;2019-07-25 23:59:59+00:00;5.77;;;;1.3;;;1.97;;
826780;treatment;before visit;2019-07-26 23:59:59+00:00;5.78;;;;1.29;;;1.9;;
826780;treatment;before visit;2019-07-27 23:59:59+00:00;5.76;;;;1.28;;;1.89;;
826780;treatment;before visit;2019-07-28 23:59:59+00:00;5.66;;;;1.32;;;1.96;;
826780;treatment;before visit;2019-07-29 23:59:59+00:00;5.58;;;;1.34;;;1.89;;
826780;treatment;before visit;2019-07-30 23:59:59+00:00;6.46;;;;1.32;;;2.88;;
826780;treatment;before visit;2019-07-31 23:59:59+00:00;6.61;;;;1.32;;;2.97;;
826780;treatment;before visit;2019-08-01 23:59:59+00:00;5.5;;;;1.37;;;1.91;;
826780;treatment;before visit;2019-08-02 23:59:59+00:00;5.49;;;;1.35;;;1.94;;
826780;treatment;before visit;2019-08-03 23:59:59+00:00;5.45;;;;1.36;;;1.91;;
826780;treatment;before visit;2019-08-04 23:59:59+00:00;5.52;;;;1.37;;;1.97;;
826780;treatment;before visit;2019-08-05 23:59:59+00:00;5.57;;;;1.34;;;1.97;;
826780;treatment;before visit;2019-08-06 23:59:59+00:00;17.15;;;;0.74;;;10.31;;
826780;treatment;before visit;2019-08-07 23:59:59+00:00;18.21;;;;0.37;;;8.63;;
826780;treatment;before visit;2019-08-08 23:59:59+00:00;12.85;;;;1.21;;;3.83;;
826780;treatment;before visit;2019-08-09 23:59:59+00:00;19.53;;;;0.72;;;9.05;;
826780;treatment;before visit;2019-08-10 23:59:59+00:00;19.78;;;;0.81;;;10.08;;
826780;treatment;before visit;2019-08-11 23:59:59+00:00;14.35;;;;1.48;;;3.84;;
826780;treatment;before visit;2019-08-12 23:59:59+00:00;9.66;;;;1.4;;;1.98;;
826780;treatment;before visit;2019-08-13 23:59:59+00:00;13.5;;;;1.55;;;5.49;;
826780;treatment;before visit;2019-08-14 23:59:59+00:00;17.13;;;;1.03;;;9.03;;
826780;treatment;before visit;2019-08-15 23:59:59+00:00;17.64;;;;0.55;;;10.26;;
826780;treatment;before visit;2019-08-16 23:59:59+00:00;6.83;;;;1.08;;;3.09;;
826780;treatment;before visit;2019-08-17 23:59:59+00:00;6.76;;;;1.08;;;1.86;;
826780;treatment;before visit;2019-08-18 23:59:59+00:00;10.57;;;;1.08;;;3.88;;
826780;treatment;before visit;2019-08-19 23:59:59+00:00;16.22;;;;0.76;;;8.77;;
826780;treatment;before visit;2019-08-20 23:59:59+00:00;21.19;;;;0.45;;;11.55;;
826780;treatment;before visit;2019-08-21 23:59:59+00:00;20.06;;;;0.41;;;10.82;;
826780;treatment;before visit;2019-08-22 23:59:59+00:00;13.19;;;;0.49;;;7.51;;
826780;treatment;before visit;2019-08-23 23:59:59+00:00;13.93;;;;0.8;;;5.03;;
826780;treatment;before visit;2019-08-24 23:59:59+00:00;8.33;;;;1.84;;;3.17;;
826780;treatment;before visit;2019-08-25 23:59:59+00:00;13.2;;;;1.32;;;4.53;;
826780;treatment;before visit;2019-08-26 23:59:59+00:00;17.29;;;;0.51;;;8.32;;
826780;treatment;before visit;2019-08-27 23:59:59+00:00;14.54;;;;0.68;;;8.89;;
826780;treatment;before visit;2019-08-28 23:59:59+00:00;19.3;;;;0.7;;;10.95;;
826780;treatment;before visit;2019-08-29 23:59:59+00:00;14.62;;;;0.7;;;9.27;;
826780;treatment;before visit;2019-08-30 23:59:59+00:00;11.68;;;;1.1;;;6.02;;
826780;treatment;before visit;2019-08-31 23:59:59+00:00;9.35;;;;1.59;;;4.4;;
826780;treatment;before visit;2019-09-01 23:59:59+00:00;21.15;;;;0.67;;;11.13;;
826780;treatment;before visit;2019-09-02 23:59:59+00:00;18.53;;;;0.95;;;9.8;;
826780;treatment;before visit;2019-09-03 23:59:59+00:00;17.88;;;;0.9;;;10.01;;
826780;treatment;before visit;2019-09-04 23:59:59+00:00;10.08;;;;1.76;;;4.13;;
826780;treatment;before visit;2019-09-05 23:59:59+00:00;9.31;;;;1.7;;;4.19;;
826780;treatment;before visit;2019-09-06 23:59:59+00:00;14.99;;;;1.1;;;8.47;;
826780;treatment;before visit;2019-09-07 23:59:59+00:00;12.24;;;;1.6;;;6.22;;
826780;treatment;before visit;2019-09-08 23:59:59+00:00;18.92;;;;1.44;;;8.06;;
826780;treatment;before visit;2019-09-09 23:59:59+00:00;19.58;;;;0.97;;;11.32;;
826780;treatment;before visit;2019-09-10 23:59:59+00:00;15.03;;;;1.19;;;7.72;;
826780;treatment;before visit;2019-09-11 23:59:59+00:00;15.11;;;;1.5;;;7.21;;
826780;treatment;before visit;2019-09-12 23:59:59+00:00;8.78;;;;1.31;;;4.52;;
826780;treatment;before visit;2019-09-13 23:59:59+00:00;10.15;;;;1.5;;;4.45;;
826780;treatment;before visit;2019-09-14 23:59:59+00:00;12.37;;;;1.33;;;3.78;;
826780;treatment;before visit;2019-09-15 23:59:59+00:00;6.8;;;;1.81;;;2.87;;
826780;treatment;before visit;2019-09-16 23:59:59+00:00;17.07;;;;0.95;;;8.73;;
826780;treatment;before visit;2019-09-17 23:59:59+00:00;13.76;;;;1.27;;;7.41;;
826780;treatment;before visit;2019-09-18 23:59:59+00:00;23.06;;;;0.8;;;12.2;;
826780;treatment;before visit;2019-09-19 23:59:59+00:00;9.72;;;;1.99;;;4.83;;
826780;treatment;before visit;2019-09-20 23:59:59+00:00;13.0;;;;1.53;;;6.76;;
826780;treatment;before visit;2019-09-21 23:59:59+00:00;12.72;;;;1.5;;;8.04;;
826780;treatment;before visit;2019-09-22 23:59:59+00:00;13.13;;;;1.89;;;5.47;;
826780;treatment;before visit;2019-09-23 23:59:59+00:00;21.67;;;;0.98;;;11.52;;
826780;treatment;before visit;2019-09-24 23:59:59+00:00;15.6;;;;1.36;;;10.49;;
826780;treatment;before visit;2019-09-25 23:59:59+00:00;15.69;;;;1.56;;;7.5;;
826780;treatment;before visit;2019-09-26 23:59:59+00:00;8.76;;;;2.37;;;3.89;;
826780;treatment;before visit;2019-09-27 23:59:59+00:00;10.17;;;;1.69;;;5.52;;
826780;treatment;before visit;2019-09-28 23:59:59+00:00;12.91;;;;1.37;;;6.71;;
826780;treatment;before visit;2019-09-29 23:59:59+00:00;15.62;;;;1.71;;;5.54;;
826780;treatment;before visit;2019-09-30 23:59:59+00:00;18.49;;;;1.12;;;9.99;;
826780;treatment;before visit;2019-10-01 23:59:59+00:00;9.25;;;;2.06;;;4.41;;
826780;treatment;before visit;2019-10-02 23:59:59+00:00;10.53;;;;1.97;;;3.74;;
826780;treatment;before visit;2019-10-03 23:59:59+00:00;19.52;;;;0.83;;;11.88;;
826780;treatment;before visit;2019-10-04 23:59:59+00:00;17.7;;;;1.13;;;10.57;;
826780;treatment;before visit;2019-10-05 23:59:59+00:00;21.92;;;;1.76;;;11.71;;
826780;treatment;before visit;2019-10-06 23:59:59+00:00;19.08;;;;1.98;;;10.33;;
826780;treatment;before visit;2019-10-07 23:59:59+00:00;17.6;;;;1.59;;;10.1;;
826780;treatment;before visit;2019-10-08 23:59:59+00:00;20.67;;;;0.97;;;14.35;;
826780;treatment;before visit;2019-10-09 23:59:59+00:00;23.24;;;;1.13;;;13.88;;
826780;treatment;before visit;2019-10-10 23:59:59+00:00;21.03;;;;0.85;;;14.05;;
826780;treatment;before visit;2019-10-11 23:59:59+00:00;22.2;;;;1.05;;;14.1;;
826780;treatment;before visit;2019-10-12 23:59:59+00:00;9.65;;;;1.74;;;5.09;;
826780;treatment;before visit;2019-10-13 23:59:59+00:00;9.6;;;;1.71;;;6.79;;
826780;treatment;before visit;2019-10-14 23:59:59+00:00;5.86;;;;1.82;;;2.76;;
826780;treatment;before visit;2019-10-15 23:59:59+00:00;11.75;;;;1.65;;;8.93;;
826780;treatment;before visit;2019-10-16 23:59:59+00:00;9.5;;;;1.68;;;6.49;;
826780;treatment;before visit;2019-10-17 23:59:59+00:00;12.04;;;;1.61;;;9.2;;
826780;treatment;before visit;2019-10-18 23:59:59+00:00;10.06;;;;1.67;;;7.36;;
826780;treatment;before visit;2019-10-19 23:59:59+00:00;20.59;;;;1.16;;;14.44;;
826780;treatment;before visit;2019-10-20 23:59:59+00:00;25.95;;;;0.38;;;18.91;;
826780;treatment;before visit;2019-10-21 23:59:59+00:00;17.77;;;;1.69;;;10.98;;
826780;treatment;before visit;2019-10-22 23:59:59+00:00;17.6;;;;2.07;;;11.0;;
826780;treatment;before visit;2019-10-23 23:59:59+00:00;18.67;;;;1.41;;;11.41;;
826780;treatment;before visit;2019-10-24 23:59:59+00:00;25.43;;;;0.88;;;17.54;;
826780;treatment;before visit;2019-10-25 23:59:59+00:00;12.41;;;;2.14;;;7.61;;
826780;treatment;before visit;2019-10-26 23:59:59+00:00;22.45;;;;1.08;;;14.28;;
826780;treatment;before visit;2019-10-27 23:59:59+00:00;17.43;;;;1.85;;;8.51;;
826780;treatment;before visit;2019-10-28 23:59:59+00:00;24.98;;;;1.03;;;14.81;;
826780;treatment;before visit;2019-10-29 23:59:59+00:00;26.81;;;;1.0;;;18.23;;
826780;treatment;before visit;2019-10-30 23:59:59+00:00;24.36;;;;1.38;;;16.14;;
826780;treatment;before visit;2019-10-31 23:59:59+00:00;26.75;;;;0.95;;;20.73;;
826780;treatment;before visit;2019-11-01 23:59:59+00:00;28.35;;;;1.22;;;20.84;;
826780;treatment;before visit;2019-11-02 23:59:59+00:00;23.17;;;;1.69;;;11.57;;
826780;treatment;before visit;2019-11-03 23:59:59+00:00;16.82;;;;1.91;;;7.44;;
826780;treatment;before visit;2019-11-04 23:59:59+00:00;20.15;;;;1.95;;;13.49;;
826780;treatment;before visit;2019-11-05 23:59:59+00:00;24.04;;;;1.12;;;16.29;;
826780;treatment;before visit;2019-11-06 23:59:59+00:00;27.31;;;;1.28;;;20.32;;
826780;treatment;before visit;2019-11-07 23:59:59+00:00;19.83;;;;1.28;;;14.58;;
826780;treatment;before visit;2019-11-08 23:59:59+00:00;32.45;;;;1.24;;;20.48;;
826780;treatment;before visit;2019-11-09 23:59:59+00:00;35.2;;;;0.75;;;21.2;;
826780;treatment;before visit;2019-11-10 23:59:59+00:00;29.8;;;;0.79;;;21.76;;
826780;treatment;before visit;2019-11-11 23:59:59+00:00;32.66;;;;0.83;;;25.13;;
826780;treatment;before visit;2019-11-12 23:59:59+00:00;31.35;;;;1.17;;;22.31;;
826780;treatment;before visit;2019-11-13 23:59:59+00:00;28.5;;;;1.5;;;18.67;;
826780;treatment;before visit;2019-11-14 23:59:59+00:00;22.05;;;;1.72;;;15.64;;
826780;treatment;before visit;2019-11-15 23:59:59+00:00;32.0;;;;1.42;;;21.76;;
826780;treatment;before visit;2019-11-16 23:59:59+00:00;23.09;;;;1.73;;;16.76;;
826780;treatment;before visit;2019-11-17 23:59:59+00:00;27.26;;;;1.73;;;16.92;;
826780;treatment;before visit;2019-11-18 23:59:59+00:00;29.04;;;;1.21;;;20.87;;
826780;treatment;before visit;2019-11-19 23:59:59+00:00;29.16;;;;1.2;;;21.31;;
826780;treatment;before visit;2019-11-20 23:59:59+00:00;36.63;;;;0.86;;;24.95;;
826780;treatment;before visit;2019-11-21 23:59:59+00:00;26.79;;;;1.73;;;16.8;;
826780;treatment;before visit;2019-11-22 23:59:59+00:00;28.41;;;;1.13;;;19.15;;
826780;treatment;before visit;2019-11-23 23:59:59+00:00;26.37;;;;1.06;;;18.66;;
826780;treatment;before visit;2019-11-24 23:59:59+00:00;23.55;;;;2.1;;;12.86;;
826780;treatment;before visit;2019-11-25 23:59:59+00:00;29.43;;;;1.16;;;20.01;;
826780;treatment;before visit;2019-11-26 23:59:59+00:00;23.41;;;;1.64;;;15.59;;
826780;treatment;before visit;2019-11-27 23:59:59+00:00;27.95;;;;1.24;;;19.0;;
826780;treatment;before visit;2019-11-28 23:59:59+00:00;20.57;;;;1.23;;;14.86;;
826780;treatment;before visit;2019-11-29 23:59:59+00:00;25.25;;;;1.59;;;19.18;;
826780;treatment;before visit;2019-11-30 23:59:59+00:00;21.49;;;;1.95;;;12.51;;
826780;treatment;before visit;2019-12-01 23:59:59+00:00;20.24;;;;1.74;;;13.37;;
826780;treatment;before visit;2019-12-02 23:59:59+00:00;29.58;;;;1.45;;;22.54;;
826780;treatment;before visit;2019-12-03 23:59:59+00:00;35.18;;;;0.96;;;27.53;;
826780;treatment;before visit;2019-12-04 23:59:59+00:00;32.11;;;;1.42;;;24.75;;
826780;treatment;before visit;2019-12-05 23:59:59+00:00;29.5;;;;1.55;;;22.4;;
826780;treatment;before visit;2019-12-06 23:59:59+00:00;35.23;;;;0.48;;;29.21;;
826780;treatment;before visit;2019-12-07 23:59:59+00:00;23.81;;;;1.37;;;14.67;;
826780;treatment;before visit;2019-12-08 23:59:59+00:00;25.61;;;;1.79;;;15.77;;
826780;treatment;before visit;2019-12-09 23:59:59+00:00;34.4;;;;0.95;;;23.37;;
826780;treatment;before visit;2019-12-10 23:59:59+00:00;36.29;;;;0.45;;;26.28;;
826780;treatment;before visit;2019-12-11 23:59:59+00:00;34.58;;;;1.28;;;26.15;;
826780;treatment;before visit;2019-12-12 23:59:59+00:00;32.33;;;;1.33;;;24.43;;
826780;treatment;before visit;2019-12-13 23:59:59+00:00;33.54;;;;0.57;;;28.44;;
826780;treatment;before visit;2019-12-14 23:59:59+00:00;35.84;;;;1.33;;;21.48;;
826780;treatment;before visit;2019-12-15 23:59:59+00:00;26.13;;;;1.83;;;17.59;;
826780;treatment;before visit;2019-12-16 23:59:59+00:00;33.4;;;;1.06;;;23.24;;
826780;treatment;before visit;2019-12-17 23:59:59+00:00;29.88;;;;1.47;;;21.37;;
826780;treatment;before visit;2019-12-18 23:59:59+00:00;32.42;;;;1.17;;;21.44;;
826780;treatment;before visit;2019-12-19 23:59:59+00:00;30.18;;;;1.25;;;22.41;;
826780;treatment;before visit;2019-12-20 23:59:59+00:00;26.22;;;;1.64;;;20.16;;
826780;treatment;before visit;2019-12-21 23:59:59+00:00;28.92;;;;1.42;;;21.15;;
826780;treatment;before visit;2019-12-22 23:59:59+00:00;29.93;;;;1.19;;;20.84;;
826780;treatment;before visit;2019-12-23 23:59:59+00:00;29.42;;;;1.52;;;23.32;;
826780;treatment;before visit;2019-12-24 23:59:59+00:00;25.15;;;;1.74;;;19.1;;
826780;treatment;before visit;2019-12-25 23:59:59+00:00;35.72;;;;0.89;;;24.55;;
826780;treatment;before visit;2019-12-26 23:59:59+00:00;37.58;;;;0.68;;;22.54;;
826780;treatment;before visit;2019-12-27 23:59:59+00:00;28.28;;;;1.38;;;18.52;;
826780;treatment;before visit;2019-12-28 23:59:59+00:00;36.51;;;;1.1;;;25.93;;
826780;treatment;before visit;2019-12-29 23:59:59+00:00;32.2;;;;1.65;;;21.07;;
826780;treatment;before visit;2019-12-30 23:59:59+00:00;33.9;;;;1.12;;;26.72;;
826780;treatment;before visit;2019-12-31 23:59:59+00:00;41.35;;;;0.18;;;31.16;;
826780;treatment;before visit;2020-01-01 23:59:59+00:00;43.82;;;;1.09;;;31.55;;
826780;treatment;before visit;2020-01-02 23:59:59+00:00;31.86;;;;1.24;;;27.12;;
826780;treatment;before visit;2020-01-03 23:59:59+00:00;35.88;;;;1.05;;;29.59;;
826780;treatment;before visit;2020-01-04 23:59:59+00:00;35.54;;;;1.5;;;25.0;;
826780;treatment;before visit;2020-01-05 23:59:59+00:00;32.48;;;;1.29;;;23.16;;
826780;treatment;before visit;2020-01-06 23:59:59+00:00;36.36;;;;0.86;;;29.04;;
826780;treatment;before visit;2020-01-07 23:59:59+00:00;44.36;;;;0.72;;;31.3;;
826780;treatment;before visit;2020-01-08 23:59:59+00:00;40.02;;;;0.91;;;27.7;;
826780;treatment;before visit;2020-01-09 23:59:59+00:00;31.64;;;;0.91;;;24.18;;
826780;treatment;before visit;2020-01-10 23:59:59+00:00;34.32;;;;0.9;;;22.32;;
826780;treatment;before visit;2020-01-11 23:59:59+00:00;33.24;;;;1.35;;;22.59;;
826780;treatment;before visit;2020-01-12 23:59:59+00:00;28.08;;;;1.44;;;20.18;;
826780;treatment;before visit;2020-01-13 23:59:59+00:00;36.89;;;;0.78;;;27.2;;
826780;treatment;before visit;2020-01-14 23:59:59+00:00;29.85;;;;0.98;;;22.06;;
826780;treatment;before visit;2020-01-15 23:59:59+00:00;29.65;;;;1.07;;;21.75;;
826780;treatment;before visit;2020-01-16 23:59:59+00:00;29.36;;;;1.1;;;24.0;;
826780;treatment;before visit;2020-01-17 23:59:59+00:00;31.33;;;;1.14;;;25.49;;
826780;treatment;before visit;2020-01-18 23:59:59+00:00;44.01;;;;0.24;;;31.27;;
826780;treatment;before visit;2020-01-19 23:59:59+00:00;29.41;;;;1.15;;;24.89;;
826780;treatment;before visit;2020-01-20 23:59:59+00:00;36.86;;;;0.6;;;29.82;;
826780;treatment;before visit;2020-01-21 23:59:59+00:00;39.97;;;;0.66;;;30.98;;
826780;treatment;before visit;2020-01-22 23:59:59+00:00;38.69;;;;0.66;;;31.16;;
826780;treatment;before visit;2020-01-23 23:59:59+00:00;37.47;;;;0.76;;;30.38;;
826780;treatment;before visit;2020-01-24 23:59:59+00:00;36.65;;;;0.75;;;29.53;;
826780;treatment;before visit;2020-01-25 23:59:59+00:00;30.64;;;;1.13;;;27.09;;
826780;treatment;before visit;2020-01-26 23:59:59+00:00;23.37;;;;1.47;;;19.86;;
826780;treatment;before visit;2020-01-27 23:59:59+00:00;33.46;;;;1.05;;;26.19;;
826780;treatment;before visit;2020-01-28 23:59:59+00:00;28.34;;;;1.18;;;20.06;;
826780;treatment;before visit;2020-01-29 23:59:59+00:00;30.36;;;;1.41;;;23.12;;
826780;treatment;before visit;2020-01-30 23:59:59+00:00;29.97;;;;0.82;;;25.05;;
826780;treatment;before visit;2020-01-31 23:59:59+00:00;31.25;;;;0.94;;;25.06;;
826780;treatment;before visit;2020-02-01 23:59:59+00:00;18.63;;;;1.39;;;14.51;;
826780;treatment;before visit;2020-02-02 23:59:59+00:00;23.65;;;;1.38;;;16.73;;
826780;treatment;before visit;2020-02-03 23:59:59+00:00;22.38;;;;0.91;;;16.13;;
826780;treatment;before visit;2020-02-04 23:59:59+00:00;25.09;;;;1.24;;;18.53;;
826780;treatment;before visit;2020-02-05 23:59:59+00:00;23.46;;;;1.58;;;16.75;;
826780;treatment;before visit;2020-02-06 23:59:59+00:00;24.37;;;;1.26;;;21.32;;
826780;treatment;before visit;2020-02-07 23:59:59+00:00;35.43;;;;0.98;;;22.03;;
826780;treatment;before visit;2020-02-08 23:59:59+00:00;34.37;;;;1.23;;;21.25;;
826780;treatment;before visit;2020-02-09 23:59:59+00:00;29.7;;;;1.13;;;20.88;;
826780;treatment;before visit;2020-02-10 23:59:59+00:00;31.48;;;;0.61;;;24.42;;
826780;treatment;before visit;2020-02-11 23:59:59+00:00;25.52;;;;1.56;;;17.83;;
826780;treatment;before visit;2020-02-12 23:59:59+00:00;29.9;;;;1.2;;;23.91;;
826780;treatment;before visit;2020-02-13 23:59:59+00:00;40.39;;;;0.65;;;32.79;;
826780;treatment;before visit;2020-02-14 23:59:59+00:00;32.38;;;;0.8;;;24.43;;
826780;treatment;before visit;2020-02-15 23:59:59+00:00;28.48;;;;1.21;;;23.33;;
826780;treatment;before visit;2020-02-16 23:59:59+00:00;30.22;;;;1.29;;;20.88;;
826780;treatment;before visit;2020-02-17 23:59:59+00:00;26.51;;;;0.9;;;21.32;;
826780;treatment;before visit;2020-02-18 23:59:59+00:00;35.92;;;;0.78;;;27.05;;
826780;treatment;before visit;2020-02-19 23:59:59+00:00;25.48;;;;1.49;;;19.05;;
826780;treatment;before visit;2020-02-20 23:59:59+00:00;23.86;;;;1.33;;;20.55;;
826780;treatment;before visit;2020-02-21 23:59:59+00:00;25.77;;;;1.56;;;18.54;;
826780;treatment;before visit;2020-02-22 23:59:59+00:00;17.97;;;;1.64;;;14.49;;
826780;treatment;before visit;2020-02-23 23:59:59+00:00;14.73;;;;1.66;;;13.24;;
826780;treatment;before visit;2020-02-24 23:59:59+00:00;9.76;;;;1.88;;;7.53;;
826780;treatment;before visit;2020-02-25 23:59:59+00:00;13.85;;;;1.67;;;12.03;;
826780;treatment;before visit;2020-02-26 23:59:59+00:00;24.54;;;;1.26;;;22.54;;
826780;treatment;before visit;2020-02-27 23:59:59+00:00;22.35;;;;1.36;;;20.73;;
826780;treatment;before visit;2020-02-28 23:59:59+00:00;20.62;;;;1.44;;;18.79;;
826780;treatment;before visit;2020-02-29 23:59:59+00:00;22.58;;;;1.26;;;19.34;;
826780;treatment;before visit;2020-03-01 23:59:59+00:00;25.82;;;;1.0;;;20.2;;
826780;treatment;before visit;2020-03-02 23:59:59+00:00;33.31;;;;0.49;;;23.64;;
826780;treatment;before visit;2020-03-03 23:59:59+00:00;32.37;;;;0.89;;;24.26;;
826780;treatment;before visit;2020-03-04 23:59:59+00:00;24.31;;;;1.26;;;16.82;;
826780;treatment;before visit;2020-03-05 23:59:59+00:00;30.98;;;;0.81;;;25.44;;
826780;treatment;before visit;2020-03-06 23:59:59+00:00;24.4;;;;1.6;;;18.07;;
826780;treatment;before visit;2020-03-07 23:59:59+00:00;31.5;;;;1.02;;;23.86;;
826780;treatment;before visit;2020-03-08 23:59:59+00:00;26.95;;;;1.13;;;19.8;;
826780;treatment;before visit;2020-03-09 23:59:59+00:00;28.15;;;;1.17;;;22.37;;
826780;treatment;before visit;2020-03-10 23:59:59+00:00;25.58;;;;1.4;;;19.67;;
826780;treatment;before visit;2020-03-11 23:59:59+00:00;20.0;;;;1.7;;;14.99;;
826780;treatment;before visit;2020-03-12 23:59:59+00:00;22.32;;;;0.93;;;15.82;;
826780;treatment;before visit;2020-03-13 23:59:59+00:00;21.23;;;;1.16;;;15.3;;
826780;treatment;before visit;2020-03-14 23:59:59+00:00;26.39;;;;1.21;;;20.74;;
826780;treatment;before visit;2020-03-15 23:59:59+00:00;23.87;;;;1.38;;;17.01;;
826780;treatment;before visit;2020-03-16 23:59:59+00:00;21.94;;;;1.59;;;13.71;;
826780;treatment;before visit;2020-03-17 23:59:59+00:00;28.3;;;;0.47;;;19.53;;
826780;treatment;before visit;2020-03-18 23:59:59+00:00;20.19;;;;1.45;;;12.92;;
826780;treatment;before visit;2020-03-19 23:59:59+00:00;15.73;;;;1.54;;;9.08;;
826780;treatment;before visit;2020-03-20 23:59:59+00:00;13.97;;;;1.71;;;6.55;;
826780;treatment;before visit;2020-03-21 23:59:59+00:00;21.04;;;;1.32;;;13.41;;
826780;treatment;before visit;2020-03-22 23:59:59+00:00;24.5;;;;1.01;;;14.54;;
826780;treatment;before visit;2020-03-23 23:59:59+00:00;32.13;;;;0.57;;;24.92;;
826780;treatment;before visit;2020-03-24 23:59:59+00:00;31.62;;;;0.58;;;24.63;;
826780;treatment;before visit;2020-03-25 23:59:59+00:00;26.94;;;;1.16;;;19.69;;
826780;treatment;before visit;2020-03-26 23:59:59+00:00;33.22;;;;0.72;;;24.6;;
826780;treatment;before visit;2020-03-27 23:59:59+00:00;25.85;;;;0.73;;;19.17;;
826780;treatment;before visit;2020-03-28 23:59:59+00:00;19.31;;;;1.07;;;13.51;;
826780;treatment;before visit;2020-03-29 23:59:59+00:00;24.66;;;;1.25;;;17.29;;
826780;treatment;before visit;2020-03-30 23:59:59+00:00;34.45;;;;0.67;;;26.91;;
826780;treatment;before visit;2020-03-31 23:59:59+00:00;30.78;;;;0.77;;;22.81;;
826780;treatment;before visit;2020-04-01 23:59:59+00:00;24.52;;;;1.15;;;18.47;;
826780;treatment;before visit;2020-04-02 23:59:59+00:00;24.64;;;;0.89;;;18.74;;
826780;treatment;before visit;2020-04-03 23:59:59+00:00;25.38;;;;0.84;;;17.15;;
826780;treatment;before visit;2020-04-04 23:59:59+00:00;21.86;;;;0.98;;;15.64;;
826780;treatment;before visit;2020-04-05 23:59:59+00:00;22.44;;;;1.17;;;12.76;;
826780;treatment;before visit;2020-04-06 23:59:59+00:00;20.38;;;;1.02;;;12.48;;
826780;treatment;before visit;2020-04-07 23:59:59+00:00;14.12;;;;1.39;;;7.96;;
826780;treatment;before visit;2020-04-08 23:59:59+00:00;13.81;;;;1.74;;;5.58;;
826780;treatment;before visit;2020-04-09 23:59:59+00:00;11.88;;;;1.66;;;5.04;;
826780;treatment;before visit;2020-04-10 23:59:59+00:00;12.93;;;;1.56;;;5.37;;
826780;treatment;before visit;2020-04-11 23:59:59+00:00;15.19;;;;1.29;;;7.18;;
826780;treatment;before visit;2020-04-12 23:59:59+00:00;12.55;;;;1.51;;;5.52;;
826780;treatment;before visit;2020-04-13 23:59:59+00:00;18.3;;;;1.18;;;7.85;;
826780;treatment;before visit;2020-04-14 23:59:59+00:00;15.18;;;;0.99;;;7.78;;
826780;treatment;before visit;2020-04-15 23:59:59+00:00;16.11;;;;1.11;;;10.32;;
826780;treatment;before visit;2020-04-16 23:59:59+00:00;10.34;;;;1.78;;;6.12;;
826780;treatment;before visit;2020-04-17 23:59:59+00:00;13.16;;;;1.63;;;7.34;;
826780;treatment;before visit;2020-04-18 23:59:59+00:00;13.41;;;;1.44;;;6.35;;
826780;treatment;before visit;2020-04-19 23:59:59+00:00;19.31;;;;1.05;;;8.88;;
826780;treatment;before visit;2020-04-20 23:59:59+00:00;18.01;;;;1.21;;;9.29;;
826780;treatment;before visit;2020-04-21 23:59:59+00:00;16.97;;;;1.29;;;8.9;;
826780;treatment;before visit;2020-04-22 23:59:59+00:00;20.21;;;;1.3;;;8.97;;
826780;treatment;before visit;2020-04-23 23:59:59+00:00;18.95;;;;0.99;;;11.76;;
826780;treatment;before visit;2020-04-24 23:59:59+00:00;12.56;;;;1.72;;;4.72;;
826780;treatment;before visit;2020-04-25 23:59:59+00:00;14.83;;;;1.25;;;6.8;;
826780;treatment;before visit;2020-04-26 23:59:59+00:00;13.64;;;;1.63;;;3.2;;
826780;treatment;before visit;2020-04-27 23:59:59+00:00;21.98;;;;0.95;;;11.87;;
826780;treatment;before visit;2020-04-28 23:59:59+00:00;20.29;;;;0.99;;;10.71;;
826780;treatment;before visit;2020-04-29 23:59:59+00:00;16.8;;;;1.63;;;8.44;;
826780;treatment;before visit;2020-04-30 23:59:59+00:00;18.45;;;;1.44;;;9.69;;
826780;treatment;before visit;2020-05-01 23:59:59+00:00;17.63;;;;1.38;;;10.72;;
826780;treatment;before visit;2020-05-02 23:59:59+00:00;19.48;;;;1.38;;;9.57;;
826780;treatment;before visit;2020-05-03 23:59:59+00:00;20.47;;;;1.28;;;10.08;;
826780;treatment;before visit;2020-05-04 23:59:59+00:00;13.27;;;;1.7;;;5.44;;
826780;treatment;before visit;2020-05-05 23:59:59+00:00;15.01;;;;2.05;;;5.76;;
826780;treatment;before visit;2020-05-06 23:59:59+00:00;20.47;;;;1.17;;;11.84;;
826780;treatment;before visit;2020-05-07 23:59:59+00:00;14.36;;;;1.46;;;7.74;;
826780;treatment;before visit;2020-05-08 23:59:59+00:00;20.76;;;;1.1;;;13.03;;
826780;treatment;before visit;2020-05-09 23:59:59+00:00;9.35;;;;1.44;;;3.64;;
826780;treatment;before visit;2020-05-10 23:59:59+00:00;15.14;;;;1.25;;;7.5;;
826780;treatment;before visit;2020-05-11 23:59:59+00:00;18.94;;;;0.97;;;9.68;;
826780;treatment;before visit;2020-05-12 23:59:59+00:00;18.72;;;;1.07;;;9.95;;
826780;treatment;before visit;2020-05-13 23:59:59+00:00;20.9;;;;1.05;;;11.46;;
826780;treatment;before visit;2020-05-14 23:59:59+00:00;17.11;;;;1.34;;;11.19;;
826780;treatment;before visit;2020-05-15 23:59:59+00:00;15.41;;;;1.66;;;9.26;;
826780;treatment;before visit;2020-05-16 23:59:59+00:00;21.27;;;;1.01;;;12.38;;
826780;treatment;before visit;2020-05-17 23:59:59+00:00;16.8;;;;1.45;;;8.32;;
826780;treatment;before visit;2020-05-18 23:59:59+00:00;16.35;;;;1.44;;;6.75;;
826780;treatment;before visit;2020-05-19 23:59:59+00:00;14.6;;;;1.05;;;7.8;;
826780;treatment;before visit;2020-05-20 23:59:59+00:00;18.28;;;;1.1;;;9.39;;
826780;treatment;before visit;2020-05-21 23:59:59+00:00;12.58;;;;1.67;;;4.79;;
826780;treatment;before visit;2020-05-22 23:59:59+00:00;11.52;;;;1.97;;;4.24;;
826780;treatment;before visit;2020-05-23 23:59:59+00:00;14.6;;;;1.33;;;4.7;;
826780;treatment;before visit;2020-05-24 23:59:59+00:00;15.72;;;;1.16;;;7.31;;
826780;treatment;before visit;2020-05-25 23:59:59+00:00;19.26;;;;1.21;;;10.32;;
826780;treatment;before visit;2020-05-26 23:59:59+00:00;11.9;;;;1.4;;;5.08;;
826780;treatment;before visit;2020-05-27 23:59:59+00:00;11.86;;;;1.46;;;4.7;;
826780;treatment;before visit;2020-05-28 23:59:59+00:00;19.04;;;;1.06;;;10.7;;
826780;treatment;before visit;2020-05-29 23:59:59+00:00;9.93;;;;1.61;;;3.62;;
826780;treatment;before visit;2020-05-30 23:59:59+00:00;10.93;;;;1.18;;;4.64;;
826780;treatment;before visit;2020-05-31 23:59:59+00:00;16.43;;;;1.03;;;7.22;;
826780;treatment;before visit;2020-06-01 23:59:59+00:00;21.29;;;;0.44;;;11.8;;
826780;treatment;before visit;2020-06-02 23:59:59+00:00;16.09;;;;1.24;;;6.68;;
826780;treatment;before visit;2020-06-03 23:59:59+00:00;15.95;;;;1.57;;;5.76;;
826780;treatment;before visit;2020-06-04 23:59:59+00:00;18.05;;;;1.17;;;8.28;;
826780;treatment;before visit;2020-06-05 23:59:59+00:00;10.92;;;;1.66;;;2.95;;
826780;treatment;before visit;2020-06-06 23:59:59+00:00;15.01;;;;1.3;;;5.99;;
826780;treatment;before visit;2020-06-07 23:59:59+00:00;14.35;;;;1.65;;;6.27;;
826780;treatment;before visit;2020-06-08 23:59:59+00:00;15.12;;;;1.57;;;6.91;;
826780;treatment;before visit;2020-06-09 23:59:59+00:00;18.29;;;;0.96;;;10.17;;
826780;treatment;before visit;2020-06-10 23:59:59+00:00;17.86;;;;1.36;;;11.34;;
826780;treatment;before visit;2020-06-11 23:59:59+00:00;14.89;;;;1.2;;;8.99;;
826780;treatment;before visit;2020-06-12 23:59:59+00:00;8.97;;;;1.77;;;4.49;;
826780;treatment;before visit;2020-06-13 23:59:59+00:00;14.56;;;;1.59;;;5.11;;
826780;treatment;before visit;2020-06-14 23:59:59+00:00;15.68;;;;1.55;;;6.57;;
826780;treatment;before visit;2020-06-15 23:59:59+00:00;15.72;;;;1.53;;;7.75;;
826780;treatment;before visit;2020-06-16 23:59:59+00:00;14.8;;;;1.42;;;5.41;;
826780;treatment;before visit;2020-06-17 23:59:59+00:00;17.27;;;;1.24;;;7.42;;
826780;treatment;before visit;2020-06-18 23:59:59+00:00;15.19;;;;1.51;;;8.33;;
826780;treatment;before visit;2020-06-19 23:59:59+00:00;16.75;;;;1.28;;;7.48;;
826780;treatment;before visit;2020-06-20 23:59:59+00:00;10.74;;;;1.78;;;4.68;;
826780;treatment;before visit;2020-06-21 23:59:59+00:00;14.94;;;;1.5;;;6.45;;
826780;treatment;before visit;2020-06-22 23:59:59+00:00;17.42;;;;1.2;;;8.24;;
826780;treatment;before visit;2020-06-23 23:59:59+00:00;15.69;;;;1.23;;;7.87;;
826780;treatment;before visit;2020-06-24 23:59:59+00:00;17.31;;;;1.3;;;7.54;;
826780;treatment;before visit;2020-06-25 23:59:59+00:00;16.58;;;;1.47;;;8.65;;
826780;treatment;before visit;2020-06-26 23:59:59+00:00;9.99;;;;2.16;;;3.85;;
826780;treatment;before visit;2020-06-27 23:59:59+00:00;6.49;;;;2.34;;;2.24;;
826780;treatment;before visit;2020-06-28 23:59:59+00:00;10.97;;;;2.14;;;4.74;;
826780;treatment;before visit;2020-06-29 23:59:59+00:00;17.6;;;;1.11;;;9.06;;
826780;treatment;before visit;2020-06-30 23:59:59+00:00;17.34;;;;1.29;;;7.99;;
826780;treatment;before visit;2020-07-01 23:59:59+00:00;16.81;;;;1.4;;;7.72;;
826780;treatment;before visit;2020-07-02 23:59:59+00:00;9.2;;;;2.16;;;3.43;;
826780;treatment;before visit;2020-07-03 23:59:59+00:00;13.57;;;;2.27;;;6.84;;
826780;treatment;before visit;2020-07-04 23:59:59+00:00;16.63;;;;1.57;;;8.92;;
826780;treatment;before visit;2020-07-05 23:59:59+00:00;13.81;;;;1.44;;;5.65;;
826780;treatment;before visit;2020-07-06 23:59:59+00:00;15.05;;;;1.43;;;7.15;;
826780;treatment;before visit;2020-07-07 23:59:59+00:00;17.81;;;;1.47;;;8.75;;
826780;treatment;before visit;2020-07-08 23:59:59+00:00;14.02;;;;1.22;;;7.27;;
826780;treatment;before visit;2020-07-09 23:59:59+00:00;11.2;;;;1.97;;;3.97;;
826780;treatment;before visit;2020-07-10 23:59:59+00:00;13.32;;;;1.5;;;7.37;;
826780;treatment;before visit;2020-07-11 23:59:59+00:00;19.3;;;;1.39;;;8.85;;
826780;treatment;before visit;2020-07-12 23:59:59+00:00;11.36;;;;1.79;;;4.42;;
826780;treatment;before visit;2020-07-13 23:59:59+00:00;20.4;;;;1.34;;;9.82;;
826780;treatment;before visit;2020-07-14 23:59:59+00:00;14.89;;;;1.41;;;6.19;;
826780;treatment;before visit;2020-07-15 23:59:59+00:00;19.06;;;;1.18;;;8.48;;
826780;treatment;before visit;2020-07-16 23:59:59+00:00;10.92;;;;2.06;;;4.14;;
826780;treatment;before visit;2020-07-17 23:59:59+00:00;7.55;;;;2.11;;;2.28;;
826780;treatment;before visit;2020-07-18 23:59:59+00:00;8.56;;;;2.01;;;2.44;;
826780;treatment;before visit;2020-07-19 23:59:59+00:00;9.48;;;;2.14;;;3.7;;
826780;treatment;before visit;2020-07-20 23:59:59+00:00;12.64;;;;1.67;;;4.93;;
826780;treatment;before visit;2020-07-21 23:59:59+00:00;15.98;;;;1.4;;;7.65;;
826780;treatment;before visit;2020-07-22 23:59:59+00:00;11.68;;;;2.22;;;4.95;;
826780;treatment;before visit;2020-07-23 23:59:59+00:00;10.66;;;;1.72;;;4.83;;
826780;treatment;before visit;2020-07-24 23:59:59+00:00;13.06;;;;1.86;;;3.87;;
826780;treatment;before visit;2020-07-25 23:59:59+00:00;14.29;;;;1.29;;;6.45;;
826780;treatment;before visit;2020-07-26 23:59:59+00:00;16.03;;;;1.94;;;4.87;;
826780;treatment;before visit;2020-07-27 23:59:59+00:00;13.59;;;;1.58;;;6.53;;
826780;treatment;before visit;2020-07-28 23:59:59+00:00;16.06;;;;1.25;;;6.82;;
826780;treatment;before visit;2020-07-29 23:59:59+00:00;17.16;;;;0.9;;;9.46;;
826780;treatment;before visit;2020-07-30 23:59:59+00:00;15.23;;;;1.45;;;7.45;;
826780;treatment;before visit;2020-07-31 23:59:59+00:00;18.81;;;;1.33;;;7.74;;
826780;treatment;before visit;2020-08-01 23:59:59+00:00;8.34;;;;1.6;;;3.09;;
826780;treatment;before visit;2020-08-02 23:59:59+00:00;4.6;;;;1.55;;;0.57;;
826780;treatment;before visit;2020-08-03 23:59:59+00:00;5.71;;;;1.51;;;1.64;;
826780;treatment;before visit;2020-08-04 23:59:59+00:00;6.13;;;;1.51;;;2.14;;
826780;treatment;before visit;2020-08-05 23:59:59+00:00;6.57;;;;1.53;;;2.68;;
826780;treatment;before visit;2020-08-06 23:59:59+00:00;7.23;;;;1.53;;;3.48;;
826780;treatment;before visit;2020-08-07 23:59:59+00:00;6.11;;;;1.53;;;2.18;;
826780;treatment;before visit;2020-08-08 23:59:59+00:00;3.92;;;;1.56;;;0.02;;
826780;treatment;before visit;2020-08-09 23:59:59+00:00;6.16;;;;1.53;;;2.16;;
826780;treatment;before visit;2020-08-10 23:59:59+00:00;6.22;;;;1.52;;;2.23;;
826780;treatment;before visit;2020-08-11 23:59:59+00:00;6.27;;;;1.48;;;2.15;;
826780;treatment;before visit;2020-08-12 23:59:59+00:00;6.9;;;;1.47;;;2.88;;
826780;treatment;before visit;2020-08-13 23:59:59+00:00;6.27;;;;1.47;;;2.11;;
826780;treatment;before visit;2020-08-14 23:59:59+00:00;3.96;;;;1.54;;;0.02;;
826780;treatment;before visit;2020-08-15 23:59:59+00:00;14.45;;;;1.05;;;6.79;;
826780;treatment;before visit;2020-08-16 23:59:59+00:00;17.85;;;;0.67;;;8.71;;
826780;treatment;before visit;2020-08-17 23:59:59+00:00;16.16;;;;0.9;;;7.4;;
826780;treatment;before visit;2020-08-18 23:59:59+00:00;12.55;;;;1.78;;;4.97;;
826780;treatment;before visit;2020-08-19 23:59:59+00:00;10.05;;;;2.1;;;3.72;;
826780;treatment;before visit;2020-08-20 23:59:59+00:00;14.21;;;;1.66;;;4.85;;
826780;treatment;before visit;2020-08-21 23:59:59+00:00;16.2;;;;1.6;;;4.0;;
826780;treatment;before visit;2020-08-22 23:59:59+00:00;14.86;;;;1.68;;;3.26;;
826780;treatment;before visit;2020-08-23 23:59:59+00:00;12.05;;;;2.05;;;3.05;;
826780;treatment;before visit;2020-08-24 23:59:59+00:00;18.93;;;;1.41;;;6.84;;
826780;treatment;during visit;2020-08-25 23:59:59+00:00;25.0;;;;1.16;;;10.39;;
826780;treatment;after visit;2020-08-26 23:59:59+00:00;11.53;;;;1.9;;;4.22;;
826780;treatment;after visit;2020-08-27 23:59:59+00:00;17.38;;;;1.61;;;5.18;;
826780;treatment;after visit;2020-08-28 23:59:59+00:00;9.38;;;;2.02;;;2.99;;
826780;treatment;after visit;2020-08-29 23:59:59+00:00;6.16;;;;2.11;;;2.25;;
826780;treatment;after visit;2020-08-30 23:59:59+00:00;10.6;;;;2.0;;;4.2;;
826780;treatment;after visit;2020-08-31 23:59:59+00:00;20.56;;;;1.28;;;9.41;;
826780;treatment;after visit;2020-09-01 23:59:59+00:00;23.35;;;;1.11;;;9.24;;
826780;treatment;after visit;2020-09-02 23:59:59+00:00;12.16;;;;1.72;;;6.15;;
826780;treatment;after visit;2020-09-03 23:59:59+00:00;16.23;;;;1.25;;;8.14;;
826780;treatment;after visit;2020-09-04 23:59:59+00:00;9.0;;;;2.04;;;4.14;;
826780;treatment;after visit;2020-09-05 23:59:59+00:00;7.89;;;;2.35;;;2.25;;
826780;treatment;after visit;2020-09-06 23:59:59+00:00;9.65;;;;2.3;;;1.7;;
826780;treatment;after visit;2020-09-07 23:59:59+00:00;23.38;;;;1.34;;;10.31;;
826780;treatment;after visit;2020-09-08 23:59:59+00:00;15.81;;;;1.95;;;7.7;;
826780;treatment;after visit;2020-09-09 23:59:59+00:00;17.62;;;;0.91;;;9.98;;
826780;treatment;after visit;2020-09-10 23:59:59+00:00;16.03;;;;1.9;;;4.69;;
826780;treatment;after visit;2020-09-11 23:59:59+00:00;10.61;;;;1.64;;;4.57;;
826780;treatment;after visit;2020-09-12 23:59:59+00:00;10.5;;;;2.2;;;4.89;;
826780;treatment;after visit;2020-09-13 23:59:59+00:00;13.08;;;;1.93;;;5.39;;
826780;treatment;after visit;2020-09-14 23:59:59+00:00;20.91;;;;1.56;;;8.15;;
826780;treatment;after visit;2020-09-15 23:59:59+00:00;12.2;;;;1.9;;;4.84;;
826780;treatment;after visit;2020-09-16 23:59:59+00:00;21.92;;;;1.28;;;9.77;;
826780;treatment;after visit;2020-09-17 23:59:59+00:00;17.7;;;;1.98;;;6.37;;
826780;treatment;after visit;2020-09-18 23:59:59+00:00;9.65;;;;2.37;;;2.67;;
826780;treatment;after visit;2020-09-19 23:59:59+00:00;9.43;;;;2.05;;;4.19;;
826780;treatment;after visit;2020-09-20 23:59:59+00:00;9.83;;;;1.97;;;4.83;;
826780;treatment;after visit;2020-09-21 23:59:59+00:00;18.1;;;;1.33;;;7.05;;
826780;treatment;after visit;2020-09-22 23:59:59+00:00;18.53;;;;1.02;;;8.08;;
826780;treatment;after visit;2020-09-23 23:59:59+00:00;13.3;;;;1.71;;;6.38;;
826780;treatment;after visit;2020-09-24 23:59:59+00:00;14.33;;;;1.62;;;6.52;;
826780;treatment;after visit;2020-09-25 23:59:59+00:00;8.81;;;;2.38;;;4.09;;
826780;treatment;after visit;2020-09-26 23:59:59+00:00;12.81;;;;2.26;;;5.95;;
826780;treatment;after visit;2020-09-27 23:59:59+00:00;21.67;;;;1.84;;;11.33;;
826780;treatment;after visit;2020-09-28 23:59:59+00:00;21.85;;;;1.42;;;12.85;;
826780;treatment;after visit;2020-09-29 23:59:59+00:00;18.94;;;;1.78;;;10.32;;
826780;treatment;after visit;2020-09-30 23:59:59+00:00;16.21;;;;1.83;;;9.92;;
826780;treatment;after visit;2020-10-01 23:59:59+00:00;19.73;;;;1.03;;;11.88;;
826780;treatment;after visit;2020-10-02 23:59:59+00:00;11.95;;;;1.64;;;6.42;;
826780;treatment;after visit;2020-10-03 23:59:59+00:00;10.88;;;;1.39;;;7.23;;
826780;treatment;after visit;2020-10-04 23:59:59+00:00;11.33;;;;1.38;;;7.93;;
826780;treatment;after visit;2020-10-05 23:59:59+00:00;10.84;;;;1.42;;;7.32;;
826780;treatment;after visit;2020-10-06 23:59:59+00:00;12.41;;;;1.29;;;8.87;;
826780;treatment;after visit;2020-10-07 23:59:59+00:00;13.2;;;;1.33;;;9.67;;
826780;treatment;after visit;2020-10-08 23:59:59+00:00;12.71;;;;1.31;;;9.03;;
826780;treatment;after visit;2020-10-09 23:59:59+00:00;11.1;;;;1.44;;;7.35;;
826780;treatment;after visit;2020-10-10 23:59:59+00:00;13.74;;;;1.32;;;9.31;;
826780;treatment;after visit;2020-10-11 23:59:59+00:00;24.94;;;;0.86;;;15.87;;
826780;treatment;after visit;2020-10-12 23:59:59+00:00;24.86;;;;1.13;;;15.38;;
826780;treatment;after visit;2020-10-13 23:59:59+00:00;26.35;;;;0.99;;;16.17;;
826780;treatment;after visit;2020-10-14 23:59:59+00:00;21.53;;;;1.5;;;15.17;;
826780;treatment;after visit;2020-10-15 23:59:59+00:00;20.14;;;;1.18;;;13.06;;
826780;treatment;after visit;2020-10-16 23:59:59+00:00;25.41;;;;1.15;;;20.08;;
826780;treatment;after visit;2020-10-17 23:59:59+00:00;24.14;;;;1.51;;;13.08;;
826780;treatment;after visit;2020-10-18 23:59:59+00:00;20.61;;;;1.67;;;13.4;;
826780;treatment;after visit;2020-10-19 23:59:59+00:00;25.1;;;;1.56;;;15.93;;
826780;treatment;after visit;2020-10-20 23:59:59+00:00;17.73;;;;1.9;;;10.27;;
826780;treatment;after visit;2020-10-21 23:59:59+00:00;26.18;;;;1.16;;;18.74;;
826780;treatment;after visit;2020-10-22 23:59:59+00:00;25.05;;;;1.07;;;16.32;;
826780;treatment;after visit;2020-10-23 23:59:59+00:00;21.67;;;;1.67;;;14.47;;
826780;treatment;after visit;2020-10-24 23:59:59+00:00;16.71;;;;1.87;;;6.63;;
826780;treatment;after visit;2020-10-25 23:59:59+00:00;21.86;;;;1.95;;;12.85;;
826780;treatment;after visit;2020-10-26 23:59:59+00:00;25.14;;;;1.2;;;16.3;;
826780;treatment;after visit;2020-10-27 23:59:59+00:00;29.1;;;;1.05;;;20.92;;
826780;treatment;after visit;2020-10-28 23:59:59+00:00;18.08;;;;1.36;;;13.29;;
826780;treatment;after visit;2020-10-29 23:59:59+00:00;26.42;;;;0.19;;;19.35;;
826780;treatment;after visit;2020-10-30 23:59:59+00:00;16.49;;;;1.56;;;11.84;;
826780;treatment;after visit;2020-10-31 23:59:59+00:00;22.83;;;;1.43;;;15.74;;
826780;treatment;after visit;2020-11-01 23:59:59+00:00;23.91;;;;1.46;;;13.7;;
826780;treatment;after visit;2020-11-02 23:59:59+00:00;20.43;;;;1.01;;;13.59;;
826780;treatment;after visit;2020-11-03 23:59:59+00:00;20.11;;;;1.82;;;10.54;;
826780;treatment;after visit;2020-11-04 23:59:59+00:00;20.14;;;;1.81;;;13.95;;
826780;treatment;after visit;2020-11-05 23:59:59+00:00;30.31;;;;0.95;;;20.32;;
826780;treatment;after visit;2020-11-06 23:59:59+00:00;21.28;;;;1.72;;;14.6;;
826780;treatment;after visit;2020-11-07 23:59:59+00:00;21.89;;;;1.98;;;12.87;;
826780;treatment;after visit;2020-11-08 23:59:59+00:00;23.21;;;;1.7;;;14.67;;
826780;treatment;after visit;2020-11-09 23:59:59+00:00;23.11;;;;1.67;;;17.1;;
826780;treatment;after visit;2020-11-10 23:59:59+00:00;35.4;;;;0.26;;;27.55;;
826780;treatment;after visit;2020-11-11 23:59:59+00:00;20.54;;;;1.54;;;15.21;;
826780;treatment;after visit;2020-11-12 23:59:59+00:00;26.74;;;;1.04;;;21.03;;
826780;treatment;after visit;2020-11-13 23:59:59+00:00;26.16;;;;1.22;;;18.21;;
826780;treatment;after visit;2020-11-14 23:59:59+00:00;20.28;;;;1.41;;;14.42;;
826780;treatment;after visit;2020-11-15 23:59:59+00:00;24.97;;;;1.09;;;19.46;;
826780;treatment;after visit;2020-11-16 23:59:59+00:00;20.64;;;;1.87;;;13.74;;
826780;treatment;after visit;2020-11-17 23:59:59+00:00;24.04;;;;1.19;;;17.25;;
826780;treatment;after visit;2020-11-18 23:59:59+00:00;30.52;;;;0.85;;;20.53;;
826780;treatment;after visit;2020-11-19 23:59:59+00:00;19.36;;;;1.75;;;11.42;;
826780;treatment;after visit;2020-11-20 23:59:59+00:00;27.65;;;;1.2;;;18.34;;
826780;treatment;after visit;2020-11-21 23:59:59+00:00;20.82;;;;1.61;;;14.09;;
826780;treatment;after visit;2020-11-22 23:59:59+00:00;28.45;;;;1.46;;;15.8;;
826780;treatment;after visit;2020-11-23 23:59:59+00:00;23.55;;;;1.13;;;17.33;;
826780;treatment;after visit;2020-11-24 23:59:59+00:00;32.73;;;;1.02;;;23.74;;
826780;treatment;after visit;2020-11-25 23:59:59+00:00;25.04;;;;0.84;;;19.35;;
826780;treatment;after visit;2020-11-26 23:59:59+00:00;34.39;;;;1.02;;;25.08;;
826780;treatment;after visit;2020-11-27 23:59:59+00:00;24.51;;;;1.8;;;18.34;;
826780;treatment;after visit;2020-11-28 23:59:59+00:00;28.92;;;;1.43;;;18.08;;
826780;treatment;after visit;2020-11-29 23:59:59+00:00;30.27;;;;1.47;;;19.06;;
826780;treatment;after visit;2020-11-30 23:59:59+00:00;33.75;;;;1.04;;;23.82;;
826780;treatment;after visit;2020-12-01 23:59:59+00:00;28.26;;;;1.75;;;16.44;;
826780;treatment;after visit;2020-12-02 23:59:59+00:00;31.03;;;;1.04;;;23.04;;
826780;treatment;after visit;2020-12-03 23:59:59+00:00;33.14;;;;1.02;;;23.45;;
826780;treatment;after visit;2020-12-04 23:59:59+00:00;52.55;;;;0.54;;;29.7;;
826780;treatment;after visit;2020-12-05 23:59:59+00:00;30.73;;;;1.22;;;20.99;;
826780;treatment;after visit;2020-12-06 23:59:59+00:00;22.99;;;;1.59;;;16.18;;
826780;treatment;after visit;2020-12-07 23:59:59+00:00;29.8;;;;1.12;;;21.51;;
826780;treatment;after visit;2020-12-08 23:59:59+00:00;33.55;;;;1.22;;;21.66;;
826780;treatment;after visit;2020-12-09 23:59:59+00:00;35.15;;;;0.71;;;27.69;;
826780;treatment;after visit;2020-12-10 23:59:59+00:00;31.69;;;;1.47;;;20.03;;
826780;treatment;after visit;2020-12-11 23:59:59+00:00;27.0;;;;1.78;;;17.81;;
826780;treatment;after visit;2020-12-12 23:59:59+00:00;31.0;;;;1.34;;;17.59;;
826780;treatment;after visit;2020-12-13 23:59:59+00:00;23.25;;;;1.9;;;11.96;;
826780;treatment;after visit;2020-12-14 23:59:59+00:00;32.37;;;;1.05;;;22.06;;
826780;treatment;after visit;2020-12-15 23:59:59+00:00;30.18;;;;1.24;;;20.96;;
826780;treatment;after visit;2020-12-16 23:59:59+00:00;31.28;;;;1.1;;;22.19;;
826780;treatment;after visit;2020-12-17 23:59:59+00:00;39.17;;;;0.6;;;28.71;;
826780;treatment;after visit;2020-12-18 23:59:59+00:00;23.35;;;;1.97;;;16.32;;
826780;treatment;after visit;2020-12-19 23:59:59+00:00;24.89;;;;2.05;;;15.6;;
826780;treatment;after visit;2020-12-20 23:59:59+00:00;27.45;;;;1.57;;;19.18;;
826780;treatment;after visit;2020-12-21 23:59:59+00:00;31.14;;;;1.02;;;23.9;;
826780;treatment;after visit;2020-12-22 23:59:59+00:00;26.01;;;;1.16;;;18.76;;
826780;treatment;after visit;2020-12-23 23:59:59+00:00;24.32;;;;1.57;;;17.11;;
826780;treatment;after visit;2020-12-24 23:59:59+00:00;26.6;;;;0.98;;;18.32;;
826780;treatment;after visit;2020-12-25 23:59:59+00:00;39.77;;;;0.17;;;27.61;;
826780;treatment;after visit;2020-12-26 23:59:59+00:00;26.74;;;;1.46;;;22.25;;
826780;treatment;after visit;2020-12-27 23:59:59+00:00;32.37;;;;1.54;;;22.38;;
826780;treatment;after visit;2020-12-28 23:59:59+00:00;36.53;;;;1.23;;;26.74;;
826780;treatment;after visit;2020-12-29 23:59:59+00:00;39.52;;;;0.74;;;30.67;;
826780;treatment;after visit;2020-12-30 23:59:59+00:00;30.81;;;;1.2;;;24.4;;
826780;treatment;after visit;2020-12-31 23:59:59+00:00;36.57;;;;1.25;;;28.3;;
826780;treatment;after visit;2021-01-01 23:59:59+00:00;25.66;;;;1.83;;;20.25;;
826780;treatment;after visit;2021-01-02 23:59:59+00:00;32.35;;;;1.57;;;22.88;;
826780;treatment;after visit;2021-01-03 23:59:59+00:00;36.04;;;;1.43;;;27.21;;
826780;treatment;after visit;2021-01-04 23:59:59+00:00;38.01;;;;0.98;;;27.15;;
826780;treatment;after visit;2021-01-05 23:59:59+00:00;38.65;;;;0.79;;;27.96;;
826780;treatment;after visit;2021-01-06 23:59:59+00:00;34.36;;;;1.22;;;27.9;;
826780;treatment;after visit;2021-01-07 23:59:59+00:00;37.15;;;;1.49;;;26.65;;
826780;treatment;after visit;2021-01-08 23:59:59+00:00;42.16;;;;0.52;;;34.43;;
826780;treatment;after visit;2021-01-09 23:59:59+00:00;43.36;;;;1.15;;;28.05;;
826780;treatment;after visit;2021-01-10 23:59:59+00:00;41.29;;;;1.28;;;23.67;;
826780;treatment;after visit;2021-01-11 23:59:59+00:00;37.8;;;;1.09;;;29.02;;
826780;treatment;after visit;2021-01-12 23:59:59+00:00;39.83;;;;1.26;;;31.17;;
826780;treatment;after visit;2021-01-13 23:59:59+00:00;37.71;;;;1.29;;;27.12;;
826780;treatment;after visit;2021-01-14 23:59:59+00:00;39.49;;;;0.32;;;29.33;;
826780;treatment;after visit;2021-01-15 23:59:59+00:00;40.71;;;;1.36;;;27.24;;
826780;treatment;after visit;2021-01-16 23:59:59+00:00;39.57;;;;1.27;;;30.17;;
826780;treatment;after visit;2021-01-17 23:59:59+00:00;36.26;;;;1.77;;;20.04;;
826780;treatment;after visit;2021-01-18 23:59:59+00:00;35.47;;;;1.3;;;25.98;;
826780;treatment;after visit;2021-01-19 23:59:59+00:00;29.96;;;;1.33;;;22.71;;
826780;treatment;after visit;2021-01-20 23:59:59+00:00;31.42;;;;1.73;;;24.36;;
826780;treatment;after visit;2021-01-21 23:59:59+00:00;38.77;;;;0.89;;;26.22;;
826780;treatment;after visit;2021-01-22 23:59:59+00:00;29.66;;;;1.22;;;21.08;;
826780;treatment;after visit;2021-01-23 23:59:59+00:00;34.43;;;;0.87;;;26.75;;
826780;treatment;after visit;2021-01-24 23:59:59+00:00;32.7;;;;1.04;;;21.52;;
826780;treatment;after visit;2021-01-25 23:59:59+00:00;35.98;;;;0.98;;;26.26;;
826780;treatment;after visit;2021-01-26 23:59:59+00:00;39.84;;;;0.84;;;30.5;;
826780;treatment;after visit;2021-01-27 23:59:59+00:00;41.84;;;;1.12;;;28.0;;
826780;treatment;after visit;2021-01-28 23:59:59+00:00;40.49;;;;1.35;;;27.99;;
826780;treatment;after visit;2021-01-29 23:59:59+00:00;28.83;;;;0.55;;;23.92;;
826780;treatment;after visit;2021-01-30 23:59:59+00:00;29.37;;;;0.87;;;20.89;;
826780;treatment;after visit;2021-01-31 23:59:59+00:00;27.53;;;;1.63;;;19.66;;
826780;treatment;after visit;2021-02-01 23:59:59+00:00;36.85;;;;1.18;;;26.78;;
826780;treatment;after visit;2021-02-02 23:59:59+00:00;29.18;;;;1.04;;;20.52;;
826780;treatment;after visit;2021-02-03 23:59:59+00:00;36.91;;;;0.97;;;26.83;;
826780;treatment;after visit;2021-02-04 23:59:59+00:00;29.59;;;;1.17;;;21.68;;
826780;treatment;after visit;2021-02-05 23:59:59+00:00;24.4;;;;1.31;;;18.56;;
826780;treatment;after visit;2021-02-06 23:59:59+00:00;27.64;;;;1.75;;;18.15;;
826780;treatment;after visit;2021-02-07 23:59:59+00:00;30.59;;;;1.8;;;19.41;;
826780;treatment;after visit;2021-02-08 23:59:59+00:00;34.67;;;;1.48;;;24.62;;
826780;treatment;after visit;2021-02-09 23:59:59+00:00;41.61;;;;0.37;;;29.87;;
826780;treatment;after visit;2021-02-10 23:59:59+00:00;34.67;;;;1.54;;;22.58;;
826780;treatment;after visit;2021-02-11 23:59:59+00:00;38.13;;;;1.15;;;28.89;;
826780;treatment;after visit;2021-02-12 23:59:59+00:00;42.15;;;;0.97;;;25.93;;
826780;treatment;after visit;2021-02-13 23:59:59+00:00;30.32;;;;1.74;;;21.13;;
826780;treatment;after visit;2021-02-14 23:59:59+00:00;32.03;;;;1.59;;;21.38;;
826780;treatment;after visit;2021-02-15 23:59:59+00:00;40.74;;;;1.07;;;30.8;;
826780;treatment;after visit;2021-02-16 23:59:59+00:00;28.64;;;;1.66;;;20.45;;
826780;treatment;after visit;2021-02-17 23:59:59+00:00;28.86;;;;0.76;;;23.88;;
826780;treatment;after visit;2021-02-18 23:59:59+00:00;29.71;;;;1.34;;;23.45;;
826780;treatment;after visit;2021-02-19 23:59:59+00:00;31.28;;;;1.47;;;22.5;;
826780;treatment;after visit;2021-02-20 23:59:59+00:00;30.47;;;;0.8;;;20.84;;
826780;treatment;after visit;2021-02-21 23:59:59+00:00;24.51;;;;1.53;;;15.42;;
826780;treatment;after visit;2021-02-22 23:59:59+00:00;27.62;;;;1.63;;;18.98;;
826780;treatment;after visit;2021-02-23 23:59:59+00:00;27.84;;;;1.05;;;15.7;;
826780;treatment;after visit;2021-02-24 23:59:59+00:00;33.09;;;;0.08;;;26.59;;
826780;treatment;after visit;2021-02-25 23:59:59+00:00;22.06;;;;1.68;;;14.19;;
826780;treatment;after visit;2021-02-26 23:59:59+00:00;16.7;;;;1.8;;;12.31;;
826780;treatment;after visit;2021-02-27 23:59:59+00:00;17.06;;;;1.42;;;14.55;;
826780;treatment;after visit;2021-02-28 23:59:59+00:00;21.03;;;;1.28;;;18.34;;
826780;treatment;after visit;2021-03-01 23:59:59+00:00;20.33;;;;1.34;;;17.34;;
826780;treatment;after visit;2021-03-02 23:59:59+00:00;20.11;;;;1.32;;;17.09;;
826780;treatment;after visit;2021-03-03 23:59:59+00:00;21.11;;;;1.25;;;18.78;;
826780;treatment;after visit;2021-03-04 23:59:59+00:00;19.47;;;;1.32;;;16.94;;
826780;treatment;after visit;2021-03-05 23:59:59+00:00;20.73;;;;1.26;;;18.63;;
826780;treatment;after visit;2021-03-06 23:59:59+00:00;25.24;;;;1.13;;;22.51;;
826780;treatment;after visit;2021-03-07 23:59:59+00:00;29.06;;;;0.97;;;23.2;;
826780;treatment;after visit;2021-03-08 23:59:59+00:00;26.2;;;;0.39;;;20.4;;
826780;treatment;after visit;2021-03-09 23:59:59+00:00;33.07;;;;1.03;;;23.58;;
826780;treatment;after visit;2021-03-10 23:59:59+00:00;28.11;;;;1.03;;;22.11;;
826780;treatment;after visit;2021-03-11 23:59:59+00:00;25.03;;;;1.97;;;18.15;;
826780;treatment;after visit;2021-03-12 23:59:59+00:00;22.89;;;;1.4;;;14.72;;
826780;treatment;after visit;2021-03-13 23:59:59+00:00;27.15;;;;0.95;;;18.68;;
826780;treatment;after visit;2021-03-14 23:59:59+00:00;27.15;;;;1.74;;;19.1;;
826780;treatment;after visit;2021-03-15 23:59:59+00:00;37.66;;;;0.99;;;27.6;;
826780;treatment;after visit;2021-03-16 23:59:59+00:00;33.4;;;;0.69;;;26.24;;
826780;treatment;after visit;2021-03-17 23:59:59+00:00;32.34;;;;1.02;;;26.58;;
826780;treatment;after visit;2021-03-18 23:59:59+00:00;27.19;;;;1.7;;;21.25;;
826780;treatment;after visit;2021-03-19 23:59:59+00:00;32.6;;;;1.45;;;22.66;;
826780;treatment;after visit;2021-03-20 23:59:59+00:00;25.65;;;;1.35;;;17.02;;
826780;treatment;after visit;2021-03-21 23:59:59+00:00;28.48;;;;1.5;;;19.49;;
826780;treatment;after visit;2021-03-22 23:59:59+00:00;27.14;;;;1.19;;;20.09;;
826780;treatment;after visit;2021-03-23 23:59:59+00:00;25.73;;;;1.62;;;14.92;;
826780;treatment;after visit;2021-03-24 23:59:59+00:00;27.36;;;;0.95;;;19.47;;
826780;treatment;after visit;2021-03-25 23:59:59+00:00;23.66;;;;1.49;;;13.87;;
826780;treatment;after visit;2021-03-26 23:59:59+00:00;20.18;;;;2.28;;;11.75;;
826780;treatment;after visit;2021-03-27 23:59:59+00:00;16.35;;;;2.3;;;9.97;;
826780;treatment;after visit;2021-03-28 23:59:59+00:00;23.94;;;;1.38;;;16.32;;
826780;treatment;after visit;2021-03-29 23:59:59+00:00;19.4;;;;2.04;;;13.02;;
826780;treatment;after visit;2021-03-30 23:59:59+00:00;24.22;;;;1.04;;;16.29;;
826780;treatment;after visit;2021-03-31 23:59:59+00:00;14.78;;;;2.14;;;8.43;;
826780;treatment;after visit;2021-04-01 23:59:59+00:00;16.63;;;;1.93;;;8.07;;
826780;treatment;after visit;2021-04-02 23:59:59+00:00;17.19;;;;1.16;;;8.68;;
826780;treatment;after visit;2021-04-03 23:59:59+00:00;15.21;;;;1.86;;;8.0;;
826780;treatment;after visit;2021-04-04 23:59:59+00:00;16.84;;;;2.14;;;10.02;;
826780;treatment;after visit;2021-04-05 23:59:59+00:00;21.78;;;;1.74;;;12.42;;
826780;treatment;after visit;2021-04-06 23:59:59+00:00;30.35;;;;0.88;;;22.94;;
826780;treatment;after visit;2021-04-07 23:59:59+00:00;24.78;;;;1.22;;;17.14;;
826780;treatment;after visit;2021-04-08 23:59:59+00:00;24.07;;;;1.68;;;13.64;;
826780;treatment;after visit;2021-04-09 23:59:59+00:00;17.88;;;;2.11;;;10.38;;
826780;treatment;after visit;2021-04-10 23:59:59+00:00;16.37;;;;2.07;;;8.24;;
826780;treatment;after visit;2021-04-11 23:59:59+00:00;16.6;;;;2.34;;;8.75;;
826780;treatment;after visit;2021-04-12 23:59:59+00:00;21.79;;;;1.47;;;13.46;;
826780;treatment;after visit;2021-04-13 23:59:59+00:00;24.95;;;;1.68;;;15.66;;
826780;treatment;after visit;2021-04-14 23:59:59+00:00;17.82;;;;1.51;;;8.92;;
826780;treatment;after visit;2021-04-15 23:59:59+00:00;24.29;;;;1.45;;;15.04;;
826780;treatment;after visit;2021-04-16 23:59:59+00:00;26.06;;;;1.49;;;19.48;;
826780;treatment;after visit;2021-04-17 23:59:59+00:00;18.95;;;;2.13;;;12.59;;
826780;treatment;after visit;2021-04-18 23:59:59+00:00;23.66;;;;1.83;;;17.79;;
826780;treatment;after visit;2021-04-19 23:59:59+00:00;31.98;;;;1.08;;;21.32;;
826780;treatment;after visit;2021-04-20 23:59:59+00:00;14.88;;;;2.2;;;9.3;;
826780;treatment;after visit;2021-04-21 23:59:59+00:00;13.85;;;;2.28;;;8.7;;
826780;treatment;after visit;2021-04-22 23:59:59+00:00;13.54;;;;2.39;;;6.14;;
826780;treatment;after visit;2021-04-23 23:59:59+00:00;16.75;;;;1.84;;;9.62;;
826780;treatment;after visit;2021-04-24 23:59:59+00:00;13.47;;;;2.3;;;6.86;;
826780;treatment;after visit;2021-04-25 23:59:59+00:00;17.83;;;;2.04;;;6.71;;
826780;treatment;after visit;2021-04-26 23:59:59+00:00;17.61;;;;1.4;;;10.96;;
826780;treatment;after visit;2021-04-27 23:59:59+00:00;19.92;;;;1.34;;;12.16;;
826780;treatment;after visit;2021-04-28 23:59:59+00:00;12.82;;;;1.46;;;6.06;;
826780;treatment;after visit;2021-04-29 23:59:59+00:00;16.65;;;;1.93;;;8.08;;
826780;treatment;after visit;2021-04-30 23:59:59+00:00;17.26;;;;1.98;;;10.41;;
826780;treatment;after visit;2021-05-01 23:59:59+00:00;23.41;;;;1.23;;;12.95;;
826780;treatment;after visit;2021-05-02 23:59:59+00:00;23.22;;;;0.73;;;16.02;;
826780;treatment;after visit;2021-05-03 23:59:59+00:00;14.72;;;;0.85;;;9.57;;
826780;treatment;after visit;2021-05-04 23:59:59+00:00;13.14;;;;0.2;;;9.11;;
826780;treatment;after visit;2021-05-05 23:59:59+00:00;12.46;;;;0.94;;;9.21;;
826780;treatment;after visit;2021-05-06 23:59:59+00:00;18.38;;;;1.72;;;13.74;;
826780;treatment;after visit;2021-05-07 23:59:59+00:00;26.46;;;;1.05;;;17.95;;
826780;treatment;after visit;2021-05-08 23:59:59+00:00;19.51;;;;1.32;;;11.91;;
826780;treatment;after visit;2021-05-09 23:59:59+00:00;15.63;;;;1.57;;;7.98;;
826780;treatment;after visit;2021-05-10 23:59:59+00:00;11.86;;;;2.13;;;4.26;;
826780;treatment;after visit;2021-05-11 23:59:59+00:00;17.65;;;;1.55;;;9.54;;
826780;treatment;after visit;2021-05-12 23:59:59+00:00;15.14;;;;1.93;;;8.48;;
826780;treatment;after visit;2021-05-13 23:59:59+00:00;21.97;;;;1.4;;;12.36;;
826780;treatment;after visit;2021-05-14 23:59:59+00:00;22.12;;;;1.36;;;12.36;;
826780;treatment;after visit;2021-05-15 23:59:59+00:00;20.8;;;;1.67;;;12.14;;
826780;treatment;after visit;2021-05-16 23:59:59+00:00;21.15;;;;1.17;;;14.69;;
826780;treatment;after visit;2021-05-17 23:59:59+00:00;26.55;;;;1.09;;;15.99;;
826780;treatment;after visit;2021-05-18 23:59:59+00:00;26.07;;;;1.1;;;15.45;;
826780;treatment;after visit;2021-05-19 23:59:59+00:00;18.4;;;;1.19;;;12.91;;
826780;treatment;after visit;2021-05-20 23:59:59+00:00;22.77;;;;0.5;;;15.12;;
826780;treatment;after visit;2021-05-21 23:59:59+00:00;20.47;;;;1.53;;;12.83;;
826780;treatment;after visit;2021-05-22 23:59:59+00:00;16.2;;;;1.62;;;9.78;;
826780;treatment;after visit;2021-05-23 23:59:59+00:00;21.58;;;;1.44;;;10.75;;
826780;treatment;after visit;2021-05-24 23:59:59+00:00;18.71;;;;1.65;;;10.92;;
826780;treatment;after visit;2021-05-25 23:59:59+00:00;16.42;;;;1.47;;;9.35;;
826780;treatment;after visit;2021-05-26 23:59:59+00:00;15.91;;;;1.44;;;9.04;;
826780;treatment;after visit;2021-05-27 23:59:59+00:00;16.45;;;;1.53;;;9.2;;
826780;treatment;after visit;2021-05-28 23:59:59+00:00;17.87;;;;1.8;;;8.45;;
826780;treatment;after visit;2021-05-29 23:59:59+00:00;15.53;;;;1.12;;;8.62;;
826780;treatment;after visit;2021-05-30 23:59:59+00:00;12.53;;;;1.92;;;5.75;;
826780;treatment;after visit;2021-05-31 23:59:59+00:00;14.26;;;;1.83;;;8.45;;
826780;treatment;after visit;2021-06-01 23:59:59+00:00;17.55;;;;1.73;;;7.49;;
826780;treatment;after visit;2021-06-02 23:59:59+00:00;10.3;;;;2.19;;;4.36;;
826780;treatment;after visit;2021-06-03 23:59:59+00:00;14.58;;;;2.03;;;3.59;;
826780;treatment;after visit;2021-06-04 23:59:59+00:00;21.84;;;;1.14;;;12.96;;
826780;treatment;after visit;2021-06-05 23:59:59+00:00;15.77;;;;1.55;;;7.35;;
826780;treatment;after visit;2021-06-06 23:59:59+00:00;10.21;;;;1.5;;;3.11;;
826780;treatment;after visit;2021-06-07 23:59:59+00:00;15.1;;;;0.98;;;7.11;;
826780;treatment;after visit;2021-06-08 23:59:59+00:00;12.41;;;;2.11;;;4.34;;
826780;treatment;after visit;2021-06-09 23:59:59+00:00;15.63;;;;1.34;;;7.3;;
826780;treatment;after visit;2021-06-10 23:59:59+00:00;19.73;;;;1.34;;;9.39;;
826780;treatment;after visit;2021-06-11 23:59:59+00:00;16.63;;;;1.46;;;7.87;;
826780;treatment;after visit;2021-06-12 23:59:59+00:00;9.01;;;;2.49;;;3.38;;
826780;treatment;after visit;2021-06-13 23:59:59+00:00;12.27;;;;2.05;;;4.2;;
826780;treatment;after visit;2021-06-14 23:59:59+00:00;14.54;;;;1.92;;;4.94;;
826780;treatment;after visit;2021-06-15 23:59:59+00:00;17.96;;;;1.39;;;7.73;;
826780;treatment;after visit;2021-06-16 23:59:59+00:00;13.01;;;;1.74;;;5.53;;
826780;treatment;after visit;2021-06-17 23:59:59+00:00;9.45;;;;2.31;;;3.16;;
826780;treatment;after visit;2021-06-18 23:59:59+00:00;29.26;;;;1.01;;;11.43;;
826780;treatment;after visit;2021-06-19 23:59:59+00:00;23.26;;;;1.06;;;6.12;;
826780;treatment;after visit;2021-06-20 23:59:59+00:00;18.48;;;;1.63;;;6.06;;
826780;treatment;after visit;2021-06-21 23:59:59+00:00;23.48;;;;1.36;;;8.35;;
826780;treatment;after visit;2021-06-22 23:59:59+00:00;12.23;;;;1.87;;;4.75;;
826780;treatment;after visit;2021-06-23 23:59:59+00:00;10.29;;;;2.5;;;2.35;;
826780;treatment;after visit;2021-06-24 23:59:59+00:00;12.64;;;;1.98;;;5.53;;
826780;treatment;after visit;2021-06-25 23:59:59+00:00;20.1;;;;0.92;;;9.47;;
826780;treatment;after visit;2021-06-26 23:59:59+00:00;11.65;;;;1.72;;;4.66;;
826780;treatment;after visit;2021-06-27 23:59:59+00:00;10.17;;;;1.77;;;3.76;;
826780;treatment;after visit;2021-06-28 23:59:59+00:00;22.24;;;;1.37;;;8.7;;
826780;treatment;after visit;2021-06-29 23:59:59+00:00;18.89;;;;1.65;;;5.56;;
826780;treatment;after visit;2021-06-30 23:59:59+00:00;15.69;;;;1.21;;;9.07;;
826780;treatment;after visit;2021-07-01 23:59:59+00:00;17.83;;;;1.26;;;9.58;;
826780;treatment;after visit;2021-07-02 23:59:59+00:00;10.05;;;;2.12;;;3.67;;
826780;treatment;after visit;2021-07-03 23:59:59+00:00;6.31;;;;2.05;;;2.16;;
826780;treatment;after visit;2021-07-04 23:59:59+00:00;7.48;;;;2.06;;;2.46;;
826780;treatment;after visit;2021-07-05 23:59:59+00:00;16.72;;;;1.17;;;8.43;;
826780;treatment;after visit;2021-07-06 23:59:59+00:00;14.0;;;;1.55;;;6.08;;
826780;treatment;after visit;2021-07-07 23:59:59+00:00;20.67;;;;1.21;;;12.34;;
826780;treatment;after visit;2021-07-08 23:59:59+00:00;21.35;;;;0.97;;;10.67;;
826780;treatment;after visit;2021-07-09 23:59:59+00:00;16.65;;;;0.93;;;6.62;;
826780;treatment;after visit;2021-07-10 23:59:59+00:00;13.68;;;;1.28;;;4.34;;
826780;treatment;after visit;2021-07-11 23:59:59+00:00;8.26;;;;2.28;;;2.46;;
826780;treatment;after visit;2021-07-12 23:59:59+00:00;18.89;;;;0.96;;;10.58;;
826780;treatment;after visit;2021-07-13 23:59:59+00:00;25.11;;;;0.93;;;10.72;;
826780;treatment;after visit;2021-07-14 23:59:59+00:00;15.74;;;;1.27;;;6.57;;
826780;treatment;after visit;2021-07-15 23:59:59+00:00;22.67;;;;0.92;;;9.59;;
826780;treatment;after visit;2021-07-16 23:59:59+00:00;25.21;;;;0.07;;;15.45;;
826780;treatment;after visit;2021-07-17 23:59:59+00:00;22.6;;;;0.13;;;13.18;;
826780;treatment;after visit;2021-07-18 23:59:59+00:00;20.04;;;;0.24;;;10.5;;
826780;treatment;after visit;2021-07-19 23:59:59+00:00;23.07;;;;0.69;;;10.08;;
826780;treatment;after visit;2021-07-20 23:59:59+00:00;21.88;;;;1.09;;;10.0;;
826780;treatment;after visit;2021-07-21 23:59:59+00:00;17.46;;;;1.32;;;7.81;;
826780;treatment;after visit;2021-07-22 23:59:59+00:00;9.79;;;;1.68;;;2.66;;
826780;treatment;after visit;2021-07-23 23:59:59+00:00;7.02;;;;1.82;;;2.17;;
826780;treatment;after visit;2021-07-24 23:59:59+00:00;3.96;;;;2.16;;;0.01;;
826780;treatment;after visit;2021-07-25 23:59:59+00:00;14.53;;;;1.32;;;8.0;;
826780;treatment;after visit;2021-07-26 23:59:59+00:00;26.14;;;;0.22;;;13.64;;
826780;treatment;after visit;2021-07-27 23:59:59+00:00;18.3;;;;0.62;;;7.31;;
826780;treatment;after visit;2021-07-28 23:59:59+00:00;21.4;;;;0.95;;;9.45;;
826780;treatment;after visit;2021-07-29 23:59:59+00:00;13.34;;;;1.43;;;4.6;;
826780;treatment;after visit;2021-07-30 23:59:59+00:00;13.46;;;;1.64;;;3.4;;
826780;treatment;after visit;2021-07-31 23:59:59+00:00;16.0;;;;1.06;;;7.17;;
826780;treatment;after visit;2021-08-01 23:59:59+00:00;18.47;;;;1.03;;;7.09;;
826780;treatment;after visit;2021-08-02 23:59:59+00:00;17.76;;;;0.97;;;7.22;;
826780;treatment;after visit;2021-08-03 23:59:59+00:00;16.35;;;;0.9;;;5.22;;
826780;treatment;after visit;2021-08-04 23:59:59+00:00;25.39;;;;1.12;;;12.68;;
826780;treatment;after visit;2021-08-05 23:59:59+00:00;23.01;;;;0.67;;;11.33;;
826780;treatment;after visit;2021-08-06 23:59:59+00:00;20.21;;;;0.96;;;8.39;;
826780;treatment;after visit;2021-08-07 23:59:59+00:00;7.44;;;;2.16;;;2.03;;
826780;treatment;after visit;2021-08-08 23:59:59+00:00;6.39;;;;2.29;;;2.28;;
826780;treatment;after visit;2021-08-09 23:59:59+00:00;7.97;;;;2.22;;;3.73;;
826780;treatment;after visit;2021-08-10 23:59:59+00:00;6.63;;;;2.28;;;2.53;;
826780;treatment;after visit;2021-08-11 23:59:59+00:00;6.37;;;;2.27;;;2.18;;
826780;treatment;after visit;2021-08-12 23:59:59+00:00;6.43;;;;2.25;;;2.14;;
826780;treatment;after visit;2021-08-13 23:59:59+00:00;4.23;;;;2.33;;;0.02;;
826780;treatment;after visit;2021-08-14 23:59:59+00:00;6.66;;;;2.22;;;2.19;;
826780;treatment;after visit;2021-08-15 23:59:59+00:00;6.69;;;;2.21;;;2.19;;
826780;treatment;after visit;2021-08-16 23:59:59+00:00;6.61;;;;2.23;;;2.13;;
826780;treatment;after visit;2021-08-17 23:59:59+00:00;7.4;;;;2.2;;;3.04;;
826780;treatment;after visit;2021-08-18 23:59:59+00:00;6.4;;;;2.26;;;2.14;;
826780;treatment;after visit;2021-08-19 23:59:59+00:00;6.41;;;;2.26;;;2.13;;
826780;treatment;after visit;2021-08-20 23:59:59+00:00;4.94;;;;2.31;;;0.84;;
826780;treatment;after visit;2021-08-21 23:59:59+00:00;17.88;;;;1.32;;;8.8;;
826780;treatment;after visit;2021-08-22 23:59:59+00:00;19.85;;;;0.92;;;8.6;;
826780;treatment;after visit;2021-08-23 23:59:59+00:00;18.61;;;;1.29;;;8.35;;
826780;treatment;after visit;2021-08-24 23:59:59+00:00;16.41;;;;1.46;;;3.83;;
826780;treatment;after visit;2021-08-25 23:59:59+00:00;19.06;;;;1.36;;;8.55;;
826780;treatment;after visit;2021-08-26 23:59:59+00:00;19.24;;;;1.17;;;9.02;;
826780;treatment;after visit;2021-08-27 23:59:59+00:00;12.83;;;;1.74;;;3.71;;
826780;treatment;after visit;2021-08-28 23:59:59+00:00;15.22;;;;1.77;;;5.25;;
826780;treatment;after visit;2021-08-29 23:59:59+00:00;18.11;;;;1.38;;;5.79;;
826780;treatment;after visit;2021-08-30 23:59:59+00:00;22.56;;;;1.1;;;6.77;;
826780;treatment;after visit;2021-08-31 23:59:59+00:00;24.17;;;;0.29;;;10.81;;
826780;treatment;after visit;2021-09-01 23:59:59+00:00;13.76;;;;1.59;;;6.49;;
826780;treatment;after visit;2021-09-02 23:59:59+00:00;20.53;;;;0.9;;;8.37;;
826780;treatment;after visit;2021-09-03 23:59:59+00:00;13.56;;;;1.81;;;4.96;;
826780;treatment;after visit;2021-09-04 23:59:59+00:00;10.42;;;;1.66;;;2.83;;
826780;treatment;after visit;2021-09-05 23:59:59+00:00;9.54;;;;2.44;;;3.45;;
826780;treatment;after visit;2021-09-06 23:59:59+00:00;18.46;;;;1.36;;;8.31;;
826780;treatment;after visit;2021-09-07 23:59:59+00:00;17.93;;;;0.99;;;6.06;;
826780;treatment;after visit;2021-09-08 23:59:59+00:00;10.84;;;;2.3;;;3.19;;
826780;treatment;after visit;2021-09-09 23:59:59+00:00;14.4;;;;1.78;;;7.25;;
826780;treatment;after visit;2021-09-10 23:59:59+00:00;20.93;;;;1.34;;;8.04;;
826780;treatment;after visit;2021-09-11 23:59:59+00:00;14.2;;;;1.66;;;4.39;;
826780;treatment;after visit;2021-09-12 23:59:59+00:00;20.46;;;;0.95;;;9.11;;
826780;treatment;after visit;2021-09-13 23:59:59+00:00;15.78;;;;0.74;;;6.08;;
826780;treatment;after visit;2021-09-14 23:59:59+00:00;14.34;;;;1.46;;;5.82;;
826780;treatment;after visit;2021-09-15 23:59:59+00:00;16.59;;;;1.61;;;6.36;;
826780;treatment;after visit;2021-09-16 23:59:59+00:00;16.61;;;;1.18;;;6.64;;
826780;treatment;after visit;2021-09-17 23:59:59+00:00;7.77;;;;2.72;;;2.11;;
826780;treatment;after visit;2021-09-18 23:59:59+00:00;8.97;;;;2.51;;;2.89;;
826780;treatment;after visit;2021-09-19 23:59:59+00:00;12.97;;;;2.35;;;4.23;;
826780;treatment;after visit;2021-09-20 23:59:59+00:00;18.78;;;;1.21;;;7.24;;
826780;treatment;after visit;2021-09-21 23:59:59+00:00;23.97;;;;0.93;;;9.89;;
826780;treatment;after visit;2021-09-22 23:59:59+00:00;22.28;;;;0.71;;;9.55;;
826780;treatment;after visit;2021-09-23 23:59:59+00:00;21.23;;;;1.01;;;9.91;;
826780;treatment;after visit;2021-09-24 23:59:59+00:00;20.69;;;;1.46;;;9.27;;
826780;treatment;after visit;2021-09-25 23:59:59+00:00;17.95;;;;1.03;;;7.01;;
826780;treatment;after visit;2021-09-26 23:59:59+00:00;14.53;;;;2.98;;;3.51;;
826780;treatment;after visit;2021-09-27 23:59:59+00:00;22.16;;;;1.72;;;9.26;;
826780;treatment;after visit;2021-09-28 23:59:59+00:00;18.29;;;;1.57;;;5.47;;
826780;treatment;after visit;2021-09-29 23:59:59+00:00;13.19;;;;2.67;;;3.77;;
826780;treatment;after visit;2021-09-30 23:59:59+00:00;13.57;;;;2.5;;;4.52;;
826780;treatment;after visit;2021-10-01 23:59:59+00:00;16.39;;;;1.77;;;6.7;;
826780;treatment;after visit;2021-10-02 23:59:59+00:00;15.04;;;;2.27;;;6.52;;
826780;treatment;after visit;2021-10-03 23:59:59+00:00;22.8;;;;1.49;;;9.42;;
826780;treatment;after visit;2021-10-04 23:59:59+00:00;24.98;;;;1.26;;;12.43;;
826780;treatment;after visit;2021-10-05 23:59:59+00:00;25.04;;;;1.3;;;12.79;;
826780;treatment;after visit;2021-10-06 23:59:59+00:00;15.06;;;;2.16;;;6.54;;
826780;treatment;after visit;2021-10-07 23:59:59+00:00;19.81;;;;1.44;;;9.9;;
826780;treatment;after visit;2021-10-08 23:59:59+00:00;14.39;;;;1.09;;;8.38;;
826780;treatment;after visit;2021-10-09 23:59:59+00:00;13.55;;;;2.02;;;8.85;;
826780;treatment;after visit;2021-10-10 23:59:59+00:00;14.2;;;;2.04;;;9.24;;
826780;treatment;after visit;2021-10-11 23:59:59+00:00;14.26;;;;2.36;;;10.79;;
826780;treatment;after visit;2021-10-12 23:59:59+00:00;14.37;;;;2.44;;;11.67;;
826780;treatment;after visit;2021-10-13 23:59:59+00:00;13.07;;;;2.52;;;9.81;;
826780;treatment;after visit;2021-10-14 23:59:59+00:00;14.71;;;;2.45;;;11.55;;
826780;treatment;after visit;2021-10-15 23:59:59+00:00;14.22;;;;2.43;;;10.99;;
826780;treatment;after visit;2021-10-16 23:59:59+00:00;14.91;;;;2.52;;;10.75;;
826780;treatment;after visit;2021-10-17 23:59:59+00:00;28.58;;;;1.41;;;17.66;;
826780;treatment;after visit;2021-10-18 23:59:59+00:00;27.89;;;;0.94;;;15.83;;
826780;treatment;after visit;2021-10-19 23:59:59+00:00;23.77;;;;1.33;;;15.35;;
826780;treatment;after visit;2021-10-20 23:59:59+00:00;20.16;;;;1.8;;;12.26;;
826780;treatment;after visit;2021-10-21 23:59:59+00:00;14.65;;;;2.11;;;4.77;;
826780;treatment;after visit;2021-10-22 23:59:59+00:00;21.31;;;;1.93;;;11.34;;
826780;treatment;after visit;2021-10-23 23:59:59+00:00;21.51;;;;1.58;;;12.28;;
826780;treatment;after visit;2021-10-24 23:59:59+00:00;24.86;;;;2.1;;;17.25;;
826780;treatment;after visit;2021-10-25 23:59:59+00:00;26.94;;;;1.64;;;17.86;;
826780;treatment;after visit;2021-10-26 23:59:59+00:00;25.43;;;;1.39;;;17.23;;
826780;treatment;after visit;2021-10-27 23:59:59+00:00;24.72;;;;1.52;;;15.88;;
826780;treatment;after visit;2021-10-28 23:59:59+00:00;23.56;;;;1.56;;;16.58;;
826780;treatment;after visit;2021-10-29 23:59:59+00:00;24.15;;;;2.14;;;13.94;;
826780;treatment;after visit;2021-10-30 23:59:59+00:00;24.56;;;;1.74;;;19.13;;
826780;treatment;after visit;2021-10-31 23:59:59+00:00;27.63;;;;1.48;;;15.71;;
826780;treatment;after visit;2021-11-01 23:59:59+00:00;21.48;;;;1.89;;;10.54;;
826780;treatment;after visit;2021-11-02 23:59:59+00:00;26.87;;;;1.25;;;14.94;;
826780;treatment;after visit;2021-11-03 23:59:59+00:00;19.38;;;;2.22;;;13.11;;
826780;treatment;after visit;2021-11-04 23:59:59+00:00;18.59;;;;2.22;;;12.2;;
826780;treatment;after visit;2021-11-05 23:59:59+00:00;27.11;;;;1.4;;;19.42;;
826780;treatment;after visit;2021-11-06 23:59:59+00:00;18.42;;;;2.53;;;11.45;;
826780;treatment;after visit;2021-11-07 23:59:59+00:00;22.99;;;;2.23;;;14.23;;
826780;treatment;after visit;2021-11-08 23:59:59+00:00;16.28;;;;2.35;;;9.55;;
826780;treatment;after visit;2021-11-09 23:59:59+00:00;28.66;;;;1.18;;;19.14;;
826780;treatment;after visit;2021-11-10 23:59:59+00:00;25.34;;;;2.05;;;16.47;;
826780;treatment;after visit;2021-11-11 23:59:59+00:00;25.07;;;;1.97;;;16.84;;
826780;treatment;after visit;2021-11-12 23:59:59+00:00;28.49;;;;2.02;;;15.38;;
826780;treatment;after visit;2021-11-13 23:59:59+00:00;23.16;;;;2.48;;;13.85;;
826780;treatment;after visit;2021-11-14 23:59:59+00:00;27.39;;;;1.69;;;17.86;;
826780;treatment;after visit;2021-11-15 23:59:59+00:00;29.52;;;;0.73;;;19.05;;
826780;treatment;after visit;2021-11-16 23:59:59+00:00;23.24;;;;2.2;;;13.16;;
826780;treatment;after visit;2021-11-17 23:59:59+00:00;20.66;;;;2.07;;;12.36;;
826780;treatment;after visit;2021-11-18 23:59:59+00:00;19.12;;;;2.96;;;12.28;;
826780;treatment;after visit;2021-11-19 23:59:59+00:00;25.27;;;;2.49;;;14.03;;
826780;treatment;after visit;2021-11-20 23:59:59+00:00;24.59;;;;1.74;;;17.24;;
826780;treatment;after visit;2021-11-21 23:59:59+00:00;25.06;;;;2.39;;;13.93;;
826780;treatment;after visit;2021-11-22 23:59:59+00:00;29.27;;;;1.19;;;18.67;;
826780;treatment;after visit;2021-11-23 23:59:59+00:00;25.82;;;;1.64;;;16.56;;
826780;treatment;after visit;2021-11-24 23:59:59+00:00;30.11;;;;1.11;;;18.91;;
826780;treatment;after visit;2021-11-25 23:59:59+00:00;24.84;;;;2.18;;;17.61;;
826780;treatment;after visit;2021-11-26 23:59:59+00:00;34.29;;;;2.06;;;23.61;;
826780;treatment;after visit;2021-11-27 23:59:59+00:00;30.47;;;;1.72;;;19.81;;
826780;treatment;after visit;2021-11-28 23:59:59+00:00;29.56;;;;2.09;;;16.7;;
826780;treatment;after visit;2021-11-29 23:59:59+00:00;31.11;;;;1.7;;;21.87;;
826780;treatment;after visit;2021-11-30 23:59:59+00:00;33.02;;;;1.93;;;22.85;;
826780;treatment;after visit;2021-12-01 23:59:59+00:00;30.89;;;;1.57;;;24.9;;
826780;treatment;after visit;2021-12-02 23:59:59+00:00;26.96;;;;2.13;;;17.09;;
826780;treatment;after visit;2021-12-03 23:59:59+00:00;35.19;;;;1.11;;;24.58;;
826780;treatment;after visit;2021-12-04 23:59:59+00:00;25.7;;;;2.02;;;15.55;;
826780;treatment;after visit;2021-12-05 23:59:59+00:00;30.39;;;;1.56;;;18.31;;
826780;treatment;after visit;2021-12-06 23:59:59+00:00;31.82;;;;2.12;;;21.98;;
826780;treatment;after visit;2021-12-07 23:59:59+00:00;28.32;;;;1.96;;;19.81;;
826780;treatment;after visit;2021-12-08 23:59:59+00:00;37.52;;;;0.64;;;26.95;;
826780;treatment;after visit;2021-12-09 23:59:59+00:00;38.23;;;;1.06;;;28.52;;
826780;treatment;after visit;2021-12-10 23:59:59+00:00;31.03;;;;1.64;;;20.84;;
826780;treatment;after visit;2021-12-11 23:59:59+00:00;36.15;;;;0.65;;;24.24;;
826780;treatment;after visit;2021-12-12 23:59:59+00:00;29.95;;;;1.28;;;17.17;;
826780;treatment;after visit;2021-12-13 23:59:59+00:00;27.29;;;;1.6;;;16.61;;
826780;treatment;after visit;2021-12-14 23:59:59+00:00;38.35;;;;0.97;;;26.19;;
826780;treatment;after visit;2021-12-15 23:59:59+00:00;38.44;;;;0.93;;;26.76;;
826780;treatment;after visit;2021-12-16 23:59:59+00:00;32.71;;;;1.22;;;24.29;;
826780;treatment;after visit;2021-12-17 23:59:59+00:00;30.93;;;;1.6;;;19.94;;
826780;treatment;after visit;2021-12-18 23:59:59+00:00;31.05;;;;1.62;;;19.63;;
826780;treatment;after visit;2021-12-19 23:59:59+00:00;28.78;;;;1.68;;;20.1;;
826780;treatment;after visit;2021-12-20 23:59:59+00:00;39.73;;;;1.03;;;28.97;;
826780;treatment;after visit;2021-12-21 23:59:59+00:00;40.52;;;;0.94;;;29.12;;
826780;treatment;after visit;2021-12-22 23:59:59+00:00;32.99;;;;1.38;;;26.43;;
826780;treatment;after visit;2021-12-23 23:59:59+00:00;32.9;;;;1.5;;;23.71;;
826780;treatment;after visit;2021-12-24 23:59:59+00:00;35.46;;;;1.89;;;23.98;;
826780;treatment;after visit;2021-12-25 23:59:59+00:00;26.53;;;;2.5;;;16.67;;
826780;treatment;after visit;2021-12-26 23:59:59+00:00;22.86;;;;2.39;;;15.89;;
826780;treatment;after visit;2021-12-27 23:59:59+00:00;30.09;;;;1.37;;;19.55;;
826780;treatment;after visit;2021-12-28 23:59:59+00:00;26.81;;;;1.6;;;17.21;;
826780;treatment;after visit;2021-12-29 23:59:59+00:00;25.05;;;;2.27;;;15.96;;
826780;treatment;after visit;2021-12-30 23:59:59+00:00;19.92;;;;2.61;;;12.04;;
826780;treatment;after visit;2021-12-31 23:59:59+00:00;27.8;;;;1.92;;;14.41;;
826780;treatment;after visit;2022-01-01 23:59:59+00:00;26.56;;;;1.22;;;18.81;;
826780;treatment;after visit;2022-01-02 23:59:59+00:00;30.23;;;;1.47;;;20.7;;
826780;treatment;after visit;2022-01-03 23:59:59+00:00;27.27;;;;1.35;;;17.24;;
826780;treatment;after visit;2022-01-04 23:59:59+00:00;25.32;;;;1.61;;;16.19;;
826780;treatment;after visit;2022-01-05 23:59:59+00:00;26.41;;;;1.69;;;17.09;;
826780;treatment;after visit;2022-01-06 23:59:59+00:00;34.11;;;;1.17;;;24.35;;
826780;treatment;after visit;2022-01-07 23:59:59+00:00;29.73;;;;1.67;;;20.09;;
826780;treatment;after visit;2022-01-08 23:59:59+00:00;23.91;;;;2.42;;;16.94;;
826780;treatment;after visit;2022-01-09 23:59:59+00:00;32.39;;;;1.59;;;22.75;;
826780;treatment;after visit;2022-01-10 23:59:59+00:00;38.3;;;;1.05;;;27.55;;
826780;treatment;after visit;2022-01-11 23:59:59+00:00;35.47;;;;1.27;;;25.82;;
826780;treatment;after visit;2022-01-12 23:59:59+00:00;31.66;;;;1.36;;;22.72;;
826780;treatment;after visit;2022-01-13 23:59:59+00:00;36.94;;;;0.94;;;27.44;;
826780;treatment;after visit;2022-01-14 23:59:59+00:00;35.73;;;;1.27;;;25.07;;
826780;treatment;after visit;2022-01-15 23:59:59+00:00;33.08;;;;1.75;;;24.36;;
826780;treatment;after visit;2022-01-16 23:59:59+00:00;29.35;;;;2.02;;;20.87;;
826780;treatment;after visit;2022-01-17 23:59:59+00:00;35.81;;;;1.24;;;24.82;;
826780;treatment;after visit;2022-01-18 23:59:59+00:00;34.08;;;;1.51;;;26.05;;
826780;treatment;after visit;2022-01-19 23:59:59+00:00;35.07;;;;1.03;;;27.14;;
826780;treatment;after visit;2022-01-20 23:59:59+00:00;40.41;;;;0.88;;;30.73;;
826780;treatment;after visit;2022-01-21 23:59:59+00:00;35.95;;;;1.54;;;25.96;;
826780;treatment;after visit;2022-01-22 23:59:59+00:00;32.46;;;;1.53;;;23.15;;
826780;treatment;after visit;2022-01-23 23:59:59+00:00;33.96;;;;1.49;;;21.66;;
826780;treatment;after visit;2022-01-24 23:59:59+00:00;38.29;;;;1.17;;;26.63;;
826780;treatment;after visit;2022-01-25 23:59:59+00:00;31.78;;;;1.1;;;23.6;;
826780;treatment;after visit;2022-01-26 23:59:59+00:00;31.56;;;;1.98;;;20.41;;
826780;treatment;after visit;2022-01-27 23:59:59+00:00;46.31;;;;1.38;;;24.07;;
826780;treatment;after visit;2022-01-28 23:59:59+00:00;37.07;;;;1.06;;;25.97;;
826780;treatment;after visit;2022-01-29 23:59:59+00:00;28.16;;;;1.69;;;18.32;;
826780;treatment;after visit;2022-01-30 23:59:59+00:00;29.98;;;;1.58;;;19.6;;
826780;treatment;after visit;2022-01-31 23:59:59+00:00;35.57;;;;1.13;;;24.05;;
826780;treatment;after visit;2022-02-01 23:59:59+00:00;39.87;;;;1.12;;;23.91;;
826780;treatment;after visit;2022-02-02 23:59:59+00:00;33.85;;;;1.0;;;23.06;;
826780;treatment;after visit;2022-02-03 23:59:59+00:00;24.99;;;;2.43;;;18.1;;
826780;treatment;after visit;2022-02-04 23:59:59+00:00;29.5;;;;1.7;;;18.5;;
826780;treatment;after visit;2022-02-05 23:59:59+00:00;28.15;;;;1.48;;;18.36;;
826780;treatment;after visit;2022-02-06 23:59:59+00:00;32.32;;;;1.54;;;20.69;;
826780;treatment;after visit;2022-02-07 23:59:59+00:00;37.87;;;;1.1;;;26.44;;
826780;treatment;after visit;2022-02-08 23:59:59+00:00;27.85;;;;2.11;;;19.19;;
826780;treatment;after visit;2022-02-09 23:59:59+00:00;23.85;;;;2.02;;;16.25;;
826780;treatment;after visit;2022-02-10 23:59:59+00:00;29.85;;;;1.78;;;18.47;;
826780;treatment;after visit;2022-02-11 23:59:59+00:00;35.05;;;;1.18;;;25.4;;
826780;treatment;after visit;2022-02-12 23:59:59+00:00;28.75;;;;1.6;;;21.24;;
826780;treatment;after visit;2022-02-13 23:59:59+00:00;30.46;;;;1.78;;;19.96;;
826780;treatment;after visit;2022-02-14 23:59:59+00:00;33.61;;;;1.35;;;24.53;;
826780;treatment;after visit;2022-02-15 23:59:59+00:00;31.5;;;;1.77;;;21.49;;
826780;treatment;after visit;2022-02-16 23:59:59+00:00;26.21;;;;2.03;;;20.09;;
826780;treatment;after visit;2022-02-17 23:59:59+00:00;29.62;;;;1.58;;;21.85;;
826780;treatment;after visit;2022-02-18 23:59:59+00:00;28.19;;;;0.78;;;18.0;;
826780;treatment;after visit;2022-02-19 23:59:59+00:00;33.61;;;;0.77;;;22.41;;
826780;treatment;after visit;2022-02-20 23:59:59+00:00;28.44;;;;1.09;;;17.55;;
826780;treatment;after visit;2022-02-21 23:59:59+00:00;32.49;;;;0.96;;;21.9;;
826780;treatment;after visit;2022-02-22 23:59:59+00:00;37.52;;;;0.64;;;26.8;;
826780;treatment;after visit;2022-02-23 23:59:59+00:00;26.51;;;;1.13;;;17.0;;
826780;treatment;after visit;2022-02-24 23:59:59+00:00;31.61;;;;0.74;;;22.18;;
826780;treatment;after visit;2022-02-25 23:59:59+00:00;25.97;;;;1.43;;;16.74;;
826780;treatment;after visit;2022-02-26 23:59:59+00:00;22.34;;;;1.97;;;17.19;;
826780;treatment;after visit;2022-02-27 23:59:59+00:00;23.72;;;;1.84;;;19.64;;
826780;treatment;after visit;2022-02-28 23:59:59+00:00;22.89;;;;1.88;;;18.55;;
826780;treatment;after visit;2022-03-01 23:59:59+00:00;25.13;;;;1.8;;;20.66;;
826780;treatment;after visit;2022-03-02 23:59:59+00:00;21.23;;;;1.95;;;17.3;;
826780;treatment;after visit;2022-03-03 23:59:59+00:00;20.24;;;;2.04;;;16.14;;
826780;treatment;after visit;2022-03-04 23:59:59+00:00;20.65;;;;2.04;;;16.63;;
826780;treatment;after visit;2022-03-05 23:59:59+00:00;23.85;;;;1.77;;;19.56;;
826780;treatment;after visit;2022-03-06 23:59:59+00:00;35.66;;;;0.8;;;26.12;;
826780;treatment;after visit;2022-03-07 23:59:59+00:00;34.91;;;;0.9;;;25.82;;
826780;treatment;after visit;2022-03-08 23:59:59+00:00;32.5;;;;0.98;;;24.8;;
826780;treatment;after visit;2022-03-09 23:59:59+00:00;32.85;;;;0.92;;;23.85;;
826780;treatment;after visit;2022-03-10 23:59:59+00:00;31.23;;;;0.99;;;22.01;;
826780;treatment;after visit;2022-03-11 23:59:59+00:00;25.52;;;;1.54;;;16.44;;
826780;treatment;after visit;2022-03-12 23:59:59+00:00;19.33;;;;1.72;;;13.73;;
826780;treatment;after visit;2022-03-13 23:59:59+00:00;27.87;;;;1.29;;;17.68;;
826780;treatment;after visit;2022-03-14 23:59:59+00:00;23.71;;;;1.04;;;16.73;;
826780;treatment;after visit;2022-03-15 23:59:59+00:00;22.21;;;;1.72;;;13.7;;
826780;treatment;after visit;2022-03-16 23:59:59+00:00;25.35;;;;1.27;;;17.79;;
826780;treatment;after visit;2022-03-17 23:59:59+00:00;21.88;;;;1.74;;;13.87;;
826780;treatment;after visit;2022-03-18 23:59:59+00:00;20.94;;;;2.41;;;13.59;;
826780;treatment;after visit;2022-03-19 23:59:59+00:00;24.87;;;;2.08;;;17.83;;
826780;treatment;after visit;2022-03-20 23:59:59+00:00;20.67;;;;2.18;;;14.53;;
826780;treatment;after visit;2022-03-21 23:59:59+00:00;27.87;;;;1.33;;;19.57;;
826780;treatment;after visit;2022-03-22 23:59:59+00:00;27.29;;;;1.68;;;16.55;;
826780;treatment;after visit;2022-03-23 23:59:59+00:00;17.71;;;;2.3;;;10.34;;
826780;treatment;after visit;2022-03-24 23:59:59+00:00;17.75;;;;2.61;;;9.7;;
826780;treatment;after visit;2022-03-25 23:59:59+00:00;22.56;;;;1.73;;;12.73;;
826780;treatment;after visit;2022-03-26 23:59:59+00:00;17.26;;;;2.26;;;10.06;;
826780;treatment;after visit;2022-03-27 23:59:59+00:00;17.41;;;;2.24;;;9.07;;
826780;treatment;after visit;2022-03-28 23:59:59+00:00;21.03;;;;2.16;;;11.09;;
826780;treatment;after visit;2022-03-29 23:59:59+00:00;14.47;;;;2.81;;;8.5;;
826780;treatment;after visit;2022-03-30 23:59:59+00:00;14.23;;;;2.81;;;8.39;;
826780;treatment;after visit;2022-03-31 23:59:59+00:00;28.99;;;;1.63;;;19.69;;
826780;treatment;after visit;2022-04-01 23:59:59+00:00;31.82;;;;1.0;;;20.96;;
826780;treatment;after visit;2022-04-02 23:59:59+00:00;30.65;;;;1.29;;;20.9;;
826780;treatment;after visit;2022-04-03 23:59:59+00:00;35.8;;;;0.83;;;24.63;;
826780;treatment;after visit;2022-04-04 23:59:59+00:00;31.24;;;;0.99;;;22.29;;
826780;treatment;after visit;2022-04-05 23:59:59+00:00;30.44;;;;1.13;;;22.09;;
826780;treatment;after visit;2022-04-06 23:59:59+00:00;18.99;;;;1.8;;;11.36;;
826780;treatment;after visit;2022-04-07 23:59:59+00:00;22.1;;;;1.82;;;14.65;;
826780;treatment;after visit;2022-04-08 23:59:59+00:00;27.12;;;;1.37;;;16.75;;
826780;treatment;after visit;2022-04-09 23:59:59+00:00;25.73;;;;0.79;;;17.38;;
826780;treatment;after visit;2022-04-10 23:59:59+00:00;22.79;;;;1.42;;;12.8;;
826780;treatment;after visit;2022-04-11 23:59:59+00:00;23.02;;;;1.48;;;15.56;;
826780;treatment;after visit;2022-04-12 23:59:59+00:00;17.18;;;;2.44;;;10.36;;
826780;treatment;after visit;2022-04-13 23:59:59+00:00;11.86;;;;3.06;;;4.83;;
826780;treatment;after visit;2022-04-14 23:59:59+00:00;13.06;;;;2.45;;;5.83;;
826780;treatment;after visit;2022-04-15 23:59:59+00:00;18.67;;;;1.05;;;10.16;;
826780;treatment;after visit;2022-04-16 23:59:59+00:00;14.5;;;;2.27;;;6.66;;
826780;treatment;after visit;2022-04-17 23:59:59+00:00;10.43;;;;2.88;;;5.84;;
826780;treatment;after visit;2022-04-18 23:59:59+00:00;17.86;;;;1.91;;;10.11;;
826780;treatment;after visit;2022-04-19 23:59:59+00:00;18.21;;;;1.52;;;11.5;;
826780;treatment;after visit;2022-04-20 23:59:59+00:00;12.12;;;;2.74;;;7.97;;
826780;treatment;after visit;2022-04-21 23:59:59+00:00;13.71;;;;1.9;;;7.13;;
826780;treatment;after visit;2022-04-22 23:59:59+00:00;12.34;;;;2.9;;;7.75;;
826780;treatment;after visit;2022-04-23 23:59:59+00:00;13.04;;;;2.81;;;6.7;;
826780;treatment;after visit;2022-04-24 23:59:59+00:00;27.89;;;;1.64;;;16.23;;
826780;treatment;after visit;2022-04-25 23:59:59+00:00;21.28;;;;1.68;;;13.92;;
826780;treatment;after visit;2022-04-26 23:59:59+00:00;23.47;;;;2.01;;;15.15;;
826780;treatment;after visit;2022-04-27 23:59:59+00:00;13.97;;;;0.87;;;10.75;;
826780;treatment;after visit;2022-04-28 23:59:59+00:00;10.4;;;46.16;1.24;;;8.04;;
826780;treatment;after visit;2022-04-29 23:59:59+00:00;9.7;;;32.42;1.77;;;6.1;;
826780;treatment;after visit;2022-04-30 23:59:59+00:00;9.19;;;17.35;2.67;;;5.33;;
826780;treatment;after visit;2022-05-01 23:59:59+00:00;9.09;;;35.42;1.78;;;5.31;;
826780;treatment;after visit;2022-05-02 23:59:59+00:00;12.42;;;37.25;0.63;;;9.36;;
826780;treatment;after visit;2022-05-03 23:59:59+00:00;5.92;;;21.08;2.09;;;4.46;;
826780;treatment;after visit;2022-05-04 23:59:59+00:00;3.57;;;25.33;2.48;;;2.0;;
826780;treatment;after visit;2022-05-05 23:59:59+00:00;9.34;;;7.67;2.9;;;7.13;;
826780;treatment;after visit;2022-05-06 23:59:59+00:00;7.31;;;8.33;3.15;;;6.28;;
826780;treatment;after visit;2022-05-07 23:59:59+00:00;9.49;;;17.64;2.63;;;6.32;;
826780;treatment;after visit;2022-05-08 23:59:59+00:00;8.4;;;12.77;2.4;;;6.32;;
826780;treatment;after visit;2022-05-09 23:59:59+00:00;4.29;;;33.9;1.82;;;1.82;;
826780;treatment;after visit;2022-05-10 23:59:59+00:00;6.87;;;35.27;1.32;;;4.58;;
826780;treatment;after visit;2022-05-11 23:59:59+00:00;4.9;;;44.99;2.4;;;2.98;;
826780;treatment;after visit;2022-05-12 23:59:59+00:00;6.83;;;31.67;1.94;;;3.97;;
826780;treatment;after visit;2022-05-13 23:59:59+00:00;6.29;;;14.49;2.09;;;2.79;;
826780;treatment;after visit;2022-05-14 23:59:59+00:00;4.96;;;39.28;2.26;;;1.93;;
826780;treatment;after visit;2022-05-15 23:59:59+00:00;4.02;;;40.7;2.08;;;1.87;;
826780;treatment;after visit;2022-05-16 23:59:59+00:00;3.58;;;38.79;2.06;;;2.09;;
826780;treatment;after visit;2022-05-17 23:59:59+00:00;5.61;;;38.44;1.48;;;2.63;;
826780;treatment;after visit;2022-05-18 23:59:59+00:00;7.08;;;41.4;1.78;;;3.1;;
826780;treatment;after visit;2022-05-19 23:59:59+00:00;6.92;;;32.47;1.72;;;3.34;;
826780;treatment;after visit;2022-05-20 23:59:59+00:00;5.7;;;32.95;1.86;;;2.0;;
826780;treatment;after visit;2022-05-21 23:59:59+00:00;4.58;;;42.61;2.24;;;2.08;;
826780;treatment;after visit;2022-05-22 23:59:59+00:00;6.05;;;29.17;2.19;;;3.55;;
826780;treatment;after visit;2022-05-23 23:59:59+00:00;6.03;;;22.83;3.53;;;1.78;;
826780;treatment;after visit;2022-05-24 23:59:59+00:00;4.64;;;6.99;2.63;;;2.06;;
826780;treatment;after visit;2022-05-25 23:59:59+00:00;5.84;;;34.79;2.13;;;3.7;;
826780;treatment;after visit;2022-05-26 23:59:59+00:00;7.17;;;44.95;1.74;;;3.31;;
826780;treatment;after visit;2022-05-27 23:59:59+00:00;6.75;;;46.04;1.82;;;3.67;;
826780;treatment;after visit;2022-05-28 23:59:59+00:00;5.84;;;21.39;2.45;;;2.77;;
826780;treatment;after visit;2022-05-29 23:59:59+00:00;2.54;;;35.98;2.42;;;0.25;;
826780;treatment;after visit;2022-05-30 23:59:59+00:00;3.82;;;42.54;2.27;;;2.45;;
826780;treatment;after visit;2022-05-31 23:59:59+00:00;3.79;;;13.41;2.27;;;2.08;;
826780;treatment;after visit;2022-06-01 23:59:59+00:00;5.13;;;9.07;2.14;;;2.61;;
826780;treatment;after visit;2022-06-02 23:59:59+00:00;4.61;;;27.59;1.6;;;2.9;;
826780;treatment;after visit;2022-06-03 23:59:59+00:00;4.19;;;15.39;1.67;;;1.61;;
826780;treatment;after visit;2022-06-04 23:59:59+00:00;7.31;;;30.08;1.58;;;4.06;;
826780;treatment;after visit;2022-06-05 23:59:59+00:00;7.88;;;8.41;2.2;;;2.63;;
826780;treatment;after visit;2022-06-06 23:59:59+00:00;3.47;;;36.1;2.31;;;1.81;;
826780;treatment;after visit;2022-06-07 23:59:59+00:00;6.64;;;18.92;1.68;;;5.01;;
826780;treatment;after visit;2022-06-08 23:59:59+00:00;5.72;;;17.36;1.41;;;3.84;;
826780;treatment;after visit;2022-06-09 23:59:59+00:00;5.39;;;15.47;2.09;;;2.55;;
826780;treatment;after visit;2022-06-10 23:59:59+00:00;4.18;;;40.89;1.96;;;3.62;;
826780;treatment;after visit;2022-06-11 23:59:59+00:00;3.66;;;47.19;2.27;;;1.78;;
826780;treatment;after visit;2022-06-12 23:59:59+00:00;3.72;;;43.24;2.48;;;2.16;;
826780;treatment;after visit;2022-06-13 23:59:59+00:00;4.23;;;43.73;2.32;;;2.4;;
826780;treatment;after visit;2022-06-14 23:59:59+00:00;3.2;;;41.93;1.95;;;1.74;;
826780;treatment;after visit;2022-06-15 23:59:59+00:00;5.22;;;35.04;1.91;;;3.19;;
826780;treatment;after visit;2022-06-16 23:59:59+00:00;4.53;;;37.83;2.29;;;3.37;;
826780;treatment;after visit;2022-06-17 23:59:59+00:00;3.29;;;37.39;2.16;;;0.65;;
826780;treatment;after visit;2022-06-18 23:59:59+00:00;4.11;;;35.23;2.03;;;1.53;;
826780;treatment;after visit;2022-06-19 23:59:59+00:00;5.43;;;37.76;1.67;;;2.04;;
826780;treatment;after visit;2022-06-20 23:59:59+00:00;12.06;;;35.12;0.61;;;5.15;;
826780;treatment;after visit;2022-06-21 23:59:59+00:00;6.98;;;25.78;1.63;;;3.27;;
826780;treatment;after visit;2022-06-22 23:59:59+00:00;6.72;;;19.66;3.02;;;3.05;;
826780;treatment;after visit;2022-06-23 23:59:59+00:00;4.02;;;32.92;1.9;;;1.27;;
826780;treatment;after visit;2022-06-24 23:59:59+00:00;5.26;;;3.94;3.08;;;3.05;;
826780;treatment;after visit;2022-06-25 23:59:59+00:00;3.44;;;43.78;2.31;;;0.84;;
826780;treatment;after visit;2022-06-26 23:59:59+00:00;6.16;;;38.79;2.13;;;1.74;;
826780;treatment;after visit;2022-06-27 23:59:59+00:00;8.83;;;22.08;1.36;;;4.08;;
826780;treatment;after visit;2022-06-28 23:59:59+00:00;6.06;;;7.69;2.13;;;3.14;;
826780;treatment;after visit;2022-06-29 23:59:59+00:00;2.87;;;40.49;2.33;;;1.39;;
826780;treatment;after visit;2022-06-30 23:59:59+00:00;4.95;;;19.6;2.78;;;0.54;;
826780;treatment;after visit;2022-07-01 23:59:59+00:00;7.85;;;24.23;1.93;;;4.79;;
826780;treatment;after visit;2022-07-02 23:59:59+00:00;2.39;;;48.78;1.88;;;0.08;;
826780;treatment;after visit;2022-07-03 23:59:59+00:00;1.81;;;42.96;1.94;;;;;
826780;treatment;after visit;2022-07-04 23:59:59+00:00;4.51;;;17.26;3.08;;;2.08;;
826780;treatment;after visit;2022-07-05 23:59:59+00:00;5.11;;;39.49;1.51;;;2.5;;
826780;treatment;after visit;2022-07-06 23:59:59+00:00;4.67;;;41.84;1.5;;;2.81;;
826780;treatment;after visit;2022-07-07 23:59:59+00:00;2.97;;;27.84;2.08;;;1.17;;
826780;treatment;after visit;2022-07-08 23:59:59+00:00;4.19;;;42.62;2.14;;;0.94;;
826780;treatment;after visit;2022-07-09 23:59:59+00:00;2.29;;;44.17;2.02;;;0.16;;
826780;treatment;after visit;2022-07-10 23:59:59+00:00;3.09;;;41.0;2.03;;;0.86;;
826780;treatment;after visit;2022-07-11 23:59:59+00:00;3.25;;;38.9;2.23;;;1.01;;
826780;treatment;after visit;2022-07-12 23:59:59+00:00;3.78;;;44.27;1.92;;;1.24;;
826780;treatment;after visit;2022-07-13 23:59:59+00:00;2.8;;;37.55;2.37;;;1.06;;
826780;treatment;after visit;2022-07-14 23:59:59+00:00;5.04;;;34.9;2.22;;;1.4;;
826780;treatment;after visit;2022-07-15 23:59:59+00:00;5.13;;;38.42;2.07;;;2.08;;
826780;treatment;after visit;2022-07-16 23:59:59+00:00;4.66;;;40.24;2.17;;;1.87;;
826780;treatment;after visit;2022-07-17 23:59:59+00:00;4.39;;;38.36;2.26;;;1.3;;
826780;treatment;after visit;2022-07-18 23:59:59+00:00;5.38;;;36.11;2.14;;;1.16;;
826780;treatment;after visit;2022-07-19 23:59:59+00:00;5.71;;;36.49;1.78;;;2.24;;
826780;treatment;after visit;2022-07-20 23:59:59+00:00;7.03;;;21.03;1.89;;;2.62;;
826780;treatment;after visit;2022-07-21 23:59:59+00:00;6.3;;;34.28;1.3;;;2.56;;
826780;treatment;after visit;2022-07-22 23:59:59+00:00;7.53;;;30.52;1.81;;;3.35;;
826780;treatment;after visit;2022-07-23 23:59:59+00:00;10.55;;;26.47;2.03;;;3.12;;
826780;treatment;after visit;2022-07-24 23:59:59+00:00;8.37;;;34.43;1.91;;;2.88;;
826780;treatment;after visit;2022-07-25 23:59:59+00:00;7.37;;;32.05;1.45;;;3.68;;
826780;treatment;after visit;2022-07-26 23:59:59+00:00;10.85;;;24.16;1.09;;;6.02;;
826780;treatment;after visit;2022-07-27 23:59:59+00:00;5.61;;;25.71;1.83;;;1.49;;
826780;treatment;after visit;2022-07-28 23:59:59+00:00;6.76;;;26.26;1.69;;;2.38;;
826780;treatment;after visit;2022-07-29 23:59:59+00:00;5.28;;;12.76;1.6;;;1.69;;
826780;treatment;after visit;2022-07-30 23:59:59+00:00;3.35;;;31.77;2.25;;;1.16;;
826780;treatment;after visit;2022-07-31 23:59:59+00:00;5.45;;;31.2;1.45;;;3.16;;
826780;treatment;after visit;2022-08-01 23:59:59+00:00;6.78;;;30.23;1.44;;;2.53;;
826780;treatment;after visit;2022-08-02 23:59:59+00:00;6.95;;;32.79;1.11;;;3.54;;
826780;treatment;after visit;2022-08-03 23:59:59+00:00;9.57;;;33.22;1.19;;;5.11;;
826780;treatment;after visit;2022-08-04 23:59:59+00:00;12.46;;;27.13;0.76;;;6.77;;
826780;treatment;after visit;2022-08-05 23:59:59+00:00;11.09;;;22.21;1.38;;;3.69;;
826780;treatment;after visit;2022-08-06 23:59:59+00:00;6.97;;;4.97;2.2;;;3.92;;
826780;treatment;after visit;2022-08-07 23:59:59+00:00;4.03;;;14.21;1.65;;;2.37;;
826780;treatment;after visit;2022-08-08 23:59:59+00:00;1.83;;;47.09;2.01;;;;;
826780;treatment;after visit;2022-08-09 23:59:59+00:00;2.0;;;43.98;2.01;;;1.31;;
826780;treatment;after visit;2022-08-10 23:59:59+00:00;1.82;;;44.15;2.0;;;;;
826780;treatment;after visit;2022-08-11 23:59:59+00:00;1.83;;;42.94;1.99;;;0.01;;
826780;treatment;after visit;2022-08-12 23:59:59+00:00;1.82;;;46.22;2.04;;;;;
826780;treatment;after visit;2022-08-13 23:59:59+00:00;2.12;;;43.74;2.03;;;1.49;;
826780;treatment;after visit;2022-08-14 23:59:59+00:00;1.95;;;23.69;2.16;;;0.26;;
826780;treatment;after visit;2022-08-15 23:59:59+00:00;3.65;;;32.34;2.02;;;2.1;;
826780;treatment;after visit;2022-08-16 23:59:59+00:00;1.89;;;43.63;2.0;;;;;
826780;treatment;after visit;2022-08-17 23:59:59+00:00;2.32;;;26.3;2.13;;;1.63;;
826780;treatment;after visit;2022-08-18 23:59:59+00:00;2.8;;;10.46;2.48;;;1.79;;
826780;treatment;after visit;2022-08-19 23:59:59+00:00;4.97;;;3.85;2.2;;;2.09;;
826780;treatment;after visit;2022-08-20 23:59:59+00:00;6.7;;;21.07;1.5;;;3.58;;
826780;treatment;after visit;2022-08-21 23:59:59+00:00;6.45;;;34.06;0.99;;;3.14;;
826780;treatment;after visit;2022-08-22 23:59:59+00:00;5.19;;;36.98;2.09;;;3.75;;
826780;treatment;after visit;2022-08-23 23:59:59+00:00;2.95;;;41.04;2.33;;;0.28;;
826780;treatment;after visit;2022-08-24 23:59:59+00:00;5.94;;;30.08;1.63;;;2.72;;
826780;treatment;after visit;2022-08-25 23:59:59+00:00;5.95;;;37.83;1.79;;;2.25;;
826780;treatment;after visit;2022-08-26 23:59:59+00:00;6.48;;;24.86;2.43;;;1.49;;
826780;treatment;after visit;2022-08-27 23:59:59+00:00;7.94;;;21.09;1.66;;;3.69;;
826780;treatment;after visit;2022-08-28 23:59:59+00:00;4.08;;;26.8;2.57;;;1.25;;
826780;treatment;after visit;2022-08-29 23:59:59+00:00;5.83;;;34.45;1.78;;;2.02;;
826780;treatment;after visit;2022-08-30 23:59:59+00:00;4.04;;;30.24;2.32;;;1.34;;
826780;treatment;after visit;2022-08-31 23:59:59+00:00;5.72;;;12.99;2.71;;;2.55;;
826780;treatment;after visit;2022-09-01 23:59:59+00:00;4.05;;;26.11;2.32;;;1.37;;
826780;treatment;after visit;2022-09-02 23:59:59+00:00;5.75;;;19.99;2.36;;;1.31;;
826780;treatment;after visit;2022-09-03 23:59:59+00:00;4.93;;;20.13;2.3;;;2.37;;
826780;treatment;after visit;2022-09-04 23:59:59+00:00;3.48;;;24.77;2.41;;;0.56;;
826780;treatment;after visit;2022-09-05 23:59:59+00:00;6.3;;;27.14;1.68;;;2.21;;
826780;treatment;after visit;2022-09-06 23:59:59+00:00;9.06;;;7.05;1.82;;;3.51;;
826780;treatment;after visit;2022-09-07 23:59:59+00:00;3.48;;;19.96;2.3;;;1.06;;
826780;treatment;after visit;2022-09-08 23:59:59+00:00;3.21;;;31.11;2.34;;;0.39;;
826780;treatment;after visit;2022-09-09 23:59:59+00:00;3.9;;;28.67;2.76;;;0.75;;
826780;treatment;after visit;2022-09-10 23:59:59+00:00;7.28;;;19.22;2.11;;;2.17;;
826780;treatment;after visit;2022-09-11 23:59:59+00:00;3.83;;;34.87;2.64;;;0.19;;
826780;treatment;after visit;2022-09-12 23:59:59+00:00;4.62;;;31.8;2.21;;;0.07;;
826780;treatment;after visit;2022-09-13 23:59:59+00:00;6.31;;;13.0;1.95;;;0.86;;
826780;treatment;after visit;2022-09-14 23:59:59+00:00;6.87;;;10.5;2.29;;;2.7;;
826780;treatment;after visit;2022-09-15 23:59:59+00:00;8.05;;;9.2;3.11;;;1.73;;
826780;treatment;after visit;2022-09-16 23:59:59+00:00;5.46;;;9.91;3.18;;;2.16;;
826780;treatment;after visit;2022-09-17 23:59:59+00:00;4.93;;;15.26;2.82;;;0.83;;
826780;treatment;after visit;2022-09-18 23:59:59+00:00;7.95;;;16.84;1.65;;;3.35;;
826780;treatment;after visit;2022-09-19 23:59:59+00:00;5.02;;;27.02;2.51;;;0.24;;
826780;treatment;after visit;2022-09-20 23:59:59+00:00;4.1;;;22.42;2.49;;;0.35;;
826780;treatment;after visit;2022-09-21 23:59:59+00:00;3.65;;;33.17;2.26;;;0.39;;
826780;treatment;after visit;2022-09-22 23:59:59+00:00;4.74;;;29.29;2.16;;;0.39;;
826780;treatment;after visit;2022-09-23 23:59:59+00:00;5.46;;;21.29;2.04;;;1.46;;
826780;treatment;after visit;2022-09-24 23:59:59+00:00;7.05;;;5.53;3.0;;;3.3;;
826780;treatment;after visit;2022-09-25 23:59:59+00:00;7.39;;;2.77;3.04;;;3.04;;
826780;treatment;after visit;2022-09-26 23:59:59+00:00;3.52;;;11.12;2.78;;;0.56;;
826780;treatment;after visit;2022-09-27 23:59:59+00:00;7.52;;;8.15;2.87;;;2.62;;
826780;treatment;after visit;2022-09-28 23:59:59+00:00;10.63;;;1.84;2.53;;;6.26;;
826780;treatment;after visit;2022-09-29 23:59:59+00:00;9.23;;;4.36;2.57;;;5.29;;
826780;treatment;after visit;2022-09-30 23:59:59+00:00;10.86;;;6.94;1.78;;;5.84;;
826780;treatment;after visit;2022-10-01 23:59:59+00:00;7.05;;;1.96;3.36;;;2.47;;
826780;treatment;after visit;2022-10-02 23:59:59+00:00;6.0;;;17.17;2.93;;;1.46;;
826780;treatment;after visit;2022-10-03 23:59:59+00:00;7.27;;;12.12;2.39;;;4.17;;
826780;treatment;after visit;2022-10-04 23:59:59+00:00;5.7;;;23.43;2.05;;;0.52;;
826780;treatment;after visit;2022-10-05 23:59:59+00:00;5.26;;;22.91;2.29;;;0.35;;
826780;treatment;after visit;2022-10-06 23:59:59+00:00;5.65;;;16.28;2.08;;;1.78;;
826780;treatment;after visit;2022-10-07 23:59:59+00:00;6.1;;;15.91;2.19;;;3.27;;
826780;treatment;after visit;2022-10-08 23:59:59+00:00;13.52;;;1.73;2.71;;;5.03;;
826780;treatment;after visit;2022-10-09 23:59:59+00:00;9.34;;;3.64;3.03;;;4.07;;
826780;treatment;after visit;2022-10-10 23:59:59+00:00;3.52;;;18.55;2.86;;;1.4;;
826780;treatment;after visit;2022-10-11 23:59:59+00:00;5.47;;;11.58;2.59;;;1.06;;
826780;treatment;after visit;2022-10-12 23:59:59+00:00;14.15;;;2.16;2.86;;;3.92;;
826780;treatment;after visit;2022-10-13 23:59:59+00:00;8.15;;;4.95;2.74;;;4.32;;
826780;treatment;after visit;2022-10-14 23:59:59+00:00;8.98;;;2.41;2.9;;;7.84;;
826780;treatment;after visit;2022-10-15 23:59:59+00:00;4.6;;;10.07;3.01;;;2.18;;
826780;treatment;after visit;2022-10-16 23:59:59+00:00;6.07;;;19.06;2.44;;;0.51;;
826780;treatment;after visit;2022-10-17 23:59:59+00:00;5.03;;;20.94;2.42;;;0.01;;
826780;treatment;after visit;2022-10-18 23:59:59+00:00;5.23;;;13.99;2.78;;;1.52;;
826780;treatment;after visit;2022-10-19 23:59:59+00:00;9.33;;;8.93;2.21;;;5.94;;
826780;treatment;after visit;2022-10-20 23:59:59+00:00;5.84;;;3.27;2.86;;;3.07;;
826780;treatment;after visit;2022-10-21 23:59:59+00:00;9.17;;;1.8;2.94;;;3.0;;
826780;treatment;after visit;2022-10-22 23:59:59+00:00;4.74;;;20.16;2.88;;;0.27;;
826780;treatment;after visit;2022-10-23 23:59:59+00:00;6.73;;;7.65;2.72;;;2.44;;
826780;treatment;after visit;2022-10-24 23:59:59+00:00;11.46;;;0.25;3.12;;;4.57;;
826780;treatment;after visit;2022-10-25 23:59:59+00:00;6.7;;;12.09;2.38;;;1.73;;
826780;treatment;after visit;2022-10-26 23:59:59+00:00;5.3;;;14.63;2.14;;;1.39;;
826780;treatment;after visit;2022-10-27 23:59:59+00:00;5.0;;;14.29;2.53;;;0.77;;
826780;treatment;after visit;2022-10-28 23:59:59+00:00;4.89;;;9.24;2.31;;;3.02;;
826780;treatment;after visit;2022-10-29 23:59:59+00:00;5.54;;;12.44;2.52;;;2.09;;
826780;treatment;after visit;2022-10-30 23:59:59+00:00;7.66;;;8.56;3.09;;;5.34;;
826780;treatment;after visit;2022-10-31 23:59:59+00:00;8.07;;;8.64;2.85;;;1.55;;
826780;treatment;after visit;2022-11-01 23:59:59+00:00;7.65;;;4.12;3.18;;;4.22;;
826780;treatment;after visit;2022-11-02 23:59:59+00:00;10.24;;;5.68;2.84;;;6.67;;
826780;treatment;after visit;2022-11-03 23:59:59+00:00;14.85;;;3.3;2.19;;;9.71;;
826780;treatment;after visit;2022-11-04 23:59:59+00:00;12.0;;;3.43;3.56;;;7.04;;
826780;treatment;after visit;2022-11-05 23:59:59+00:00;13.02;;;2.54;3.5;;;8.19;;
826780;treatment;after visit;2022-11-06 23:59:59+00:00;11.82;;;4.64;3.4;;;8.07;;
826780;treatment;after visit;2022-11-07 23:59:59+00:00;8.79;;;10.42;3.45;;;4.83;;
826780;treatment;after visit;2022-11-08 23:59:59+00:00;11.39;;;4.67;3.19;;;9.75;;
826780;treatment;after visit;2022-11-09 23:59:59+00:00;14.68;;;0.29;3.36;;;11.02;;
826780;treatment;after visit;2022-11-10 23:59:59+00:00;12.4;;;8.22;2.76;;;8.6;;
826780;treatment;after visit;2022-11-11 23:59:59+00:00;13.95;;;2.97;2.78;;;10.16;;
826780;treatment;after visit;2022-11-12 23:59:59+00:00;13.25;;;1.69;2.92;;;10.54;;
826780;treatment;after visit;2022-11-13 23:59:59+00:00;17.46;;;0.06;3.66;;;9.26;;
826780;treatment;after visit;2022-11-14 23:59:59+00:00;14.38;;;0.58;3.77;;;7.41;;
826780;treatment;after visit;2022-11-15 23:59:59+00:00;15.62;;;1.76;2.69;;;12.04;;
826780;treatment;after visit;2022-11-16 23:59:59+00:00;12.62;;;10.29;2.94;;;9.23;;
826780;treatment;after visit;2022-11-17 23:59:59+00:00;12.62;;;3.87;3.12;;;8.36;;
826780;treatment;after visit;2022-11-18 23:59:59+00:00;21.13;;;0.7;1.93;;;14.58;;
826780;treatment;after visit;2022-11-19 23:59:59+00:00;15.56;;;9.34;2.19;;;8.85;;
826780;treatment;after visit;2022-11-20 23:59:59+00:00;15.71;;;7.83;2.8;;;10.39;;
826780;treatment;after visit;2022-11-21 23:59:59+00:00;12.15;;;4.9;3.27;;;7.59;;
826780;treatment;after visit;2022-11-22 23:59:59+00:00;12.98;;;2.76;3.34;;;8.71;;
826780;treatment;after visit;2022-11-23 23:59:59+00:00;10.69;;;6.7;3.29;;;7.28;;
826780;treatment;after visit;2022-11-24 23:59:59+00:00;15.11;;;5.71;3.16;;;11.19;;
826780;treatment;after visit;2022-11-25 23:59:59+00:00;20.05;;;0.95;3.12;;;12.86;;
826780;treatment;after visit;2022-11-26 23:59:59+00:00;14.23;;;9.58;2.95;;;7.82;;
826780;treatment;after visit;2022-11-27 23:59:59+00:00;12.45;;;3.37;3.26;;;7.24;;
826780;treatment;after visit;2022-11-28 23:59:59+00:00;19.4;;;1.77;2.54;;;13.29;;
826780;treatment;after visit;2022-11-29 23:59:59+00:00;17.44;;;1.31;2.99;;;14.88;;
826780;treatment;after visit;2022-11-30 23:59:59+00:00;19.34;;;0.16;3.96;;;15.24;;
826780;treatment;after visit;2022-12-01 23:59:59+00:00;23.8;;;0.39;3.07;;;16.38;;
826780;treatment;after visit;2022-12-02 23:59:59+00:00;19.98;;;1.48;3.0;;;12.28;;
826780;treatment;after visit;2022-12-03 23:59:59+00:00;20.28;;;0.07;3.82;;;11.71;;
826780;treatment;after visit;2022-12-04 23:59:59+00:00;19.52;;;0.13;3.78;;;9.53;;
826780;treatment;after visit;2022-12-05 23:59:59+00:00;20.15;;;1.96;2.8;;;13.69;;
826780;treatment;after visit;2022-12-06 23:59:59+00:00;21.99;;;1.38;2.95;;;17.72;;
826780;treatment;after visit;2022-12-07 23:59:59+00:00;25.14;;;0.33;2.68;;;20.37;;
826780;treatment;after visit;2022-12-08 23:59:59+00:00;23.62;;;3.02;2.35;;;19.49;;
826780;treatment;after visit;2022-12-09 23:59:59+00:00;25.85;;;;4.05;;;14.67;;
826780;treatment;after visit;2022-12-10 23:59:59+00:00;24.52;;;;4.0;;;11.91;;
826780;treatment;after visit;2022-12-11 23:59:59+00:00;23.89;;;0.65;3.7;;;13.79;;
826780;treatment;after visit;2022-12-12 23:59:59+00:00;30.82;;;;3.34;;;17.91;;
826780;treatment;after visit;2022-12-13 23:59:59+00:00;25.84;;;0.03;3.02;;;19.28;;
826780;treatment;after visit;2022-12-14 23:59:59+00:00;25.75;;;0.11;3.16;;;20.21;;
826780;treatment;after visit;2022-12-15 23:59:59+00:00;26.87;;;0.03;2.42;;;20.26;;
826780;treatment;after visit;2022-12-16 23:59:59+00:00;27.96;;;;3.62;;;16.47;;
826780;treatment;after visit;2022-12-17 23:59:59+00:00;24.39;;;;3.95;;;15.97;;
826780;treatment;after visit;2022-12-18 23:59:59+00:00;24.42;;;;3.92;;;14.28;;
826780;treatment;after visit;2022-12-19 23:59:59+00:00;20.52;;;0.47;2.98;;;14.58;;
826780;treatment;after visit;2022-12-20 23:59:59+00:00;27.43;;;1.01;1.2;;;20.42;;
826780;treatment;after visit;2022-12-21 23:59:59+00:00;20.91;;;0.19;2.46;;;17.28;;
826780;treatment;after visit;2022-12-22 23:59:59+00:00;16.85;;;1.93;2.83;;;12.31;;
826780;treatment;after visit;2022-12-23 23:59:59+00:00;20.11;;;0.06;4.05;;;10.24;;
826780;treatment;after visit;2022-12-24 23:59:59+00:00;16.27;;;0.57;4.05;;;6.72;;
826780;treatment;after visit;2022-12-25 23:59:59+00:00;19.73;;;0.73;2.37;;;10.39;;
826780;treatment;after visit;2022-12-26 23:59:59+00:00;20.06;;;0.01;1.64;;;13.93;;
826780;treatment;after visit;2022-12-27 23:59:59+00:00;23.33;;;1.1;2.08;;;17.89;;
826780;treatment;after visit;2022-12-28 23:59:59+00:00;22.02;;;4.62;1.48;;;18.27;;
826780;treatment;after visit;2022-12-29 23:59:59+00:00;16.47;;;1.48;2.51;;;13.28;;
826780;treatment;after visit;2022-12-30 23:59:59+00:00;19.49;;;1.63;2.07;;;14.2;;
826780;treatment;after visit;2022-12-31 23:59:59+00:00;18.83;;;1.35;2.18;;;13.9;;
826780;treatment;after visit;2023-01-01 23:59:59+00:00;20.97;;;3.25;0.01;;;16.15;;
826780;treatment;after visit;2023-01-02 23:59:59+00:00;17.79;;;2.99;1.65;;;12.46;;
826780;treatment;after visit;2023-01-03 23:59:59+00:00;19.03;;;0.29;2.04;;;13.07;;
826780;treatment;after visit;2023-01-04 23:59:59+00:00;19.12;;;0.65;1.97;;;14.61;;
826780;treatment;after visit;2023-01-05 23:59:59+00:00;25.37;;;0.73;1.07;;;19.97;;
826780;treatment;after visit;2023-01-06 23:59:59+00:00;22.8;;;0.04;1.43;;;17.15;;
826780;treatment;after visit;2023-01-07 23:59:59+00:00;9.92;;;0.1;1.71;;;7.76;;
826780;treatment;after visit;2023-01-08 23:59:59+00:00;22.19;;;0.01;2.49;;;14.76;;
826780;treatment;after visit;2023-01-09 23:59:59+00:00;21.21;;;0.05;2.33;;;16.81;;
826780;treatment;after visit;2023-01-10 23:59:59+00:00;14.63;;;0.11;1.62;;;13.17;;
826780;treatment;after visit;2023-01-11 23:59:59+00:00;22.75;;;;2.39;;;16.34;;
826780;treatment;after visit;2023-01-12 23:59:59+00:00;16.76;;;0.04;2.13;;;11.89;;
826780;treatment;after visit;2023-01-13 23:59:59+00:00;16.39;;;0.05;2.22;;;11.16;;
826780;treatment;after visit;2023-01-14 23:59:59+00:00;12.66;;;0.04;2.8;;;7.44;;
826780;treatment;after visit;2023-01-15 23:59:59+00:00;16.48;;;;3.02;;;8.03;;
826780;treatment;after visit;2023-01-16 23:59:59+00:00;13.0;;;0.12;2.28;;;8.42;;
826780;treatment;after visit;2023-01-17 23:59:59+00:00;17.45;;;0.02;2.74;;;13.03;;
826780;treatment;after visit;2023-01-18 23:59:59+00:00;27.33;;;0.02;2.15;;;19.76;;
826780;treatment;after visit;2023-01-19 23:59:59+00:00;18.41;;;4.08;1.08;;;15.23;;
826780;treatment;after visit;2023-01-20 23:59:59+00:00;20.39;;;1.08;2.3;;;13.86;;
826780;treatment;after visit;2023-01-21 23:59:59+00:00;35.7;;;0.04;3.27;;;16.08;;
826780;treatment;after visit;2023-01-22 23:59:59+00:00;29.26;;;;1.8;;;20.23;;
826780;treatment;after visit;2023-01-23 23:59:59+00:00;29.58;;;;2.45;;;18.53;;
826780;treatment;after visit;2023-01-24 23:59:59+00:00;37.94;;;0.01;2.97;;;21.89;;
826780;treatment;after visit;2023-01-25 23:59:59+00:00;47.71;;;;3.21;;;23.3;;
826780;treatment;after visit;2023-01-26 23:59:59+00:00;43.45;;;;3.05;;;23.1;;
826780;treatment;after visit;2023-01-27 23:59:59+00:00;39.26;;;;1.87;;;26.36;;
826780;treatment;after visit;2023-01-28 23:59:59+00:00;34.3;;;0.02;2.6;;;21.87;;
826780;treatment;after visit;2023-01-29 23:59:59+00:00;48.59;;;0.01;5.26;;;15.45;;
826780;treatment;after visit;2023-01-30 23:59:59+00:00;17.9;;;0.37;1.86;;;15.52;;
826780;treatment;after visit;2023-01-31 23:59:59+00:00;18.34;;;0.14;1.59;;;15.48;;
826780;treatment;after visit;2023-02-01 23:59:59+00:00;28.17;;;0.29;1.95;;;20.29;;
826780;treatment;after visit;2023-02-02 23:59:59+00:00;54.02;;;0.01;4.88;;;20.48;;
826780;treatment;after visit;2023-02-03 23:59:59+00:00;36.02;;;0.07;4.25;;;11.01;;
826780;treatment;after visit;2023-02-04 23:59:59+00:00;21.38;;;0.04;1.82;;;15.85;;
826780;treatment;after visit;2023-02-05 23:59:59+00:00;19.55;;;0.02;2.0;;;12.79;;
826780;treatment;after visit;2023-02-06 23:59:59+00:00;20.24;;;0.17;1.87;;;13.97;;
826780;treatment;after visit;2023-02-07 23:59:59+00:00;11.04;;;5.17;1.61;;;8.46;;
826780;treatment;after visit;2023-02-08 23:59:59+00:00;31.58;;;0.98;1.91;;;15.37;;
826780;treatment;after visit;2023-02-09 23:59:59+00:00;34.91;;;1.58;3.43;;;14.08;;
826780;treatment;after visit;2023-02-10 23:59:59+00:00;31.62;;;4.99;2.83;;;13.07;;
826780;treatment;after visit;2023-02-11 23:59:59+00:00;9.06;;;2.87;1.88;;;7.4;;
826780;treatment;after visit;2023-02-12 23:59:59+00:00;8.73;;;4.16;2.08;;;6.88;;
826780;treatment;after visit;2023-02-13 23:59:59+00:00;8.81;;;4.62;1.87;;;6.83;;
826780;treatment;after visit;2023-02-14 23:59:59+00:00;10.38;;;3.06;1.83;;;9.81;;
826780;treatment;after visit;2023-02-15 23:59:59+00:00;13.35;;;3.89;1.75;;;12.04;;
826780;treatment;after visit;2023-02-16 23:59:59+00:00;11.26;;;1.69;1.72;;;9.7;;
826780;treatment;after visit;2023-02-17 23:59:59+00:00;15.9;;;0.05;2.48;;;13.66;;
826780;treatment;after visit;2023-02-18 23:59:59+00:00;4.62;;;1.53;1.97;;;5.75;;
826780;treatment;after visit;2023-02-19 23:59:59+00:00;11.7;;;0.04;2.66;;;8.91;;
826780;treatment;after visit;2023-02-20 23:59:59+00:00;9.14;;;0.57;2.85;;;5.69;;
826780;treatment;after visit;2023-02-21 23:59:59+00:00;7.78;;;8.89;1.57;;;6.58;;
826780;treatment;after visit;2023-02-22 23:59:59+00:00;6.0;;;7.01;2.31;;;4.99;;
826780;treatment;after visit;2023-02-23 23:59:59+00:00;8.49;;;0.15;1.18;;;9.48;;
826780;treatment;after visit;2023-02-24 23:59:59+00:00;6.45;;;8.1;1.4;;;5.66;;
826780;treatment;after visit;2023-02-25 23:59:59+00:00;14.8;;;0.02;2.25;;;12.1;;
826780;treatment;after visit;2023-02-26 23:59:59+00:00;11.51;;;4.16;1.58;;;11.59;;
826780;treatment;after visit;2023-02-27 23:59:59+00:00;19.22;;;0.03;1.94;;;19.39;;
826780;treatment;after visit;2023-02-28 23:59:59+00:00;16.54;;;0.05;2.07;;;16.11;;
826780;treatment;after visit;2023-03-01 23:59:59+00:00;21.34;;;0.01;2.25;;;21.91;;
826780;treatment;after visit;2023-03-02 23:59:59+00:00;19.68;;;0.02;2.42;;;21.34;;
826780;treatment;after visit;2023-03-03 23:59:59+00:00;12.48;;;5.58;1.43;;;14.65;;
826780;treatment;after visit;2023-03-04 23:59:59+00:00;12.82;;;8.24;0.58;;;12.82;;
826780;treatment;after visit;2023-03-05 23:59:59+00:00;15.24;;;0.16;3.74;;;12.32;;
826780;treatment;after visit;2023-03-06 23:59:59+00:00;20.33;;;0.08;2.84;;;14.54;;
826780;treatment;after visit;2023-03-07 23:59:59+00:00;18.49;;;3.55;3.82;;;6.45;;
826780;treatment;after visit;2023-03-08 23:59:59+00:00;16.35;;;0.02;3.02;;;13.04;;
826780;treatment;after visit;2023-03-09 23:59:59+00:00;8.03;;;2.92;2.12;;;6.63;;
826780;treatment;after visit;2023-03-10 23:59:59+00:00;8.57;;;0.57;2.69;;;7.56;;
826780;treatment;after visit;2023-03-11 23:59:59+00:00;14.49;;;0.06;3.55;;;9.05;;
826780;treatment;after visit;2023-03-12 23:59:59+00:00;3.89;;;9.98;2.46;;;2.99;;
826780;treatment;after visit;2023-03-13 23:59:59+00:00;1.3;;;5.9;1.09;;;1.78;;
826780;treatment;after visit;2023-03-14 23:59:59+00:00;4.77;;;0.38;1.3;;;5.36;;
826780;treatment;after visit;2023-03-15 23:59:59+00:00;7.21;;;8.7;1.68;;;6.24;;
826780;treatment;after visit;2023-03-16 23:59:59+00:00;9.53;;;8.66;1.52;;;6.99;;
826780;treatment;after visit;2023-03-17 23:59:59+00:00;5.78;;;6.56;1.43;;;6.45;;
826780;treatment;after visit;2023-03-18 23:59:59+00:00;3.76;;;11.59;1.59;;;4.06;;
826780;treatment;after visit;2023-03-19 23:59:59+00:00;4.14;;;0.55;1.52;;;3.2;;
826780;treatment;after visit;2023-03-20 23:59:59+00:00;4.82;;;8.28;1.79;;;4.33;;
826780;treatment;after visit;2023-03-21 23:59:59+00:00;3.02;;;8.83;1.32;;;3.2;;
826780;treatment;after visit;2023-03-22 23:59:59+00:00;0.85;;;22.08;1.39;;;1.23;;
826780;treatment;after visit;2023-03-23 23:59:59+00:00;2.84;;;0.58;1.57;;;1.65;;
826780;treatment;after visit;2023-03-24 23:59:59+00:00;20.75;;;0.04;3.52;;;12.39;;
826780;treatment;after visit;2023-03-25 23:59:59+00:00;6.39;;;8.01;1.55;;;5.77;;
826780;treatment;after visit;2023-03-26 23:59:59+00:00;7.13;;;1.04;2.51;;;5.22;;
826780;treatment;after visit;2023-03-27 23:59:59+00:00;5.68;;;1.67;1.88;;;5.34;;
826780;treatment;after visit;2023-03-28 23:59:59+00:00;6.55;;;14.2;1.34;;;6.36;;
826780;treatment;after visit;2023-03-29 23:59:59+00:00;4.07;;;4.01;1.39;;;4.85;;
826780;treatment;after visit;2023-03-30 23:59:59+00:00;6.62;;;3.1;1.43;;;7.04;;
826780;treatment;after visit;2023-03-31 23:59:59+00:00;0.5;;;1.84;1.1;;;2.73;;
826780;treatment;after visit;2023-04-01 23:59:59+00:00;6.98;;;0.56;1.91;;;7.62;;
826780;treatment;after visit;2023-04-02 23:59:59+00:00;6.39;;;4.16;1.58;;;5.44;;
826780;treatment;after visit;2023-04-03 23:59:59+00:00;7.07;;;0.09;2.07;;;6.15;;
826780;treatment;after visit;2023-04-04 23:59:59+00:00;7.66;;;6.3;1.84;;;7.78;;
826780;treatment;after visit;2023-04-05 23:59:59+00:00;7.66;;;9.95;1.62;;;6.88;;
826780;treatment;after visit;2023-04-06 23:59:59+00:00;5.28;;;9.09;1.83;;;5.31;;
826780;treatment;after visit;2023-04-07 23:59:59+00:00;8.44;;;0.28;1.78;;;7.48;;
826780;treatment;after visit;2023-04-08 23:59:59+00:00;4.91;;;2.55;1.53;;;3.48;;
826780;treatment;after visit;2023-04-09 23:59:59+00:00;2.61;;;22.96;0.66;;;3.02;;
826780;treatment;after visit;2023-04-10 23:59:59+00:00;1.52;;;11.41;1.08;;;2.18;;
826780;treatment;after visit;2023-04-11 23:59:59+00:00;0.11;;;5.41;1.16;;;1.11;;
826780;treatment;after visit;2023-04-12 23:59:59+00:00;0.76;;;3.58;1.11;;;2.01;;
826780;treatment;after visit;2023-04-13 23:59:59+00:00;4.78;;;5.03;2.25;;;4.27;;
826780;treatment;after visit;2023-04-14 23:59:59+00:00;4.5;;;12.23;1.8;;;4.12;;
826780;treatment;after visit;2023-04-15 23:59:59+00:00;5.13;;;1.43;1.64;;;4.33;;
826780;treatment;after visit;2023-04-16 23:59:59+00:00;11.15;;;0.03;3.62;;;7.16;;
826780;treatment;after visit;2023-04-17 23:59:59+00:00;6.05;;;12.21;2.46;;;3.1;;
826780;treatment;after visit;2023-04-18 23:59:59+00:00;3.22;;;19.2;1.43;;;2.94;;
826780;treatment;after visit;2023-04-19 23:59:59+00:00;0.19;;;0.34;1.24;;;1.31;;
826780;treatment;after visit;2023-04-20 23:59:59+00:00;14.6;;;0.04;2.46;;;11.18;;
826780;treatment;after visit;2023-04-21 23:59:59+00:00;21.36;;;6.79;4.05;;;4.23;;
826780;treatment;after visit;2023-04-22 23:59:59+00:00;4.37;;;10.39;1.55;;;3.6;;
826780;treatment;after visit;2023-04-23 23:59:59+00:00;21.88;;;5.49;2.45;;;2.6;;
826780;treatment;after visit;2023-04-24 23:59:59+00:00;4.01;;;9.09;1.96;;;3.9;;
826780;treatment;after visit;2023-04-25 23:59:59+00:00;2.94;;;8.04;1.6;;;1.65;;
826780;treatment;after visit;2023-04-26 23:59:59+00:00;1.67;;;5.46;2.13;;;2.95;;
826780;treatment;after visit;2023-04-27 23:59:59+00:00;0.4;;;11.62;1.12;;;1.86;;
826780;treatment;after visit;2023-04-28 23:59:59+00:00;2.24;;;0.21;2.14;;;2.71;;
826780;treatment;after visit;2023-04-29 23:59:59+00:00;3.27;;;15.63;2.01;;;2.34;;
826780;treatment;after visit;2023-04-30 23:59:59+00:00;1.03;;;0.67;1.72;;;1.31;;
826780;treatment;after visit;2023-05-01 23:59:59+00:00;0.67;;;5.71;1.21;;;1.36;;
826780;treatment;after visit;2023-05-02 23:59:59+00:00;0.06;;;16.93;0.46;;;1.38;;
826780;treatment;after visit;2023-05-03 23:59:59+00:00;0.06;;;35.39;0.14;;;0.8;;
826780;treatment;after visit;2023-05-04 23:59:59+00:00;0.04;;;35.43;0.49;;;0.34;;
826780;treatment;after visit;2023-05-05 23:59:59+00:00;0.06;;;22.91;0.92;;;0.55;;
826780;treatment;after visit;2023-05-06 23:59:59+00:00;0.07;;;25.66;0.78;;;0.42;;
826780;treatment;after visit;2023-05-07 23:59:59+00:00;0.47;;;5.36;1.51;;;0.74;;
826780;treatment;after visit;2023-05-08 23:59:59+00:00;0.38;;;5.21;1.27;;;0.63;;
826780;treatment;after visit;2023-05-09 23:59:59+00:00;0.2;;;10.26;1.61;;;0.95;;
826780;treatment;after visit;2023-05-10 23:59:59+00:00;1.74;;;2.77;2.51;;;0.7;;
826780;treatment;after visit;2023-05-11 23:59:59+00:00;0.53;;;4.0;0.81;;;1.77;;
826780;treatment;after visit;2023-05-12 23:59:59+00:00;1.22;;;13.44;1.14;;;1.73;;
826780;treatment;after visit;2023-05-13 23:59:59+00:00;0.18;;;1.58;1.59;;;1.66;;
826780;treatment;after visit;2023-05-14 23:59:59+00:00;0.2;;;9.2;0.85;;;0.88;;
826780;treatment;after visit;2023-05-15 23:59:59+00:00;0.56;;;4.14;1.29;;;0.95;;
826780;treatment;after visit;2023-05-16 23:59:59+00:00;8.27;;;0.18;1.28;;;7.44;;
826780;treatment;after visit;2023-05-17 23:59:59+00:00;3.08;;;6.61;1.58;;;3.19;;
826780;treatment;after visit;2023-05-18 23:59:59+00:00;3.66;;;2.32;1.8;;;3.12;;
826780;treatment;after visit;2023-05-19 23:59:59+00:00;12.88;;;0.35;2.89;;;2.69;;
826780;treatment;after visit;2023-05-20 23:59:59+00:00;22.58;;;2.83;2.73;;;2.44;;
826780;treatment;after visit;2023-05-21 23:59:59+00:00;0.05;;;25.97;0.73;;;0.19;;
826780;treatment;after visit;2023-05-22 23:59:59+00:00;0.07;;;27.69;0.67;;;0.31;;
826780;treatment;after visit;2023-05-23 23:59:59+00:00;0.07;;;15.51;0.77;;;0.48;;
826780;treatment;after visit;2023-05-24 23:59:59+00:00;1.45;;;0.25;1.27;;;2.15;;
826780;treatment;after visit;2023-05-25 23:59:59+00:00;2.23;;;12.76;2.06;;;1.09;;
826780;treatment;after visit;2023-05-26 23:59:59+00:00;0.05;;;31.58;0.99;;;0.27;;
826780;treatment;after visit;2023-05-27 23:59:59+00:00;0.02;;;38.05;0.62;;;;;
826780;treatment;after visit;2023-05-28 23:59:59+00:00;0.05;;;33.5;0.86;;;0.03;;
826780;treatment;after visit;2023-05-29 23:59:59+00:00;0.03;;;41.97;0.87;;;;;
826780;treatment;after visit;2023-05-30 23:59:59+00:00;0.04;;;35.37;0.85;;;0.05;;
826780;treatment;after visit;2023-05-31 23:59:59+00:00;0.06;;;34.23;0.77;;;0.33;;
826780;treatment;after visit;2023-06-01 23:59:59+00:00;0.06;;;28.15;0.8;;;0.04;;
826780;treatment;after visit;2023-06-02 23:59:59+00:00;0.12;;;31.11;0.75;;;0.19;;
826780;treatment;after visit;2023-06-03 23:59:59+00:00;0.05;;;31.21;0.73;;;0.16;;
826780;treatment;after visit;2023-06-04 23:59:59+00:00;0.06;;;23.83;0.55;;;1.15;;
826780;treatment;after visit;2023-06-05 23:59:59+00:00;0.11;;;25.24;0.31;;;0.95;;
826780;treatment;after visit;2023-06-06 23:59:59+00:00;0.12;;;17.69;0.99;;;0.64;;
826780;treatment;after visit;2023-06-07 23:59:59+00:00;0.06;;;30.71;0.59;;;0.11;;
826780;treatment;after visit;2023-06-08 23:59:59+00:00;0.04;;;32.99;0.47;;;0.06;;
826780;treatment;after visit;2023-06-09 23:59:59+00:00;0.05;;;28.4;0.48;;;0.51;;
826780;treatment;after visit;2023-06-10 23:59:59+00:00;0.05;;;32.09;0.69;;;0.31;;
826780;treatment;after visit;2023-06-11 23:59:59+00:00;0.22;;;20.06;0.85;;;0.31;;
826780;treatment;after visit;2023-06-12 23:59:59+00:00;1.03;;;30.03;0.3;;;0.88;;
826780;treatment;after visit;2023-06-13 23:59:59+00:00;0.16;;;32.69;0.51;;;0.31;;
826780;treatment;after visit;2023-06-14 23:59:59+00:00;0.07;;;32.21;0.46;;;0.22;;
826780;treatment;after visit;2023-06-15 23:59:59+00:00;0.11;;;13.34;0.69;;;0.27;;
826780;treatment;after visit;2023-06-16 23:59:59+00:00;0.07;;;25.47;0.57;;;0.48;;
826780;treatment;after visit;2023-06-17 23:59:59+00:00;0.07;;;29.92;0.59;;;0.75;;
826780;treatment;after visit;2023-06-18 23:59:59+00:00;0.14;;;20.91;0.55;;;1.79;;
826780;treatment;after visit;2023-06-19 23:59:59+00:00;0.79;;;18.04;1.43;;;0.23;;
826780;treatment;after visit;2023-06-20 23:59:59+00:00;0.07;;;16.72;0.49;;;0.62;;
826780;treatment;after visit;2023-06-21 23:59:59+00:00;0.72;;;10.09;0.52;;;1.48;;
826780;treatment;after visit;2023-06-22 23:59:59+00:00;1.14;;;0.57;1.21;;;3.04;;
826780;treatment;after visit;2023-06-23 23:59:59+00:00;1.74;;;9.67;2.19;;;1.35;;
826780;treatment;after visit;2023-06-24 23:59:59+00:00;0.21;;;10.69;0.91;;;1.42;;
826780;treatment;after visit;2023-06-25 23:59:59+00:00;0.1;;;10.28;0.96;;;0.25;;
826780;treatment;after visit;2023-06-26 23:59:59+00:00;0.79;;;17.98;0.59;;;1.61;;
826780;treatment;after visit;2023-06-27 23:59:59+00:00;0.07;;;22.22;0.51;;;0.94;;
826780;treatment;after visit;2023-06-28 23:59:59+00:00;0.09;;;29.18;0.59;;;0.26;;
826780;treatment;after visit;2023-06-29 23:59:59+00:00;0.14;;;8.16;0.67;;;1.17;;
826780;treatment;after visit;2023-06-30 23:59:59+00:00;2.66;;;0.19;1.85;;;1.09;;
826780;treatment;after visit;2023-07-01 23:59:59+00:00;0.1;;;15.29;0.64;;;0.41;;
826780;treatment;after visit;2023-07-02 23:59:59+00:00;0.59;;;20.85;0.91;;;0.23;;
826780;treatment;after visit;2023-07-03 23:59:59+00:00;0.06;;;35.66;0.87;;;0.54;;
826780;treatment;after visit;2023-07-04 23:59:59+00:00;0.12;;;22.55;0.92;;;0.33;;
826780;treatment;after visit;2023-07-05 23:59:59+00:00;0.12;;;13.84;0.64;;;1.53;;
826780;treatment;after visit;2023-07-06 23:59:59+00:00;0.13;;;20.5;1.17;;;0.51;;
826780;treatment;after visit;2023-07-07 23:59:59+00:00;0.06;;;33.26;0.59;;;0.39;;
826780;treatment;after visit;2023-07-08 23:59:59+00:00;0.36;;;3.27;1.79;;;1.08;;
826780;treatment;after visit;2023-07-09 23:59:59+00:00;2.2;;;13.78;1.46;;;0.46;;
826780;treatment;after visit;2023-07-10 23:59:59+00:00;0.2;;;6.86;1.37;;;0.7;;
826780;treatment;after visit;2023-07-11 23:59:59+00:00;0.95;;;12.81;0.67;;;0.82;;
826780;treatment;after visit;2023-07-12 23:59:59+00:00;8.15;;;1.5;2.02;;;3.29;;
826780;treatment;after visit;2023-07-13 23:59:59+00:00;1.93;;;11.26;2.45;;;0.94;;
826780;treatment;after visit;2023-07-14 23:59:59+00:00;1.88;;;6.96;2.58;;;0.19;;
826780;treatment;after visit;2023-07-15 23:59:59+00:00;4.63;;;0.96;1.51;;;3.19;;
826780;treatment;after visit;2023-07-16 23:59:59+00:00;3.91;;;26.53;1.38;;;1.7;;
826780;treatment;after visit;2023-07-17 23:59:59+00:00;0.1;;;22.34;0.79;;;0.04;;
826780;treatment;after visit;2023-07-18 23:59:59+00:00;1.34;;;7.51;0.65;;;1.87;;
826780;treatment;after visit;2023-07-19 23:59:59+00:00;0.15;;;26.87;0.54;;;0.91;;
826780;treatment;after visit;2023-07-20 23:59:59+00:00;1.31;;;22.6;1.78;;;0.39;;
826780;treatment;after visit;2023-07-21 23:59:59+00:00;0.16;;;13.24;1.32;;;0.87;;
826780;treatment;after visit;2023-07-22 23:59:59+00:00;0.5;;;13.61;1.49;;;0.56;;
826780;treatment;after visit;2023-07-23 23:59:59+00:00;0.69;;;25.62;0.62;;;0.66;;
826780;treatment;after visit;2023-07-24 23:59:59+00:00;0.38;;;9.45;1.09;;;1.38;;
826780;treatment;after visit;2023-07-25 23:59:59+00:00;0.1;;;11.87;0.9;;;0.79;;
826780;treatment;after visit;2023-07-26 23:59:59+00:00;0.08;;;23.21;0.67;;;0.46;;
826780;treatment;after visit;2023-07-27 23:59:59+00:00;0.09;;;19.12;1.38;;;0.42;;
826780;treatment;after visit;2023-07-28 23:59:59+00:00;0.13;;;8.41;0.87;;;0.89;;
826780;treatment;after visit;2023-07-29 23:59:59+00:00;0.21;;;5.88;1.26;;;0.89;;
826780;treatment;after visit;2023-07-30 23:59:59+00:00;2.5;;;28.61;2.18;;;0.55;;
826780;treatment;after visit;2023-07-31 23:59:59+00:00;0.06;;;27.62;0.58;;;0.14;;
826780;treatment;after visit;2023-08-01 23:59:59+00:00;0.11;;;5.82;1.36;;;0.68;;
826780;treatment;after visit;2023-08-02 23:59:59+00:00;0.22;;;15.75;0.88;;;1.09;;
826780;treatment;after visit;2023-08-03 23:59:59+00:00;2.76;;;32.11;1.4;;;1.39;;
826780;treatment;after visit;2023-08-04 23:59:59+00:00;3.45;;;6.68;1.49;;;0.59;;
826780;treatment;after visit;2023-08-05 23:59:59+00:00;0.04;;;28.01;0.83;;;0.18;;
826780;treatment;after visit;2023-08-06 23:59:59+00:00;0.04;;;16.66;0.72;;;0.04;;
826780;treatment;after visit;2023-08-07 23:59:59+00:00;0.03;;;27.55;0.72;;;0.58;;
826780;treatment;after visit;2023-08-08 23:59:59+00:00;0.03;;;38.59;0.68;;;0.02;;
826780;treatment;after visit;2023-08-09 23:59:59+00:00;0.04;;;19.21;0.65;;;0.1;;
826780;treatment;after visit;2023-08-10 23:59:59+00:00;0.03;;;40.57;0.54;;;0.01;;
826780;treatment;after visit;2023-08-11 23:59:59+00:00;0.02;;;38.95;0.64;;;0.03;;
826780;treatment;after visit;2023-08-12 23:59:59+00:00;0.04;;;25.73;0.7;;;0.02;;
826780;treatment;after visit;2023-08-13 23:59:59+00:00;0.03;;;25.27;0.65;;;0.05;;
826780;treatment;after visit;2023-08-14 23:59:59+00:00;0.04;;;29.88;0.66;;;0.01;;
826780;treatment;after visit;2023-08-15 23:59:59+00:00;0.04;;;36.94;0.67;;;0.01;;
826780;treatment;after visit;2023-08-16 23:59:59+00:00;0.03;;;37.38;0.71;;;0.03;;
826780;treatment;after visit;2023-08-17 23:59:59+00:00;0.03;;;13.03;0.6;;;0.34;;
826780;treatment;after visit;2023-08-18 23:59:59+00:00;0.27;;;35.02;0.48;;;0.06;;
826780;treatment;after visit;2023-08-19 23:59:59+00:00;9.21;;;3.0;1.35;;;5.92;;
826780;treatment;after visit;2023-08-20 23:59:59+00:00;5.52;;;2.52;1.81;;;3.73;;
826780;treatment;after visit;2023-08-21 23:59:59+00:00;6.06;;;4.3;1.04;;;2.52;;
826780;treatment;after visit;2023-08-22 23:59:59+00:00;3.85;;;11.68;1.64;;;1.57;;
826780;treatment;after visit;2023-08-23 23:59:59+00:00;3.28;;;9.41;1.52;;;0.98;;
826780;treatment;after visit;2023-08-24 23:59:59+00:00;5.8;;;11.22;2.28;;;1.35;;
826780;treatment;after visit;2023-08-25 23:59:59+00:00;6.21;;;0.59;2.61;;;2.21;;
826780;treatment;after visit;2023-08-26 23:59:59+00:00;1.52;;;0.22;2.93;;;0.63;;
826780;treatment;after visit;2023-08-27 23:59:59+00:00;3.84;;;1.16;2.79;;;2.12;;
826780;treatment;after visit;2023-08-28 23:59:59+00:00;10.77;;;0.01;3.33;;;6.18;;
826780;treatment;after visit;2023-08-29 23:59:59+00:00;2.9;;;0.33;2.7;;;1.11;;
826780;treatment;after visit;2023-08-30 23:59:59+00:00;1.11;;;11.98;1.82;;;0.36;;
826780;treatment;after visit;2023-08-31 23:59:59+00:00;0.13;;;6.12;1.19;;;0.89;;
826780;treatment;after visit;2023-09-01 23:59:59+00:00;0.18;;;12.75;1.07;;;1.4;;
826780;treatment;after visit;2023-09-02 23:59:59+00:00;0.12;;;27.19;0.63;;;0.54;;
826780;treatment;after visit;2023-09-03 23:59:59+00:00;0.07;;;22.82;0.98;;;0.1;;
826780;treatment;after visit;2023-09-04 23:59:59+00:00;0.05;;;26.69;0.91;;;0.25;;
826780;treatment;after visit;2023-09-05 23:59:59+00:00;0.07;;;27.89;0.78;;;0.83;;
826780;treatment;after visit;2023-09-06 23:59:59+00:00;2.99;;;25.24;1.49;;;1.29;;
826780;treatment;after visit;2023-09-07 23:59:59+00:00;0.97;;;21.61;0.81;;;0.9;;
826780;treatment;after visit;2023-09-08 23:59:59+00:00;1.53;;;19.68;1.79;;;0.24;;
826780;treatment;after visit;2023-09-09 23:59:59+00:00;0.09;;;23.96;0.76;;;0.08;;
826780;treatment;after visit;2023-09-10 23:59:59+00:00;3.31;;;17.83;2.0;;;0.55;;
826780;treatment;after visit;2023-09-11 23:59:59+00:00;2.71;;;15.57;2.1;;;0.66;;
826780;treatment;after visit;2023-09-12 23:59:59+00:00;2.11;;;8.49;1.9;;;0.99;;
826780;treatment;after visit;2023-09-13 23:59:59+00:00;0.12;;;3.18;0.98;;;0.8;;
826780;treatment;after visit;2023-09-14 23:59:59+00:00;4.97;;;9.29;1.1;;;1.36;;
826780;treatment;after visit;2023-09-15 23:59:59+00:00;3.16;;;18.24;0.76;;;0.59;;
826780;treatment;after visit;2023-09-16 23:59:59+00:00;0.12;;;17.57;0.86;;;0.19;;
826780;treatment;after visit;2023-09-17 23:59:59+00:00;1.2;;;3.62;2.2;;;0.6;;
826780;treatment;after visit;2023-09-18 23:59:59+00:00;0.24;;;0.13;1.55;;;0.74;;
826780;treatment;after visit;2023-09-19 23:59:59+00:00;1.77;;;5.35;2.15;;;1.0;;
826780;treatment;after visit;2023-09-20 23:59:59+00:00;0.4;;;17.09;1.01;;;0.17;;
826780;treatment;after visit;2023-09-21 23:59:59+00:00;0.12;;;8.0;1.02;;;0.74;;
826780;treatment;after visit;2023-09-22 23:59:59+00:00;1.4;;;5.07;1.21;;;1.65;;
826780;treatment;after visit;2023-09-23 23:59:59+00:00;0.1;;;10.47;1.02;;;0.24;;
826780;treatment;after visit;2023-09-24 23:59:59+00:00;0.07;;;25.65;0.89;;;0.19;;
826780;treatment;after visit;2023-09-25 23:59:59+00:00;0.32;;;13.66;1.07;;;0.82;;
826780;treatment;after visit;2023-09-26 23:59:59+00:00;1.0;;;16.0;0.95;;;0.1;;
826780;treatment;after visit;2023-09-27 23:59:59+00:00;0.09;;;20.35;0.93;;;0.12;;
826780;treatment;after visit;2023-09-28 23:59:59+00:00;0.07;;;21.36;1.11;;;0.11;;
826780;treatment;after visit;2023-09-29 23:59:59+00:00;0.19;;;10.35;0.84;;;1.76;;
826780;treatment;after visit;2023-09-30 23:59:59+00:00;0.11;;;9.83;1.12;;;0.37;;
826780;treatment;after visit;2023-10-01 23:59:59+00:00;0.21;;;12.14;1.6;;;0.31;;
826780;treatment;after visit;2023-10-02 23:59:59+00:00;0.72;;;16.67;0.92;;;0.23;;
826780;treatment;after visit;2023-10-03 23:59:59+00:00;0.73;;;6.25;1.11;;;0.85;;
826780;treatment;after visit;2023-10-04 23:59:59+00:00;1.66;;;10.23;1.18;;;1.24;;
826780;treatment;after visit;2023-10-05 23:59:59+00:00;0.36;;;3.56;0.88;;;1.71;;
826780;treatment;after visit;2023-10-06 23:59:59+00:00;4.53;;;12.51;2.07;;;0.74;;
826780;treatment;after visit;2023-10-07 23:59:59+00:00;0.04;;;24.56;0.95;;;0.17;;
826780;treatment;after visit;2023-10-08 23:59:59+00:00;0.03;;;21.09;0.74;;;0.33;;
826780;treatment;after visit;2023-10-09 23:59:59+00:00;0.04;;;10.59;0.94;;;0.82;;
826780;treatment;after visit;2023-10-10 23:59:59+00:00;0.03;;;17.29;0.92;;;;;
826780;treatment;after visit;2023-10-11 23:59:59+00:00;0.04;;;22.28;0.93;;;0.18;;
826780;treatment;after visit;2023-10-12 23:59:59+00:00;0.04;;;17.14;1.03;;;0.88;;
826780;treatment;after visit;2023-10-13 23:59:59+00:00;0.03;;;23.74;0.9;;;;;
826780;treatment;after visit;2023-10-14 23:59:59+00:00;18.24;;;4.06;4.85;;;1.12;;
826780;treatment;after visit;2023-10-15 23:59:59+00:00;35.81;;;0.55;6.5;;;4.05;;
826780;treatment;after visit;2023-10-16 23:59:59+00:00;6.02;;;17.37;1.87;;;3.88;;
826780;treatment;after visit;2023-10-17 23:59:59+00:00;5.93;;;3.75;2.12;;;6.51;;
826780;treatment;after visit;2023-10-18 23:59:59+00:00;10.21;;;0.05;1.64;;;7.57;;
826780;treatment;after visit;2023-10-19 23:59:59+00:00;4.02;;;0.63;2.13;;;3.37;;
826780;treatment;after visit;2023-10-20 23:59:59+00:00;14.38;;;0.01;3.91;;;6.35;;
826780;treatment;after visit;2023-10-21 23:59:59+00:00;7.5;;;0.05;2.26;;;4.8;;
826780;treatment;after visit;2023-10-22 23:59:59+00:00;10.81;;;0.1;3.33;;;3.96;;
826780;treatment;after visit;2023-10-23 23:59:59+00:00;5.04;;;0.42;2.0;;;5.35;;
826780;treatment;after visit;2023-10-24 23:59:59+00:00;12.04;;;0.03;1.75;;;6.01;;
826780;treatment;after visit;2023-10-25 23:59:59+00:00;7.62;;;0.09;2.09;;;3.67;;
826780;treatment;after visit;2023-10-26 23:59:59+00:00;10.38;;;0.06;2.25;;;4.59;;
826780;treatment;after visit;2023-10-27 23:59:59+00:00;4.76;;;4.47;2.52;;;2.2;;
826780;treatment;after visit;2023-10-28 23:59:59+00:00;1.27;;;0.57;2.03;;;2.3;;
826780;treatment;after visit;2023-10-29 23:59:59+00:00;4.7;;;0.63;2.67;;;2.63;;
826780;treatment;after visit;2023-10-30 23:59:59+00:00;7.39;;;0.06;3.12;;;3.98;;
826780;treatment;after visit;2023-10-31 23:59:59+00:00;18.28;;;0.05;1.96;;;14.4;;
826780;treatment;after visit;2023-11-01 23:59:59+00:00;10.7;;;0.08;1.92;;;8.75;;
826780;treatment;after visit;2023-11-02 23:59:59+00:00;18.32;;;;2.41;;;10.68;;
826780;treatment;after visit;2023-11-03 23:59:59+00:00;13.03;;;0.05;2.58;;;10.8;;
826780;treatment;after visit;2023-11-04 23:59:59+00:00;15.62;;;0.08;3.54;;;10.16;;
826780;treatment;after visit;2023-11-05 23:59:59+00:00;7.75;;;0.06;3.41;;;4.66;;
826780;treatment;after visit;2023-11-06 23:59:59+00:00;6.26;;;0.33;2.22;;;4.12;;
826780;treatment;after visit;2023-11-07 23:59:59+00:00;18.87;;;0.1;1.65;;;14.35;;
826780;treatment;after visit;2023-11-08 23:59:59+00:00;11.18;;;0.28;1.75;;;9.46;;
826780;treatment;after visit;2023-11-09 23:59:59+00:00;18.33;;;0.01;2.22;;;14.12;;
826780;treatment;after visit;2023-11-10 23:59:59+00:00;12.54;;;0.12;2.44;;;9.38;;
826780;treatment;after visit;2023-11-11 23:59:59+00:00;12.43;;;0.08;2.65;;;8.75;;
826780;treatment;after visit;2023-11-12 23:59:59+00:00;21.94;;;;3.57;;;12.87;;
826780;treatment;after visit;2023-11-13 23:59:59+00:00;17.11;;;0.01;2.28;;;9.65;;
826780;treatment;after visit;2023-11-14 23:59:59+00:00;27.47;;;;1.63;;;16.1;;
826780;treatment;after visit;2023-11-15 23:59:59+00:00;7.99;;;0.1;2.48;;;4.7;;
826780;treatment;after visit;2023-11-16 23:59:59+00:00;13.71;;;0.08;2.58;;;8.71;;
826780;treatment;after visit;2023-11-17 23:59:59+00:00;24.21;;;0.02;3.2;;;13.12;;
826780;treatment;after visit;2023-11-18 23:59:59+00:00;16.22;;;0.02;2.97;;;10.93;;
826780;treatment;after visit;2023-11-19 23:59:59+00:00;14.38;;;0.01;3.19;;;7.28;;
826780;treatment;after visit;2023-11-20 23:59:59+00:00;8.66;;;0.09;2.54;;;5.83;;
826780;treatment;after visit;2023-11-21 23:59:59+00:00;40.02;;;0.02;2.15;;;11.68;;
826780;treatment;after visit;2023-11-22 23:59:59+00:00;36.07;;;0.01;2.69;;;10.94;;
826780;treatment;after visit;2023-11-23 23:59:59+00:00;6.63;;;3.59;2.37;;;5.14;;
826780;treatment;after visit;2023-11-24 23:59:59+00:00;14.62;;;0.03;3.61;;;7.78;;
826780;treatment;after visit;2023-11-25 23:59:59+00:00;11.37;;;0.04;3.95;;;6.36;;
826780;treatment;after visit;2023-11-26 23:59:59+00:00;13.91;;;0.06;3.66;;;7.25;;
826780;treatment;after visit;2023-11-27 23:59:59+00:00;17.6;;;0.03;3.03;;;12.18;;
826780;treatment;after visit;2023-11-28 23:59:59+00:00;20.51;;;;3.7;;;12.63;;
826780;treatment;after visit;2023-11-29 23:59:59+00:00;7.63;;;0.52;2.68;;;6.34;;
826780;treatment;after visit;2023-11-30 23:59:59+00:00;22.88;;;;4.18;;;11.9;;
826780;treatment;after visit;2023-12-01 23:59:59+00:00;23.44;;;;4.73;;;9.51;;
826780;treatment;after visit;2023-12-02 23:59:59+00:00;20.93;;;;4.62;;;11.28;;
826780;treatment;after visit;2023-12-03 23:59:59+00:00;22.88;;;;4.66;;;12.26;;
826780;treatment;after visit;2023-12-04 23:59:59+00:00;22.9;;;;4.81;;;13.22;;
826780;treatment;after visit;2023-12-05 23:59:59+00:00;19.55;;;0.02;4.02;;;11.99;;
826780;treatment;after visit;2023-12-06 23:59:59+00:00;21.04;;;;3.8;;;12.92;;
826780;treatment;after visit;2023-12-07 23:59:59+00:00;22.57;;;0.01;3.33;;;17.09;;
826780;treatment;after visit;2023-12-08 23:59:59+00:00;20.77;;;0.01;4.53;;;13.85;;
826780;treatment;after visit;2023-12-09 23:59:59+00:00;16.41;;;0.02;2.83;;;8.27;;
826780;treatment;after visit;2023-12-10 23:59:59+00:00;54.05;;;0.01;5.45;;;8.0;;
826780;treatment;after visit;2023-12-11 23:59:59+00:00;21.43;;;;2.97;;;10.73;;
826780;treatment;after visit;2023-12-12 23:59:59+00:00;20.69;;;;3.71;;;10.33;;
826780;treatment;after visit;2023-12-13 23:59:59+00:00;17.34;;;0.02;4.08;;;9.26;;
826780;treatment;after visit;2023-12-14 23:59:59+00:00;21.28;;;;2.8;;;12.76;;
826780;treatment;after visit;2023-12-15 23:59:59+00:00;25.73;;;0.04;2.2;;;19.15;;
826780;treatment;after visit;2023-12-16 23:59:59+00:00;19.68;;;0.01;3.11;;;11.79;;
826780;treatment;after visit;2023-12-17 23:59:59+00:00;23.34;;;;3.72;;;14.98;;
826780;treatment;after visit;2023-12-18 23:59:59+00:00;20.41;;;0.03;3.45;;;14.26;;
826780;treatment;after visit;2023-12-19 23:59:59+00:00;10.82;;;3.17;2.7;;;8.31;;
826780;treatment;after visit;2023-12-20 23:59:59+00:00;39.08;;;0.04;4.03;;;14.39;;
826780;treatment;after visit;2023-12-21 23:59:59+00:00;30.36;;;;3.26;;;16.84;;
826780;treatment;after visit;2023-12-22 23:59:59+00:00;22.5;;;0.01;4.08;;;15.51;;
826780;treatment;after visit;2023-12-23 23:59:59+00:00;12.14;;;0.02;3.97;;;8.2;;
826780;treatment;after visit;2023-12-24 23:59:59+00:00;22.26;;;0.04;3.93;;;12.77;;
826780;treatment;after visit;2023-12-25 23:59:59+00:00;7.55;;;0.79;3.85;;;5.29;;
826780;treatment;after visit;2023-12-26 23:59:59+00:00;7.68;;;0.07;3.58;;;6.58;;
826780;treatment;after visit;2023-12-27 23:59:59+00:00;10.06;;;0.08;3.38;;;7.34;;
826780;treatment;after visit;2023-12-28 23:59:59+00:00;20.16;;;0.01;3.36;;;11.76;;
826780;treatment;after visit;2023-12-29 23:59:59+00:00;18.36;;;0.05;2.71;;;12.23;;
826780;treatment;after visit;2023-12-30 23:59:59+00:00;6.95;;;0.08;3.08;;;3.39;;
826780;treatment;after visit;2023-12-31 23:59:59+00:00;16.48;;;0.02;3.86;;;5.23;;
826780;treatment;after visit;2024-01-01 23:59:59+00:00;13.06;;;0.04;3.51;;;8.1;;
826780;treatment;after visit;2024-01-02 23:59:59+00:00;25.89;;;0.01;3.45;;;12.41;;
826780;treatment;after visit;2024-01-03 23:59:59+00:00;42.46;;;0.05;3.57;;;12.36;;
826780;treatment;after visit;2024-01-04 23:59:59+00:00;8.08;;;0.12;3.34;;;7.39;;
826780;treatment;after visit;2024-01-05 23:59:59+00:00;22.69;;;;4.28;;;11.33;;
826780;treatment;after visit;2024-01-06 23:59:59+00:00;19.52;;;;4.12;;;11.28;;
826780;treatment;after visit;2024-01-07 23:59:59+00:00;21.1;;;0.01;4.14;;;11.7;;
826780;treatment;after visit;2024-01-08 23:59:59+00:00;26.17;;;;4.36;;;15.6;;
826780;treatment;after visit;2024-01-09 23:59:59+00:00;26.84;;;;3.79;;;17.73;;
826780;treatment;after visit;2024-01-10 23:59:59+00:00;28.7;;;;4.07;;;16.43;;
826780;treatment;after visit;2024-01-11 23:59:59+00:00;30.87;;;;3.41;;;18.66;;
826780;treatment;after visit;2024-01-12 23:59:59+00:00;33.36;;;;3.07;;;19.89;;
826780;treatment;after visit;2024-01-13 23:59:59+00:00;27.99;;;;4.12;;;16.28;;
826780;treatment;after visit;2024-01-14 23:59:59+00:00;22.9;;;0.02;3.98;;;13.38;;
826780;treatment;after visit;2024-01-15 23:59:59+00:00;23.48;;;;4.31;;;13.2;;
826780;treatment;after visit;2024-01-16 23:59:59+00:00;13.44;;;0.48;2.22;;;13.2;;
826780;treatment;after visit;2024-01-17 23:59:59+00:00;25.63;;;;2.96;;;18.74;;
826780;treatment;after visit;2024-01-18 23:59:59+00:00;16.88;;;0.02;3.14;;;10.6;;
826780;treatment;after visit;2024-01-19 23:59:59+00:00;22.92;;;0.03;3.32;;;15.91;;
826780;treatment;after visit;2024-01-20 23:59:59+00:00;17.57;;;3.3;2.77;;;11.23;;
826780;treatment;after visit;2024-01-21 23:59:59+00:00;12.52;;;1.75;2.88;;;11.03;;
826780;treatment;after visit;2024-01-22 23:59:59+00:00;17.2;;;0.05;4.06;;;10.81;;
826780;treatment;after visit;2024-01-23 23:59:59+00:00;56.63;;;0.05;4.78;;;13.09;;
826780;treatment;after visit;2024-01-24 23:59:59+00:00;26.01;;;0.01;2.33;;;18.24;;
826780;treatment;after visit;2024-01-25 23:59:59+00:00;15.92;;;0.05;3.28;;;11.64;;
826780;treatment;after visit;2024-01-26 23:59:59+00:00;20.17;;;0.03;2.9;;;12.9;;
826780;treatment;after visit;2024-01-27 23:59:59+00:00;14.19;;;1.23;2.31;;;10.56;;
826780;treatment;after visit;2024-01-28 23:59:59+00:00;15.74;;;1.55;2.12;;;11.8;;
826780;treatment;after visit;2024-01-29 23:59:59+00:00;20.62;;;0.07;2.19;;;16.47;;
826780;treatment;after visit;2024-01-30 23:59:59+00:00;15.27;;;0.09;2.34;;;13.47;;
826780;treatment;after visit;2024-01-31 23:59:59+00:00;13.3;;;2.11;2.25;;;11.46;;
826780;treatment;after visit;2024-02-01 23:59:59+00:00;24.38;;;;2.86;;;17.4;;
826780;treatment;after visit;2024-02-02 23:59:59+00:00;16.11;;;0.19;3.21;;;11.19;;
826780;treatment;after visit;2024-02-03 23:59:59+00:00;38.92;;;0.04;3.9;;;12.57;;
826780;treatment;after visit;2024-02-04 23:59:59+00:00;10.93;;;0.79;2.89;;;10.88;;
826780;treatment;after visit;2024-02-05 23:59:59+00:00;8.3;;;3.5;2.97;;;7.7;;
826780;treatment;after visit;2024-02-06 23:59:59+00:00;10.39;;;2.35;2.45;;;11.1;;
826780;treatment;after visit;2024-02-07 23:59:59+00:00;13.97;;;0.08;2.89;;;11.88;;
826780;treatment;after visit;2024-02-08 23:59:59+00:00;15.37;;;0.03;2.93;;;12.12;;
826780;treatment;after visit;2024-02-09 23:59:59+00:00;24.15;;;;2.53;;;15.83;;
826780;treatment;after visit;2024-02-10 23:59:59+00:00;15.03;;;0.05;2.95;;;11.11;;
826780;treatment;after visit;2024-02-11 23:59:59+00:00;12.76;;;0.1;2.87;;;11.92;;
826780;treatment;after visit;2024-02-12 23:59:59+00:00;12.13;;;0.05;3.37;;;9.93;;
826780;treatment;after visit;2024-02-13 23:59:59+00:00;9.89;;;5.39;3.08;;;9.44;;
826780;treatment;after visit;2024-02-14 23:59:59+00:00;8.74;;;0.13;2.7;;;7.46;;
826780;treatment;after visit;2024-02-15 23:59:59+00:00;7.85;;;2.81;2.63;;;7.07;;
826780;treatment;after visit;2024-02-16 23:59:59+00:00;7.43;;;0.14;3.6;;;6.91;;
826780;treatment;after visit;2024-02-17 23:59:59+00:00;15.62;;;0.02;3.84;;;10.79;;
826780;treatment;after visit;2024-02-18 23:59:59+00:00;16.07;;;0.04;2.53;;;12.18;;
826780;treatment;after visit;2024-02-19 23:59:59+00:00;11.8;;;0.12;2.21;;;7.85;;
826780;treatment;after visit;2024-02-20 23:59:59+00:00;8.81;;;2.83;2.2;;;7.28;;
826780;treatment;after visit;2024-02-21 23:59:59+00:00;9.97;;;0.23;2.02;;;8.63;;
826780;treatment;after visit;2024-02-22 23:59:59+00:00;57.05;;;;1.62;;;19.43;;
826780;treatment;after visit;2024-02-23 23:59:59+00:00;10.37;;;2.29;1.5;;;9.57;;
826780;treatment;after visit;2024-02-24 23:59:59+00:00;19.12;;;0.24;2.47;;;8.27;;
826780;treatment;after visit;2024-02-25 23:59:59+00:00;5.84;;;16.78;1.71;;;5.39;;
826780;treatment;after visit;2024-02-26 23:59:59+00:00;10.26;;;0.04;2.35;;;10.21;;
826780;treatment;after visit;2024-02-27 23:59:59+00:00;4.98;;;1.45;2.35;;;5.51;;
826780;treatment;after visit;2024-02-28 23:59:59+00:00;13.89;;;0.03;2.55;;;13.52;;
826780;treatment;after visit;2024-02-29 23:59:59+00:00;5.3;;;4.29;2.04;;;6.3;;
826780;treatment;after visit;2024-03-01 23:59:59+00:00;15.58;;;0.06;2.66;;;15.14;;
826780;treatment;after visit;2024-03-02 23:59:59+00:00;12.2;;;1.64;1.99;;;11.22;;
826780;treatment;after visit;2024-03-03 23:59:59+00:00;51.17;;;5.1;2.41;;;10.18;;
826780;treatment;after visit;2024-03-04 23:59:59+00:00;23.49;;;0.06;2.45;;;12.38;;
826780;treatment;after visit;2024-03-05 23:59:59+00:00;16.91;;;0.06;2.91;;;13.16;;
826780;treatment;after visit;2024-03-06 23:59:59+00:00;22.16;;;0.05;2.16;;;17.83;;
826780;treatment;after visit;2024-03-07 23:59:59+00:00;28.15;;;0.01;1.36;;;23.01;;
826780;treatment;after visit;2024-03-08 23:59:59+00:00;17.16;;;12.36;0.96;;;14.5;;
826780;treatment;after visit;2024-03-09 23:59:59+00:00;10.02;;;5.6;2.25;;;8.99;;
826780;treatment;after visit;2024-03-10 23:59:59+00:00;15.62;;;0.04;2.4;;;11.31;;
826780;treatment;after visit;2024-03-11 23:59:59+00:00;7.74;;;12.32;2.16;;;6.35;;
826780;treatment;after visit;2024-03-12 23:59:59+00:00;16.26;;;0.18;2.87;;;11.46;;
826780;treatment;after visit;2024-03-13 23:59:59+00:00;16.98;;;0.05;2.41;;;9.36;;
826780;treatment;after visit;2024-03-14 23:59:59+00:00;3.39;;;4.8;2.35;;;1.63;;
826780;treatment;after visit;2024-03-15 23:59:59+00:00;0.49;;;8.35;1.49;;;2.23;;
826780;treatment;after visit;2024-03-16 23:59:59+00:00;13.44;;;7.56;4.84;;;3.14;;
826780;treatment;after visit;2024-03-17 23:59:59+00:00;29.51;;;0.09;4.5;;;11.59;;
826780;treatment;after visit;2024-03-18 23:59:59+00:00;13.44;;;0.03;2.64;;;8.76;;
826780;treatment;after visit;2024-03-19 23:59:59+00:00;6.09;;;10.97;1.87;;;6.01;;
826780;treatment;after visit;2024-03-20 23:59:59+00:00;3.21;;;17.21;2.35;;;2.99;;
