Household_ID;Group;AffectsTimePoint;Timestamp;kWh_received_Total;kWh_received_HeatPump;kWh_received_Other;kWh_returned_Total;kvarh_received_capacitive_Total;kvarh_received_capacitive_HeatPump;kvarh_received_capacitive_Other;kvarh_received_inductive_Total;kvarh_received_inductive_HeatPump;kvarh_received_inductive_Other
861116;treatment;before visit;2018-11-02 23:59:59+00:00;31.4;;;;;;;;;
861116;treatment;before visit;2018-11-03 23:59:59+00:00;23.61;;;;;;;;;
861116;treatment;before visit;2018-11-04 23:59:59+00:00;38.86;;;;;;;;;
861116;treatment;before visit;2018-11-05 23:59:59+00:00;21.6;;;;;;;;;
861116;treatment;before visit;2018-11-06 23:59:59+00:00;27.21;;;;;;;;;
861116;treatment;before visit;2018-11-07 23:59:59+00:00;27.15;;;;;;;;;
861116;treatment;before visit;2018-11-08 23:59:59+00:00;18.3;;;;;;;;;
861116;treatment;before visit;2018-11-09 23:59:59+00:00;19.18;;;;;;;;;
861116;treatment;before visit;2018-11-10 23:59:59+00:00;28.58;;;;;;;;;
861116;treatment;before visit;2018-11-11 23:59:59+00:00;28.56;;;;;;;;;
861116;treatment;before visit;2018-11-12 23:59:59+00:00;27.88;;;;;;;;;
861116;treatment;before visit;2018-11-13 23:59:59+00:00;24.96;;;;;;;;;
861116;treatment;before visit;2018-11-14 23:59:59+00:00;23.62;;;;;;;;;
861116;treatment;before visit;2018-11-15 23:59:59+00:00;40.5;;;;;;;;;
861116;treatment;before visit;2018-11-16 23:59:59+00:00;30.96;;;;;;;;;
861116;treatment;before visit;2018-11-17 23:59:59+00:00;36.98;;;;;;;;;
861116;treatment;before visit;2018-11-18 23:59:59+00:00;47.69;;;;;;;;;
861116;treatment;before visit;2018-11-19 23:59:59+00:00;37.34;;;;;;;;;
861116;treatment;before visit;2018-11-20 23:59:59+00:00;37.71;;;;;;;;;
861116;treatment;before visit;2018-11-21 23:59:59+00:00;34.11;;;;;;;;;
861116;treatment;before visit;2018-11-22 23:59:59+00:00;32.3;;;;;;;;;
861116;treatment;before visit;2018-11-23 23:59:59+00:00;34.94;;;;;;;;;
861116;treatment;before visit;2018-11-24 23:59:59+00:00;41.92;;;;;;;;;
861116;treatment;before visit;2018-11-25 23:59:59+00:00;42.35;;;;;;;;;
861116;treatment;before visit;2018-11-26 23:59:59+00:00;31.68;;;;;;;;;
861116;treatment;before visit;2018-11-27 23:59:59+00:00;35.38;;;;;;;;;
861116;treatment;before visit;2018-11-28 23:59:59+00:00;31.19;;;;;;;;;
861116;treatment;before visit;2018-11-29 23:59:59+00:00;33.64;;;;;;;;;
861116;treatment;before visit;2018-11-30 23:59:59+00:00;31.14;;;;;;;;;
861116;treatment;before visit;2018-12-01 23:59:59+00:00;43.0;;;;;;;;;
861116;treatment;before visit;2018-12-02 23:59:59+00:00;36.92;;;;;;;;;
861116;treatment;before visit;2018-12-03 23:59:59+00:00;26.87;;;;;;;;;
861116;treatment;before visit;2018-12-04 23:59:59+00:00;31.95;;;;;;;;;
861116;treatment;before visit;2018-12-05 23:59:59+00:00;29.58;;;;;;;;;
861116;treatment;before visit;2018-12-06 23:59:59+00:00;28.0;;;;;;;;;
861116;treatment;before visit;2018-12-07 23:59:59+00:00;28.56;;;;;;;;;
861116;treatment;before visit;2018-12-08 23:59:59+00:00;33.69;;;;;;;;;
861116;treatment;before visit;2018-12-09 23:59:59+00:00;35.43;;;;;;;;;
861116;treatment;before visit;2018-12-10 23:59:59+00:00;33.95;;;;;;;;;
861116;treatment;before visit;2018-12-11 23:59:59+00:00;40.67;;;;;;;;;
861116;treatment;before visit;2018-12-12 23:59:59+00:00;37.89;;;;;;;;;
861116;treatment;before visit;2018-12-13 23:59:59+00:00;32.68;;;;;;;;;
861116;treatment;before visit;2018-12-14 23:59:59+00:00;32.21;;;;;;;;;
861116;treatment;before visit;2018-12-15 23:59:59+00:00;37.78;;;;;;;;;
861116;treatment;before visit;2018-12-16 23:59:59+00:00;44.73;;;;;;;;;
861116;treatment;before visit;2018-12-17 23:59:59+00:00;51.62;;;;;;;;;
861116;treatment;before visit;2018-12-18 23:59:59+00:00;61.87;;;;;;;;;
861116;treatment;before visit;2018-12-19 23:59:59+00:00;43.1;;;;;;;;;
861116;treatment;before visit;2018-12-20 23:59:59+00:00;38.97;;;;;;;;;
861116;treatment;before visit;2018-12-21 23:59:59+00:00;35.86;;;;;;;;;
861116;treatment;before visit;2018-12-22 23:59:59+00:00;47.46;;;;;;;;;
861116;treatment;before visit;2018-12-23 23:59:59+00:00;45.57;;;;;;;;;
861116;treatment;before visit;2018-12-24 23:59:59+00:00;51.23;;;;;;;;;
861116;treatment;before visit;2018-12-25 23:59:59+00:00;47.77;;;;;;;;;
861116;treatment;before visit;2018-12-26 23:59:59+00:00;54.67;;;;;;;;;
861116;treatment;before visit;2018-12-27 23:59:59+00:00;54.93;;;;;;;;;
861116;treatment;before visit;2018-12-28 23:59:59+00:00;46.57;;;;;;;;;
861116;treatment;before visit;2018-12-29 23:59:59+00:00;46.9;;;;;;;;;
861116;treatment;before visit;2018-12-30 23:59:59+00:00;56.71;;;;;;;;;
861116;treatment;before visit;2018-12-31 23:59:59+00:00;52.8;;;;;;;;;
861116;treatment;before visit;2019-01-01 23:59:59+00:00;36.49;;;;;;;;;
861116;treatment;before visit;2019-01-02 23:59:59+00:00;46.16;;;;;;;;;
861116;treatment;before visit;2019-01-03 23:59:59+00:00;54.47;;;;;;;;;
861116;treatment;before visit;2019-01-04 23:59:59+00:00;50.96;;;;;;;;;
861116;treatment;before visit;2019-01-05 23:59:59+00:00;52.69;;;;;;;;;
861116;treatment;before visit;2019-01-06 23:59:59+00:00;58.99;;;;;;;;;
861116;treatment;before visit;2019-01-07 23:59:59+00:00;50.44;;;;;;;;;
861116;treatment;before visit;2019-01-08 23:59:59+00:00;50.07;;;;;;;;;
861116;treatment;before visit;2019-01-09 23:59:59+00:00;53.26;;;;;;;;;
861116;treatment;before visit;2019-01-10 23:59:59+00:00;52.25;;;;;;;;;
861116;treatment;before visit;2019-01-11 23:59:59+00:00;48.71;;;;;;;;;
861116;treatment;before visit;2019-01-12 23:59:59+00:00;51.57;;;;;;;;;
861116;treatment;before visit;2019-01-13 23:59:59+00:00;65.46;;;;;;;;;
861116;treatment;before visit;2019-01-14 23:59:59+00:00;53.35;;;;;;;;;
861116;treatment;before visit;2019-01-15 23:59:59+00:00;50.73;;;;;;;;;
861116;treatment;before visit;2019-01-16 23:59:59+00:00;43.78;;;;;;;;;
861116;treatment;before visit;2019-01-17 23:59:59+00:00;39.41;;;;;;;;;
861116;treatment;before visit;2019-01-18 23:59:59+00:00;38.4;;;;;;;;;
861116;treatment;before visit;2019-01-19 23:59:59+00:00;52.42;;;;;;;;;
861116;treatment;before visit;2019-01-20 23:59:59+00:00;47.43;;;;;;;;;
861116;treatment;before visit;2019-01-21 23:59:59+00:00;49.97;;;;;;;;;
861116;treatment;before visit;2019-01-22 23:59:59+00:00;50.76;;;;;;;;;
861116;treatment;before visit;2019-01-23 23:59:59+00:00;54.14;;;;;;;;;
861116;treatment;before visit;2019-01-24 23:59:59+00:00;50.19;;;;;;;;;
861116;treatment;before visit;2019-01-25 23:59:59+00:00;42.67;;;;;;;;;
861116;treatment;before visit;2019-01-26 23:59:59+00:00;37.87;;;;;;;;;
861116;treatment;before visit;2019-01-27 23:59:59+00:00;32.96;;;;;;;;;
861116;treatment;before visit;2019-01-28 23:59:59+00:00;38.52;;;;;;;;;
861116;treatment;before visit;2019-01-29 23:59:59+00:00;36.88;;;;;;;;;
861116;treatment;before visit;2019-01-30 23:59:59+00:00;35.49;;;;;;;;;
861116;treatment;before visit;2019-01-31 23:59:59+00:00;36.44;;;;;;;;;
861116;treatment;before visit;2019-02-01 23:59:59+00:00;33.66;;;;;;;;;
861116;treatment;before visit;2020-01-01 23:59:59+00:00;42.26;;;;;;;;;
861116;treatment;before visit;2020-01-02 23:59:59+00:00;44.87;;;;;;;;;
861116;treatment;before visit;2020-01-03 23:59:59+00:00;45.43;;;;;;;;;
861116;treatment;before visit;2020-01-04 23:59:59+00:00;49.78;;;;;;;;;
861116;treatment;before visit;2020-01-05 23:59:59+00:00;46.87;;;;;;;;;
861116;treatment;before visit;2020-01-06 23:59:59+00:00;44.88;;;;;;;;;
861116;treatment;before visit;2020-01-07 23:59:59+00:00;41.48;;;;;;;;;
861116;treatment;before visit;2020-01-08 23:59:59+00:00;46.61;;;;;;;;;
861116;treatment;before visit;2020-01-09 23:59:59+00:00;38.39;;;;;;;;;
861116;treatment;before visit;2020-01-10 23:59:59+00:00;32.92;;;;;;;;;
861116;treatment;before visit;2020-01-11 23:59:59+00:00;34.66;;;;;;;;;
861116;treatment;before visit;2020-01-12 23:59:59+00:00;28.69;;;;;;;;;
861116;treatment;before visit;2020-01-13 23:59:59+00:00;28.36;;;;;;;;;
861116;treatment;before visit;2020-01-14 23:59:59+00:00;27.1;;;;;;;;;
861116;treatment;before visit;2020-01-15 23:59:59+00:00;26.07;;;;;;;;;
861116;treatment;before visit;2020-01-16 23:59:59+00:00;26.31;;;;;;;;;
861116;treatment;before visit;2020-01-17 23:59:59+00:00;37.41;;;;;;;;;
861116;treatment;before visit;2020-01-18 23:59:59+00:00;49.38;;;;;;;;;
861116;treatment;before visit;2020-01-19 23:59:59+00:00;45.38;;;;;;;;;
861116;treatment;before visit;2020-01-20 23:59:59+00:00;38.86;;;;;;;;;
861116;treatment;before visit;2020-01-21 23:59:59+00:00;41.7;;;;;;;;;
861116;treatment;before visit;2020-01-22 23:59:59+00:00;45.52;;;;;;;;;
861116;treatment;before visit;2020-01-23 23:59:59+00:00;37.53;;;;;;;;;
861116;treatment;before visit;2020-01-24 23:59:59+00:00;36.11;;;;;;;;;
861116;treatment;before visit;2020-01-25 23:59:59+00:00;35.8;;;;;;;;;
861116;treatment;before visit;2020-01-26 23:59:59+00:00;30.64;;;;;;;;;
861116;treatment;before visit;2020-01-27 23:59:59+00:00;28.6;;;;;;;;;
861116;treatment;before visit;2020-01-28 23:59:59+00:00;31.0;;;;;;;;;
861116;treatment;before visit;2020-01-29 23:59:59+00:00;29.77;;;;;;;;;
861116;treatment;before visit;2020-01-30 23:59:59+00:00;28.74;;;;;;;;;
861116;treatment;before visit;2020-01-31 23:59:59+00:00;25.65;;;;;;;;;
861116;treatment;before visit;2020-02-01 23:59:59+00:00;42.16;;;;;;;;;
861116;treatment;before visit;2020-02-02 23:59:59+00:00;51.47;;;;;;;;;
861116;treatment;before visit;2020-02-03 23:59:59+00:00;36.58;;;;;;;;;
861116;treatment;before visit;2020-02-04 23:59:59+00:00;42.07;;;;;;;;;
861116;treatment;before visit;2020-02-05 23:59:59+00:00;39.34;;;;;;;;;
861116;treatment;before visit;2020-02-06 23:59:59+00:00;39.79;;;;;;;;;
861116;treatment;before visit;2020-02-07 23:59:59+00:00;31.65;;;;;;;;;
861116;treatment;before visit;2020-02-08 23:59:59+00:00;35.74;;;;;;;;;
861116;treatment;before visit;2020-02-09 23:59:59+00:00;29.43;;;;;;;;;
861116;treatment;before visit;2020-02-10 23:59:59+00:00;30.21;;;;;;;;;
861116;treatment;before visit;2020-02-11 23:59:59+00:00;39.79;;;;;;;;;
861116;treatment;before visit;2020-02-12 23:59:59+00:00;36.25;;;;;;;;;
861116;treatment;before visit;2020-02-13 23:59:59+00:00;37.41;;;;;;;;;
861116;treatment;before visit;2020-02-14 23:59:59+00:00;37.12;;;;;;;;;
861116;treatment;before visit;2020-02-15 23:59:59+00:00;26.38;;;;;;;;;
861116;treatment;before visit;2020-02-16 23:59:59+00:00;35.79;;;;;;;;;
861116;treatment;before visit;2020-02-17 23:59:59+00:00;36.18;;;;;;;;;
861116;treatment;before visit;2020-02-18 23:59:59+00:00;35.65;;;;;;;;;
861116;treatment;before visit;2020-02-19 23:59:59+00:00;32.38;;;;;;;;;
861116;treatment;before visit;2020-02-20 23:59:59+00:00;26.65;;;;;;;;;
861116;treatment;before visit;2020-02-21 23:59:59+00:00;31.37;;;;;;;;;
861116;treatment;before visit;2020-02-22 23:59:59+00:00;30.57;;;;;;;;;
861116;treatment;before visit;2020-02-23 23:59:59+00:00;33.09;;;;;;;;;
861116;treatment;before visit;2020-02-24 23:59:59+00:00;35.98;;;;;;;;;
861116;treatment;before visit;2020-02-25 23:59:59+00:00;30.94;;;;;;;;;
861116;treatment;before visit;2020-02-26 23:59:59+00:00;34.54;;;;;;;;;
861116;treatment;before visit;2020-02-27 23:59:59+00:00;35.78;;;;;;;;;
861116;treatment;before visit;2020-02-28 23:59:59+00:00;35.26;;;;;;;;;
861116;treatment;before visit;2020-02-29 23:59:59+00:00;34.48;;;;;;;;;
861116;treatment;before visit;2020-03-01 23:59:59+00:00;31.84;;;;;;;;;
861116;treatment;before visit;2020-03-02 23:59:59+00:00;36.9;;;;;;;;;
861116;treatment;before visit;2020-03-03 23:59:59+00:00;29.28;;;;;;;;;
861116;treatment;before visit;2020-03-04 23:59:59+00:00;31.1;;;;;;;;;
861116;treatment;before visit;2020-03-05 23:59:59+00:00;26.25;;;;;;;;;
861116;treatment;before visit;2020-03-06 23:59:59+00:00;32.55;;;;;;;;;
861116;treatment;before visit;2020-03-07 23:59:59+00:00;35.55;;;;;;;;;
861116;treatment;before visit;2020-03-08 23:59:59+00:00;31.14;;;;;;;;;
861116;treatment;before visit;2020-03-09 23:59:59+00:00;27.66;;;;;;;;;
861116;treatment;before visit;2020-03-10 23:59:59+00:00;29.1;;;;;;;;;
861116;treatment;before visit;2020-03-11 23:59:59+00:00;28.68;;;;;;;;;
861116;treatment;before visit;2020-03-12 23:59:59+00:00;23.2;;;;;;;;;
861116;treatment;before visit;2020-03-13 23:59:59+00:00;27.18;;;;;;;;;
861116;treatment;before visit;2020-03-14 23:59:59+00:00;24.34;;;;;;;;;
861116;treatment;before visit;2020-03-15 23:59:59+00:00;21.16;;;;;;;;;
861116;treatment;before visit;2020-03-16 23:59:59+00:00;13.81;;;;;;;;;
861116;treatment;before visit;2020-03-17 23:59:59+00:00;7.72;;;;;;;;;
861116;treatment;before visit;2020-03-18 23:59:59+00:00;7.92;;;;;;;;;
861116;treatment;before visit;2020-03-19 23:59:59+00:00;10.21;;;;;;;;;
861116;treatment;before visit;2020-03-20 23:59:59+00:00;5.29;;;;;;;;;
861116;treatment;before visit;2020-03-21 23:59:59+00:00;34.58;;;;;;;;;
861116;treatment;before visit;2020-03-22 23:59:59+00:00;28.61;;;;;;;;;
861116;treatment;before visit;2020-03-23 23:59:59+00:00;36.77;;;;;;;;;
861116;treatment;before visit;2020-03-24 23:59:59+00:00;34.71;;;;;;;;;
861116;treatment;before visit;2020-03-25 23:59:59+00:00;31.37;;;;;;;;;
861116;treatment;before visit;2020-03-26 23:59:59+00:00;29.89;;;;;;;;;
861116;treatment;before visit;2020-03-27 23:59:59+00:00;20.35;;;;;;;;;
861116;treatment;before visit;2020-03-28 23:59:59+00:00;35.77;;;;;;;;;
861116;treatment;before visit;2020-03-29 23:59:59+00:00;42.86;;;;;;;;;
861116;treatment;before visit;2020-03-30 23:59:59+00:00;39.0;;;;;;;;;
861116;treatment;before visit;2020-03-31 23:59:59+00:00;28.88;;;;;;;;;
861116;treatment;before visit;2020-04-01 23:59:59+00:00;25.2;;;;;;;;;
861116;treatment;before visit;2020-04-02 23:59:59+00:00;20.6;;;;;;;;;
861116;treatment;before visit;2020-04-03 23:59:59+00:00;15.96;;;;;;;;;
861116;treatment;before visit;2020-04-04 23:59:59+00:00;17.72;;;;;;;;;
861116;treatment;before visit;2020-04-05 23:59:59+00:00;5.5;;;;;;;;;
861116;treatment;before visit;2020-04-06 23:59:59+00:00;6.14;;;;;;;;;
861116;treatment;before visit;2020-04-07 23:59:59+00:00;7.15;;;;;;;;;
861116;treatment;before visit;2020-04-08 23:59:59+00:00;7.93;;;;;;;;;
861116;treatment;before visit;2020-04-09 23:59:59+00:00;5.75;;;;;;;;;
861116;treatment;before visit;2020-04-10 23:59:59+00:00;9.79;;;;;;;;;
861116;treatment;before visit;2020-04-11 23:59:59+00:00;7.32;;;;;;;;;
861116;treatment;before visit;2020-04-12 23:59:59+00:00;9.41;;;;;;;;;
861116;treatment;before visit;2020-04-13 23:59:59+00:00;5.65;;;;;;;;;
861116;treatment;before visit;2020-04-14 23:59:59+00:00;5.83;;;;;;;;;
861116;treatment;before visit;2020-04-15 23:59:59+00:00;6.98;;;;;;;;;
861116;treatment;before visit;2020-04-16 23:59:59+00:00;8.17;;;;;;;;;
861116;treatment;before visit;2020-04-17 23:59:59+00:00;3.66;;;;;;;;;
861116;treatment;before visit;2020-04-18 23:59:59+00:00;9.03;;;;;;;;;
861116;treatment;before visit;2020-04-19 23:59:59+00:00;6.73;;;;;;;;;
861116;treatment;before visit;2020-04-20 23:59:59+00:00;9.83;;;;;;;;;
861116;treatment;before visit;2020-04-21 23:59:59+00:00;5.51;;;;;;;;;
861116;treatment;before visit;2020-04-22 23:59:59+00:00;5.88;;;;;;;;;
861116;treatment;before visit;2020-04-23 23:59:59+00:00;6.51;;;;;;;;;
861116;treatment;before visit;2020-04-24 23:59:59+00:00;8.01;;;;;;;;;
861116;treatment;before visit;2020-04-25 23:59:59+00:00;8.69;;;;;;;;;
861116;treatment;before visit;2020-04-26 23:59:59+00:00;6.75;;;;;;;;;
861116;treatment;before visit;2020-04-27 23:59:59+00:00;6.57;;;;;;;;;
861116;treatment;before visit;2020-04-28 23:59:59+00:00;7.36;;;;;;;;;
861116;treatment;before visit;2020-04-29 23:59:59+00:00;5.34;;;;;;;;;
861116;treatment;before visit;2020-04-30 23:59:59+00:00;7.72;;;;;;;;;
861116;treatment;before visit;2020-05-01 23:59:59+00:00;8.9;;;;;;;;;
861116;treatment;before visit;2020-05-02 23:59:59+00:00;12.76;;;;;;;;;
861116;treatment;before visit;2020-05-03 23:59:59+00:00;6.68;;;;;;;;;
861116;treatment;before visit;2020-05-04 23:59:59+00:00;7.4;;;;;;;;;
861116;treatment;before visit;2020-05-05 23:59:59+00:00;9.47;;;;;;;;;
861116;treatment;before visit;2020-05-06 23:59:59+00:00;9.11;;;;;;;;;
861116;treatment;before visit;2020-05-07 23:59:59+00:00;6.68;;;;;;;;;
861116;treatment;before visit;2020-05-08 23:59:59+00:00;5.01;;;;;;;;;
861116;treatment;before visit;2020-05-09 23:59:59+00:00;8.24;;;;;;;;;
861116;treatment;before visit;2020-05-10 23:59:59+00:00;6.8;;;;;;;;;
861116;treatment;before visit;2020-05-11 23:59:59+00:00;7.09;;;;;;;;;
861116;treatment;before visit;2020-05-12 23:59:59+00:00;5.09;;;;;;;;;
861116;treatment;before visit;2020-05-13 23:59:59+00:00;7.23;;;;;;;;;
861116;treatment;before visit;2020-05-14 23:59:59+00:00;5.02;;;;;;;;;
861116;treatment;before visit;2020-05-15 23:59:59+00:00;4.76;;;;;;;;;
861116;treatment;before visit;2020-05-16 23:59:59+00:00;4.54;;;;;;;;;
861116;treatment;before visit;2020-05-17 23:59:59+00:00;4.28;;;;;;;;;
861116;treatment;before visit;2020-05-18 23:59:59+00:00;7.99;;;;;;;;;
861116;treatment;before visit;2020-05-19 23:59:59+00:00;4.84;;;;;;;;;
861116;treatment;before visit;2020-05-20 23:59:59+00:00;3.59;;;;;;;;;
861116;treatment;before visit;2020-05-21 23:59:59+00:00;4.78;;;;;;;;;
861116;treatment;before visit;2020-05-22 23:59:59+00:00;10.4;;;;;;;;;
861116;treatment;before visit;2020-05-23 23:59:59+00:00;10.24;;;;;;;;;
861116;treatment;before visit;2020-05-24 23:59:59+00:00;6.28;;;;;;;;;
861116;treatment;before visit;2020-05-25 23:59:59+00:00;5.87;;;;;;;;;
861116;treatment;before visit;2020-05-26 23:59:59+00:00;3.1;;;;;;;;;
861116;treatment;before visit;2020-05-27 23:59:59+00:00;2.21;;;;;;;;;
861116;treatment;before visit;2020-05-28 23:59:59+00:00;2.17;;;;;;;;;
861116;treatment;before visit;2020-05-29 23:59:59+00:00;2.04;;;;;;;;;
861116;treatment;before visit;2020-05-30 23:59:59+00:00;5.69;;;;;;;;;
861116;treatment;before visit;2020-05-31 23:59:59+00:00;5.85;;;;;;;;;
861116;treatment;before visit;2020-06-01 23:59:59+00:00;4.94;;;;;;;;;
861116;treatment;before visit;2020-06-02 23:59:59+00:00;5.48;;;;;;;;;
861116;treatment;before visit;2020-06-03 23:59:59+00:00;9.14;;;;;;;;;
861116;treatment;before visit;2020-06-04 23:59:59+00:00;6.17;;;;;;;;;
861116;treatment;before visit;2020-06-05 23:59:59+00:00;6.08;;;;;;;;;
861116;treatment;before visit;2020-06-06 23:59:59+00:00;11.19;;;;;;;;;
861116;treatment;before visit;2020-06-07 23:59:59+00:00;5.77;;;;;;;;;
861116;treatment;before visit;2020-06-08 23:59:59+00:00;8.26;;;;;;;;;
861116;treatment;before visit;2020-06-09 23:59:59+00:00;7.41;;;;;;;;;
861116;treatment;before visit;2020-06-10 23:59:59+00:00;6.08;;;;;;;;;
861116;treatment;before visit;2020-06-11 23:59:59+00:00;11.51;;;;;;;;;
861116;treatment;before visit;2020-06-12 23:59:59+00:00;8.93;;;;;;;;;
861116;treatment;before visit;2020-06-13 23:59:59+00:00;3.54;;;;;;;;;
861116;treatment;before visit;2020-06-14 23:59:59+00:00;11.76;;;;;;;;;
861116;treatment;before visit;2020-06-15 23:59:59+00:00;8.11;;;;;;;;;
861116;treatment;before visit;2020-06-16 23:59:59+00:00;6.59;;;;;;;;;
861116;treatment;before visit;2020-06-17 23:59:59+00:00;8.17;;;;;;;;;
861116;treatment;before visit;2020-06-18 23:59:59+00:00;6.76;;;;;;;;;
861116;treatment;before visit;2020-06-19 23:59:59+00:00;7.71;;;;;;;;;
861116;treatment;before visit;2020-06-20 23:59:59+00:00;10.06;;;;;;;;;
861116;treatment;before visit;2020-06-21 23:59:59+00:00;6.29;;;;;;;;;
861116;treatment;before visit;2020-06-22 23:59:59+00:00;9.63;;;;;;;;;
861116;treatment;before visit;2020-06-23 23:59:59+00:00;8.94;;;;;;;;;
861116;treatment;before visit;2020-06-24 23:59:59+00:00;7.18;;;;;;;;;
861116;treatment;before visit;2020-06-25 23:59:59+00:00;7.05;;;;;;;;;
861116;treatment;before visit;2020-06-26 23:59:59+00:00;7.37;;;;;;;;;
861116;treatment;before visit;2020-06-27 23:59:59+00:00;13.24;;;;;;;;;
861116;treatment;before visit;2020-06-28 23:59:59+00:00;8.46;;;;;;;;;
861116;treatment;before visit;2020-06-29 23:59:59+00:00;7.9;;;;;;;;;
861116;treatment;before visit;2020-06-30 23:59:59+00:00;3.81;;;;;;;;;
861116;treatment;before visit;2020-07-01 23:59:59+00:00;3.44;;;;;;;;;
861116;treatment;before visit;2020-07-02 23:59:59+00:00;3.23;;;;;;;;;
861116;treatment;before visit;2020-07-03 23:59:59+00:00;7.67;;;;;;;;;
861116;treatment;before visit;2020-07-04 23:59:59+00:00;8.19;;;;;;;;;
861116;treatment;before visit;2020-07-05 23:59:59+00:00;6.46;;;;;;;;;
861116;treatment;before visit;2020-07-06 23:59:59+00:00;7.06;;;;;;;;;
861116;treatment;before visit;2020-07-07 23:59:59+00:00;6.23;;;;;;;;;
861116;treatment;before visit;2020-07-08 23:59:59+00:00;3.23;;;;;;;;;
861116;treatment;before visit;2020-07-09 23:59:59+00:00;3.09;;;;;;;;;
861116;treatment;before visit;2020-07-10 23:59:59+00:00;3.11;;;;;;;;;
861116;treatment;before visit;2020-07-11 23:59:59+00:00;3.1;;;;;;;;;
861116;treatment;before visit;2020-07-12 23:59:59+00:00;5.79;;;;;;;;;
861116;treatment;before visit;2020-07-13 23:59:59+00:00;7.75;;;;;;;;;
861116;treatment;before visit;2020-07-14 23:59:59+00:00;6.94;;;;;;;;;
861116;treatment;before visit;2020-07-15 23:59:59+00:00;6.4;;;;;;;;;
861116;treatment;before visit;2020-07-16 23:59:59+00:00;9.81;;;;;;;;;
861116;treatment;before visit;2020-07-17 23:59:59+00:00;7.29;;;;;;;;;
861116;treatment;before visit;2020-07-18 23:59:59+00:00;10.78;;;;;;;;;
861116;treatment;before visit;2020-07-19 23:59:59+00:00;7.17;;;;;;;;;
861116;treatment;before visit;2020-07-20 23:59:59+00:00;6.79;;;;;;;;;
861116;treatment;before visit;2020-07-21 23:59:59+00:00;3.79;;;;;;;;;
861116;treatment;before visit;2020-07-22 23:59:59+00:00;3.31;;;;;;;;;
861116;treatment;before visit;2020-07-23 23:59:59+00:00;3.48;;;;;;;;;
861116;treatment;before visit;2020-07-24 23:59:59+00:00;6.9;;;;;;;;;
861116;treatment;before visit;2020-07-25 23:59:59+00:00;9.53;;;;;;;;;
861116;treatment;before visit;2020-07-26 23:59:59+00:00;9.61;;;;;;;;;
861116;treatment;before visit;2020-07-27 23:59:59+00:00;6.0;;;;;;;;;
861116;treatment;before visit;2020-07-28 23:59:59+00:00;7.92;;;;;;;;;
861116;treatment;before visit;2020-07-29 23:59:59+00:00;3.66;;;;;;;;;
861116;treatment;before visit;2020-07-30 23:59:59+00:00;3.22;;;;;;;;;
861116;treatment;before visit;2020-07-31 23:59:59+00:00;5.9;;;;;;;;;
861116;treatment;before visit;2020-08-01 23:59:59+00:00;6.62;;;;;;;;;
861116;treatment;before visit;2020-08-02 23:59:59+00:00;6.49;;;;;;;;;
861116;treatment;before visit;2020-08-03 23:59:59+00:00;10.55;;;;;;;;;
861116;treatment;before visit;2020-08-04 23:59:59+00:00;10.3;;;;;;;;;
861116;treatment;before visit;2020-08-05 23:59:59+00:00;9.25;;;;;;;;;
861116;treatment;before visit;2020-08-06 23:59:59+00:00;7.04;;;;;;;;;
861116;treatment;before visit;2020-08-07 23:59:59+00:00;10.37;;;;;;;;;
861116;treatment;before visit;2020-08-08 23:59:59+00:00;7.85;;;;;;;;;
861116;treatment;before visit;2020-08-09 23:59:59+00:00;7.58;;;;;;;;;
861116;treatment;before visit;2020-08-10 23:59:59+00:00;7.15;;;;;;;;;
861116;treatment;before visit;2020-08-11 23:59:59+00:00;7.77;;;;;;;;;
861116;treatment;before visit;2020-08-12 23:59:59+00:00;7.97;;;;;;;;;
861116;treatment;before visit;2020-08-13 23:59:59+00:00;6.16;;;;;;;;;
861116;treatment;before visit;2020-08-14 23:59:59+00:00;5.87;;;;;;;;;
861116;treatment;before visit;2020-08-15 23:59:59+00:00;10.44;;;;;;;;;
861116;treatment;before visit;2020-08-16 23:59:59+00:00;6.19;;;;;;;;;
861116;treatment;before visit;2020-08-17 23:59:59+00:00;3.57;;;;;;;;;
861116;treatment;before visit;2020-08-18 23:59:59+00:00;3.4;;;;;;;;;
861116;treatment;before visit;2020-08-19 23:59:59+00:00;3.28;;;;;;;;;
861116;treatment;before visit;2020-08-20 23:59:59+00:00;3.33;;;;;;;;;
861116;treatment;before visit;2020-08-21 23:59:59+00:00;3.46;;;;;;;;;
861116;treatment;before visit;2020-08-22 23:59:59+00:00;8.89;;;;;;;;;
861116;treatment;before visit;2020-08-23 23:59:59+00:00;10.22;;;;;;;;;
861116;treatment;before visit;2020-08-24 23:59:59+00:00;6.94;;;;;;;;;
861116;treatment;before visit;2020-08-25 23:59:59+00:00;6.12;;;;;;;;;
861116;treatment;before visit;2020-08-26 23:59:59+00:00;8.73;;;;;;;;;
861116;treatment;before visit;2020-08-27 23:59:59+00:00;6.02;;;;;;;;;
861116;treatment;before visit;2020-08-28 23:59:59+00:00;6.44;;;;;;;;;
861116;treatment;before visit;2020-08-29 23:59:59+00:00;5.87;;;;;;;;;
861116;treatment;before visit;2020-08-30 23:59:59+00:00;5.9;;;;;;;;;
861116;treatment;before visit;2020-08-31 23:59:59+00:00;6.08;;;;;;;;;
861116;treatment;before visit;2020-09-01 23:59:59+00:00;8.13;;;;;;;;;
861116;treatment;before visit;2020-09-02 23:59:59+00:00;4.05;;;;;;;;;
861116;treatment;before visit;2020-09-03 23:59:59+00:00;3.58;;;;;;;;;
861116;treatment;before visit;2020-09-04 23:59:59+00:00;6.62;;;;;;;;;
861116;treatment;before visit;2020-09-05 23:59:59+00:00;2.84;;;;;;;;;
861116;treatment;before visit;2020-09-06 23:59:59+00:00;3.02;;;;;;;;;
861116;treatment;before visit;2020-09-07 23:59:59+00:00;3.99;;;;;;;;;
861116;treatment;before visit;2020-09-08 23:59:59+00:00;5.26;;;;;;;;;
861116;treatment;before visit;2020-09-09 23:59:59+00:00;5.09;;;;;;;;;
861116;treatment;before visit;2020-09-10 23:59:59+00:00;8.71;;;;;;;;;
861116;treatment;before visit;2020-09-11 23:59:59+00:00;7.11;;;;;;;;;
861116;treatment;before visit;2020-09-12 23:59:59+00:00;7.21;;;;;;;;;
861116;treatment;before visit;2020-09-13 23:59:59+00:00;8.3;;;;;;;;;
861116;treatment;before visit;2020-09-14 23:59:59+00:00;7.06;;;;;;;;;
861116;treatment;before visit;2020-09-15 23:59:59+00:00;6.93;;;;;;;;;
861116;treatment;before visit;2020-09-16 23:59:59+00:00;3.51;;;;;;;;;
861116;treatment;before visit;2020-09-17 23:59:59+00:00;6.29;;;;;;;;;
861116;treatment;before visit;2020-09-18 23:59:59+00:00;4.13;;;;;;;;;
861116;treatment;before visit;2020-09-19 23:59:59+00:00;5.37;;;;;;;;;
861116;treatment;before visit;2020-09-20 23:59:59+00:00;3.92;;;;;;;;;
861116;treatment;before visit;2020-09-21 23:59:59+00:00;8.08;;;;;;;;;
861116;treatment;before visit;2020-09-22 23:59:59+00:00;3.36;;;;;;;;;
861116;treatment;before visit;2020-09-23 23:59:59+00:00;2.7;;;;;;;;;
861116;treatment;before visit;2020-09-24 23:59:59+00:00;2.66;;;;;;;;;
861116;treatment;before visit;2020-09-25 23:59:59+00:00;8.08;;;;;;;;;
861116;treatment;before visit;2020-09-26 23:59:59+00:00;7.15;;;;;;;;;
861116;treatment;before visit;2020-09-27 23:59:59+00:00;8.2;;;;;;;;;
861116;treatment;before visit;2020-09-28 23:59:59+00:00;6.65;;;;;;;;;
861116;treatment;before visit;2020-09-29 23:59:59+00:00;6.15;;;;;;;;;
861116;treatment;before visit;2020-09-30 23:59:59+00:00;7.77;;;;;;;;;
861116;treatment;before visit;2020-10-01 23:59:59+00:00;7.81;;;;;;;;;
861116;treatment;before visit;2020-10-02 23:59:59+00:00;6.21;;;;;;;;;
861116;treatment;before visit;2020-10-03 23:59:59+00:00;21.82;;;;;;;;;
861116;treatment;before visit;2020-10-04 23:59:59+00:00;19.85;;;;;;;;;
861116;treatment;before visit;2020-10-05 23:59:59+00:00;5.2;;;;;;;;;
861116;treatment;before visit;2020-10-06 23:59:59+00:00;7.62;;;;;;;;;
861116;treatment;before visit;2020-10-07 23:59:59+00:00;7.16;;;;;;;;;
861116;treatment;before visit;2020-10-08 23:59:59+00:00;8.16;;;;;;;;;
861116;treatment;before visit;2020-10-09 23:59:59+00:00;6.92;;;;;;;;;
861116;treatment;before visit;2020-10-10 23:59:59+00:00;35.45;;;;;;;;;
861116;treatment;before visit;2020-10-11 23:59:59+00:00;25.96;;;;;;;;;
861116;treatment;before visit;2020-10-12 23:59:59+00:00;22.76;;;;;;;;;
861116;treatment;before visit;2020-10-13 23:59:59+00:00;21.6;;;;;;;;;
861116;treatment;before visit;2020-10-14 23:59:59+00:00;20.91;;;;;;;;;
861116;treatment;before visit;2020-10-15 23:59:59+00:00;24.04;;;;;;;;;
861116;treatment;before visit;2020-10-16 23:59:59+00:00;20.78;;;;;;;;;
861116;treatment;before visit;2020-10-17 23:59:59+00:00;18.11;;;;;;;;;
861116;treatment;before visit;2020-10-18 23:59:59+00:00;22.67;;;;;;;;;
861116;treatment;before visit;2020-10-19 23:59:59+00:00;16.49;;;;;;;;;
861116;treatment;before visit;2020-10-20 23:59:59+00:00;13.43;;;;;;;;;
861116;treatment;before visit;2020-10-21 23:59:59+00:00;20.24;;;;;;;;;
861116;treatment;before visit;2020-10-22 23:59:59+00:00;20.98;;;;;;;;;
861116;treatment;before visit;2020-10-23 23:59:59+00:00;23.95;;;;;;;;;
861116;treatment;before visit;2020-10-24 23:59:59+00:00;21.9;;;;;;;;;
861116;treatment;before visit;2020-10-25 23:59:59+00:00;16.31;;;;;;;;;
861116;treatment;before visit;2020-10-26 23:59:59+00:00;20.83;;;;;;;;;
861116;treatment;before visit;2020-10-27 23:59:59+00:00;21.74;;;;;;;;;
861116;treatment;before visit;2020-10-28 23:59:59+00:00;20.01;;;;;;;;;
861116;treatment;before visit;2020-10-29 23:59:59+00:00;22.1;;;;;;;;;
861116;treatment;before visit;2020-10-30 23:59:59+00:00;20.29;;;;;;;;;
861116;treatment;before visit;2020-10-31 23:59:59+00:00;20.05;;;;;;;;;
861116;treatment;before visit;2020-11-01 23:59:59+00:00;19.78;;;;;;;;;
861116;treatment;before visit;2020-11-02 23:59:59+00:00;22.38;;;;;;;;;
861116;treatment;before visit;2020-11-03 23:59:59+00:00;19.01;;;;;;;;;
861116;treatment;before visit;2020-11-04 23:59:59+00:00;25.71;;;;;;;;;
861116;treatment;before visit;2020-11-05 23:59:59+00:00;20.88;;;;;;;;;
861116;treatment;before visit;2020-11-06 23:59:59+00:00;20.68;;;;;;;;;
861116;treatment;before visit;2020-11-07 23:59:59+00:00;25.16;;;;;;;;;
861116;treatment;before visit;2020-11-08 23:59:59+00:00;31.13;;;;;;;;;
861116;treatment;before visit;2020-11-09 23:59:59+00:00;25.71;;;;;;;;;
861116;treatment;before visit;2020-11-10 23:59:59+00:00;22.24;;;;;;;;;
861116;treatment;before visit;2020-11-11 23:59:59+00:00;29.74;;;;;;;;;
861116;treatment;before visit;2020-11-12 23:59:59+00:00;25.06;;;;;;;;;
861116;treatment;before visit;2020-11-13 23:59:59+00:00;21.45;;;;;;;;;
861116;treatment;before visit;2020-11-14 23:59:59+00:00;22.66;;;;;;;;;
861116;treatment;before visit;2020-11-15 23:59:59+00:00;26.77;;;;;;;;;
861116;treatment;before visit;2020-11-16 23:59:59+00:00;21.46;;;;;;;;;
861116;treatment;before visit;2020-11-17 23:59:59+00:00;23.51;;;;;;;;;
861116;treatment;before visit;2020-11-18 23:59:59+00:00;26.09;;;;;;;;;
861116;treatment;before visit;2020-11-19 23:59:59+00:00;29.14;;;;;;;;;
861116;treatment;before visit;2020-11-20 23:59:59+00:00;37.15;;;;;;;;;
861116;treatment;before visit;2020-11-21 23:59:59+00:00;32.65;;;;;;;;;
861116;treatment;before visit;2020-11-22 23:59:59+00:00;30.24;;;;;;;;;
861116;treatment;before visit;2020-11-23 23:59:59+00:00;34.68;;;;;;;;;
861116;treatment;before visit;2020-11-24 23:59:59+00:00;30.52;;;;;;;;;
861116;treatment;before visit;2020-11-25 23:59:59+00:00;32.6;;;;;;;;;
861116;treatment;before visit;2020-11-26 23:59:59+00:00;36.99;;;;;;;;;
861116;treatment;before visit;2020-11-27 23:59:59+00:00;31.18;;;;;;;;;
861116;treatment;before visit;2020-11-28 23:59:59+00:00;38.25;;;;;;;;;
861116;treatment;before visit;2020-11-29 23:59:59+00:00;47.89;;;;;;;;;
861116;treatment;before visit;2020-11-30 23:59:59+00:00;39.84;;;;;;;;;
861116;treatment;before visit;2020-12-01 23:59:59+00:00;44.45;;;;;;;;;
861116;treatment;before visit;2020-12-02 23:59:59+00:00;40.33;;;;;;;;;
861116;treatment;before visit;2020-12-03 23:59:59+00:00;48.09;;;;;;;;;
861116;treatment;before visit;2020-12-04 23:59:59+00:00;42.89;;;;;;;;;
861116;treatment;before visit;2020-12-05 23:59:59+00:00;46.52;;;;;;;;;
861116;treatment;before visit;2020-12-06 23:59:59+00:00;43.68;;;;;;;;;
861116;treatment;before visit;2020-12-07 23:59:59+00:00;43.73;;;;;;;;;
861116;treatment;before visit;2020-12-08 23:59:59+00:00;45.93;;;;;;;;;
861116;treatment;before visit;2020-12-09 23:59:59+00:00;46.2;;;;;;;;;
861116;treatment;before visit;2020-12-10 23:59:59+00:00;48.31;;;;;;;;;
861116;treatment;before visit;2020-12-11 23:59:59+00:00;44.7;;;;;;;;;
861116;treatment;before visit;2020-12-12 23:59:59+00:00;39.35;;;;;;;;;
861116;treatment;before visit;2020-12-13 23:59:59+00:00;44.94;;;;;;;;;
861116;treatment;before visit;2020-12-14 23:59:59+00:00;43.35;;;;;;;;;
861116;treatment;before visit;2020-12-15 23:59:59+00:00;41.72;;;;;;;;;
861116;treatment;before visit;2020-12-16 23:59:59+00:00;40.29;;;;;;;;;
861116;treatment;before visit;2020-12-17 23:59:59+00:00;44.31;;;;;;;;;
861116;treatment;before visit;2020-12-18 23:59:59+00:00;39.04;;;;;;;;;
861116;treatment;before visit;2020-12-19 23:59:59+00:00;44.36;;;;;;;;;
861116;treatment;before visit;2020-12-20 23:59:59+00:00;44.89;;;;;;;;;
861116;treatment;before visit;2020-12-21 23:59:59+00:00;32.08;;;;;;;;;
861116;treatment;before visit;2020-12-22 23:59:59+00:00;35.2;;;;;;;;;
861116;treatment;before visit;2020-12-23 23:59:59+00:00;32.94;;;;;;;;;
861116;treatment;before visit;2020-12-24 23:59:59+00:00;42.18;;;;;;;;;
861116;treatment;before visit;2020-12-25 23:59:59+00:00;33.36;;;;;;;;;
861116;treatment;before visit;2020-12-26 23:59:59+00:00;46.51;;;;;;;;;
861116;treatment;before visit;2020-12-27 23:59:59+00:00;46.99;;;;;;;;;
861116;treatment;before visit;2020-12-28 23:59:59+00:00;45.58;;;;;;;;;
861116;treatment;before visit;2020-12-29 23:59:59+00:00;47.64;;;;;;;;;
861116;treatment;before visit;2020-12-30 23:59:59+00:00;44.97;;;;;;;;;
861116;treatment;before visit;2020-12-31 23:59:59+00:00;42.82;;;;;;;;;
861116;treatment;before visit;2021-01-01 23:59:59+00:00;39.88;;;;;;;;;
861116;treatment;before visit;2021-01-02 23:59:59+00:00;46.59;;;;;;;;;
861116;treatment;before visit;2021-01-03 23:59:59+00:00;55.81;;;;;;;;;
861116;treatment;before visit;2021-01-04 23:59:59+00:00;46.46;;;;;;;;;
861116;treatment;before visit;2021-01-05 23:59:59+00:00;53.71;;;;;;;;;
861116;treatment;before visit;2021-01-06 23:59:59+00:00;43.5;;;;;;;;;
861116;treatment;before visit;2021-01-07 23:59:59+00:00;51.68;;;;;;;;;
861116;treatment;before visit;2021-01-08 23:59:59+00:00;52.48;;;;;;;;;
861116;treatment;before visit;2021-01-09 23:59:59+00:00;49.4;;;;;;;;;
861116;treatment;before visit;2021-01-10 23:59:59+00:00;52.41;;;;;;;;;
861116;treatment;before visit;2021-01-11 23:59:59+00:00;53.97;;;;;;;;;
861116;treatment;before visit;2021-01-12 23:59:59+00:00;48.02;;;;;;;;;
861116;treatment;before visit;2021-01-13 23:59:59+00:00;47.49;;;;;;;;;
861116;treatment;before visit;2021-01-14 23:59:59+00:00;57.31;;;;;;;;;
861116;treatment;before visit;2021-01-15 23:59:59+00:00;35.13;;;;;;;;;
861116;treatment;before visit;2021-01-16 23:59:59+00:00;52.59;;;;;;;;;
861116;treatment;before visit;2021-01-17 23:59:59+00:00;47.59;;;;;;;;;
861116;treatment;before visit;2021-01-18 23:59:59+00:00;60.36;;;;;;;;;
861116;treatment;before visit;2021-01-19 23:59:59+00:00;43.6;;;;;;;;;
861116;treatment;before visit;2021-01-20 23:59:59+00:00;51.14;;;;;;;;;
861116;treatment;before visit;2021-01-21 23:59:59+00:00;48.08;;;;;;;;;
861116;treatment;before visit;2021-01-22 23:59:59+00:00;46.06;;;;;;;;;
861116;treatment;before visit;2021-01-23 23:59:59+00:00;40.12;;;;;;;;;
861116;treatment;before visit;2021-01-24 23:59:59+00:00;44.46;;;;;;;;;
861116;treatment;before visit;2021-01-25 23:59:59+00:00;38.47;;;;;;;;;
861116;treatment;before visit;2021-01-26 23:59:59+00:00;57.71;;;;;;;;;
861116;treatment;before visit;2021-01-27 23:59:59+00:00;41.58;;;;;;;;;
861116;treatment;before visit;2021-01-28 23:59:59+00:00;44.26;;;;;;;;;
861116;treatment;before visit;2021-01-29 23:59:59+00:00;45.4;;;;;;;;;
861116;treatment;before visit;2021-01-30 23:59:59+00:00;33.45;;;;;;;;;
861116;treatment;before visit;2021-01-31 23:59:59+00:00;32.41;;;;;;;;;
861116;treatment;before visit;2021-02-01 23:59:59+00:00;30.35;;;;;;;;;
861116;treatment;before visit;2021-02-02 23:59:59+00:00;28.18;;;;;;;;;
861116;treatment;before visit;2021-02-03 23:59:59+00:00;30.11;;;;;;;;;
861116;treatment;before visit;2021-02-04 23:59:59+00:00;33.85;;;;;;;;;
861116;treatment;before visit;2021-02-05 23:59:59+00:00;28.34;;;;;;;;;
861116;treatment;before visit;2021-02-06 23:59:59+00:00;44.5;;;;;;;;;
861116;treatment;before visit;2021-02-07 23:59:59+00:00;47.32;;;;;;;;;
861116;treatment;before visit;2021-02-08 23:59:59+00:00;38.57;;;;;;;;;
861116;treatment;before visit;2021-02-09 23:59:59+00:00;53.93;;;;;;;;;
861116;treatment;before visit;2021-02-10 23:59:59+00:00;43.12;;;;;;;;;
861116;treatment;before visit;2021-02-11 23:59:59+00:00;50.4;;;;;;;;;
861116;treatment;before visit;2021-02-12 23:59:59+00:00;45.9;;;;;;;;;
861116;treatment;before visit;2021-02-13 23:59:59+00:00;39.12;;;;;;;;;
861116;treatment;before visit;2021-02-14 23:59:59+00:00;46.39;;;;;;;;;
861116;treatment;before visit;2021-02-15 23:59:59+00:00;53.81;;;;;;;;;
861116;treatment;before visit;2021-02-16 23:59:59+00:00;37.71;;;;;;;;;
861116;treatment;before visit;2021-02-17 23:59:59+00:00;43.16;;;;;;;;;
861116;treatment;before visit;2021-02-18 23:59:59+00:00;35.28;;;;;;;;;
861116;treatment;before visit;2021-02-19 23:59:59+00:00;35.74;;;;;;;;;
861116;treatment;before visit;2021-02-20 23:59:59+00:00;31.29;;;;;;;;;
861116;treatment;before visit;2021-02-21 23:59:59+00:00;21.92;;;;;;;;;
861116;treatment;before visit;2021-02-22 23:59:59+00:00;22.83;;;;;;;;;
861116;treatment;before visit;2021-02-23 23:59:59+00:00;23.17;;;;;;;;;
861116;treatment;before visit;2021-02-24 23:59:59+00:00;20.09;;;;;;;;;
861116;treatment;before visit;2021-02-25 23:59:59+00:00;20.66;;;;;;;;;
861116;treatment;before visit;2021-02-26 23:59:59+00:00;21.45;;;;;;;;;
861116;treatment;before visit;2021-02-27 23:59:59+00:00;28.07;;;;;;;;;
861116;treatment;before visit;2021-02-28 23:59:59+00:00;31.51;;;;;;;;;
861116;treatment;before visit;2021-03-01 23:59:59+00:00;24.71;;;;;;;;;
861116;treatment;before visit;2021-03-02 23:59:59+00:00;27.7;;;;;;;;;
861116;treatment;before visit;2021-03-03 23:59:59+00:00;24.53;;;;;;;;;
861116;treatment;before visit;2021-03-04 23:59:59+00:00;30.5;;;;;;;;;
861116;treatment;before visit;2021-03-05 23:59:59+00:00;37.32;;;;;;;;;
861116;treatment;before visit;2021-03-06 23:59:59+00:00;32.28;;;;;;;;;
861116;treatment;before visit;2021-03-07 23:59:59+00:00;48.19;;;;;;;;;
861116;treatment;before visit;2021-03-08 23:59:59+00:00;40.15;;;;;;;;;
861116;treatment;before visit;2021-03-09 23:59:59+00:00;37.42;;;;;;;;;
861116;treatment;before visit;2021-03-10 23:59:59+00:00;39.54;;;;;;;;;
861116;treatment;before visit;2021-03-11 23:59:59+00:00;29.23;;;;;;;;;
861116;treatment;before visit;2021-03-12 23:59:59+00:00;36.39;;;;;;;;;
861116;treatment;before visit;2021-03-13 23:59:59+00:00;42.13;;;;;;;;;
861116;treatment;before visit;2021-03-14 23:59:59+00:00;43.9;;;;;;;;;
861116;treatment;before visit;2021-03-15 23:59:59+00:00;37.18;;;;;;;;;
861116;treatment;before visit;2021-03-16 23:59:59+00:00;50.49;;;;;;;;;
861116;treatment;before visit;2021-03-17 23:59:59+00:00;48.47;;;;;;;;;
861116;treatment;before visit;2021-03-18 23:59:59+00:00;45.23;;;;;;;;;
861116;treatment;before visit;2021-03-19 23:59:59+00:00;49.85;;;;;;;;;
861116;treatment;before visit;2021-03-20 23:59:59+00:00;46.43;;;;;;;;;
861116;treatment;before visit;2021-03-21 23:59:59+00:00;48.96;;;;;;;;;
861116;treatment;before visit;2021-03-22 23:59:59+00:00;45.03;;;;;;;;;
861116;treatment;before visit;2021-03-23 23:59:59+00:00;34.49;;;;;;;;;
861116;treatment;before visit;2021-03-24 23:59:59+00:00;32.1;;;;;;;;;
861116;treatment;before visit;2021-03-25 23:59:59+00:00;27.24;;;;;;;;;
861116;treatment;before visit;2021-03-26 23:59:59+00:00;21.86;;;;;;;;;
861116;treatment;before visit;2021-03-27 23:59:59+00:00;26.4;;;;;;;;;
861116;treatment;before visit;2021-03-28 23:59:59+00:00;25.79;;;;;;;;;
861116;treatment;before visit;2021-03-29 23:59:59+00:00;5.94;;;;;;;;;
861116;treatment;before visit;2021-03-30 23:59:59+00:00;3.23;;;;;;;;;
861116;treatment;before visit;2021-03-31 23:59:59+00:00;2.46;;;;;;;;;
861116;treatment;before visit;2021-04-01 23:59:59+00:00;5.58;;;;;;;;;
861116;treatment;before visit;2021-04-02 23:59:59+00:00;23.01;;;;;;;;;
861116;treatment;before visit;2021-04-03 23:59:59+00:00;32.54;;;;;;;;;
861116;treatment;before visit;2021-04-04 23:59:59+00:00;25.59;;;;;;;;;
861116;treatment;before visit;2021-04-05 23:59:59+00:00;27.89;;;;;;;;;
861116;treatment;before visit;2021-04-06 23:59:59+00:00;36.85;;;;;;;;;
861116;treatment;before visit;2021-04-07 23:59:59+00:00;35.41;;;;;;;;;
861116;treatment;before visit;2021-04-08 23:59:59+00:00;25.25;;;;;;;;;
861116;treatment;before visit;2021-04-09 23:59:59+00:00;16.06;;;;;;;;;
861116;treatment;before visit;2021-04-10 23:59:59+00:00;14.95;;;;;;;;;
861116;treatment;before visit;2021-04-11 23:59:59+00:00;29.94;;;;;;;;;
861116;treatment;before visit;2021-04-12 23:59:59+00:00;30.42;;;;;;;;;
861116;treatment;before visit;2021-04-13 23:59:59+00:00;32.49;;;;;;;;;
861116;treatment;before visit;2021-04-14 23:59:59+00:00;31.41;;;;;;;;;
861116;treatment;before visit;2021-04-15 23:59:59+00:00;33.95;;;;;;;;;
861116;treatment;before visit;2021-04-16 23:59:59+00:00;28.24;;;;;;;;;
861116;treatment;before visit;2021-04-17 23:59:59+00:00;26.64;;;;;;;;;
861116;treatment;before visit;2021-04-18 23:59:59+00:00;34.28;;;;;;;;;
861116;treatment;before visit;2021-04-19 23:59:59+00:00;21.26;;;;;;;;;
861116;treatment;before visit;2021-04-20 23:59:59+00:00;15.48;;;;;;;;;
861116;treatment;before visit;2021-04-21 23:59:59+00:00;17.45;;;;;;;;;
861116;treatment;before visit;2021-04-22 23:59:59+00:00;5.18;;;;;;;;;
861116;treatment;before visit;2021-04-23 23:59:59+00:00;4.74;;;;;;;;;
861116;treatment;before visit;2021-04-24 23:59:59+00:00;8.31;;;;;;;;;
861116;treatment;before visit;2021-04-25 23:59:59+00:00;4.28;;;;;;;;;
861116;treatment;before visit;2021-04-26 23:59:59+00:00;6.4;;;;;;;;;
861116;treatment;before visit;2021-04-27 23:59:59+00:00;6.2;;;;;;;;;
861116;treatment;before visit;2021-04-28 23:59:59+00:00;5.66;;;;;;;;;
861116;treatment;before visit;2021-04-29 23:59:59+00:00;6.59;;;;;;;;;
861116;treatment;before visit;2021-04-30 23:59:59+00:00;5.77;;;;;;;;;
861116;treatment;before visit;2021-05-01 23:59:59+00:00;46.05;;;;;;;;;
861116;treatment;before visit;2021-05-02 23:59:59+00:00;33.22;;;;;;;;;
861116;treatment;before visit;2021-05-03 23:59:59+00:00;25.01;;;;;;;;;
861116;treatment;before visit;2021-05-04 23:59:59+00:00;23.64;;;;;;;;;
861116;treatment;before visit;2021-05-05 23:59:59+00:00;6.88;;;;;;;;;
861116;treatment;before visit;2021-05-06 23:59:59+00:00;22.57;;;;;;;;;
861116;treatment;before visit;2021-05-07 23:59:59+00:00;6.8;;;;;;;;;
861116;treatment;before visit;2021-05-08 23:59:59+00:00;10.31;;;;;;;;;
861116;treatment;before visit;2021-05-09 23:59:59+00:00;7.51;;;;;;;;;
861116;treatment;before visit;2021-05-10 23:59:59+00:00;8.61;;;;;;;;;
861116;treatment;before visit;2021-05-11 23:59:59+00:00;6.87;;;;;;;;;
861116;treatment;before visit;2021-05-12 23:59:59+00:00;7.9;;;;;;;;;
861116;treatment;before visit;2021-05-13 23:59:59+00:00;4.72;;;;;;;;;
861116;treatment;before visit;2021-05-14 23:59:59+00:00;4.02;;;;;;;;;
861116;treatment;before visit;2021-05-15 23:59:59+00:00;5.26;;;;;;;;;
861116;treatment;before visit;2021-05-16 23:59:59+00:00;37.86;;;;;;;;;
861116;treatment;before visit;2021-05-17 23:59:59+00:00;6.55;;;;;;;;;
861116;treatment;before visit;2021-05-18 23:59:59+00:00;6.38;;;;;;;;;
861116;treatment;before visit;2021-05-19 23:59:59+00:00;8.12;;;;;;;;;
861116;treatment;before visit;2021-05-20 23:59:59+00:00;7.92;;;;;;;;;
861116;treatment;before visit;2021-05-21 23:59:59+00:00;8.88;;;;;;;;;
861116;treatment;before visit;2021-05-22 23:59:59+00:00;7.79;;;;;;;;;
861116;treatment;before visit;2021-05-23 23:59:59+00:00;7.92;;;;;;;;;
861116;treatment;before visit;2021-05-24 23:59:59+00:00;3.98;;;;;;;;;
861116;treatment;before visit;2021-05-25 23:59:59+00:00;7.77;;;;;;;;;
861116;treatment;before visit;2021-05-26 23:59:59+00:00;6.27;;;;;;;;;
861116;treatment;before visit;2021-05-27 23:59:59+00:00;6.8;;;;;;;;;
861116;treatment;before visit;2021-05-28 23:59:59+00:00;8.39;;;;;;;;;
861116;treatment;before visit;2021-05-29 23:59:59+00:00;8.04;;;;;;;;;
861116;treatment;before visit;2021-05-30 23:59:59+00:00;5.64;;;;;;;;;
861116;treatment;before visit;2021-05-31 23:59:59+00:00;6.96;;;;;;;;;
861116;treatment;before visit;2021-06-01 23:59:59+00:00;5.43;;;;;;;;;
861116;treatment;before visit;2021-06-02 23:59:59+00:00;6.52;;;;;;;;;
861116;treatment;before visit;2021-06-03 23:59:59+00:00;8.52;;;;;;;;;
861116;treatment;before visit;2021-06-04 23:59:59+00:00;8.05;;;;;;;;;
861116;treatment;before visit;2021-06-05 23:59:59+00:00;4.93;;;;;;;;;
861116;treatment;before visit;2021-06-06 23:59:59+00:00;2.01;;;;;;;;;
861116;treatment;before visit;2021-06-07 23:59:59+00:00;2.79;;;;;;;;;
861116;treatment;before visit;2021-06-08 23:59:59+00:00;2.69;;;;;;;;;
861116;treatment;before visit;2021-06-09 23:59:59+00:00;2.73;;;;;;;;;
861116;treatment;before visit;2021-06-10 23:59:59+00:00;2.62;;;;;;;;;
861116;treatment;before visit;2021-06-11 23:59:59+00:00;2.71;;;;;;;;;
861116;treatment;before visit;2021-06-12 23:59:59+00:00;9.27;;;;;;;;;
861116;treatment;before visit;2021-06-13 23:59:59+00:00;6.12;;;;;;;;;
861116;treatment;before visit;2021-06-14 23:59:59+00:00;6.3;;;;;;;;;
861116;treatment;before visit;2021-06-15 23:59:59+00:00;7.69;;;;;;;;;
861116;treatment;before visit;2021-06-16 23:59:59+00:00;6.45;;;;;;;;;
861116;treatment;before visit;2021-06-17 23:59:59+00:00;9.15;;;;;;;;;
861116;treatment;before visit;2021-06-18 23:59:59+00:00;7.07;;;;;;;;;
861116;treatment;before visit;2021-06-19 23:59:59+00:00;9.23;;;;;;;;;
861116;treatment;before visit;2021-06-20 23:59:59+00:00;9.32;;;;;;;;;
861116;treatment;before visit;2021-06-21 23:59:59+00:00;7.79;;;;;;;;;
861116;treatment;before visit;2021-06-22 23:59:59+00:00;6.95;;;;;;;;;
861116;treatment;before visit;2021-06-23 23:59:59+00:00;7.14;;;;;;;;;
861116;treatment;before visit;2021-06-24 23:59:59+00:00;7.75;;;;;;;;;
861116;treatment;before visit;2021-06-25 23:59:59+00:00;8.65;;;;;;;;;
861116;treatment;before visit;2021-06-26 23:59:59+00:00;6.19;;;;;;;;;
861116;treatment;before visit;2021-06-27 23:59:59+00:00;6.66;;;;;;;;;
861116;treatment;before visit;2021-06-28 23:59:59+00:00;6.61;;;;;;;;;
861116;treatment;before visit;2021-06-29 23:59:59+00:00;9.37;;;;;;;;;
861116;treatment;before visit;2021-06-30 23:59:59+00:00;5.83;;;;;;;;;
861116;treatment;before visit;2021-07-01 23:59:59+00:00;4.91;;;;;;;;;
861116;treatment;before visit;2021-07-02 23:59:59+00:00;6.17;;;;;;;;;
861116;treatment;before visit;2021-07-03 23:59:59+00:00;5.84;;;;;;;;;
861116;treatment;before visit;2021-07-04 23:59:59+00:00;11.25;;;;;;;;;
861116;treatment;before visit;2021-07-05 23:59:59+00:00;5.9;;;;;;;;;
861116;treatment;before visit;2021-07-06 23:59:59+00:00;7.6;;;;;;;;;
861116;treatment;before visit;2021-07-07 23:59:59+00:00;7.6;;;;;;;;;
861116;treatment;before visit;2021-07-08 23:59:59+00:00;7.06;;;;;;;;;
861116;treatment;before visit;2021-07-09 23:59:59+00:00;14.48;;;;;;;;;
861116;treatment;before visit;2021-07-10 23:59:59+00:00;8.42;;;;;;;;;
861116;treatment;before visit;2021-07-11 23:59:59+00:00;7.32;;;;;;;;;
861116;treatment;before visit;2021-07-12 23:59:59+00:00;6.56;;;;;;;;;
861116;treatment;before visit;2021-07-13 23:59:59+00:00;4.44;;;;;;;;;
861116;treatment;before visit;2021-07-14 23:59:59+00:00;2.64;;;;;;;;;
861116;treatment;before visit;2021-07-15 23:59:59+00:00;2.55;;;;;;;;;
861116;treatment;before visit;2021-07-16 23:59:59+00:00;2.51;;;;;;;;;
861116;treatment;before visit;2021-07-17 23:59:59+00:00;2.35;;;;;;;;;
861116;treatment;before visit;2021-07-18 23:59:59+00:00;2.28;;;;;;;;;
861116;treatment;before visit;2021-07-19 23:59:59+00:00;3.42;;;;;;;;;
861116;treatment;before visit;2021-07-20 23:59:59+00:00;4.25;;;;;;;;;
861116;treatment;before visit;2021-07-21 23:59:59+00:00;4.23;;;;;;;;;
861116;treatment;before visit;2021-07-22 23:59:59+00:00;4.33;;;;;;;;;
861116;treatment;before visit;2021-07-23 23:59:59+00:00;4.24;;;;;;;;;
861116;treatment;before visit;2021-07-24 23:59:59+00:00;4.08;;;;;;;;;
861116;treatment;before visit;2021-07-25 23:59:59+00:00;4.82;;;;;;;;;
861116;treatment;before visit;2021-07-26 23:59:59+00:00;2.48;;;;;;;;;
861116;treatment;before visit;2021-07-27 23:59:59+00:00;2.89;;;;;;;;;
861116;treatment;before visit;2021-07-28 23:59:59+00:00;2.36;;;;;;;;;
861116;treatment;before visit;2021-07-29 23:59:59+00:00;2.39;;;;;;;;;
861116;treatment;before visit;2021-07-30 23:59:59+00:00;2.4;;;;;;;;;
861116;treatment;before visit;2021-07-31 23:59:59+00:00;12.0;;;;;;;;;
861116;treatment;before visit;2021-08-01 23:59:59+00:00;10.48;;;;;;;;;
861116;treatment;before visit;2021-08-02 23:59:59+00:00;6.61;;;;;;;;;
861116;treatment;before visit;2021-08-03 23:59:59+00:00;7.2;;;;;;;;;
861116;treatment;before visit;2021-08-04 23:59:59+00:00;6.72;;;;;;;;;
861116;treatment;before visit;2021-08-05 23:59:59+00:00;8.19;;;;;;;;;
861116;treatment;before visit;2021-08-06 23:59:59+00:00;7.58;;;;;;;;;
861116;treatment;before visit;2021-08-07 23:59:59+00:00;9.81;;;;;;;;;
861116;treatment;before visit;2021-08-08 23:59:59+00:00;7.75;;;;;;;;;
861116;treatment;before visit;2021-08-09 23:59:59+00:00;4.73;;;;;;;;;
861116;treatment;before visit;2021-08-10 23:59:59+00:00;5.53;;;;;;;;;
861116;treatment;before visit;2021-08-11 23:59:59+00:00;6.79;;;;;;;;;
861116;treatment;before visit;2021-08-12 23:59:59+00:00;4.4;;;;;;;;;
861116;treatment;before visit;2021-08-13 23:59:59+00:00;5.27;;;;;;;;;
861116;treatment;before visit;2021-08-14 23:59:59+00:00;8.55;;;;;;;;;
861116;treatment;before visit;2021-08-15 23:59:59+00:00;6.54;;;;;;;;;
861116;treatment;before visit;2021-08-16 23:59:59+00:00;8.4;;;;;;;;;
861116;treatment;before visit;2021-08-17 23:59:59+00:00;7.28;;;;;;;;;
861116;treatment;before visit;2021-08-18 23:59:59+00:00;8.11;;;;;;;;;
861116;treatment;before visit;2021-08-19 23:59:59+00:00;4.07;;;;;;;;;
861116;treatment;before visit;2021-08-20 23:59:59+00:00;4.94;;;;;;;;;
861116;treatment;before visit;2021-08-21 23:59:59+00:00;9.74;;;;;;;;;
861116;treatment;before visit;2021-08-22 23:59:59+00:00;6.12;;;;;;;;;
861116;treatment;before visit;2021-08-23 23:59:59+00:00;7.98;;;;;;;;;
861116;treatment;before visit;2021-08-24 23:59:59+00:00;4.27;;;;;;;;;
861116;treatment;before visit;2021-08-25 23:59:59+00:00;6.35;;;;;;;;;
861116;treatment;before visit;2021-08-26 23:59:59+00:00;5.26;;;;;;;;;
861116;treatment;before visit;2021-08-27 23:59:59+00:00;7.36;;;;;;;;;
861116;treatment;before visit;2021-08-28 23:59:59+00:00;9.81;;;;;;;;;
861116;treatment;before visit;2021-08-29 23:59:59+00:00;11.02;;;;;;;;;
861116;treatment;before visit;2021-08-30 23:59:59+00:00;7.76;;;;;;;;;
861116;treatment;before visit;2021-08-31 23:59:59+00:00;10.07;;;;;;;;;
861116;treatment;before visit;2021-09-01 23:59:59+00:00;5.92;;;;;;;;;
861116;treatment;before visit;2021-09-02 23:59:59+00:00;6.7;;;;;;;;;
861116;treatment;before visit;2021-09-03 23:59:59+00:00;6.08;;;;;;;;;
861116;treatment;before visit;2021-09-04 23:59:59+00:00;5.04;;;;;;;;;
861116;treatment;before visit;2021-09-05 23:59:59+00:00;3.82;;;;;;;;;
861116;treatment;before visit;2021-09-06 23:59:59+00:00;7.8;;;;;;;;;
861116;treatment;before visit;2021-09-07 23:59:59+00:00;6.46;;;;;;;;;
861116;treatment;before visit;2021-09-08 23:59:59+00:00;3.79;;;;;;;;;
861116;treatment;before visit;2021-09-09 23:59:59+00:00;2.29;;;;;;;;;
861116;treatment;before visit;2021-09-10 23:59:59+00:00;2.14;;;;;;;;;
861116;treatment;before visit;2021-09-11 23:59:59+00:00;2.34;;;;;;;;;
861116;treatment;before visit;2021-09-12 23:59:59+00:00;2.23;;;;;;;;;
861116;treatment;before visit;2021-09-13 23:59:59+00:00;2.33;;;;;;;;;
861116;treatment;before visit;2021-09-14 23:59:59+00:00;2.26;;;;;;;;;
861116;treatment;before visit;2021-09-15 23:59:59+00:00;9.92;;;;;;;;;
861116;treatment;before visit;2021-09-16 23:59:59+00:00;8.65;;;;;;;;;
861116;treatment;before visit;2021-09-17 23:59:59+00:00;10.93;;;;;;;;;
861116;treatment;before visit;2021-09-18 23:59:59+00:00;6.45;;;;;;;;;
861116;treatment;before visit;2021-09-19 23:59:59+00:00;9.98;;;;;;;;;
861116;treatment;before visit;2021-09-20 23:59:59+00:00;6.54;;;;;;;;;
861116;treatment;before visit;2021-09-21 23:59:59+00:00;7.91;;;;;;;;;
861116;treatment;before visit;2021-09-22 23:59:59+00:00;4.47;;;;;;;;;
861116;treatment;before visit;2021-09-23 23:59:59+00:00;3.59;;;;;;;;;
861116;treatment;before visit;2021-09-24 23:59:59+00:00;3.78;;;;;;;;;
861116;treatment;before visit;2021-09-25 23:59:59+00:00;5.19;;;;;;;;;
861116;treatment;before visit;2021-09-26 23:59:59+00:00;14.85;;;;;;;;;
861116;treatment;before visit;2021-09-27 23:59:59+00:00;8.94;;;;;;;;;
861116;treatment;before visit;2021-09-28 23:59:59+00:00;8.74;;;;;;;;;
861116;treatment;before visit;2021-09-29 23:59:59+00:00;6.95;;;;;;;;;
861116;treatment;before visit;2021-09-30 23:59:59+00:00;6.41;;;;;;;;;
861116;treatment;before visit;2021-10-01 23:59:59+00:00;6.88;;;;;;;;;
861116;treatment;before visit;2021-10-02 23:59:59+00:00;6.6;;;;;;;;;
861116;treatment;before visit;2021-10-03 23:59:59+00:00;10.16;;;;;;;;;
861116;treatment;before visit;2021-10-04 23:59:59+00:00;8.07;;;;;;;;;
861116;treatment;before visit;2021-10-05 23:59:59+00:00;7.26;;;;;;;;;
861116;treatment;before visit;2021-10-06 23:59:59+00:00;5.75;;;;;;;;;
861116;treatment;before visit;2021-10-07 23:59:59+00:00;6.22;;;;;;;;;
861116;treatment;before visit;2021-10-08 23:59:59+00:00;11.62;;;;;;;;;
861116;treatment;before visit;2021-10-09 23:59:59+00:00;4.12;;;;;;;;;
861116;treatment;before visit;2021-10-10 23:59:59+00:00;5.96;;;;;;;;;
861116;treatment;before visit;2021-10-11 23:59:59+00:00;8.63;;;;;;;;;
861116;treatment;before visit;2021-10-12 23:59:59+00:00;7.0;;;;;;;;;
861116;treatment;before visit;2021-10-13 23:59:59+00:00;6.18;;;;;;;;;
861116;treatment;before visit;2021-10-14 23:59:59+00:00;5.78;;;;;;;;;
861116;treatment;before visit;2021-10-15 23:59:59+00:00;5.72;;;;;;;;;
861116;treatment;before visit;2021-10-16 23:59:59+00:00;6.36;;;;;;;;;
861116;treatment;before visit;2021-10-17 23:59:59+00:00;7.16;;;;;;;;;
861116;treatment;before visit;2021-10-18 23:59:59+00:00;2.84;;;;;;;;;
861116;treatment;before visit;2021-10-19 23:59:59+00:00;1.72;;;;;;;;;
861116;treatment;before visit;2021-10-20 23:59:59+00:00;1.81;;;;;;;;;
861116;treatment;before visit;2021-10-21 23:59:59+00:00;5.52;;;;;;;;;
861116;treatment;before visit;2021-10-22 23:59:59+00:00;10.42;;;;;;;;;
861116;treatment;before visit;2021-10-23 23:59:59+00:00;32.63;;;;;;;;;
861116;treatment;before visit;2021-10-24 23:59:59+00:00;22.39;;;;;;;;;
861116;treatment;before visit;2021-10-25 23:59:59+00:00;7.37;;;;;;;;;
861116;treatment;before visit;2021-10-26 23:59:59+00:00;7.3;;;;;;;;;
861116;treatment;before visit;2021-10-27 23:59:59+00:00;6.17;;;;;;;;;
861116;treatment;before visit;2021-10-28 23:59:59+00:00;4.41;;;;;;;;;
861116;treatment;before visit;2021-10-29 23:59:59+00:00;7.03;;;;;;;;;
861116;treatment;before visit;2021-10-30 23:59:59+00:00;25.66;;;;;;;;;
861116;treatment;before visit;2021-10-31 23:59:59+00:00;26.18;;;;;;;;;
861116;treatment;before visit;2021-11-01 23:59:59+00:00;25.49;;;;;;;;;
861116;treatment;before visit;2021-11-02 23:59:59+00:00;29.5;;;;;;;;;
861116;treatment;before visit;2021-11-03 23:59:59+00:00;29.32;;;;;;;;;
861116;treatment;before visit;2021-11-04 23:59:59+00:00;26.82;;;;;;;;;
861116;treatment;before visit;2021-11-05 23:59:59+00:00;31.19;;;;;;;;;
861116;treatment;before visit;2021-11-06 23:59:59+00:00;24.65;;;;;;;;;
861116;treatment;before visit;2021-11-07 23:59:59+00:00;24.9;;;;;;;;;
861116;treatment;before visit;2021-11-08 23:59:59+00:00;23.26;;;;;;;;;
861116;treatment;before visit;2021-11-09 23:59:59+00:00;27.26;;;;;;;;;
861116;treatment;before visit;2021-11-10 23:59:59+00:00;30.92;;;;;;;;;
861116;treatment;before visit;2021-11-11 23:59:59+00:00;28.76;;;;;;;;;
861116;treatment;before visit;2021-11-12 23:59:59+00:00;29.02;;;;;;;;;
861116;treatment;before visit;2021-11-13 23:59:59+00:00;32.05;;;;;;;;;
861116;treatment;before visit;2021-11-14 23:59:59+00:00;27.79;;;;;;;;;
861116;treatment;before visit;2021-11-15 23:59:59+00:00;33.85;;;;;;;;;
861116;treatment;before visit;2021-11-16 23:59:59+00:00;30.37;;;;;;;;;
861116;treatment;before visit;2021-11-17 23:59:59+00:00;33.97;;;;;;;;;
861116;treatment;before visit;2021-11-18 23:59:59+00:00;28.2;;;;;;;;;
861116;treatment;before visit;2021-11-19 23:59:59+00:00;23.63;;;;;;;;;
861116;treatment;before visit;2021-11-20 23:59:59+00:00;29.38;;;;;;;;;
861116;treatment;before visit;2021-11-21 23:59:59+00:00;30.14;;;;;;;;;
861116;treatment;before visit;2021-11-22 23:59:59+00:00;27.37;;;;;;;;;
861116;treatment;before visit;2021-11-23 23:59:59+00:00;30.62;;;;;;;;;
861116;treatment;before visit;2021-11-24 23:59:59+00:00;28.99;;;;;;;;;
861116;treatment;before visit;2021-11-25 23:59:59+00:00;37.86;;;;;;;;;
861116;treatment;before visit;2021-11-26 23:59:59+00:00;35.77;;;;;;;;;
861116;treatment;before visit;2021-11-27 23:59:59+00:00;38.77;;;;;;;;;
861116;treatment;before visit;2021-11-28 23:59:59+00:00;40.27;;;;;;;;;
861116;treatment;before visit;2021-11-29 23:59:59+00:00;32.68;;;;;;;;;
861116;treatment;before visit;2021-11-30 23:59:59+00:00;44.11;;;;;;;;;
861116;treatment;before visit;2021-12-01 23:59:59+00:00;54.43;;;;;;;;;
861116;treatment;before visit;2021-12-02 23:59:59+00:00;43.94;;;;;;;;;
861116;treatment;before visit;2021-12-03 23:59:59+00:00;47.42;;;;;;;;;
861116;treatment;before visit;2021-12-04 23:59:59+00:00;44.92;;;;;;;;;
861116;treatment;before visit;2021-12-05 23:59:59+00:00;50.67;;;;;;;;;
861116;treatment;before visit;2021-12-06 23:59:59+00:00;35.9;;;;;;;;;
861116;treatment;before visit;2021-12-07 23:59:59+00:00;43.56;;;;;;;;;
861116;treatment;before visit;2021-12-08 23:59:59+00:00;35.27;;;;;;;;;
861116;treatment;before visit;2021-12-09 23:59:59+00:00;41.48;;;;;;;;;
861116;treatment;before visit;2021-12-10 23:59:59+00:00;38.01;;;;;;;;;
861116;treatment;before visit;2021-12-11 23:59:59+00:00;42.4;;;;;;;;;
861116;treatment;before visit;2021-12-12 23:59:59+00:00;40.09;;;;;;;;;
861116;treatment;before visit;2021-12-13 23:59:59+00:00;33.66;;;;;;;;;
861116;treatment;before visit;2021-12-14 23:59:59+00:00;39.55;;;;;;;;;
861116;treatment;before visit;2021-12-15 23:59:59+00:00;38.83;;;;;;;;;
861116;treatment;before visit;2021-12-16 23:59:59+00:00;39.25;;;;;;;;;
861116;treatment;before visit;2021-12-17 23:59:59+00:00;40.27;;;;;;;;;
861116;treatment;before visit;2021-12-18 23:59:59+00:00;37.63;;;;;;;;;
861116;treatment;before visit;2021-12-19 23:59:59+00:00;48.91;;;;;;;;;
861116;treatment;before visit;2021-12-20 23:59:59+00:00;46.32;;;;;;;;;
861116;treatment;before visit;2021-12-21 23:59:59+00:00;39.26;;;;;;;;;
861116;treatment;before visit;2021-12-22 23:59:59+00:00;43.6;;;;;;;;;
861116;treatment;before visit;2021-12-23 23:59:59+00:00;45.95;;;;;;;;;
861116;treatment;before visit;2021-12-24 23:59:59+00:00;40.25;;;;;;;;;
861116;treatment;before visit;2021-12-25 23:59:59+00:00;40.9;;;;;;;;;
861116;treatment;before visit;2021-12-26 23:59:59+00:00;32.15;;;;;;;;;
861116;treatment;before visit;2021-12-27 23:59:59+00:00;36.67;;;;;;;;;
861116;treatment;before visit;2021-12-28 23:59:59+00:00;36.33;;;;;;;;;
861116;treatment;before visit;2021-12-29 23:59:59+00:00;35.25;;;;;;;;;
861116;treatment;before visit;2021-12-30 23:59:59+00:00;34.59;;;;;;;;;
861116;treatment;before visit;2021-12-31 23:59:59+00:00;32.47;;;;;;;;;
861116;treatment;before visit;2022-01-01 23:59:59+00:00;28.35;;;;;;;;;
861116;treatment;before visit;2022-01-02 23:59:59+00:00;30.94;;;;;;;;;
861116;treatment;before visit;2022-01-03 23:59:59+00:00;33.55;;;;;;;;;
861116;treatment;before visit;2022-01-04 23:59:59+00:00;35.63;;;;;;;;;
861116;treatment;before visit;2022-01-05 23:59:59+00:00;39.2;;;;;;;;;
861116;treatment;during visit;2022-01-06 23:59:59+00:00;44.86;;;;;;;;;
861116;treatment;after visit;2022-01-07 23:59:59+00:00;41.81;;;;;;;;;
861116;treatment;after visit;2022-01-08 23:59:59+00:00;35.36;;;;;;;;;
861116;treatment;after visit;2022-01-09 23:59:59+00:00;30.65;;;;;;;;;
861116;treatment;after visit;2022-01-10 23:59:59+00:00;28.96;;;;;;;;;
861116;treatment;after visit;2022-01-11 23:59:59+00:00;27.83;;;;;;;;;
861116;treatment;after visit;2022-01-12 23:59:59+00:00;30.26;;;;;;;;;
861116;treatment;after visit;2022-01-13 23:59:59+00:00;28.56;;;;;;;;;
861116;treatment;after visit;2022-01-14 23:59:59+00:00;27.95;;;;;;;;;
861116;treatment;after visit;2022-01-15 23:59:59+00:00;30.69;;;;;;;;;
861116;treatment;after visit;2022-01-16 23:59:59+00:00;41.98;;;;;;;;;
861116;treatment;after visit;2022-01-17 23:59:59+00:00;28.39;;;;;;;;;
861116;treatment;after visit;2022-01-18 23:59:59+00:00;39.84;;;;;;;;;
861116;treatment;after visit;2022-01-19 23:59:59+00:00;44.68;;;;;;;;;
861116;treatment;after visit;2022-01-20 23:59:59+00:00;40.52;;;;;;;;;
861116;treatment;after visit;2022-01-21 23:59:59+00:00;36.57;;;;;;;;;
861116;treatment;after visit;2022-01-22 23:59:59+00:00;45.27;;;;;;;;;
861116;treatment;after visit;2022-01-23 23:59:59+00:00;43.44;;;;;;;;;
861116;treatment;after visit;2022-01-24 23:59:59+00:00;43.99;;;;;;;;;
861116;treatment;after visit;2022-01-25 23:59:59+00:00;49.45;;;;;;;;;
861116;treatment;after visit;2022-01-26 23:59:59+00:00;35.05;;;;;;;;;
861116;treatment;after visit;2022-01-27 23:59:59+00:00;37.69;;;;;;;;;
861116;treatment;after visit;2022-01-28 23:59:59+00:00;42.53;;;;;;;;;
861116;treatment;after visit;2022-01-29 23:59:59+00:00;36.36;;;;;;;;;
861116;treatment;after visit;2022-01-30 23:59:59+00:00;40.95;;;;;;;;;
861116;treatment;after visit;2022-01-31 23:59:59+00:00;36.17;;;;;;;;;
861116;treatment;after visit;2022-02-01 23:59:59+00:00;51.06;;;;;;;;;
861116;treatment;after visit;2022-02-02 23:59:59+00:00;30.0;;;;;;;;;
861116;treatment;after visit;2022-02-03 23:59:59+00:00;30.11;;;;;;;;;
861116;treatment;after visit;2022-02-04 23:59:59+00:00;26.36;;;;;;;;;
861116;treatment;after visit;2022-02-05 23:59:59+00:00;20.86;;;;;;;;;
861116;treatment;after visit;2022-02-06 23:59:59+00:00;31.08;;;;;;;;;
861116;treatment;after visit;2022-02-07 23:59:59+00:00;24.15;;;;;;;;;
861116;treatment;after visit;2022-02-08 23:59:59+00:00;31.63;;;;;;;;;
861116;treatment;after visit;2022-02-09 23:59:59+00:00;29.02;;;;;;;;;
861116;treatment;after visit;2022-02-10 23:59:59+00:00;32.39;;;;;;;;;
861116;treatment;after visit;2022-02-11 23:59:59+00:00;37.24;;;;;;;;;
861116;treatment;after visit;2022-02-12 23:59:59+00:00;32.77;;;;;;;;;
861116;treatment;after visit;2022-02-13 23:59:59+00:00;37.89;;;;;;;;;
861116;treatment;after visit;2022-02-14 23:59:59+00:00;28.17;;;;;;;;;
861116;treatment;after visit;2022-02-15 23:59:59+00:00;30.16;;;;;;;;;
861116;treatment;after visit;2022-02-16 23:59:59+00:00;38.44;;;;;;;;;
861116;treatment;after visit;2022-02-17 23:59:59+00:00;38.51;;;;;;;;;
861116;treatment;after visit;2022-02-18 23:59:59+00:00;31.23;;;;;;;;;
861116;treatment;after visit;2022-02-19 23:59:59+00:00;37.75;;;;;;;;;
861116;treatment;after visit;2022-02-20 23:59:59+00:00;41.08;;;;;;;;;
861116;treatment;after visit;2022-02-21 23:59:59+00:00;38.66;;;;;;;;;
861116;treatment;after visit;2022-02-22 23:59:59+00:00;35.02;;;;;;;;;
861116;treatment;after visit;2022-02-23 23:59:59+00:00;31.5;;;;;;;;;
861116;treatment;after visit;2022-02-24 23:59:59+00:00;28.8;;;;;;;;;
861116;treatment;after visit;2022-02-25 23:59:59+00:00;35.17;;;;;;;;;
861116;treatment;after visit;2022-02-26 23:59:59+00:00;31.65;;;;;;;;;
861116;treatment;after visit;2022-02-27 23:59:59+00:00;32.45;;;;;;;;;
861116;treatment;after visit;2022-02-28 23:59:59+00:00;36.62;;;;;;;;;
861116;treatment;after visit;2022-03-01 23:59:59+00:00;34.83;;;;;;;;;
861116;treatment;after visit;2022-03-02 23:59:59+00:00;29.49;;;;;;;;;
861116;treatment;after visit;2022-03-03 23:59:59+00:00;29.17;;;;;;;;;
861116;treatment;after visit;2022-03-04 23:59:59+00:00;32.94;;;;;;;;;
861116;treatment;after visit;2022-03-05 23:59:59+00:00;37.43;;;;;;;;;
861116;treatment;after visit;2022-03-06 23:59:59+00:00;27.91;;;;;;;;;
861116;treatment;after visit;2022-03-07 23:59:59+00:00;36.07;;;;;;;;;
861116;treatment;after visit;2022-03-08 23:59:59+00:00;34.3;;;;;;;;;
861116;treatment;after visit;2022-03-09 23:59:59+00:00;31.73;;;;;;;;;
861116;treatment;after visit;2022-03-10 23:59:59+00:00;32.76;;;;;;;;;
861116;treatment;after visit;2022-03-11 23:59:59+00:00;27.7;;;;;;;;;
861116;treatment;after visit;2022-03-12 23:59:59+00:00;21.21;;;;;;;;;
861116;treatment;after visit;2022-03-13 23:59:59+00:00;30.61;;;;;;;;;
861116;treatment;after visit;2022-03-14 23:59:59+00:00;26.51;;;;;;;;;
861116;treatment;after visit;2022-03-15 23:59:59+00:00;25.47;;;;;;;;;
861116;treatment;after visit;2022-03-16 23:59:59+00:00;31.44;;;;;;;;;
861116;treatment;after visit;2022-03-17 23:59:59+00:00;22.32;;;;;;;;;
861116;treatment;after visit;2022-03-18 23:59:59+00:00;23.85;;;;;;;;;
861116;treatment;after visit;2022-03-19 23:59:59+00:00;25.07;;;;;;;;;
861116;treatment;after visit;2022-03-20 23:59:59+00:00;23.63;;;;;;;;;
861116;treatment;after visit;2022-03-21 23:59:59+00:00;25.27;;;;;;;;;
861116;treatment;after visit;2022-03-22 23:59:59+00:00;23.82;;;;;;;;;
861116;treatment;after visit;2022-03-23 23:59:59+00:00;15.29;;;;;;;;;
861116;treatment;after visit;2022-03-24 23:59:59+00:00;12.7;;;;;;;;;
861116;treatment;after visit;2022-03-25 23:59:59+00:00;6.01;;;;;;;;;
861116;treatment;after visit;2022-03-26 23:59:59+00:00;6.75;;;;;;;;;
861116;treatment;after visit;2022-03-27 23:59:59+00:00;15.41;;;;;;;;;
861116;treatment;after visit;2022-03-28 23:59:59+00:00;5.45;;;;;;;;;
861116;treatment;after visit;2022-03-29 23:59:59+00:00;16.05;;;;;;;;;
861116;treatment;after visit;2022-03-30 23:59:59+00:00;24.3;;;;;;;;;
861116;treatment;after visit;2022-03-31 23:59:59+00:00;22.39;;;;;;;;;
861116;treatment;after visit;2022-04-01 23:59:59+00:00;24.65;;;;;;;;;
861116;treatment;after visit;2022-04-02 23:59:59+00:00;25.42;;;;;;;;;
861116;treatment;after visit;2022-04-03 23:59:59+00:00;35.47;;;;;;;;;
861116;treatment;after visit;2022-04-04 23:59:59+00:00;23.21;;;;;;;;;
861116;treatment;after visit;2022-04-05 23:59:59+00:00;25.12;;;;;;;;;
861116;treatment;after visit;2022-04-06 23:59:59+00:00;20.41;;;;;;;;;
861116;treatment;after visit;2022-04-07 23:59:59+00:00;29.53;;;;;;;;;
861116;treatment;after visit;2022-04-08 23:59:59+00:00;29.8;;;;;;;;;
861116;treatment;after visit;2022-04-09 23:59:59+00:00;29.1;;;;;;;;;
861116;treatment;after visit;2022-04-10 23:59:59+00:00;20.73;;;;;;;;;
861116;treatment;after visit;2022-04-11 23:59:59+00:00;5.81;;;;;;;;;
861116;treatment;after visit;2022-04-12 23:59:59+00:00;5.65;;;;;;;;;
861116;treatment;after visit;2022-04-13 23:59:59+00:00;3.62;;;;;;;;;
861116;treatment;after visit;2022-04-14 23:59:59+00:00;6.36;;;;;;;;;
861116;treatment;after visit;2022-04-15 23:59:59+00:00;5.91;;;;;;;;;
861116;treatment;after visit;2022-04-16 23:59:59+00:00;23.1;;;;;;;;;
861116;treatment;after visit;2022-04-17 23:59:59+00:00;17.01;;;;;;;;;
861116;treatment;after visit;2022-04-18 23:59:59+00:00;10.36;;;;;;;;;
861116;treatment;after visit;2022-04-19 23:59:59+00:00;4.4;;;;;;;;;
861116;treatment;after visit;2022-04-20 23:59:59+00:00;10.11;;;;;;;;;
861116;treatment;after visit;2022-04-21 23:59:59+00:00;5.05;;;;;;;;;
861116;treatment;after visit;2022-04-22 23:59:59+00:00;6.38;;;;;;;;;
861116;treatment;after visit;2022-04-23 23:59:59+00:00;30.08;;;;;;;;;
861116;treatment;after visit;2022-04-24 23:59:59+00:00;25.45;;;;;;;;;
861116;treatment;after visit;2022-04-25 23:59:59+00:00;8.33;;;;;;;;;
861116;treatment;after visit;2022-04-26 23:59:59+00:00;7.95;;;;;;;;;
861116;treatment;after visit;2022-04-27 23:59:59+00:00;6.37;;;;;;;;;
861116;treatment;after visit;2022-04-28 23:59:59+00:00;4.04;;;;;;;;;
861116;treatment;after visit;2022-04-29 23:59:59+00:00;3.52;;;;;;;;;
861116;treatment;after visit;2022-04-30 23:59:59+00:00;5.16;;;;;;;;;
861116;treatment;after visit;2022-05-01 23:59:59+00:00;4.28;;;;;;;;;
861116;treatment;after visit;2022-05-02 23:59:59+00:00;4.75;;;;;;;;;
861116;treatment;after visit;2022-05-03 23:59:59+00:00;5.58;;;;;;;;;
861116;treatment;after visit;2022-05-04 23:59:59+00:00;5.53;;;;;;;;;
861116;treatment;after visit;2022-05-05 23:59:59+00:00;10.75;;;;;;;;;
861116;treatment;after visit;2022-05-06 23:59:59+00:00;9.34;;;;;;;;;
861116;treatment;after visit;2022-05-07 23:59:59+00:00;8.91;;;;;;;;;
861116;treatment;after visit;2022-05-08 23:59:59+00:00;5.77;;;;;;;;;
861116;treatment;after visit;2022-05-09 23:59:59+00:00;8.29;;;;;;;;;
861116;treatment;after visit;2022-05-10 23:59:59+00:00;10.06;;;;;;;;;
861116;treatment;after visit;2022-05-11 23:59:59+00:00;5.94;;;;;;;;;
861116;treatment;after visit;2022-05-12 23:59:59+00:00;9.32;;;;;;;;;
861116;treatment;after visit;2022-05-13 23:59:59+00:00;7.8;;;;;;;;;
861116;treatment;after visit;2022-05-14 23:59:59+00:00;4.76;;;;;;;;;
861116;treatment;after visit;2022-05-15 23:59:59+00:00;9.12;;;;;;;;;
861116;treatment;after visit;2022-05-16 23:59:59+00:00;7.79;;;;;;;;;
861116;treatment;after visit;2022-05-17 23:59:59+00:00;5.34;;;;;;;;;
861116;treatment;after visit;2022-05-18 23:59:59+00:00;2.96;;;;;;;;;
861116;treatment;after visit;2022-05-19 23:59:59+00:00;2.07;;;;;;;;;
861116;treatment;after visit;2022-05-20 23:59:59+00:00;2.11;;;;;;;;;
861116;treatment;after visit;2022-05-21 23:59:59+00:00;2.67;;;;;;;;;
861116;treatment;after visit;2022-05-22 23:59:59+00:00;3.07;;;;;;;;;
861116;treatment;after visit;2022-05-23 23:59:59+00:00;3.24;;;;;;;;;
861116;treatment;after visit;2022-05-24 23:59:59+00:00;2.43;;;;;;;;;
861116;treatment;after visit;2022-05-25 23:59:59+00:00;2.11;;;;;;;;;
861116;treatment;after visit;2022-05-26 23:59:59+00:00;1.95;;;;;;;;;
861116;treatment;after visit;2022-05-27 23:59:59+00:00;2.47;;;;;;;;;
861116;treatment;after visit;2022-05-28 23:59:59+00:00;5.36;;;;;;;;;
861116;treatment;after visit;2022-05-29 23:59:59+00:00;1.66;;;;;;;;;
861116;treatment;after visit;2022-05-30 23:59:59+00:00;1.61;;;;;;;;;
861116;treatment;after visit;2022-05-31 23:59:59+00:00;1.61;;;;;;;;;
861116;treatment;after visit;2022-06-01 23:59:59+00:00;1.65;;;;;;;;;
861116;treatment;after visit;2022-06-02 23:59:59+00:00;1.91;;;;;;;;;
861116;treatment;after visit;2022-06-03 23:59:59+00:00;1.7;;;;;;;;;
861116;treatment;after visit;2022-06-04 23:59:59+00:00;2.0;;;;;;;;;
861116;treatment;after visit;2022-06-05 23:59:59+00:00;1.86;;;;;;;;;
861116;treatment;after visit;2022-06-06 23:59:59+00:00;1.94;;;;;;;;;
861116;treatment;after visit;2022-06-07 23:59:59+00:00;1.89;;;;;;;;;
861116;treatment;after visit;2022-06-08 23:59:59+00:00;1.94;;;;;;;;;
861116;treatment;after visit;2022-06-09 23:59:59+00:00;1.97;;;;;;;;;
861116;treatment;after visit;2022-06-10 23:59:59+00:00;1.93;;;;;;;;;
861116;treatment;after visit;2022-06-11 23:59:59+00:00;1.88;;;;;;;;;
861116;treatment;after visit;2022-06-12 23:59:59+00:00;1.84;;;;;;;;;
861116;treatment;after visit;2022-06-13 23:59:59+00:00;1.94;;;;;;;;;
861116;treatment;after visit;2022-06-14 23:59:59+00:00;1.89;;;;;;;;;
861116;treatment;after visit;2022-06-15 23:59:59+00:00;1.96;;;;;;;;;
861116;treatment;after visit;2022-06-16 23:59:59+00:00;2.04;;;;;;;;;
861116;treatment;after visit;2022-06-17 23:59:59+00:00;2.0;;;;;;;;;
861116;treatment;after visit;2022-06-18 23:59:59+00:00;2.02;;;;;;;;;
861116;treatment;after visit;2022-06-19 23:59:59+00:00;8.66;;;;;;;;;
861116;treatment;after visit;2022-06-20 23:59:59+00:00;11.36;;;;;;;;;
861116;treatment;after visit;2022-06-21 23:59:59+00:00;7.05;;;;;;;;;
861116;treatment;after visit;2022-06-22 23:59:59+00:00;9.72;;;;;;;;;
861116;treatment;after visit;2022-06-23 23:59:59+00:00;7.24;;;;;;;;;
861116;treatment;after visit;2022-06-24 23:59:59+00:00;8.92;;;;;;;;;
861116;treatment;after visit;2022-06-25 23:59:59+00:00;7.82;;;;;;;;;
861116;treatment;after visit;2022-06-26 23:59:59+00:00;6.92;;;;;;;;;
861116;treatment;after visit;2022-06-27 23:59:59+00:00;7.99;;;;;;;;;
861116;treatment;after visit;2022-06-28 23:59:59+00:00;7.45;;;;;;;;;
861116;treatment;after visit;2022-06-29 23:59:59+00:00;7.97;;;;;;;;;
861116;treatment;after visit;2022-06-30 23:59:59+00:00;5.5;;;;;;;;;
861116;treatment;after visit;2022-07-01 23:59:59+00:00;7.78;;;;;;;;;
861116;treatment;after visit;2022-07-02 23:59:59+00:00;5.89;;;;;;;;;
861116;treatment;after visit;2022-07-03 23:59:59+00:00;5.73;;;;;;;;;
861116;treatment;after visit;2022-07-04 23:59:59+00:00;7.38;;;;;;;;;
861116;treatment;after visit;2022-07-05 23:59:59+00:00;6.86;;;;;;;;;
861116;treatment;after visit;2022-07-06 23:59:59+00:00;7.08;;;;;;;;;
861116;treatment;after visit;2022-07-07 23:59:59+00:00;6.07;;;;;;;;;
861116;treatment;after visit;2022-07-08 23:59:59+00:00;7.02;;;;;;;;;
861116;treatment;after visit;2022-07-09 23:59:59+00:00;5.48;;;;;;;;;
861116;treatment;after visit;2022-07-10 23:59:59+00:00;8.02;;;;;;;;;
861116;treatment;after visit;2022-07-11 23:59:59+00:00;9.04;;;;;;;;;
861116;treatment;after visit;2022-07-12 23:59:59+00:00;7.42;;;;;;;;;
861116;treatment;after visit;2022-07-13 23:59:59+00:00;5.42;;;;;;;;;
861116;treatment;after visit;2022-07-14 23:59:59+00:00;6.87;;;;;;;;;
861116;treatment;after visit;2022-07-15 23:59:59+00:00;5.07;;;;;;;;;
861116;treatment;after visit;2022-07-16 23:59:59+00:00;8.27;;;;;;;;;
861116;treatment;after visit;2022-07-17 23:59:59+00:00;5.99;;;;;;;;;
861116;treatment;after visit;2022-07-18 23:59:59+00:00;5.12;;;;;;;;;
861116;treatment;after visit;2022-07-19 23:59:59+00:00;6.44;;;;;;;;;
861116;treatment;after visit;2022-07-20 23:59:59+00:00;8.44;;;;;;;;;
861116;treatment;after visit;2022-07-21 23:59:59+00:00;7.38;;;;;;;;;
861116;treatment;after visit;2022-07-22 23:59:59+00:00;5.71;;;;;;;;;
861116;treatment;after visit;2022-07-23 23:59:59+00:00;6.5;;;;;;;;;
861116;treatment;after visit;2022-07-24 23:59:59+00:00;8.71;;;;;;;;;
861116;treatment;after visit;2022-07-25 23:59:59+00:00;5.87;;;;;;;;;
861116;treatment;after visit;2022-07-26 23:59:59+00:00;5.44;;;;;;;;;
861116;treatment;after visit;2022-07-27 23:59:59+00:00;3.92;;;;;;;;;
861116;treatment;after visit;2022-07-28 23:59:59+00:00;2.94;;;;;;;;;
861116;treatment;after visit;2022-07-29 23:59:59+00:00;2.36;;;;;;;;;
861116;treatment;after visit;2022-07-30 23:59:59+00:00;2.25;;;;;;;;;
861116;treatment;after visit;2022-07-31 23:59:59+00:00;2.23;;;;;;;;;
861116;treatment;after visit;2022-08-01 23:59:59+00:00;3.5;;;;;;;;;
861116;treatment;after visit;2022-08-02 23:59:59+00:00;8.11;;;;;;;;;
861116;treatment;after visit;2022-08-03 23:59:59+00:00;6.24;;;;;;;;;
861116;treatment;after visit;2022-08-04 23:59:59+00:00;6.67;;;;;;;;;
861116;treatment;after visit;2022-08-05 23:59:59+00:00;8.34;;;;;;;;;
861116;treatment;after visit;2022-08-06 23:59:59+00:00;8.56;;;;;;;;;
861116;treatment;after visit;2022-08-07 23:59:59+00:00;7.41;;;;;;;;;
861116;treatment;after visit;2022-08-08 23:59:59+00:00;5.06;;;;;;;;;
861116;treatment;after visit;2022-08-09 23:59:59+00:00;4.69;;;;;;;;;
861116;treatment;after visit;2022-08-10 23:59:59+00:00;5.92;;;;;;;;;
861116;treatment;after visit;2022-08-11 23:59:59+00:00;2.46;;;;;;;;;
861116;treatment;after visit;2022-08-12 23:59:59+00:00;2.14;;;;;;;;;
861116;treatment;after visit;2022-08-13 23:59:59+00:00;2.08;;;;;;;;;
861116;treatment;after visit;2022-08-14 23:59:59+00:00;2.16;;;;;;;;;
861116;treatment;after visit;2022-08-15 23:59:59+00:00;2.16;;;;;;;;;
861116;treatment;after visit;2022-08-16 23:59:59+00:00;2.12;;;;;;;;;
861116;treatment;after visit;2022-08-17 23:59:59+00:00;3.13;;;;;;;;;
861116;treatment;after visit;2022-08-18 23:59:59+00:00;2.35;;;;;;;;;
861116;treatment;after visit;2022-08-19 23:59:59+00:00;2.15;;;;;;;;;
861116;treatment;after visit;2022-08-20 23:59:59+00:00;2.26;;;;;;;;;
861116;treatment;after visit;2022-08-21 23:59:59+00:00;2.41;;;;;;;;;
861116;treatment;after visit;2022-08-22 23:59:59+00:00;2.25;;;;;;;;;
861116;treatment;after visit;2022-08-23 23:59:59+00:00;2.23;;;;;;;;;
861116;treatment;after visit;2022-08-24 23:59:59+00:00;2.19;;;;;;;;;
861116;treatment;after visit;2022-08-25 23:59:59+00:00;2.2;;;;;;;;;
861116;treatment;after visit;2022-08-26 23:59:59+00:00;2.23;;;;;;;;;
861116;treatment;after visit;2022-08-27 23:59:59+00:00;2.23;;;;;;;;;
861116;treatment;after visit;2022-08-28 23:59:59+00:00;2.33;;;;;;;;;
861116;treatment;after visit;2022-08-29 23:59:59+00:00;2.31;;;;;;;;;
861116;treatment;after visit;2022-08-30 23:59:59+00:00;2.34;;;;;;;;;
861116;treatment;after visit;2022-08-31 23:59:59+00:00;2.36;;;;;;;;;
861116;treatment;after visit;2022-09-01 23:59:59+00:00;2.28;;;;;;;;;
861116;treatment;after visit;2022-09-02 23:59:59+00:00;2.26;;;;;;;;;
861116;treatment;after visit;2022-09-03 23:59:59+00:00;2.24;;;;;;;;;
861116;treatment;after visit;2022-09-04 23:59:59+00:00;8.57;;;;;;;;;
861116;treatment;after visit;2022-09-05 23:59:59+00:00;6.61;;;;;;;;;
861116;treatment;after visit;2022-09-06 23:59:59+00:00;5.42;;;;;;;;;
861116;treatment;after visit;2022-09-07 23:59:59+00:00;10.48;;;;;;;;;
861116;treatment;after visit;2022-09-08 23:59:59+00:00;5.64;;;;;;;;;
861116;treatment;after visit;2022-09-09 23:59:59+00:00;8.24;;;;;;;;;
861116;treatment;after visit;2022-09-10 23:59:59+00:00;3.06;;;;;;;;;
861116;treatment;after visit;2022-09-11 23:59:59+00:00;2.91;;;;;;;;;
861116;treatment;after visit;2022-09-12 23:59:59+00:00;2.74;;;;;;;;;
861116;treatment;after visit;2022-09-13 23:59:59+00:00;6.32;;;;;;;;;
861116;treatment;after visit;2022-09-14 23:59:59+00:00;9.92;;;;;;;;;
861116;treatment;after visit;2022-09-15 23:59:59+00:00;9.31;;;;;;;;;
861116;treatment;after visit;2022-09-16 23:59:59+00:00;7.26;;;;;;;;;
861116;treatment;after visit;2022-09-17 23:59:59+00:00;8.18;;;;;;;;;
861116;treatment;after visit;2022-09-18 23:59:59+00:00;6.17;;;;;;;;;
861116;treatment;after visit;2022-09-19 23:59:59+00:00;7.8;;;;;;;;;
861116;treatment;after visit;2022-09-20 23:59:59+00:00;4.75;;;;;;;;;
861116;treatment;after visit;2022-09-21 23:59:59+00:00;7.41;;;;;;;;;
861116;treatment;after visit;2022-09-22 23:59:59+00:00;4.12;;;;;;;;;
861116;treatment;after visit;2022-09-23 23:59:59+00:00;2.24;;;;;;;;;
861116;treatment;after visit;2022-09-24 23:59:59+00:00;7.12;;;;;;;;;
861116;treatment;after visit;2022-09-25 23:59:59+00:00;4.91;;;;;;;;;
861116;treatment;after visit;2022-09-26 23:59:59+00:00;8.06;;;;;;;;;
861116;treatment;after visit;2022-09-27 23:59:59+00:00;6.92;;;;;;;;;
861116;treatment;after visit;2022-09-28 23:59:59+00:00;8.84;;;;;;;;;
861116;treatment;after visit;2022-09-29 23:59:59+00:00;13.19;;;;;;;;;
861116;treatment;after visit;2022-09-30 23:59:59+00:00;7.57;;;;;;;;;
861116;treatment;after visit;2022-10-01 23:59:59+00:00;21.17;;;;;;;;;
861116;treatment;after visit;2022-10-02 23:59:59+00:00;10.14;;;;;;;;;
861116;treatment;after visit;2022-10-03 23:59:59+00:00;6.23;;;;;;;;;
861116;treatment;after visit;2022-10-04 23:59:59+00:00;5.4;;;;;;;;;
861116;treatment;after visit;2022-10-05 23:59:59+00:00;4.09;;;;;;;;;
861116;treatment;after visit;2022-10-06 23:59:59+00:00;4.52;;;;;;;;;
861116;treatment;after visit;2022-10-07 23:59:59+00:00;5.14;;;;;;;;;
861116;treatment;after visit;2022-10-08 23:59:59+00:00;1.97;;;;;;;;;
861116;treatment;after visit;2022-10-09 23:59:59+00:00;1.47;;;;;;;;;
861116;treatment;after visit;2022-10-10 23:59:59+00:00;1.52;;;;;;;;;
861116;treatment;after visit;2022-10-11 23:59:59+00:00;1.76;;;;;;;;;
861116;treatment;after visit;2022-10-12 23:59:59+00:00;1.58;;;;;;;;;
861116;treatment;after visit;2022-10-13 23:59:59+00:00;6.54;;;;;;;;;
861116;treatment;after visit;2022-10-14 23:59:59+00:00;11.28;;;;;;;;;
861116;treatment;after visit;2022-10-15 23:59:59+00:00;12.73;;;;;;;;;
861116;treatment;after visit;2022-10-16 23:59:59+00:00;6.32;;;;;;;;;
861116;treatment;after visit;2022-10-17 23:59:59+00:00;5.21;;;;;;;;;
861116;treatment;after visit;2022-10-18 23:59:59+00:00;4.65;;;;;;;;;
861116;treatment;after visit;2022-10-19 23:59:59+00:00;3.83;;;;;;;;;
861116;treatment;after visit;2022-10-20 23:59:59+00:00;6.17;;;;;;;;;
861116;treatment;after visit;2022-10-21 23:59:59+00:00;7.98;;;;;;;;;
861116;treatment;after visit;2022-10-22 23:59:59+00:00;8.41;;;;;;;;;
861116;treatment;after visit;2022-10-23 23:59:59+00:00;7.99;;;;;;;;;
861116;treatment;after visit;2022-10-24 23:59:59+00:00;9.93;;;;;;;;;
861116;treatment;after visit;2022-10-25 23:59:59+00:00;8.17;;;;;;;;;
861116;treatment;after visit;2022-10-26 23:59:59+00:00;6.03;;;;;;;;;
861116;treatment;after visit;2022-10-27 23:59:59+00:00;7.25;;;;;;;;;
861116;treatment;after visit;2022-10-28 23:59:59+00:00;7.07;;;;;;;;;
861116;treatment;after visit;2022-10-29 23:59:59+00:00;5.79;;;;;;;;;
861116;treatment;after visit;2022-10-30 23:59:59+00:00;5.02;;;;;;;;;
861116;treatment;after visit;2022-10-31 23:59:59+00:00;6.93;;;;;;;;;
861116;treatment;after visit;2022-11-01 23:59:59+00:00;16.72;;;;;;;;;
861116;treatment;after visit;2022-11-02 23:59:59+00:00;20.51;;;;;;;;;
861116;treatment;after visit;2022-11-03 23:59:59+00:00;24.73;;;;;;;;;
861116;treatment;after visit;2022-11-04 23:59:59+00:00;26.8;;;;;;;;;
861116;treatment;after visit;2022-11-05 23:59:59+00:00;35.15;;;;;;;;;
861116;treatment;after visit;2022-11-06 23:59:59+00:00;23.17;;;;;;;;;
861116;treatment;after visit;2022-11-07 23:59:59+00:00;23.75;;;;;;;;;
861116;treatment;after visit;2022-11-08 23:59:59+00:00;21.04;;;;;;;;;
861116;treatment;after visit;2022-11-09 23:59:59+00:00;24.15;;;;;;;;;
861116;treatment;after visit;2022-11-10 23:59:59+00:00;25.67;;;;;;;;;
861116;treatment;after visit;2022-11-11 23:59:59+00:00;24.68;;;;;;;;;
861116;treatment;after visit;2022-11-12 23:59:59+00:00;21.28;;;;;;;;;
861116;treatment;after visit;2022-11-13 23:59:59+00:00;32.27;;;;;;;;;
861116;treatment;after visit;2022-11-14 23:59:59+00:00;27.56;;;;;;;;;
861116;treatment;after visit;2022-11-15 23:59:59+00:00;25.74;;;;;;;;;
861116;treatment;after visit;2022-11-16 23:59:59+00:00;22.38;;;;;;;;;
861116;treatment;after visit;2022-11-17 23:59:59+00:00;21.49;;;;;;;;;
861116;treatment;after visit;2022-11-18 23:59:59+00:00;9.02;;;;;;;;;
861116;treatment;after visit;2022-11-19 23:59:59+00:00;38.68;;;;;;;;;
861116;treatment;after visit;2022-11-20 23:59:59+00:00;39.2;;;;;;;;;
861116;treatment;after visit;2022-11-21 23:59:59+00:00;31.2;;;;;;;;;
861116;treatment;after visit;2022-11-22 23:59:59+00:00;28.84;;;;;;;;;
861116;treatment;after visit;2022-11-23 23:59:59+00:00;23.69;;;;;;;;;
861116;treatment;after visit;2022-11-24 23:59:59+00:00;27.42;;;;;;;;;
861116;treatment;after visit;2022-11-25 23:59:59+00:00;29.9;;;;;;;;;
861116;treatment;after visit;2022-11-26 23:59:59+00:00;25.03;;;;;;;;;
861116;treatment;after visit;2022-11-27 23:59:59+00:00;33.38;;;;;;;;;
861116;treatment;after visit;2022-11-28 23:59:59+00:00;30.77;;;;;;;;;
861116;treatment;after visit;2022-11-29 23:59:59+00:00;32.03;;;;;;;;;
861116;treatment;after visit;2022-11-30 23:59:59+00:00;33.91;;;;;;;;;
861116;treatment;after visit;2022-12-01 23:59:59+00:00;34.45;;;;;;;;;
861116;treatment;after visit;2022-12-02 23:59:59+00:00;37.52;;;;;;;;;
861116;treatment;after visit;2022-12-03 23:59:59+00:00;28.7;;;;;;;;;
861116;treatment;after visit;2022-12-04 23:59:59+00:00;43.11;;;;;;;;;
861116;treatment;after visit;2022-12-05 23:59:59+00:00;37.51;;;;;;;;;
861116;treatment;after visit;2022-12-06 23:59:59+00:00;39.47;;;;;;;;;
861116;treatment;after visit;2022-12-07 23:59:59+00:00;47.15;;;;;;;;;
861116;treatment;after visit;2022-12-08 23:59:59+00:00;47.94;;;;;;;;;
861116;treatment;after visit;2022-12-09 23:59:59+00:00;41.2;;;;;;;;;
861116;treatment;after visit;2022-12-10 23:59:59+00:00;58.33;;;;;;;;;
861116;treatment;after visit;2022-12-11 23:59:59+00:00;55.05;;;;;;;;;
861116;treatment;after visit;2022-12-12 23:59:59+00:00;36.42;;;;;;;;;
861116;treatment;after visit;2022-12-13 23:59:59+00:00;47.76;;;;;;;;;
861116;treatment;after visit;2022-12-14 23:59:59+00:00;60.84;;;;;;;;;
861116;treatment;after visit;2022-12-15 23:59:59+00:00;51.19;;;;;;;;;
861116;treatment;after visit;2022-12-16 23:59:59+00:00;51.14;;;0.01;;;;;;
861116;treatment;after visit;2022-12-17 23:59:59+00:00;52.0;;;;;;;;;
861116;treatment;after visit;2022-12-18 23:59:59+00:00;49.16;;;;;;;;;
861116;treatment;after visit;2022-12-19 23:59:59+00:00;46.36;;;;;;;;;
861116;treatment;after visit;2022-12-20 23:59:59+00:00;40.92;;;;;;;;;
861116;treatment;after visit;2022-12-21 23:59:59+00:00;37.55;;;0.01;;;;;;
861116;treatment;after visit;2022-12-22 23:59:59+00:00;28.49;;;;;;;;;
861116;treatment;after visit;2022-12-23 23:59:59+00:00;26.05;;;;;;;;;
861116;treatment;after visit;2022-12-24 23:59:59+00:00;29.92;;;;;;;;;
861116;treatment;after visit;2022-12-25 23:59:59+00:00;27.65;;;;;;;;;
861116;treatment;after visit;2022-12-26 23:59:59+00:00;26.52;;;;;;;;;
861116;treatment;after visit;2022-12-27 23:59:59+00:00;35.07;;;;;;;;;
861116;treatment;after visit;2022-12-28 23:59:59+00:00;39.36;;;;;;;;;
861116;treatment;after visit;2022-12-29 23:59:59+00:00;36.33;;;;;;;;;
861116;treatment;after visit;2022-12-30 23:59:59+00:00;38.6;;;0.09;;;;;;
861116;treatment;after visit;2022-12-31 23:59:59+00:00;30.9;;;0.13;;;;;;
861116;treatment;after visit;2023-01-01 23:59:59+00:00;23.47;;;;;;;;;
861116;treatment;after visit;2023-01-02 23:59:59+00:00;30.29;;;;;;;;;
861116;treatment;after visit;2023-01-03 23:59:59+00:00;31.23;;;;;;;;;
861116;treatment;after visit;2023-01-04 23:59:59+00:00;27.94;;;;;;;;;
861116;treatment;after visit;2023-01-05 23:59:59+00:00;32.51;;;;;;;;;
861116;treatment;after visit;2023-01-06 23:59:59+00:00;33.89;;;0.02;;;;;;
861116;treatment;after visit;2023-01-07 23:59:59+00:00;28.96;;;0.01;;;;;;
861116;treatment;after visit;2023-01-08 23:59:59+00:00;44.23;;;0.01;;;;;;
861116;treatment;after visit;2023-01-09 23:59:59+00:00;39.44;;;0.04;;;;;;
861116;treatment;after visit;2023-01-10 23:59:59+00:00;33.96;;;;;;;;;
861116;treatment;after visit;2023-01-11 23:59:59+00:00;30.48;;;;;;;;;
861116;treatment;after visit;2023-01-12 23:59:59+00:00;33.19;;;0.18;;;;;;
861116;treatment;after visit;2023-01-13 23:59:59+00:00;30.71;;;;;;;;;
861116;treatment;after visit;2023-01-14 23:59:59+00:00;35.05;;;;;;;;;
861116;treatment;after visit;2023-01-15 23:59:59+00:00;36.98;;;;;;;;;
861116;treatment;after visit;2023-01-16 23:59:59+00:00;38.68;;;;;;;;;
861116;treatment;after visit;2023-01-17 23:59:59+00:00;35.74;;;;;;;;;
861116;treatment;after visit;2023-01-18 23:59:59+00:00;36.09;;;;;;;;;
861116;treatment;after visit;2023-01-19 23:59:59+00:00;37.55;;;;;;;;;
861116;treatment;after visit;2023-01-20 23:59:59+00:00;45.41;;;;;;;;;
861116;treatment;after visit;2023-01-21 23:59:59+00:00;46.67;;;;;;;;;
861116;treatment;after visit;2023-01-22 23:59:59+00:00;55.94;;;;;;;;;
861116;treatment;after visit;2023-01-23 23:59:59+00:00;52.32;;;0.07;;;;;;
861116;treatment;after visit;2023-01-24 23:59:59+00:00;45.14;;;0.1;;;;;;
861116;treatment;after visit;2023-01-25 23:59:59+00:00;53.23;;;0.19;;;;;;
861116;treatment;after visit;2023-01-26 23:59:59+00:00;54.12;;;0.05;;;;;;
861116;treatment;after visit;2023-01-27 23:59:59+00:00;61.8;;;0.14;;;;;;
861116;treatment;after visit;2023-01-28 23:59:59+00:00;54.18;;;;;;;;;
861116;treatment;after visit;2023-01-29 23:59:59+00:00;48.29;;;;;;;;;
861116;treatment;after visit;2023-01-30 23:59:59+00:00;51.18;;;0.06;;;;;;
861116;treatment;after visit;2023-01-31 23:59:59+00:00;45.08;;;0.17;;;;;;
861116;treatment;after visit;2023-02-01 23:59:59+00:00;45.12;;;0.16;;;;;;
861116;treatment;after visit;2023-02-02 23:59:59+00:00;29.99;;;;;;;;;
861116;treatment;after visit;2023-02-03 23:59:59+00:00;29.87;;;;;;;;;
861116;treatment;after visit;2023-02-04 23:59:59+00:00;33.28;;;;;;;;;
861116;treatment;after visit;2023-02-05 23:59:59+00:00;30.5;;;;;;;;;
861116;treatment;after visit;2023-02-06 23:59:59+00:00;32.58;;;;;;;;;
861116;treatment;after visit;2023-02-07 23:59:59+00:00;36.94;;;;;;;;;
861116;treatment;after visit;2023-02-08 23:59:59+00:00;35.78;;;;;;;;;
861116;treatment;after visit;2023-02-09 23:59:59+00:00;38.95;;;;;;;;;
861116;treatment;after visit;2023-02-10 23:59:59+00:00;42.9;;;0.03;;;;;;
861116;treatment;after visit;2023-02-11 23:59:59+00:00;45.88;;;0.21;;;;;;
861116;treatment;after visit;2023-02-12 23:59:59+00:00;34.02;;;;;;;;;
861116;treatment;after visit;2023-02-13 23:59:59+00:00;37.45;;;0.14;;;;;;
861116;treatment;after visit;2023-02-14 23:59:59+00:00;36.78;;;0.02;;;;;;
861116;treatment;after visit;2023-02-15 23:59:59+00:00;35.69;;;0.11;;;;;;
861116;treatment;after visit;2023-02-16 23:59:59+00:00;33.59;;;0.18;;;;;;
861116;treatment;after visit;2023-02-17 23:59:59+00:00;26.18;;;0.14;;;;;;
861116;treatment;after visit;2023-02-18 23:59:59+00:00;30.26;;;0.04;;;;;;
861116;treatment;after visit;2023-02-19 23:59:59+00:00;23.17;;;;;;;;;
861116;treatment;after visit;2023-02-20 23:59:59+00:00;31.46;;;;;;;;;
861116;treatment;after visit;2023-02-21 23:59:59+00:00;25.97;;;;;;;;;
861116;treatment;after visit;2023-02-22 23:59:59+00:00;21.36;;;;;;;;;
861116;treatment;after visit;2023-02-23 23:59:59+00:00;24.03;;;;;;;;;
861116;treatment;after visit;2023-02-24 23:59:59+00:00;21.09;;;0.01;;;;;;
861116;treatment;after visit;2023-02-25 23:59:59+00:00;23.08;;;;;;;;;
861116;treatment;after visit;2023-02-26 23:59:59+00:00;38.07;;;;;;;;;
861116;treatment;after visit;2023-02-27 23:59:59+00:00;35.59;;;;;;;;;
861116;treatment;after visit;2023-02-28 23:59:59+00:00;26.66;;;;;;;;;
861116;treatment;after visit;2023-03-01 23:59:59+00:00;28.93;;;;;;;;;
861116;treatment;after visit;2023-03-02 23:59:59+00:00;27.32;;;;;;;;;
861116;treatment;after visit;2023-03-03 23:59:59+00:00;26.72;;;;;;;;;
861116;treatment;after visit;2023-03-04 23:59:59+00:00;33.08;;;;;;;;;
861116;treatment;after visit;2023-03-05 23:59:59+00:00;27.33;;;;;;;;;
861116;treatment;after visit;2023-03-06 23:59:59+00:00;34.51;;;;;;;;;
861116;treatment;after visit;2023-03-07 23:59:59+00:00;26.21;;;;;;;;;
861116;treatment;after visit;2023-03-08 23:59:59+00:00;22.12;;;;;;;;;
861116;treatment;after visit;2023-03-09 23:59:59+00:00;21.32;;;;;;;;;
861116;treatment;after visit;2023-03-10 23:59:59+00:00;23.87;;;;;;;;;
861116;treatment;after visit;2023-03-11 23:59:59+00:00;25.38;;;0.03;;;;;;
861116;treatment;after visit;2023-03-12 23:59:59+00:00;20.56;;;;;;;;;
861116;treatment;after visit;2023-03-13 23:59:59+00:00;25.49;;;;;;;;;
861116;treatment;after visit;2023-03-14 23:59:59+00:00;23.99;;;;;;;;;
861116;treatment;after visit;2023-03-15 23:59:59+00:00;22.09;;;;;;;;;
861116;treatment;after visit;2023-03-16 23:59:59+00:00;22.22;;;0.11;;;;;;
861116;treatment;after visit;2023-03-17 23:59:59+00:00;16.03;;;;;;;;;
861116;treatment;after visit;2023-03-18 23:59:59+00:00;19.08;;;;;;;;;
861116;treatment;after visit;2023-03-19 23:59:59+00:00;16.44;;;;;;;;;
861116;treatment;after visit;2023-03-20 23:59:59+00:00;19.79;;;;;;;;;
861116;treatment;after visit;2023-03-21 23:59:59+00:00;16.71;;;;;;;;;
861116;treatment;after visit;2023-03-22 23:59:59+00:00;4.46;;;;;;;;;
861116;treatment;after visit;2023-03-23 23:59:59+00:00;15.27;;;;;;;;;
861116;treatment;after visit;2023-03-24 23:59:59+00:00;20.21;;;;;;;;;
861116;treatment;after visit;2023-03-25 23:59:59+00:00;19.11;;;;;;;;;
861116;treatment;after visit;2023-03-26 23:59:59+00:00;24.69;;;;;;;;;
861116;treatment;after visit;2023-03-27 23:59:59+00:00;20.86;;;;;;;;;
861116;treatment;after visit;2023-03-28 23:59:59+00:00;22.19;;;0.06;;;;;;
861116;treatment;after visit;2023-03-29 23:59:59+00:00;17.11;;;0.06;;;;;;
861116;treatment;after visit;2023-03-30 23:59:59+00:00;16.99;;;;;;;;;
861116;treatment;after visit;2023-03-31 23:59:59+00:00;21.96;;;;;;;;;
861116;treatment;after visit;2023-04-01 23:59:59+00:00;19.92;;;0.01;;;;;;
861116;treatment;after visit;2023-04-02 23:59:59+00:00;13.11;;;;;;;;;
861116;treatment;after visit;2023-04-03 23:59:59+00:00;17.7;;;;;;;;;
861116;treatment;after visit;2023-04-04 23:59:59+00:00;14.82;;;;;;;;;
861116;treatment;after visit;2023-04-05 23:59:59+00:00;16.18;;;;;;;;;
861116;treatment;after visit;2023-04-06 23:59:59+00:00;12.28;;;;;;;;;
861116;treatment;after visit;2023-04-07 23:59:59+00:00;14.4;;;;;;;;;
861116;treatment;after visit;2023-04-08 23:59:59+00:00;10.13;;;;;;;;;
861116;treatment;after visit;2023-04-09 23:59:59+00:00;23.08;;;;;;;;;
861116;treatment;after visit;2023-04-10 23:59:59+00:00;10.59;;;;;;;;;
861116;treatment;after visit;2023-04-11 23:59:59+00:00;22.78;;;;;;;;;
861116;treatment;after visit;2023-04-12 23:59:59+00:00;19.24;;;;;;;;;
861116;treatment;after visit;2023-04-13 23:59:59+00:00;19.07;;;;;;;;;
861116;treatment;after visit;2023-04-14 23:59:59+00:00;14.75;;;;;;;;;
861116;treatment;after visit;2023-04-15 23:59:59+00:00;21.5;;;;;;;;;
861116;treatment;after visit;2023-04-16 23:59:59+00:00;21.44;;;;;;;;;
861116;treatment;after visit;2023-04-17 23:59:59+00:00;16.55;;;;;;;;;
861116;treatment;after visit;2023-04-18 23:59:59+00:00;4.58;;;0.04;;;;;;
861116;treatment;after visit;2023-04-19 23:59:59+00:00;21.24;;;0.09;;;;;;
861116;treatment;after visit;2023-04-20 23:59:59+00:00;18.58;;;0.08;;;;;;
861116;treatment;after visit;2023-04-21 23:59:59+00:00;6.13;;;;;;;;;
861116;treatment;after visit;2023-04-22 23:59:59+00:00;5.66;;;;;;;;;
861116;treatment;after visit;2023-04-23 23:59:59+00:00;11.51;;;;;;;;;
861116;treatment;after visit;2023-04-24 23:59:59+00:00;23.6;;;0.08;;;;;;
861116;treatment;after visit;2023-04-25 23:59:59+00:00;21.57;;;0.09;;;;;;
861116;treatment;after visit;2023-04-26 23:59:59+00:00;11.65;;;;;;;;;
861116;treatment;after visit;2023-04-27 23:59:59+00:00;6.78;;;0.05;;;;;;
861116;treatment;after visit;2023-04-28 23:59:59+00:00;6.43;;;;;;;;;
861116;treatment;after visit;2023-04-29 23:59:59+00:00;6.25;;;;;;;;;
861116;treatment;after visit;2023-04-30 23:59:59+00:00;10.02;;;;;;;;;
861116;treatment;after visit;2023-05-01 23:59:59+00:00;7.95;;;;;;;;;
861116;treatment;after visit;2023-05-02 23:59:59+00:00;5.88;;;;;;;;;
861116;treatment;after visit;2023-05-03 23:59:59+00:00;8.29;;;;;;;;;
861116;treatment;after visit;2023-05-04 23:59:59+00:00;5.2;;;;;;;;;
861116;treatment;after visit;2023-05-05 23:59:59+00:00;8.58;;;;;;;;;
861116;treatment;after visit;2023-05-06 23:59:59+00:00;5.0;;;;;;;;;
861116;treatment;after visit;2023-05-07 23:59:59+00:00;6.45;;;;;;;;;
861116;treatment;after visit;2023-05-08 23:59:59+00:00;7.59;;;;;;;;;
861116;treatment;after visit;2023-05-09 23:59:59+00:00;6.57;;;;;;;;;
861116;treatment;after visit;2023-05-10 23:59:59+00:00;7.11;;;;;;;;;
861116;treatment;after visit;2023-05-11 23:59:59+00:00;5.63;;;;;;;;;
861116;treatment;after visit;2023-05-12 23:59:59+00:00;10.33;;;0.07;;;;;;
861116;treatment;after visit;2023-05-13 23:59:59+00:00;13.06;;;;;;;;;
861116;treatment;after visit;2023-05-14 23:59:59+00:00;6.36;;;;;;;;;
861116;treatment;after visit;2023-05-15 23:59:59+00:00;6.25;;;;;;;;;
861116;treatment;after visit;2023-05-16 23:59:59+00:00;2.65;;;;;;;;;
861116;treatment;after visit;2023-05-17 23:59:59+00:00;1.81;;;;;;;;;
861116;treatment;after visit;2023-05-18 23:59:59+00:00;1.56;;;;;;;;;
861116;treatment;after visit;2023-05-19 23:59:59+00:00;2.0;;;;;;;;;
861116;treatment;after visit;2023-05-20 23:59:59+00:00;1.76;;;;;;;;;
861116;treatment;after visit;2023-05-21 23:59:59+00:00;1.75;;;;;;;;;
861116;treatment;after visit;2023-05-22 23:59:59+00:00;2.09;;;;;;;;;
861116;treatment;after visit;2023-05-23 23:59:59+00:00;4.69;;;;;;;;;
861116;treatment;after visit;2023-05-24 23:59:59+00:00;6.95;;;;;;;;;
861116;treatment;after visit;2023-05-25 23:59:59+00:00;5.34;;;;;;;;;
861116;treatment;after visit;2023-05-26 23:59:59+00:00;5.27;;;;;;;;;
861116;treatment;after visit;2023-05-27 23:59:59+00:00;4.32;;;;;;;;;
861116;treatment;after visit;2023-05-28 23:59:59+00:00;7.47;;;;;;;;;
861116;treatment;after visit;2023-05-29 23:59:59+00:00;6.89;;;;;;;;;
861116;treatment;after visit;2023-05-30 23:59:59+00:00;5.69;;;0.01;;;;;;
861116;treatment;after visit;2023-05-31 23:59:59+00:00;6.85;;;;;;;;;
861116;treatment;after visit;2023-06-01 23:59:59+00:00;8.27;;;0.12;;;;;;
861116;treatment;after visit;2023-06-02 23:59:59+00:00;6.24;;;0.03;;;;;;
861116;treatment;after visit;2023-06-03 23:59:59+00:00;7.83;;;0.01;;;;;;
861116;treatment;after visit;2023-06-04 23:59:59+00:00;6.52;;;;;;;;;
861116;treatment;after visit;2023-06-05 23:59:59+00:00;4.17;;;;;;;;;
861116;treatment;after visit;2023-06-06 23:59:59+00:00;6.16;;;;;;;;;
861116;treatment;after visit;2023-06-07 23:59:59+00:00;2.93;;;;;;;;;
861116;treatment;after visit;2023-06-08 23:59:59+00:00;3.16;;;;;;;;;
861116;treatment;after visit;2023-06-09 23:59:59+00:00;3.52;;;;;;;;;
861116;treatment;after visit;2023-06-10 23:59:59+00:00;2.6;;;;;;;;;
861116;treatment;after visit;2023-06-11 23:59:59+00:00;3.19;;;;;;;;;
861116;treatment;after visit;2023-06-12 23:59:59+00:00;8.4;;;;;;;;;
861116;treatment;after visit;2023-06-13 23:59:59+00:00;7.18;;;;;;;;;
861116;treatment;after visit;2023-06-14 23:59:59+00:00;6.84;;;;;;;;;
861116;treatment;after visit;2023-06-15 23:59:59+00:00;7.54;;;;;;;;;
861116;treatment;after visit;2023-06-16 23:59:59+00:00;5.58;;;;;;;;;
861116;treatment;after visit;2023-06-17 23:59:59+00:00;9.83;;;;;;;;;
861116;treatment;after visit;2023-06-18 23:59:59+00:00;4.77;;;;;;;;;
861116;treatment;after visit;2023-06-19 23:59:59+00:00;6.64;;;;;;;;;
861116;treatment;after visit;2023-06-20 23:59:59+00:00;6.13;;;;;;;;;
861116;treatment;after visit;2023-06-21 23:59:59+00:00;6.04;;;;;;;;;
861116;treatment;after visit;2023-06-22 23:59:59+00:00;7.51;;;;;;;;;
861116;treatment;after visit;2023-06-23 23:59:59+00:00;4.92;;;;;;;;;
861116;treatment;after visit;2023-06-24 23:59:59+00:00;5.02;;;;;;;;;
861116;treatment;after visit;2023-06-25 23:59:59+00:00;6.81;;;;;;;;;
861116;treatment;after visit;2023-06-26 23:59:59+00:00;7.16;;;;;;;;;
861116;treatment;after visit;2023-06-27 23:59:59+00:00;5.66;;;0.02;;;;;;
861116;treatment;after visit;2023-06-28 23:59:59+00:00;7.0;;;;;;;;;
861116;treatment;after visit;2023-06-29 23:59:59+00:00;5.37;;;0.01;;;;;;
861116;treatment;after visit;2023-06-30 23:59:59+00:00;7.39;;;0.01;;;;;;
861116;treatment;after visit;2023-07-01 23:59:59+00:00;6.78;;;;;;;;;
861116;treatment;after visit;2023-07-02 23:59:59+00:00;5.99;;;;;;;;;
861116;treatment;after visit;2023-07-03 23:59:59+00:00;11.9;;;0.08;;;;;;
861116;treatment;after visit;2023-07-04 23:59:59+00:00;7.06;;;;;;;;;
861116;treatment;after visit;2023-07-05 23:59:59+00:00;5.77;;;;;;;;;
861116;treatment;after visit;2023-07-06 23:59:59+00:00;5.96;;;0.02;;;;;;
861116;treatment;after visit;2023-07-07 23:59:59+00:00;5.75;;;;;;;;;
861116;treatment;after visit;2023-07-08 23:59:59+00:00;8.01;;;;;;;;;
861116;treatment;after visit;2023-07-09 23:59:59+00:00;7.14;;;0.02;;;;;;
861116;treatment;after visit;2023-07-10 23:59:59+00:00;6.38;;;0.01;;;;;;
861116;treatment;after visit;2023-07-11 23:59:59+00:00;8.36;;;0.02;;;;;;
861116;treatment;after visit;2023-07-12 23:59:59+00:00;8.61;;;;;;;;;
861116;treatment;after visit;2023-07-13 23:59:59+00:00;3.4;;;;;;;;;
861116;treatment;after visit;2023-07-14 23:59:59+00:00;2.76;;;;;;;;;
861116;treatment;after visit;2023-07-15 23:59:59+00:00;2.75;;;;;;;;;
861116;treatment;after visit;2023-07-16 23:59:59+00:00;2.73;;;;;;;;;
861116;treatment;after visit;2023-07-17 23:59:59+00:00;4.89;;;;;;;;;
861116;treatment;after visit;2023-07-18 23:59:59+00:00;7.47;;;;;;;;;
861116;treatment;after visit;2023-07-19 23:59:59+00:00;7.2;;;;;;;;;
861116;treatment;after visit;2023-07-20 23:59:59+00:00;5.11;;;;;;;;;
861116;treatment;after visit;2023-07-21 23:59:59+00:00;4.65;;;;;;;;;
861116;treatment;after visit;2023-07-22 23:59:59+00:00;6.24;;;;;;;;;
861116;treatment;after visit;2023-07-23 23:59:59+00:00;4.12;;;;;;;;;
861116;treatment;after visit;2023-07-24 23:59:59+00:00;8.55;;;;;;;;;
861116;treatment;after visit;2023-07-25 23:59:59+00:00;6.66;;;;;;;;;
861116;treatment;after visit;2023-07-26 23:59:59+00:00;6.72;;;;;;;;;
861116;treatment;after visit;2023-07-27 23:59:59+00:00;4.01;;;;;;;;;
861116;treatment;after visit;2023-07-28 23:59:59+00:00;6.97;;;;;;;;;
861116;treatment;after visit;2023-07-29 23:59:59+00:00;9.57;;;;;;;;;
861116;treatment;after visit;2023-07-30 23:59:59+00:00;7.26;;;;;;;;;
861116;treatment;after visit;2023-07-31 23:59:59+00:00;5.47;;;0.02;;;;;;
861116;treatment;after visit;2023-08-01 23:59:59+00:00;9.79;;;0.09;;;;;;
861116;treatment;after visit;2023-08-02 23:59:59+00:00;7.62;;;0.05;;;;;;
861116;treatment;after visit;2023-08-03 23:59:59+00:00;5.52;;;;;;;;;
861116;treatment;after visit;2023-08-04 23:59:59+00:00;6.02;;;;;;;;;
861116;treatment;after visit;2023-08-05 23:59:59+00:00;10.7;;;;;;;;;
861116;treatment;after visit;2023-08-06 23:59:59+00:00;6.05;;;;;;;;;
861116;treatment;after visit;2023-08-07 23:59:59+00:00;5.49;;;;;;;;;
861116;treatment;after visit;2023-08-08 23:59:59+00:00;4.67;;;;;;;;;
861116;treatment;after visit;2023-08-09 23:59:59+00:00;5.69;;;;;;;;;
861116;treatment;after visit;2023-08-10 23:59:59+00:00;2.59;;;;;;;;;
861116;treatment;after visit;2023-08-11 23:59:59+00:00;2.19;;;;;;;;;
861116;treatment;after visit;2023-08-12 23:59:59+00:00;2.17;;;;;;;;;
861116;treatment;after visit;2023-08-13 23:59:59+00:00;2.27;;;;;;;;;
861116;treatment;after visit;2023-08-14 23:59:59+00:00;2.23;;;;;;;;;
861116;treatment;after visit;2023-08-15 23:59:59+00:00;2.18;;;;;;;;;
861116;treatment;after visit;2023-08-16 23:59:59+00:00;2.41;;;;;;;;;
861116;treatment;after visit;2023-08-17 23:59:59+00:00;2.32;;;;;;;;;
861116;treatment;after visit;2023-08-18 23:59:59+00:00;2.43;;;;;;;;;
861116;treatment;after visit;2023-08-19 23:59:59+00:00;2.66;;;;;;;;;
861116;treatment;after visit;2023-08-20 23:59:59+00:00;2.43;;;;;;;;;
861116;treatment;after visit;2023-08-21 23:59:59+00:00;3.39;;;;;;;;;
861116;treatment;after visit;2023-08-22 23:59:59+00:00;2.51;;;;;;;;;
861116;treatment;after visit;2023-08-23 23:59:59+00:00;2.57;;;;;;;;;
861116;treatment;after visit;2023-08-24 23:59:59+00:00;2.58;;;;;;;;;
861116;treatment;after visit;2023-08-25 23:59:59+00:00;2.47;;;;;;;;;
861116;treatment;after visit;2023-08-26 23:59:59+00:00;2.46;;;;;;;;;
861116;treatment;after visit;2023-08-27 23:59:59+00:00;2.42;;;;;;;;;
861116;treatment;after visit;2023-08-28 23:59:59+00:00;2.41;;;;;;;;;
861116;treatment;after visit;2023-08-29 23:59:59+00:00;2.32;;;;;;;;;
861116;treatment;after visit;2023-08-30 23:59:59+00:00;2.17;;;;;;;;;
861116;treatment;after visit;2023-08-31 23:59:59+00:00;2.32;;;;;;;;;
861116;treatment;after visit;2023-09-01 23:59:59+00:00;5.09;;;;;;;;;
861116;treatment;after visit;2023-09-02 23:59:59+00:00;9.9;;;;;;;;;
861116;treatment;after visit;2023-09-03 23:59:59+00:00;5.56;;;;;;;;;
861116;treatment;after visit;2023-09-04 23:59:59+00:00;6.49;;;;;;;;;
861116;treatment;after visit;2023-09-05 23:59:59+00:00;7.13;;;;;;;;;
861116;treatment;after visit;2023-09-06 23:59:59+00:00;8.89;;;;;;;;;
861116;treatment;after visit;2023-09-07 23:59:59+00:00;5.95;;;;;;;;;
861116;treatment;after visit;2023-09-08 23:59:59+00:00;7.28;;;;;;;;;
861116;treatment;after visit;2023-09-09 23:59:59+00:00;7.44;;;;;;;;;
861116;treatment;after visit;2023-09-10 23:59:59+00:00;6.19;;;;;;;;;
861116;treatment;after visit;2023-09-11 23:59:59+00:00;6.32;;;;;;;;;
861116;treatment;after visit;2023-09-12 23:59:59+00:00;6.34;;;;;;;;;
861116;treatment;after visit;2023-09-13 23:59:59+00:00;7.74;;;;;;;;;
861116;treatment;after visit;2023-09-14 23:59:59+00:00;5.48;;;;;;;;;
861116;treatment;after visit;2023-09-15 23:59:59+00:00;5.59;;;;;;;;;
861116;treatment;after visit;2023-09-16 23:59:59+00:00;7.03;;;;;;;;;
861116;treatment;after visit;2023-09-17 23:59:59+00:00;5.5;;;;;;;;;
861116;treatment;after visit;2023-09-18 23:59:59+00:00;7.13;;;;;;;;;
861116;treatment;after visit;2023-09-19 23:59:59+00:00;5.15;;;;;;;;;
861116;treatment;after visit;2023-09-20 23:59:59+00:00;7.02;;;;;;;;;
861116;treatment;after visit;2023-09-21 23:59:59+00:00;5.01;;;;;;;;;
861116;treatment;after visit;2023-09-22 23:59:59+00:00;3.79;;;;;;;;;
861116;treatment;after visit;2023-09-23 23:59:59+00:00;9.98;;;;;;;;;
861116;treatment;after visit;2023-09-24 23:59:59+00:00;5.47;;;;;;;;;
861116;treatment;after visit;2023-09-25 23:59:59+00:00;8.55;;;0.12;;;;;;
861116;treatment;after visit;2023-09-26 23:59:59+00:00;4.59;;;;;;;;;
861116;treatment;after visit;2023-09-27 23:59:59+00:00;3.13;;;;;;;;;
861116;treatment;after visit;2023-09-28 23:59:59+00:00;6.28;;;0.09;;;;;;
861116;treatment;after visit;2023-09-29 23:59:59+00:00;5.29;;;;;;;;;
861116;treatment;after visit;2023-09-30 23:59:59+00:00;8.58;;;0.06;;;;;;
861116;treatment;after visit;2023-10-01 23:59:59+00:00;4.05;;;;;;;;;
861116;treatment;after visit;2023-10-02 23:59:59+00:00;3.9;;;;;;;;;
861116;treatment;after visit;2023-10-03 23:59:59+00:00;6.05;;;;;;;;;
861116;treatment;after visit;2023-10-04 23:59:59+00:00;7.54;;;;;;;;;
861116;treatment;after visit;2023-10-05 23:59:59+00:00;3.88;;;;;;;;;
861116;treatment;after visit;2023-10-06 23:59:59+00:00;6.53;;;;;;;;;
861116;treatment;after visit;2023-10-07 23:59:59+00:00;2.91;;;;;;;;;
861116;treatment;after visit;2023-10-08 23:59:59+00:00;2.03;;;;;;;;;
861116;treatment;after visit;2023-10-09 23:59:59+00:00;1.99;;;;;;;;;
861116;treatment;after visit;2023-10-10 23:59:59+00:00;2.06;;;;;;;;;
861116;treatment;after visit;2023-10-11 23:59:59+00:00;2.05;;;;;;;;;
861116;treatment;after visit;2023-10-12 23:59:59+00:00;2.01;;;;;;;;;
861116;treatment;after visit;2023-10-13 23:59:59+00:00;2.03;;;;;;;;;
861116;treatment;after visit;2023-10-14 23:59:59+00:00;8.1;;;;;;;;;
861116;treatment;after visit;2023-10-15 23:59:59+00:00;10.53;;;;;;;;;
861116;treatment;after visit;2023-10-16 23:59:59+00:00;5.09;;;;;;;;;
861116;treatment;after visit;2023-10-17 23:59:59+00:00;7.54;;;;;;;;;
861116;treatment;after visit;2023-10-18 23:59:59+00:00;6.93;;;;;;;;;
861116;treatment;after visit;2023-10-19 23:59:59+00:00;12.95;;;;;;;;;
861116;treatment;after visit;2023-10-20 23:59:59+00:00;17.98;;;0.02;;;;;;
861116;treatment;after visit;2023-10-21 23:59:59+00:00;19.7;;;;;;;;;
861116;treatment;after visit;2023-10-22 23:59:59+00:00;14.41;;;;;;;;;
861116;treatment;after visit;2023-10-23 23:59:59+00:00;19.9;;;;;;;;;
861116;treatment;after visit;2023-10-24 23:59:59+00:00;21.1;;;0.07;;;;;;
861116;treatment;after visit;2023-10-25 23:59:59+00:00;17.78;;;;;;;;;
861116;treatment;after visit;2023-10-26 23:59:59+00:00;19.1;;;;;;;;;
861116;treatment;after visit;2023-10-27 23:59:59+00:00;18.06;;;;;;;;;
861116;treatment;after visit;2023-10-28 23:59:59+00:00;17.48;;;;;;;;;
861116;treatment;after visit;2023-10-29 23:59:59+00:00;15.42;;;;;;;;;
861116;treatment;after visit;2023-10-30 23:59:59+00:00;19.4;;;;;;;;;
861116;treatment;after visit;2023-10-31 23:59:59+00:00;17.25;;;;;;;;;
861116;treatment;after visit;2023-11-01 23:59:59+00:00;25.67;;;;;;;;;
861116;treatment;after visit;2023-11-02 23:59:59+00:00;23.85;;;;;;;;;
861116;treatment;after visit;2023-11-03 23:59:59+00:00;24.25;;;;;;;;;
861116;treatment;after visit;2023-11-04 23:59:59+00:00;18.48;;;;;;;;;
861116;treatment;after visit;2023-11-05 23:59:59+00:00;26.89;;;;;;;;;
861116;treatment;after visit;2023-11-06 23:59:59+00:00;30.57;;;;;;;;;
861116;treatment;after visit;2023-11-07 23:59:59+00:00;27.24;;;;;;;;;
861116;treatment;after visit;2023-11-08 23:59:59+00:00;24.15;;;;;;;;;
861116;treatment;after visit;2023-11-09 23:59:59+00:00;21.14;;;;;;;;;
861116;treatment;after visit;2023-11-10 23:59:59+00:00;22.95;;;0.11;;;;;;
861116;treatment;after visit;2023-11-11 23:59:59+00:00;25.67;;;;;;;;;
861116;treatment;after visit;2023-11-12 23:59:59+00:00;27.82;;;;;;;;;
861116;treatment;after visit;2023-11-13 23:59:59+00:00;23.06;;;;;;;;;
861116;treatment;after visit;2023-11-14 23:59:59+00:00;29.68;;;;;;;;;
861116;treatment;after visit;2023-11-15 23:59:59+00:00;27.88;;;;;;;;;
861116;treatment;after visit;2023-11-16 23:59:59+00:00;22.8;;;;;;;;;
861116;treatment;after visit;2023-11-17 23:59:59+00:00;22.97;;;;;;;;;
861116;treatment;after visit;2023-11-18 23:59:59+00:00;25.27;;;;;;;;;
861116;treatment;after visit;2023-11-19 23:59:59+00:00;25.53;;;;;;;;;
861116;treatment;after visit;2023-11-20 23:59:59+00:00;32.6;;;;;;;;;
861116;treatment;after visit;2023-11-21 23:59:59+00:00;22.05;;;;;;;;;
861116;treatment;after visit;2023-11-22 23:59:59+00:00;27.63;;;;;;;;;
861116;treatment;after visit;2023-11-23 23:59:59+00:00;29.52;;;;;;;;;
861116;treatment;after visit;2023-11-24 23:59:59+00:00;32.9;;;;;;;;;
861116;treatment;after visit;2023-11-25 23:59:59+00:00;26.64;;;;;;;;;
861116;treatment;after visit;2023-11-26 23:59:59+00:00;43.64;;;;;;;;;
861116;treatment;after visit;2023-11-27 23:59:59+00:00;33.05;;;;;;;;;
861116;treatment;after visit;2023-11-28 23:59:59+00:00;49.75;;;;;;;;;
861116;treatment;after visit;2023-11-29 23:59:59+00:00;34.36;;;;;;;;;
861116;treatment;after visit;2023-11-30 23:59:59+00:00;38.32;;;;;;;;;
861116;treatment;after visit;2023-12-01 23:59:59+00:00;41.24;;;;;;;;;
861116;treatment;after visit;2023-12-02 23:59:59+00:00;45.87;;;;;;;;;
861116;treatment;after visit;2023-12-03 23:59:59+00:00;43.62;;;;;;;;;
861116;treatment;after visit;2023-12-04 23:59:59+00:00;35.31;;;;;;;;;
861116;treatment;after visit;2023-12-05 23:59:59+00:00;36.91;;;;;;;;;
861116;treatment;after visit;2023-12-06 23:59:59+00:00;33.97;;;;;;;;;
861116;treatment;after visit;2023-12-07 23:59:59+00:00;33.6;;;;;;;;;
861116;treatment;after visit;2023-12-08 23:59:59+00:00;35.53;;;;;;;;;
861116;treatment;after visit;2023-12-09 23:59:59+00:00;37.61;;;;;;;;;
861116;treatment;after visit;2023-12-10 23:59:59+00:00;32.18;;;;;;;;;
861116;treatment;after visit;2023-12-11 23:59:59+00:00;30.75;;;;;;;;;
861116;treatment;after visit;2023-12-12 23:59:59+00:00;36.39;;;;;;;;;
861116;treatment;after visit;2023-12-13 23:59:59+00:00;35.77;;;;;;;;;
861116;treatment;after visit;2023-12-14 23:59:59+00:00;37.65;;;;;;;;;
861116;treatment;after visit;2023-12-15 23:59:59+00:00;32.18;;;;;;;;;
861116;treatment;after visit;2023-12-16 23:59:59+00:00;42.47;;;;;;;;;
861116;treatment;after visit;2023-12-17 23:59:59+00:00;37.7;;;;;;;;;
861116;treatment;after visit;2023-12-18 23:59:59+00:00;35.44;;;0.01;;;;;;
861116;treatment;after visit;2023-12-19 23:59:59+00:00;39.11;;;0.03;;;;;;
861116;treatment;after visit;2023-12-20 23:59:59+00:00;32.97;;;0.02;;;;;;
861116;treatment;after visit;2023-12-21 23:59:59+00:00;31.14;;;;;;;;;
861116;treatment;after visit;2023-12-22 23:59:59+00:00;40.51;;;0.03;;;;;;
861116;treatment;after visit;2023-12-23 23:59:59+00:00;43.22;;;0.08;;;;;;
861116;treatment;after visit;2023-12-24 23:59:59+00:00;42.23;;;0.01;;;;;;
861116;treatment;after visit;2023-12-25 23:59:59+00:00;23.27;;;;;;;;;
861116;treatment;after visit;2023-12-26 23:59:59+00:00;30.99;;;;;;;;;
861116;treatment;after visit;2023-12-27 23:59:59+00:00;29.84;;;;;;;;;
861116;treatment;after visit;2023-12-28 23:59:59+00:00;29.36;;;;;;;;;
861116;treatment;after visit;2023-12-29 23:59:59+00:00;29.88;;;;;;;;;
861116;treatment;after visit;2023-12-30 23:59:59+00:00;33.0;;;;;;;;;
861116;treatment;after visit;2023-12-31 23:59:59+00:00;28.07;;;;;;;;;
861116;treatment;after visit;2024-01-01 23:59:59+00:00;31.83;;;;;;;;;
861116;treatment;after visit;2024-01-02 23:59:59+00:00;29.69;;;;;;;;;
861116;treatment;after visit;2024-01-03 23:59:59+00:00;26.85;;;;;;;;;
861116;treatment;after visit;2024-01-04 23:59:59+00:00;34.25;;;;;;;;;
861116;treatment;after visit;2024-01-05 23:59:59+00:00;34.7;;;;;;;;;
861116;treatment;after visit;2024-01-06 23:59:59+00:00;42.75;;;;;;;;;
861116;treatment;after visit;2024-01-07 23:59:59+00:00;52.12;;;;;;;;;
861116;treatment;after visit;2024-01-08 23:59:59+00:00;42.24;;;;;;;;;
861116;treatment;after visit;2024-01-09 23:59:59+00:00;39.81;;;;;;;;;
861116;treatment;after visit;2024-01-10 23:59:59+00:00;36.09;;;;;;;;;
861116;treatment;after visit;2024-01-11 23:59:59+00:00;35.42;;;;;;;;;
861116;treatment;after visit;2024-01-12 23:59:59+00:00;38.73;;;;;;;;;
861116;treatment;after visit;2024-01-13 23:59:59+00:00;45.26;;;;;;;;;
861116;treatment;after visit;2024-01-14 23:59:59+00:00;31.67;;;;;;;;;
861116;treatment;after visit;2024-01-15 23:59:59+00:00;27.81;;;;;;;;;
861116;treatment;after visit;2024-01-16 23:59:59+00:00;35.65;;;;;;;;;
861116;treatment;after visit;2024-01-17 23:59:59+00:00;21.95;;;;;;;;;
861116;treatment;after visit;2024-01-18 23:59:59+00:00;20.64;;;;;;;;;
861116;treatment;after visit;2024-01-19 23:59:59+00:00;33.14;;;;;;;;;
861116;treatment;after visit;2024-01-20 23:59:59+00:00;35.36;;;;;;;;;
861116;treatment;after visit;2024-01-21 23:59:59+00:00;32.85;;;;;;;;;
861116;treatment;after visit;2024-01-22 23:59:59+00:00;42.57;;;;;;;;;
861116;treatment;after visit;2024-01-23 23:59:59+00:00;34.25;;;;;;;;;
861116;treatment;after visit;2024-01-24 23:59:59+00:00;31.64;;;;;;;;;
861116;treatment;after visit;2024-01-25 23:59:59+00:00;35.45;;;;;;;;;
861116;treatment;after visit;2024-01-26 23:59:59+00:00;37.92;;;;;;;;;
861116;treatment;after visit;2024-01-27 23:59:59+00:00;33.57;;;;;;;;;
861116;treatment;after visit;2024-01-28 23:59:59+00:00;35.59;;;;;;;;;
861116;treatment;after visit;2024-01-29 23:59:59+00:00;30.82;;;;;;;;;
861116;treatment;after visit;2024-01-30 23:59:59+00:00;34.74;;;;;;;;;
861116;treatment;after visit;2024-01-31 23:59:59+00:00;26.47;;;;;;;;;
861116;treatment;after visit;2024-02-01 23:59:59+00:00;30.5;;;;;;;;;
861116;treatment;after visit;2024-02-02 23:59:59+00:00;22.34;;;;;;;;;
861116;treatment;after visit;2024-02-03 23:59:59+00:00;20.56;;;;;;;;;
861116;treatment;after visit;2024-02-04 23:59:59+00:00;22.96;;;;;;;;;
861116;treatment;after visit;2024-02-05 23:59:59+00:00;22.33;;;;;;;;;
861116;treatment;after visit;2024-02-06 23:59:59+00:00;24.46;;;;;;;;;
861116;treatment;after visit;2024-02-07 23:59:59+00:00;21.38;;;;;;;;;
861116;treatment;after visit;2024-02-08 23:59:59+00:00;20.8;;;;;;;;;
861116;treatment;after visit;2024-02-09 23:59:59+00:00;27.9;;;;;;;;;
861116;treatment;after visit;2024-02-10 23:59:59+00:00;31.99;;;;;;;;;
861116;treatment;after visit;2024-02-11 23:59:59+00:00;31.21;;;;;;;;;
861116;treatment;after visit;2024-02-12 23:59:59+00:00;31.36;;;;;;;;;
861116;treatment;after visit;2024-02-13 23:59:59+00:00;28.03;;;;;;;;;
861116;treatment;after visit;2024-02-14 23:59:59+00:00;22.96;;;;;;;;;
861116;treatment;after visit;2024-02-15 23:59:59+00:00;21.67;;;;;;;;;
861116;treatment;after visit;2024-02-16 23:59:59+00:00;22.72;;;0.04;;;;;;
861116;treatment;after visit;2024-02-17 23:59:59+00:00;24.55;;;;;;;;;
861116;treatment;after visit;2024-02-18 23:59:59+00:00;30.31;;;;;;;;;
861116;treatment;after visit;2024-02-19 23:59:59+00:00;28.39;;;;;;;;;
861116;treatment;after visit;2024-02-20 23:59:59+00:00;28.11;;;;;;;;;
861116;treatment;after visit;2024-02-21 23:59:59+00:00;22.38;;;;;;;;;
861116;treatment;after visit;2024-02-22 23:59:59+00:00;29.82;;;;;;;;;
861116;treatment;after visit;2024-02-23 23:59:59+00:00;32.18;;;;;;;;;
861116;treatment;after visit;2024-02-24 23:59:59+00:00;29.33;;;;;;;;;
861116;treatment;after visit;2024-02-25 23:59:59+00:00;24.11;;;;;;;;;
861116;treatment;after visit;2024-02-26 23:59:59+00:00;25.89;;;;;;;;;
861116;treatment;after visit;2024-02-27 23:59:59+00:00;26.44;;;;;;;;;
861116;treatment;after visit;2024-02-28 23:59:59+00:00;28.0;;;;;;;;;
861116;treatment;after visit;2024-02-29 23:59:59+00:00;28.2;;;;;;;;;
861116;treatment;after visit;2024-03-01 23:59:59+00:00;25.55;;;;;;;;;
861116;treatment;after visit;2024-03-02 23:59:59+00:00;27.82;;;;;;;;;
861116;treatment;after visit;2024-03-03 23:59:59+00:00;21.83;;;;;;;;;
861116;treatment;after visit;2024-03-04 23:59:59+00:00;31.87;;;;;;;;;
861116;treatment;after visit;2024-03-05 23:59:59+00:00;29.92;;;;;;;;;
861116;treatment;after visit;2024-03-06 23:59:59+00:00;29.4;;;;;;;;;
861116;treatment;after visit;2024-03-07 23:59:59+00:00;29.94;;;;;;;;;
861116;treatment;after visit;2024-03-08 23:59:59+00:00;26.57;;;;;;;;;
861116;treatment;after visit;2024-03-09 23:59:59+00:00;27.2;;;0.01;;;;;;
861116;treatment;after visit;2024-03-10 23:59:59+00:00;30.79;;;;;;;;;
861116;treatment;after visit;2024-03-11 23:59:59+00:00;26.4;;;0.03;;;;;;
861116;treatment;after visit;2024-03-12 23:59:59+00:00;27.55;;;;;;;;;
861116;treatment;after visit;2024-03-13 23:59:59+00:00;27.35;;;;;;;;;
861116;treatment;after visit;2024-03-14 23:59:59+00:00;23.76;;;;;;;;;
861116;treatment;after visit;2024-03-15 23:59:59+00:00;20.85;;;;;;;;;
861116;treatment;after visit;2024-03-16 23:59:59+00:00;25.84;;;;;;;;;
861116;treatment;after visit;2024-03-17 23:59:59+00:00;19.44;;;;;;;;;
861116;treatment;after visit;2024-03-18 23:59:59+00:00;24.86;;;0.04;;;;;;
861116;treatment;after visit;2024-03-19 23:59:59+00:00;18.0;;;;;;;;;
861116;treatment;after visit;2024-03-20 23:59:59+00:00;16.1;;;;;;;;;
