Household_ID;Group;AffectsTimePoint;Timestamp;kWh_received_Total;kWh_received_HeatPump;kWh_received_Other;kWh_returned_Total;kvarh_received_capacitive_Total;kvarh_received_capacitive_HeatPump;kvarh_received_capacitive_Other;kvarh_received_inductive_Total;kvarh_received_inductive_HeatPump;kvarh_received_inductive_Other
996610;treatment;before visit;2019-03-22 23:59:59+00:00;;26.54;;;;0.71;;;0.3;
996610;treatment;before visit;2019-03-23 23:59:59+00:00;;16.66;;;;0.77;;;0.27;
996610;treatment;before visit;2019-03-24 23:59:59+00:00;;25.8;;;;0.46;;;0.69;
996610;treatment;before visit;2019-03-25 23:59:59+00:00;;22.76;;;;0.3;;;0.63;
996610;treatment;before visit;2019-03-26 23:59:59+00:00;;23.6;;;;0.77;;;0.29;
996610;treatment;before visit;2019-03-27 23:59:59+00:00;;21.59;;;;0.93;;;0.25;
996610;treatment;before visit;2019-03-28 23:59:59+00:00;;18.42;;;;0.8;;;0.28;
996610;treatment;before visit;2019-03-29 23:59:59+00:00;;20.79;;;;0.69;;;0.45;
996610;treatment;before visit;2019-03-30 23:59:59+00:00;;21.64;;;;0.71;;;0.35;
996610;treatment;before visit;2019-03-31 23:59:59+00:00;;22.32;;;;0.54;;;0.56;
996610;treatment;before visit;2019-04-01 23:59:59+00:00;;25.83;;;;0.31;;;0.73;
996610;treatment;before visit;2019-04-02 23:59:59+00:00;;36.16;;;;0.67;;;0.38;
996610;treatment;before visit;2019-04-03 23:59:59+00:00;;21.69;;;;0.55;;;0.63;
996610;treatment;before visit;2019-04-04 23:59:59+00:00;;19.74;;;;0.6;;;0.43;
996610;treatment;before visit;2019-04-05 23:59:59+00:00;;25.13;;;;0.62;;;0.44;
996610;treatment;before visit;2019-04-06 23:59:59+00:00;;34.63;;;;1.31;;;0.21;
996610;treatment;before visit;2019-04-07 23:59:59+00:00;;8.67;;;;0.55;;;0.24;
996610;treatment;before visit;2019-04-08 23:59:59+00:00;;5.1;;;;0.53;;;0.22;
996610;treatment;before visit;2019-04-09 23:59:59+00:00;;5.38;;;;0.54;;;0.25;
996610;treatment;before visit;2019-04-10 23:59:59+00:00;;5.12;;;;0.56;;;0.22;
996610;treatment;before visit;2019-04-11 23:59:59+00:00;;5.25;;;;0.56;;;0.22;
996610;treatment;before visit;2019-04-12 23:59:59+00:00;;5.15;;;;0.56;;;0.23;
996610;treatment;before visit;2019-04-13 23:59:59+00:00;;4.83;;;;0.6;;;0.21;
996610;treatment;before visit;2019-04-14 23:59:59+00:00;;29.03;;;;0.66;;;0.3;
996610;treatment;before visit;2019-04-15 23:59:59+00:00;;30.16;;;;0.68;;;0.44;
996610;treatment;before visit;2019-04-16 23:59:59+00:00;;28.54;;;;0.6;;;0.56;
996610;treatment;before visit;2019-04-17 23:59:59+00:00;;14.04;;;;0.47;;;0.41;
996610;treatment;before visit;2019-04-18 23:59:59+00:00;;5.1;;;;0.47;;;0.27;
996610;treatment;before visit;2019-04-19 23:59:59+00:00;;5.16;;;;0.48;;;0.25;
996610;treatment;before visit;2019-04-20 23:59:59+00:00;;5.43;;;;0.46;;;0.26;
996610;treatment;before visit;2019-04-21 23:59:59+00:00;;5.51;;;;0.46;;;0.26;
996610;treatment;before visit;2019-04-22 23:59:59+00:00;;5.43;;;;0.48;;;0.27;
996610;treatment;before visit;2019-04-23 23:59:59+00:00;;21.09;;;;0.32;;;0.66;
996610;treatment;before visit;2019-04-24 23:59:59+00:00;;19.78;;;;0.51;;;1.13;
996610;treatment;before visit;2019-04-25 23:59:59+00:00;;19.18;;;;0.61;;;0.51;
996610;treatment;before visit;2019-04-26 23:59:59+00:00;;10.55;;;;0.71;;;0.43;
996610;treatment;before visit;2019-04-27 23:59:59+00:00;;12.96;;;;1.14;;;0.13;
996610;treatment;before visit;2019-04-28 23:59:59+00:00;;26.37;;;;0.88;;;0.27;
996610;treatment;before visit;2019-04-29 23:59:59+00:00;;20.08;;;;0.71;;;0.51;
996610;treatment;before visit;2019-04-30 23:59:59+00:00;;20.39;;;;0.79;;;0.38;
996610;treatment;before visit;2019-05-01 23:59:59+00:00;;26.35;;;;1.0;;;0.51;
996610;treatment;before visit;2019-05-02 23:59:59+00:00;;35.86;;;;1.1;;;0.26;
996610;treatment;before visit;2019-05-03 23:59:59+00:00;;26.98;;;;0.82;;;0.31;
996610;treatment;before visit;2019-05-04 23:59:59+00:00;;13.9;;;;0.78;;;0.21;
996610;treatment;before visit;2019-05-05 23:59:59+00:00;;17.54;;;;0.89;;;0.19;
996610;treatment;before visit;2019-05-06 23:59:59+00:00;;23.77;;;;0.88;;;0.29;
996610;treatment;before visit;2019-05-07 23:59:59+00:00;;25.69;;;;0.87;;;0.19;
996610;treatment;before visit;2019-05-08 23:59:59+00:00;;34.54;;;;0.94;;;0.25;
996610;treatment;before visit;2019-05-09 23:59:59+00:00;;21.37;;;;0.99;;;0.29;
996610;treatment;before visit;2019-05-10 23:59:59+00:00;;20.36;;;;1.1;;;0.17;
996610;treatment;before visit;2019-05-11 23:59:59+00:00;;21.2;;;;0.99;;;0.18;
996610;treatment;before visit;2019-05-12 23:59:59+00:00;;22.84;;;;0.69;;;0.48;
996610;treatment;before visit;2019-05-13 23:59:59+00:00;;26.07;;;;0.69;;;0.37;
996610;treatment;before visit;2019-05-14 23:59:59+00:00;;22.27;;;;1.03;;;0.14;
996610;treatment;before visit;2019-05-15 23:59:59+00:00;;23.4;;;;0.62;;;0.49;
996610;treatment;before visit;2019-05-16 23:59:59+00:00;;16.48;;;;1.02;;;0.16;
996610;treatment;before visit;2019-05-17 23:59:59+00:00;;14.22;;;;0.73;;;0.3;
996610;treatment;before visit;2019-05-18 23:59:59+00:00;;5.61;;;;0.56;;;0.25;
996610;treatment;before visit;2019-05-19 23:59:59+00:00;;10.6;;;;0.52;;;0.35;
996610;treatment;before visit;2019-05-20 23:59:59+00:00;;25.24;;;;0.6;;;0.68;
996610;treatment;before visit;2019-05-21 23:59:59+00:00;;34.95;;;;0.52;;;0.61;
996610;treatment;before visit;2019-05-22 23:59:59+00:00;;24.12;;;;0.64;;;0.58;
996610;treatment;before visit;2019-05-23 23:59:59+00:00;;21.77;;;;0.63;;;0.43;
996610;treatment;before visit;2019-05-24 23:59:59+00:00;;19.47;;;;0.74;;;0.32;
996610;treatment;before visit;2019-05-25 23:59:59+00:00;;18.98;;;;0.89;;;0.22;
996610;treatment;before visit;2019-05-26 23:59:59+00:00;;16.68;;;;0.64;;;0.3;
996610;treatment;before visit;2019-05-27 23:59:59+00:00;;27.02;;;;0.26;;;0.88;
996610;treatment;before visit;2019-05-28 23:59:59+00:00;;30.98;;;;0.27;;;0.82;
996610;treatment;before visit;2019-05-29 23:59:59+00:00;;20.33;;;;0.39;;;0.58;
996610;treatment;before visit;2019-05-30 23:59:59+00:00;;21.44;;;;0.39;;;0.76;
996610;treatment;before visit;2019-05-31 23:59:59+00:00;;31.27;;;;0.42;;;0.46;
996610;treatment;before visit;2019-06-01 23:59:59+00:00;;24.37;;;;0.34;;;0.85;
996610;treatment;before visit;2019-06-02 23:59:59+00:00;;15.87;;;;0.38;;;0.48;
996610;treatment;before visit;2019-06-03 23:59:59+00:00;;25.53;;;;0.44;;;0.52;
996610;treatment;before visit;2019-06-04 23:59:59+00:00;;26.03;;;;0.3;;;0.66;
996610;treatment;before visit;2019-06-05 23:59:59+00:00;;20.12;;;;0.68;;;0.42;
996610;treatment;before visit;2019-06-06 23:59:59+00:00;;17.99;;;;0.69;;;0.49;
996610;treatment;before visit;2019-06-07 23:59:59+00:00;;16.07;;;;0.56;;;0.39;
996610;treatment;before visit;2019-06-08 23:59:59+00:00;;10.1;;;;0.35;;;0.35;
996610;treatment;before visit;2019-06-09 23:59:59+00:00;;5.47;;;;0.38;;;0.33;
996610;treatment;before visit;2019-06-10 23:59:59+00:00;;15.11;;;;0.34;;;0.47;
996610;treatment;before visit;2019-06-11 23:59:59+00:00;;25.57;;;;0.58;;;0.56;
996610;treatment;before visit;2019-06-12 23:59:59+00:00;;20.77;;;;0.64;;;0.41;
996610;treatment;before visit;2019-06-13 23:59:59+00:00;;23.26;;;;0.76;;;0.32;
996610;treatment;before visit;2019-06-14 23:59:59+00:00;;25.48;;;;0.75;;;0.48;
996610;treatment;before visit;2019-06-15 23:59:59+00:00;;24.75;;;;0.86;;;0.35;
996610;treatment;before visit;2019-06-16 23:59:59+00:00;;20.41;;;;0.49;;;0.7;
996610;treatment;before visit;2019-06-17 23:59:59+00:00;;24.42;;;;0.32;;;0.74;
996610;treatment;before visit;2019-06-18 23:59:59+00:00;;23.27;;;;0.35;;;0.46;
996610;treatment;before visit;2019-06-19 23:59:59+00:00;;21.19;;;;0.32;;;0.78;
996610;treatment;before visit;2019-06-20 23:59:59+00:00;;18.68;;;;0.35;;;0.79;
996610;treatment;before visit;2019-06-21 23:59:59+00:00;;25.49;;;;0.37;;;0.84;
996610;treatment;before visit;2019-06-22 23:59:59+00:00;;7.1;;;;0.44;;;0.38;
996610;treatment;before visit;2019-06-23 23:59:59+00:00;;6.19;;;;0.53;;;0.3;
996610;treatment;before visit;2019-06-24 23:59:59+00:00;;5.88;;;;0.47;;;0.32;
996610;treatment;before visit;2019-06-25 23:59:59+00:00;;25.45;;;;0.44;;;0.46;
996610;treatment;before visit;2019-06-26 23:59:59+00:00;;18.12;;;;0.29;;;0.77;
996610;treatment;before visit;2019-06-27 23:59:59+00:00;;16.93;;;;0.65;;;0.83;
996610;treatment;before visit;2019-06-28 23:59:59+00:00;;23.54;;;;0.42;;;3.94;
996610;treatment;before visit;2019-06-29 23:59:59+00:00;;16.47;;;;0.61;;;0.35;
996610;treatment;before visit;2019-06-30 23:59:59+00:00;;22.57;;;;0.72;;;0.3;
996610;treatment;before visit;2019-07-01 23:59:59+00:00;;28.22;;;;0.59;;;0.71;
996610;treatment;before visit;2019-07-02 23:59:59+00:00;;29.19;;;;0.33;;;4.0;
996610;treatment;before visit;2019-07-03 23:59:59+00:00;;15.05;;;;0.73;;;0.69;
996610;treatment;before visit;2019-07-04 23:59:59+00:00;;17.57;;;;0.74;;;0.33;
996610;treatment;before visit;2019-07-05 23:59:59+00:00;;24.76;;;;0.71;;;0.67;
996610;treatment;before visit;2019-07-06 23:59:59+00:00;;13.3;;;;0.72;;;0.3;
996610;treatment;before visit;2019-07-07 23:59:59+00:00;;20.09;;;;0.43;;;0.85;
996610;treatment;before visit;2019-07-08 23:59:59+00:00;;21.72;;;;0.55;;;0.41;
996610;treatment;before visit;2019-07-09 23:59:59+00:00;;21.11;;;;0.85;;;0.39;
996610;treatment;before visit;2019-07-10 23:59:59+00:00;;17.5;;;;0.64;;;0.45;
996610;treatment;before visit;2019-07-11 23:59:59+00:00;;24.79;;;;0.57;;;0.55;
996610;treatment;before visit;2019-07-12 23:59:59+00:00;;28.61;;;;0.63;;;0.5;
996610;treatment;before visit;2019-07-13 23:59:59+00:00;;17.69;;;;0.63;;;0.47;
996610;treatment;before visit;2019-07-14 23:59:59+00:00;;26.91;;;;0.91;;;0.32;
996610;treatment;before visit;2019-07-15 23:59:59+00:00;;21.59;;;;0.6;;;0.53;
996610;treatment;before visit;2019-07-16 23:59:59+00:00;;17.23;;;;0.71;;;0.33;
996610;treatment;before visit;2019-07-17 23:59:59+00:00;;17.72;;;;0.6;;;0.56;
996610;treatment;before visit;2019-07-18 23:59:59+00:00;;28.33;;;;0.3;;;3.93;
996610;treatment;before visit;2019-07-19 23:59:59+00:00;;15.73;;;;0.42;;;1.49;
996610;treatment;before visit;2019-07-20 23:59:59+00:00;;5.22;;;;0.4;;;0.35;
996610;treatment;before visit;2019-07-21 23:59:59+00:00;;5.96;;;;0.47;;;0.34;
996610;treatment;before visit;2019-07-22 23:59:59+00:00;;5.68;;;;0.36;;;0.37;
996610;treatment;before visit;2019-07-23 23:59:59+00:00;;5.63;;;;0.38;;;0.35;
996610;treatment;before visit;2019-07-24 23:59:59+00:00;;5.97;;;;0.36;;;0.38;
996610;treatment;before visit;2019-07-25 23:59:59+00:00;;5.53;;;;0.37;;;0.36;
996610;treatment;before visit;2019-07-26 23:59:59+00:00;;5.5;;;;0.36;;;0.39;
996610;treatment;before visit;2019-07-27 23:59:59+00:00;;5.3;;;;0.41;;;0.36;
996610;treatment;before visit;2019-07-28 23:59:59+00:00;;5.87;;;;0.42;;;0.35;
996610;treatment;before visit;2019-07-29 23:59:59+00:00;;4.93;;;;0.4;;;0.4;
996610;treatment;before visit;2019-07-30 23:59:59+00:00;;5.02;;;;0.4;;;0.4;
996610;treatment;before visit;2019-07-31 23:59:59+00:00;;5.07;;;;0.41;;;0.37;
996610;treatment;before visit;2019-08-01 23:59:59+00:00;;14.52;;;;0.27;;;2.42;
996610;treatment;before visit;2019-08-02 23:59:59+00:00;;28.61;;;;0.53;;;2.75;
996610;treatment;before visit;2019-08-03 23:59:59+00:00;;16.69;;;;0.83;;;0.39;
996610;treatment;before visit;2019-08-04 23:59:59+00:00;;16.04;;;;0.61;;;0.5;
996610;treatment;before visit;2019-08-05 23:59:59+00:00;;14.22;;;;0.64;;;0.42;
996610;treatment;before visit;2019-08-06 23:59:59+00:00;;13.52;;;;0.57;;;0.34;
996610;treatment;before visit;2019-08-07 23:59:59+00:00;;11.62;;;;0.49;;;0.52;
996610;treatment;before visit;2019-08-08 23:59:59+00:00;;6.48;;;;0.45;;;0.39;
996610;treatment;before visit;2019-08-09 23:59:59+00:00;;6.45;;;;0.42;;;0.39;
996610;treatment;before visit;2019-08-10 23:59:59+00:00;;5.82;;;;0.43;;;0.33;
996610;treatment;before visit;2019-08-11 23:59:59+00:00;;5.47;;;;0.42;;;0.33;
996610;treatment;before visit;2019-08-12 23:59:59+00:00;;5.61;;;;0.41;;;0.35;
996610;treatment;before visit;2019-08-13 23:59:59+00:00;;5.81;;;;0.41;;;0.35;
996610;treatment;before visit;2019-08-14 23:59:59+00:00;;5.75;;;;0.41;;;0.34;
996610;treatment;before visit;2019-08-15 23:59:59+00:00;;5.81;;;;0.42;;;0.35;
996610;treatment;before visit;2019-08-16 23:59:59+00:00;;7.32;;;;0.4;;;0.53;
996610;treatment;before visit;2019-08-17 23:59:59+00:00;;5.29;;;;0.47;;;0.32;
996610;treatment;before visit;2019-08-18 23:59:59+00:00;;25.05;;;;0.32;;;1.93;
996610;treatment;before visit;2019-08-19 23:59:59+00:00;;27.28;;;;0.19;;;3.65;
996610;treatment;before visit;2019-08-20 23:59:59+00:00;;26.37;;;;0.38;;;0.72;
996610;treatment;before visit;2019-08-21 23:59:59+00:00;;14.99;;;;0.7;;;0.42;
996610;treatment;before visit;2019-08-22 23:59:59+00:00;;20.43;;;;0.77;;;0.43;
996610;treatment;before visit;2019-08-23 23:59:59+00:00;;19.65;;;;0.73;;;0.46;
996610;treatment;before visit;2019-08-24 23:59:59+00:00;;18.72;;;;0.61;;;0.48;
996610;treatment;before visit;2019-08-25 23:59:59+00:00;;15.46;;;;0.8;;;0.33;
996610;treatment;before visit;2019-08-26 23:59:59+00:00;;23.93;;;;0.89;;;0.33;
996610;treatment;before visit;2019-08-27 23:59:59+00:00;;24.15;;;;0.73;;;0.31;
996610;treatment;before visit;2019-08-28 23:59:59+00:00;;19.22;;;;0.49;;;0.75;
996610;treatment;before visit;2019-08-29 23:59:59+00:00;;16.55;;;;0.6;;;0.51;
996610;treatment;before visit;2019-08-30 23:59:59+00:00;;19.66;;;;0.55;;;0.51;
996610;treatment;before visit;2019-08-31 23:59:59+00:00;;21.26;;;;0.77;;;0.29;
996610;treatment;before visit;2019-09-01 23:59:59+00:00;;23.35;;;;0.61;;;2.39;
996610;treatment;before visit;2019-09-02 23:59:59+00:00;;24.58;;;;0.24;;;2.16;
996610;treatment;before visit;2019-09-03 23:59:59+00:00;;19.05;;;;0.52;;;0.57;
996610;treatment;before visit;2019-09-04 23:59:59+00:00;;14.32;;;;0.68;;;0.41;
996610;treatment;before visit;2019-09-05 23:59:59+00:00;;15.02;;;;0.69;;;0.35;
996610;treatment;before visit;2019-09-06 23:59:59+00:00;;13.82;;;;0.48;;;0.4;
996610;treatment;before visit;2019-09-07 23:59:59+00:00;;9.31;;;;0.4;;;0.36;
996610;treatment;before visit;2019-09-08 23:59:59+00:00;;13.16;;;;0.52;;;0.43;
996610;treatment;before visit;2019-09-09 23:59:59+00:00;;18.97;;;;0.65;;;0.56;
996610;treatment;before visit;2019-09-10 23:59:59+00:00;;20.48;;;;0.74;;;0.41;
996610;treatment;before visit;2019-09-11 23:59:59+00:00;;18.27;;;;0.42;;;1.19;
996610;treatment;before visit;2019-09-12 23:59:59+00:00;;15.17;;;;0.67;;;0.38;
996610;treatment;before visit;2019-09-13 23:59:59+00:00;;17.46;;;;0.61;;;0.38;
996610;treatment;before visit;2019-09-14 23:59:59+00:00;;13.95;;;;0.71;;;0.33;
996610;treatment;before visit;2019-09-15 23:59:59+00:00;;19.22;;;;0.69;;;0.44;
996610;treatment;before visit;2019-09-16 23:59:59+00:00;;27.76;;;;0.55;;;0.44;
996610;treatment;before visit;2019-09-17 23:59:59+00:00;;21.43;;;;0.69;;;0.33;
996610;treatment;before visit;2019-09-18 23:59:59+00:00;;22.59;;;;0.61;;;0.56;
996610;treatment;before visit;2019-09-19 23:59:59+00:00;;16.93;;;;0.75;;;0.36;
996610;treatment;before visit;2019-09-20 23:59:59+00:00;;22.01;;;;0.73;;;0.4;
996610;treatment;before visit;2019-09-21 23:59:59+00:00;;16.59;;;;0.87;;;0.25;
996610;treatment;before visit;2019-09-22 23:59:59+00:00;;21.46;;;;0.55;;;0.61;
996610;treatment;before visit;2019-09-23 23:59:59+00:00;;20.3;;;;0.45;;;0.64;
996610;treatment;before visit;2019-09-24 23:59:59+00:00;;22.27;;;;0.91;;;0.27;
996610;treatment;before visit;2019-09-25 23:59:59+00:00;;19.51;;;;0.71;;;0.41;
996610;treatment;before visit;2019-09-26 23:59:59+00:00;;19.04;;;;0.51;;;0.58;
996610;treatment;before visit;2019-09-27 23:59:59+00:00;;22.14;;;;0.69;;;0.44;
996610;treatment;before visit;2019-09-28 23:59:59+00:00;;18.84;;;;0.73;;;0.4;
996610;treatment;before visit;2019-09-29 23:59:59+00:00;;13.97;;;;0.78;;;0.33;
996610;treatment;before visit;2019-09-30 23:59:59+00:00;;21.34;;;;0.6;;;0.42;
996610;treatment;before visit;2019-10-01 23:59:59+00:00;;26.83;;;;0.75;;;0.37;
996610;treatment;before visit;2019-10-02 23:59:59+00:00;;30.17;;;;0.79;;;0.53;
996610;treatment;before visit;2019-10-03 23:59:59+00:00;;22.34;;;;0.72;;;0.4;
996610;treatment;before visit;2019-10-04 23:59:59+00:00;;18.6;;;;0.5;;;0.54;
996610;treatment;before visit;2019-10-05 23:59:59+00:00;;18.89;;;;0.48;;;0.68;
996610;treatment;before visit;2019-10-06 23:59:59+00:00;;25.71;;;;0.66;;;0.41;
996610;treatment;before visit;2019-10-07 23:59:59+00:00;;7.04;;;;0.39;;;0.32;
996610;treatment;before visit;2019-10-08 23:59:59+00:00;;5.91;;;;0.45;;;0.33;
996610;treatment;before visit;2019-10-09 23:59:59+00:00;;5.45;;;;0.44;;;0.31;
996610;treatment;before visit;2019-10-10 23:59:59+00:00;;5.67;;;;0.46;;;0.31;
996610;treatment;before visit;2019-10-11 23:59:59+00:00;;5.64;;;;0.47;;;0.34;
996610;treatment;before visit;2019-10-12 23:59:59+00:00;;9.21;;;;0.45;;;0.34;
996610;treatment;before visit;2019-10-13 23:59:59+00:00;;29.51;;;;0.78;;;0.33;
996610;treatment;before visit;2019-10-14 23:59:59+00:00;;14.1;;;;0.56;;;0.38;
996610;treatment;before visit;2019-10-15 23:59:59+00:00;;5.68;;;;0.44;;;0.33;
996610;treatment;before visit;2019-10-16 23:59:59+00:00;;5.69;;;;0.47;;;0.33;
996610;treatment;before visit;2019-10-17 23:59:59+00:00;;5.38;;;;0.45;;;0.32;
996610;treatment;before visit;2019-10-18 23:59:59+00:00;;5.07;;;;0.46;;;0.33;
996610;treatment;before visit;2019-10-19 23:59:59+00:00;;5.2;;;;0.49;;;0.3;
996610;treatment;before visit;2019-10-20 23:59:59+00:00;;17.67;;;;0.44;;;0.96;
996610;treatment;before visit;2019-10-21 23:59:59+00:00;;35.65;;;;0.58;;;0.67;
996610;treatment;before visit;2019-10-22 23:59:59+00:00;;17.72;;;;0.74;;;0.32;
996610;treatment;before visit;2019-10-23 23:59:59+00:00;;23.28;;;;0.88;;;0.35;
996610;treatment;before visit;2019-10-24 23:59:59+00:00;;18.47;;;;0.72;;;0.45;
996610;treatment;before visit;2019-10-25 23:59:59+00:00;;21.68;;;;0.71;;;0.39;
996610;treatment;before visit;2019-10-26 23:59:59+00:00;;28.94;;;;1.07;;;0.29;
996610;treatment;before visit;2019-10-27 23:59:59+00:00;;28.82;;;;0.92;;;0.36;
996610;treatment;before visit;2019-10-28 23:59:59+00:00;;36.52;;;;0.5;;;0.59;
996610;treatment;before visit;2019-10-29 23:59:59+00:00;;28.46;;;;1.71;;;0.21;
996610;treatment;before visit;2019-10-30 23:59:59+00:00;;27.04;;;;1.22;;;0.36;
996610;treatment;before visit;2019-10-31 23:59:59+00:00;;19.72;;;;1.03;;;0.23;
996610;treatment;before visit;2019-11-01 23:59:59+00:00;;20.59;;;;1.33;;;0.17;
996610;treatment;before visit;2019-11-02 23:59:59+00:00;;22.57;;;;0.77;;;0.41;
996610;treatment;before visit;2019-11-03 23:59:59+00:00;;14.9;;;;0.72;;;0.32;
996610;treatment;before visit;2019-11-04 23:59:59+00:00;;25.55;;;;0.65;;;0.59;
996610;treatment;before visit;2019-11-05 23:59:59+00:00;;25.54;;;;0.52;;;0.43;
996610;treatment;before visit;2019-11-06 23:59:59+00:00;;24.52;;;;0.84;;;0.35;
996610;treatment;before visit;2019-11-07 23:59:59+00:00;;25.0;;;;0.81;;;0.44;
996610;treatment;before visit;2019-11-08 23:59:59+00:00;;27.2;;;;0.94;;;0.43;
996610;treatment;before visit;2019-11-09 23:59:59+00:00;;54.27;;;;1.54;;;0.18;
996610;treatment;before visit;2019-11-10 23:59:59+00:00;;41.0;;;;1.09;;;0.2;
996610;treatment;before visit;2019-11-11 23:59:59+00:00;;35.47;;;;0.8;;;0.52;
996610;treatment;before visit;2019-11-12 23:59:59+00:00;;41.38;;;;1.07;;;0.21;
996610;treatment;before visit;2019-11-13 23:59:59+00:00;;22.35;;;;0.64;;;0.46;
996610;treatment;before visit;2019-11-14 23:59:59+00:00;;27.08;;;;0.61;;;0.54;
996610;treatment;before visit;2019-11-15 23:59:59+00:00;;27.36;;;;0.86;;;0.36;
996610;treatment;before visit;2019-11-16 23:59:59+00:00;;21.73;;;;0.83;;;0.24;
996610;treatment;before visit;2019-11-17 23:59:59+00:00;;27.88;;;;0.71;;;0.39;
996610;treatment;before visit;2019-11-18 23:59:59+00:00;;38.33;;;;0.82;;;0.5;
996610;treatment;before visit;2019-11-19 23:59:59+00:00;;30.36;;;;0.54;;;0.62;
996610;treatment;before visit;2019-11-20 23:59:59+00:00;;30.57;;;;0.54;;;0.53;
996610;treatment;before visit;2019-11-21 23:59:59+00:00;;27.56;;;;0.58;;;0.53;
996610;treatment;before visit;2019-11-22 23:59:59+00:00;;26.31;;;;0.65;;;0.57;
996610;treatment;before visit;2019-11-23 23:59:59+00:00;;37.18;;;;1.24;;;0.34;
996610;treatment;before visit;2019-11-24 23:59:59+00:00;;27.3;;;;0.75;;;0.42;
996610;treatment;before visit;2019-11-25 23:59:59+00:00;;37.36;;;;0.71;;;0.49;
996610;treatment;before visit;2019-11-26 23:59:59+00:00;;29.03;;;;0.4;;;0.67;
996610;treatment;before visit;2019-11-27 23:59:59+00:00;;39.33;;;;0.57;;;0.8;
996610;treatment;before visit;2019-11-28 23:59:59+00:00;;24.22;;;;0.65;;;0.46;
996610;treatment;before visit;2019-11-29 23:59:59+00:00;;19.14;;;;0.52;;;0.34;
996610;treatment;before visit;2019-11-30 23:59:59+00:00;;6.95;;;;0.44;;;0.26;
996610;treatment;before visit;2019-12-01 23:59:59+00:00;;7.13;;;;0.49;;;0.25;
996610;treatment;before visit;2019-12-02 23:59:59+00:00;;27.32;;;;0.43;;;0.45;
996610;treatment;before visit;2019-12-03 23:59:59+00:00;;28.9;;;;0.6;;;0.59;
996610;treatment;before visit;2019-12-04 23:59:59+00:00;;31.97;;;;0.72;;;0.35;
996610;treatment;before visit;2019-12-05 23:59:59+00:00;;23.25;;;;0.33;;;0.73;
996610;treatment;before visit;2019-12-06 23:59:59+00:00;;14.82;;;;0.64;;;0.31;
996610;treatment;before visit;2019-12-07 23:59:59+00:00;;11.0;;;;0.5;;;0.22;
996610;treatment;before visit;2019-12-08 23:59:59+00:00;;21.05;;;;0.44;;;0.56;
996610;treatment;before visit;2019-12-09 23:59:59+00:00;;35.46;;;;0.36;;;1.09;
996610;treatment;before visit;2019-12-10 23:59:59+00:00;;22.53;;;;0.66;;;0.33;
996610;treatment;before visit;2019-12-11 23:59:59+00:00;;31.84;;;;0.57;;;0.65;
996610;treatment;before visit;2019-12-12 23:59:59+00:00;;23.16;;;;0.53;;;0.72;
996610;treatment;before visit;2019-12-13 23:59:59+00:00;;27.08;;;;0.51;;;0.58;
996610;treatment;before visit;2019-12-14 23:59:59+00:00;;35.58;;;;0.55;;;0.56;
996610;treatment;before visit;2019-12-15 23:59:59+00:00;;28.41;;;;0.69;;;1.26;
996610;treatment;before visit;2019-12-16 23:59:59+00:00;;36.26;;;;0.68;;;0.49;
996610;treatment;before visit;2019-12-17 23:59:59+00:00;;34.88;;;;0.88;;;0.53;
996610;treatment;before visit;2019-12-18 23:59:59+00:00;;24.24;;;;0.82;;;0.44;
996610;treatment;before visit;2019-12-19 23:59:59+00:00;;22.82;;;;0.65;;;0.6;
996610;treatment;before visit;2019-12-20 23:59:59+00:00;;38.01;;;;0.35;;;1.21;
996610;treatment;before visit;2019-12-21 23:59:59+00:00;;37.97;;;;0.91;;;0.47;
996610;treatment;before visit;2019-12-22 23:59:59+00:00;;37.7;;;;0.47;;;0.56;
996610;treatment;before visit;2019-12-23 23:59:59+00:00;;55.05;;;;1.31;;;0.25;
996610;treatment;before visit;2019-12-24 23:59:59+00:00;;44.26;;;;0.64;;;0.71;
996610;treatment;before visit;2019-12-25 23:59:59+00:00;;44.23;;;;0.48;;;0.37;
996610;treatment;before visit;2019-12-26 23:59:59+00:00;;46.3;;;;0.37;;;0.85;
996610;treatment;before visit;2019-12-27 23:59:59+00:00;;22.51;;;;0.36;;;0.44;
996610;treatment;before visit;2019-12-28 23:59:59+00:00;;6.43;;;;0.59;;;0.19;
996610;treatment;before visit;2019-12-29 23:59:59+00:00;;6.59;;;;0.6;;;0.2;
996610;treatment;before visit;2019-12-30 23:59:59+00:00;;6.44;;;;0.61;;;0.2;
996610;treatment;before visit;2019-12-31 23:59:59+00:00;;6.5;;;;0.62;;;0.19;
996610;treatment;before visit;2020-01-01 23:59:59+00:00;;6.45;;;;0.64;;;0.17;
996610;treatment;before visit;2020-01-02 23:59:59+00:00;;6.46;;;;0.64;;;0.18;
996610;treatment;before visit;2020-01-03 23:59:59+00:00;;6.5;;;;0.59;;;0.2;
996610;treatment;before visit;2020-01-04 23:59:59+00:00;;6.3;;;;0.6;;;0.2;
996610;treatment;before visit;2020-01-05 23:59:59+00:00;;27.07;;;;0.53;;;0.56;
996610;treatment;before visit;2020-01-06 23:59:59+00:00;;27.66;;;;0.25;;;0.77;
996610;treatment;before visit;2020-01-07 23:59:59+00:00;;38.99;;;;0.43;;;0.86;
996610;treatment;before visit;2020-01-08 23:59:59+00:00;;32.68;;;;0.5;;;0.48;
996610;treatment;before visit;2020-01-09 23:59:59+00:00;;18.42;;;;0.53;;;0.48;
996610;treatment;before visit;2020-01-10 23:59:59+00:00;;33.04;;;;0.34;;;1.33;
996610;treatment;before visit;2020-01-11 23:59:59+00:00;;27.22;;;;0.58;;;0.41;
996610;treatment;before visit;2020-01-12 23:59:59+00:00;;25.86;;;;0.49;;;0.48;
996610;treatment;before visit;2020-01-13 23:59:59+00:00;;33.32;;;;0.22;;;0.67;
996610;treatment;before visit;2020-01-14 23:59:59+00:00;;24.94;;;;0.18;;;0.73;
996610;treatment;before visit;2020-01-15 23:59:59+00:00;;28.2;;;;0.28;;;0.76;
996610;treatment;before visit;2020-01-16 23:59:59+00:00;;21.56;;;;0.29;;;0.59;
996610;treatment;before visit;2020-01-17 23:59:59+00:00;;32.65;;;;0.44;;;0.48;
996610;treatment;before visit;2020-01-18 23:59:59+00:00;;26.09;;;;0.65;;;0.29;
996610;treatment;before visit;2020-01-19 23:59:59+00:00;;20.48;;;;0.59;;;0.32;
996610;treatment;before visit;2020-01-20 23:59:59+00:00;;28.76;;;;0.68;;;0.61;
996610;treatment;before visit;2020-01-21 23:59:59+00:00;;26.57;;;;0.5;;;0.45;
996610;treatment;before visit;2020-01-22 23:59:59+00:00;;31.36;;;;0.46;;;0.52;
996610;treatment;before visit;2020-01-23 23:59:59+00:00;;19.46;;;;0.61;;;0.36;
996610;treatment;before visit;2020-01-24 23:59:59+00:00;;21.34;;;;0.61;;;0.46;
996610;treatment;before visit;2020-01-25 23:59:59+00:00;;23.73;;;;0.59;;;0.45;
996610;treatment;before visit;2020-01-26 23:59:59+00:00;;24.96;;;;0.69;;;0.32;
996610;treatment;before visit;2020-01-27 23:59:59+00:00;;32.8;;;;0.5;;;0.47;
996610;treatment;before visit;2020-01-28 23:59:59+00:00;;17.96;;;;0.66;;;0.34;
996610;treatment;before visit;2020-01-29 23:59:59+00:00;;6.43;;;;0.48;;;0.19;
996610;treatment;before visit;2020-01-30 23:59:59+00:00;;6.36;;;;0.47;;;0.22;
996610;treatment;before visit;2020-01-31 23:59:59+00:00;;22.3;;;;0.34;;;0.52;
996610;treatment;before visit;2020-02-01 23:59:59+00:00;;16.69;;;;0.55;;;0.52;
996610;treatment;before visit;2020-02-02 23:59:59+00:00;;33.09;;;;0.59;;;0.48;
996610;treatment;before visit;2020-02-03 23:59:59+00:00;;30.75;;;;0.44;;;0.5;
996610;treatment;before visit;2020-02-04 23:59:59+00:00;;27.45;;;;0.58;;;0.48;
996610;treatment;before visit;2020-02-05 23:59:59+00:00;;31.87;;;;0.61;;;0.44;
996610;treatment;before visit;2020-02-06 23:59:59+00:00;;21.7;;;;0.87;;;0.38;
996610;treatment;before visit;2020-02-07 23:59:59+00:00;;14.83;;;;0.74;;;0.25;
996610;treatment;before visit;2020-02-08 23:59:59+00:00;;6.97;;;;0.62;;;0.17;
996610;treatment;before visit;2020-02-09 23:59:59+00:00;;7.27;;;;0.57;;;0.2;
996610;treatment;before visit;2020-02-10 23:59:59+00:00;;7.34;;;;0.53;;;0.22;
996610;treatment;before visit;2020-02-11 23:59:59+00:00;;7.3;;;;0.55;;;0.2;
996610;treatment;before visit;2020-02-12 23:59:59+00:00;;7.18;;;;0.57;;;0.21;
996610;treatment;before visit;2020-02-13 23:59:59+00:00;;7.28;;;;0.58;;;0.21;
996610;treatment;before visit;2020-02-14 23:59:59+00:00;;7.61;;;;0.58;;;0.19;
996610;treatment;before visit;2020-02-15 23:59:59+00:00;;7.1;;;;0.55;;;0.2;
996610;treatment;before visit;2020-02-16 23:59:59+00:00;;7.03;;;;0.56;;;0.21;
996610;treatment;before visit;2020-02-17 23:59:59+00:00;;7.33;;;;0.52;;;0.21;
996610;treatment;before visit;2020-02-18 23:59:59+00:00;;6.99;;;;0.53;;;0.2;
996610;treatment;before visit;2020-02-19 23:59:59+00:00;;7.17;;;;0.56;;;0.22;
996610;treatment;before visit;2020-02-20 23:59:59+00:00;;7.0;;;;0.55;;;0.21;
996610;treatment;before visit;2020-02-21 23:59:59+00:00;;7.2;;;;0.52;;;0.23;
996610;treatment;before visit;2020-02-22 23:59:59+00:00;;7.24;;;;0.55;;;0.2;
996610;treatment;before visit;2020-02-23 23:59:59+00:00;;7.22;;;;0.53;;;0.21;
996610;treatment;before visit;2020-02-24 23:59:59+00:00;;21.58;;;;0.53;;;0.36;
996610;treatment;before visit;2020-02-25 23:59:59+00:00;;23.32;;;;1.02;;;0.3;
996610;treatment;before visit;2020-02-26 23:59:59+00:00;;27.88;;;;0.54;;;0.42;
996610;treatment;before visit;2020-02-27 23:59:59+00:00;;20.2;;;;0.67;;;0.42;
996610;treatment;before visit;2020-02-28 23:59:59+00:00;;24.8;;;;0.75;;;0.33;
996610;treatment;before visit;2020-02-29 23:59:59+00:00;;27.2;;;;0.75;;;0.49;
996610;treatment;before visit;2020-03-01 23:59:59+00:00;;32.9;;;;0.85;;;0.24;
996610;treatment;before visit;2020-03-02 23:59:59+00:00;;38.61;;;;0.36;;;0.91;
996610;treatment;before visit;2020-03-03 23:59:59+00:00;;27.27;;;;0.2;;;1.04;
996610;treatment;before visit;2020-03-04 23:59:59+00:00;;24.61;;;;0.19;;;0.71;
996610;treatment;before visit;2020-03-05 23:59:59+00:00;;19.58;;;;0.59;;;0.4;
996610;treatment;before visit;2020-03-06 23:59:59+00:00;;21.58;;;;0.41;;;0.78;
996610;treatment;before visit;2020-03-07 23:59:59+00:00;;21.42;;;;0.55;;;0.48;
996610;treatment;before visit;2020-03-08 23:59:59+00:00;;22.49;;;;0.33;;;1.02;
996610;treatment;before visit;2020-03-09 23:59:59+00:00;;31.25;;;;0.14;;;1.1;
996610;treatment;before visit;2020-03-10 23:59:59+00:00;;22.84;;;;0.12;;;1.03;
996610;treatment;before visit;2020-03-11 23:59:59+00:00;;20.73;;;;0.1;;;1.03;
996610;treatment;before visit;2020-03-12 23:59:59+00:00;;21.97;;;;0.51;;;0.7;
996610;treatment;before visit;2020-03-13 23:59:59+00:00;;24.15;;;;0.51;;;0.56;
996610;treatment;before visit;2020-03-14 23:59:59+00:00;;27.36;;;;0.64;;;0.82;
996610;treatment;before visit;2020-03-15 23:59:59+00:00;;29.83;;;;0.52;;;0.39;
996610;treatment;before visit;2020-03-16 23:59:59+00:00;;29.06;;;;0.38;;;0.77;
996610;treatment;before visit;2020-03-17 23:59:59+00:00;;24.5;;;;0.57;;;0.44;
996610;treatment;before visit;2020-03-18 23:59:59+00:00;;23.51;;;;0.43;;;0.55;
996610;treatment;before visit;2020-03-19 23:59:59+00:00;;32.64;;;;0.42;;;0.64;
996610;treatment;before visit;2020-03-20 23:59:59+00:00;;25.26;;;;0.51;;;0.71;
996610;treatment;before visit;2020-03-21 23:59:59+00:00;;23.73;;;;0.35;;;0.79;
996610;treatment;before visit;2020-03-22 23:59:59+00:00;;24.98;;;;0.4;;;0.54;
996610;treatment;before visit;2020-03-23 23:59:59+00:00;;21.13;;;;0.51;;;0.36;
996610;treatment;before visit;2020-03-24 23:59:59+00:00;;29.19;;;;0.46;;;0.58;
996610;treatment;before visit;2020-03-25 23:59:59+00:00;;22.18;;;;0.39;;;0.62;
996610;treatment;before visit;2020-03-26 23:59:59+00:00;;25.12;;;;0.44;;;0.56;
996610;treatment;before visit;2020-03-27 23:59:59+00:00;;21.91;;;;0.43;;;0.72;
996610;treatment;before visit;2020-03-28 23:59:59+00:00;;26.86;;;;0.4;;;0.64;
996610;treatment;before visit;2020-03-29 23:59:59+00:00;;22.49;;;;0.3;;;0.85;
996610;treatment;before visit;2020-03-30 23:59:59+00:00;;24.47;;;;0.21;;;0.79;
996610;treatment;before visit;2020-03-31 23:59:59+00:00;;22.04;;;;0.42;;;0.55;
996610;treatment;before visit;2020-04-01 23:59:59+00:00;;19.7;;;;0.46;;;0.57;
996610;treatment;before visit;2020-04-02 23:59:59+00:00;;21.16;;;;0.54;;;0.38;
996610;treatment;before visit;2020-04-03 23:59:59+00:00;;25.63;;;;0.4;;;0.71;
996610;treatment;before visit;2020-04-04 23:59:59+00:00;;19.91;;;;0.58;;;0.4;
996610;treatment;before visit;2020-04-05 23:59:59+00:00;;19.81;;;;0.59;;;0.41;
996610;treatment;before visit;2020-04-06 23:59:59+00:00;;30.88;;;;0.65;;;0.53;
996610;treatment;before visit;2020-04-07 23:59:59+00:00;;20.42;;;;0.46;;;0.59;
996610;treatment;before visit;2020-04-08 23:59:59+00:00;;22.47;;;;0.44;;;0.65;
996610;treatment;before visit;2020-04-09 23:59:59+00:00;;22.85;;;;0.37;;;0.75;
996610;treatment;before visit;2020-04-10 23:59:59+00:00;;23.99;;;;0.44;;;0.6;
996610;treatment;before visit;2020-04-11 23:59:59+00:00;;29.27;;;;0.62;;;0.65;
996610;treatment;before visit;2020-04-12 23:59:59+00:00;;19.91;;;;0.51;;;0.58;
996610;treatment;before visit;2020-04-13 23:59:59+00:00;;24.1;;;;0.63;;;0.39;
996610;treatment;before visit;2020-04-14 23:59:59+00:00;;22.16;;;;0.44;;;0.77;
996610;treatment;before visit;2020-04-15 23:59:59+00:00;;18.17;;;;0.51;;;0.55;
996610;treatment;before visit;2020-04-16 23:59:59+00:00;;19.25;;;;0.46;;;0.53;
996610;treatment;before visit;2020-04-17 23:59:59+00:00;;27.48;;;;0.45;;;0.83;
996610;treatment;before visit;2020-04-18 23:59:59+00:00;;22.84;;;;0.62;;;0.38;
996610;treatment;before visit;2020-04-19 23:59:59+00:00;;19.73;;;;0.45;;;0.55;
996610;treatment;before visit;2020-04-20 23:59:59+00:00;;26.83;;;;0.23;;;0.9;
996610;treatment;before visit;2020-04-21 23:59:59+00:00;;28.45;;;;0.26;;;0.74;
996610;treatment;before visit;2020-04-22 23:59:59+00:00;;20.71;;;;0.24;;;0.99;
996610;treatment;before visit;2020-04-23 23:59:59+00:00;;23.47;;;;0.29;;;0.91;
996610;treatment;before visit;2020-04-24 23:59:59+00:00;;22.82;;;;0.31;;;1.0;
996610;treatment;before visit;2020-04-25 23:59:59+00:00;;26.01;;;;0.4;;;0.54;
996610;treatment;before visit;2020-04-26 23:59:59+00:00;;24.24;;;;0.46;;;0.76;
996610;treatment;before visit;2020-04-27 23:59:59+00:00;;29.85;;;;0.73;;;0.64;
996610;treatment;before visit;2020-04-28 23:59:59+00:00;;30.3;;;;0.7;;;0.49;
996610;treatment;before visit;2020-04-29 23:59:59+00:00;;25.84;;;;0.53;;;0.57;
996610;treatment;before visit;2020-04-30 23:59:59+00:00;;26.63;;;;0.45;;;0.58;
996610;treatment;before visit;2020-05-01 23:59:59+00:00;;29.35;;;;0.56;;;0.88;
996610;treatment;before visit;2020-05-02 23:59:59+00:00;;26.0;;;;0.51;;;0.55;
996610;treatment;before visit;2020-05-03 23:59:59+00:00;;19.25;;;;0.8;;;0.41;
996610;treatment;before visit;2020-05-04 23:59:59+00:00;;25.38;;;;0.72;;;0.38;
996610;treatment;before visit;2020-05-05 23:59:59+00:00;;28.83;;;;0.55;;;0.52;
996610;treatment;before visit;2020-05-06 23:59:59+00:00;;22.68;;;;0.76;;;0.34;
996610;treatment;before visit;2020-05-07 23:59:59+00:00;;20.43;;;;0.55;;;0.46;
996610;treatment;before visit;2020-05-08 23:59:59+00:00;;21.45;;;;0.5;;;0.75;
996610;treatment;before visit;2020-05-09 23:59:59+00:00;;21.01;;;;0.6;;;0.35;
996610;treatment;before visit;2020-05-10 23:59:59+00:00;;25.41;;;;0.69;;;0.36;
996610;treatment;before visit;2020-05-11 23:59:59+00:00;;22.64;;;;0.57;;;0.72;
996610;treatment;before visit;2020-05-12 23:59:59+00:00;;22.15;;;;0.84;;;0.31;
996610;treatment;before visit;2020-05-13 23:59:59+00:00;;23.14;;;;0.47;;;0.91;
996610;treatment;before visit;2020-05-14 23:59:59+00:00;;20.2;;;;0.5;;;0.73;
996610;treatment;before visit;2020-05-15 23:59:59+00:00;;24.74;;;;0.55;;;0.7;
996610;treatment;before visit;2020-05-16 23:59:59+00:00;;16.81;;;;0.68;;;0.39;
996610;treatment;before visit;2020-05-17 23:59:59+00:00;;26.01;;;;0.59;;;0.53;
996610;treatment;before visit;2020-05-18 23:59:59+00:00;;24.25;;;;0.67;;;0.62;
996610;treatment;before visit;2020-05-19 23:59:59+00:00;;19.81;;;;0.77;;;0.46;
996610;treatment;before visit;2020-05-20 23:59:59+00:00;;19.89;;;;0.54;;;0.61;
996610;treatment;before visit;2020-05-21 23:59:59+00:00;;19.86;;;;0.48;;;0.49;
996610;treatment;before visit;2020-05-22 23:59:59+00:00;;23.48;;;;0.79;;;0.39;
996610;treatment;before visit;2020-05-23 23:59:59+00:00;;27.02;;;;0.7;;;0.46;
996610;treatment;before visit;2020-05-24 23:59:59+00:00;;15.79;;;;0.76;;;0.37;
996610;treatment;before visit;2020-05-25 23:59:59+00:00;;22.34;;;;0.55;;;0.61;
996610;treatment;before visit;2020-05-26 23:59:59+00:00;;24.28;;;;0.78;;;0.48;
996610;treatment;before visit;2020-05-27 23:59:59+00:00;;21.72;;;;0.64;;;0.6;
996610;treatment;before visit;2020-05-28 23:59:59+00:00;;25.98;;;;0.76;;;0.51;
996610;treatment;before visit;2020-05-29 23:59:59+00:00;;13.35;;;;0.4;;;0.44;
996610;treatment;before visit;2020-05-30 23:59:59+00:00;;8.64;;;;0.47;;;0.33;
996610;treatment;before visit;2020-05-31 23:59:59+00:00;;7.36;;;;0.44;;;0.34;
996610;treatment;before visit;2020-06-01 23:59:59+00:00;;4.41;;;;0.45;;;0.34;
996610;treatment;before visit;2020-06-02 23:59:59+00:00;;15.26;;;;0.36;;;0.58;
996610;treatment;before visit;2020-06-03 23:59:59+00:00;;20.47;;;;0.45;;;0.74;
996610;treatment;before visit;2020-06-04 23:59:59+00:00;;14.37;;;;0.73;;;0.41;
996610;treatment;before visit;2020-06-05 23:59:59+00:00;;18.57;;;;0.87;;;0.33;
996610;treatment;before visit;2020-06-06 23:59:59+00:00;;24.55;;;;0.83;;;0.35;
996610;treatment;before visit;2020-06-07 23:59:59+00:00;;31.57;;;;0.56;;;0.42;
996610;treatment;before visit;2020-06-08 23:59:59+00:00;;22.15;;;;0.43;;;0.43;
996610;treatment;before visit;2020-06-09 23:59:59+00:00;;29.01;;;;0.94;;;0.27;
996610;treatment;before visit;2020-06-10 23:59:59+00:00;;25.67;;;;0.57;;;0.53;
996610;treatment;before visit;2020-06-11 23:59:59+00:00;;21.6;;;;0.74;;;0.3;
996610;treatment;before visit;2020-06-12 23:59:59+00:00;;14.35;;;;0.62;;;0.41;
996610;treatment;before visit;2020-06-13 23:59:59+00:00;;31.73;;;;0.88;;;0.42;
996610;treatment;before visit;2020-06-14 23:59:59+00:00;;31.67;;;;0.88;;;0.28;
996610;treatment;before visit;2020-06-15 23:59:59+00:00;;29.55;;;;0.31;;;0.98;
996610;treatment;before visit;2020-06-16 23:59:59+00:00;;27.37;;;;0.29;;;0.7;
996610;treatment;before visit;2020-06-17 23:59:59+00:00;;28.14;;;;0.27;;;1.09;
996610;treatment;before visit;2020-06-18 23:59:59+00:00;;29.96;;;;0.54;;;0.54;
996610;treatment;before visit;2020-06-19 23:59:59+00:00;;27.95;;;;0.62;;;0.6;
996610;treatment;before visit;2020-06-20 23:59:59+00:00;;30.46;;;;0.77;;;0.4;
996610;treatment;before visit;2020-06-21 23:59:59+00:00;;21.83;;;;0.41;;;0.6;
996610;treatment;before visit;2020-06-22 23:59:59+00:00;;26.87;;;;0.26;;;0.93;
996610;treatment;before visit;2020-06-23 23:59:59+00:00;;17.64;;;;0.28;;;1.54;
996610;treatment;before visit;2020-06-24 23:59:59+00:00;;25.9;;;;0.41;;;0.72;
996610;treatment;before visit;2020-06-25 23:59:59+00:00;;16.35;;;;0.56;;;0.46;
996610;treatment;before visit;2020-06-26 23:59:59+00:00;;9.88;;;;0.31;;;0.42;
996610;treatment;before visit;2020-06-27 23:59:59+00:00;;7.86;;;;0.38;;;0.43;
996610;treatment;before visit;2020-06-28 23:59:59+00:00;;4.9;;;;0.35;;;0.38;
996610;treatment;before visit;2020-06-29 23:59:59+00:00;;17.33;;;;0.38;;;0.58;
996610;treatment;before visit;2020-06-30 23:59:59+00:00;;23.98;;;;0.35;;;2.96;
996610;treatment;before visit;2020-07-01 23:59:59+00:00;;16.21;;;;0.47;;;0.7;
996610;treatment;before visit;2020-07-02 23:59:59+00:00;;24.85;;;;0.41;;;0.72;
996610;treatment;before visit;2020-07-03 23:59:59+00:00;;26.1;;;;0.27;;;1.22;
996610;treatment;before visit;2020-07-04 23:59:59+00:00;;25.91;;;;0.49;;;0.54;
996610;treatment;before visit;2020-07-05 23:59:59+00:00;;23.49;;;;0.39;;;0.65;
996610;treatment;before visit;2020-07-06 23:59:59+00:00;;22.94;;;;0.22;;;1.0;
996610;treatment;before visit;2020-07-07 23:59:59+00:00;;19.94;;;;0.56;;;0.51;
996610;treatment;before visit;2020-07-08 23:59:59+00:00;;23.34;;;;0.37;;;0.8;
996610;treatment;before visit;2020-07-09 23:59:59+00:00;;19.82;;;;0.36;;;0.64;
996610;treatment;before visit;2020-07-10 23:59:59+00:00;;24.18;;;;0.38;;;0.83;
996610;treatment;before visit;2020-07-14 23:59:59+00:00;;21.12;;;;0.63;;;0.69;
996610;treatment;before visit;2020-07-15 23:59:59+00:00;;14.89;;;;0.26;;;0.51;
996610;treatment;before visit;2020-07-16 23:59:59+00:00;;9.69;;;;0.28;;;0.45;
996610;treatment;before visit;2020-07-17 23:59:59+00:00;;7.69;;;;0.27;;;0.41;
996610;treatment;before visit;2020-07-18 23:59:59+00:00;;5.88;;;;0.26;;;1.16;
996610;treatment;before visit;2020-07-19 23:59:59+00:00;;9.26;;;;0.31;;;0.39;
996610;treatment;before visit;2020-07-20 23:59:59+00:00;;4.81;;;;0.27;;;0.45;
996610;treatment;before visit;2020-07-21 23:59:59+00:00;;9.54;;;;0.28;;;0.44;
996610;treatment;before visit;2020-07-22 23:59:59+00:00;;4.89;;;;0.27;;;0.47;
996610;treatment;before visit;2020-07-23 23:59:59+00:00;;9.52;;;;0.26;;;0.45;
996610;treatment;before visit;2020-07-24 23:59:59+00:00;;4.78;;;;0.26;;;0.44;
996610;treatment;before visit;2020-07-25 23:59:59+00:00;;9.46;;;;0.29;;;0.41;
996610;treatment;before visit;2020-07-26 23:59:59+00:00;;4.81;;;;0.31;;;0.41;
996610;treatment;before visit;2020-07-27 23:59:59+00:00;;9.21;;;;0.26;;;0.43;
996610;treatment;before visit;2020-07-28 23:59:59+00:00;;4.48;;;;0.29;;;0.43;
996610;treatment;before visit;2020-07-29 23:59:59+00:00;;9.26;;;;0.28;;;0.42;
996610;treatment;before visit;2020-07-30 23:59:59+00:00;;4.55;;;;0.28;;;0.43;
996610;treatment;before visit;2020-07-31 23:59:59+00:00;;16.06;;;;0.23;;;0.75;
996610;treatment;before visit;2020-08-01 23:59:59+00:00;;17.93;;;;0.35;;;2.6;
996610;treatment;before visit;2020-08-02 23:59:59+00:00;;29.47;;;;0.29;;;4.09;
996610;treatment;before visit;2020-08-03 23:59:59+00:00;;29.57;;;;0.16;;;4.8;
996610;treatment;before visit;2020-08-04 23:59:59+00:00;;28.36;;;;0.23;;;1.33;
996610;treatment;before visit;2020-08-05 23:59:59+00:00;;15.58;;;;0.3;;;1.62;
996610;treatment;before visit;2020-08-06 23:59:59+00:00;;10.6;;;;0.24;;;1.18;
996610;treatment;before visit;2020-08-07 23:59:59+00:00;;8.1;;;;0.27;;;0.44;
996610;treatment;before visit;2020-08-08 23:59:59+00:00;;5.05;;;;0.28;;;0.44;
996610;treatment;before visit;2020-08-09 23:59:59+00:00;;9.53;;;;0.3;;;0.41;
996610;treatment;before visit;2020-08-10 23:59:59+00:00;;5.1;;;;0.25;;;0.46;
996610;treatment;before visit;2020-08-11 23:59:59+00:00;;9.73;;;;0.23;;;0.47;
996610;treatment;before visit;2020-08-12 23:59:59+00:00;;5.14;;;;0.25;;;0.47;
996610;treatment;before visit;2020-08-13 23:59:59+00:00;;9.64;;;;0.24;;;0.47;
996610;treatment;before visit;2020-08-14 23:59:59+00:00;;14.69;;;;0.19;;;1.36;
996610;treatment;before visit;2020-08-15 23:59:59+00:00;;20.38;;;;0.35;;;0.65;
996610;treatment;before visit;2020-08-16 23:59:59+00:00;;17.99;;;;0.41;;;0.59;
996610;treatment;before visit;2020-08-17 23:59:59+00:00;;23.81;;;;0.47;;;0.8;
996610;treatment;before visit;2020-08-18 23:59:59+00:00;;23.74;;;;1.0;;;0.53;
996610;treatment;before visit;2020-08-19 23:59:59+00:00;;20.82;;;;0.57;;;0.46;
996610;treatment;before visit;2020-08-20 23:59:59+00:00;;21.92;;;;0.38;;;0.64;
996610;treatment;before visit;2020-08-21 23:59:59+00:00;;19.91;;;;0.54;;;0.48;
996610;treatment;before visit;2020-08-22 23:59:59+00:00;;26.46;;;;0.48;;;1.96;
996610;treatment;before visit;2020-08-23 23:59:59+00:00;;22.88;;;;0.39;;;0.72;
996610;treatment;before visit;2020-08-24 23:59:59+00:00;;25.82;;;;0.43;;;0.7;
996610;treatment;before visit;2020-08-25 23:59:59+00:00;;16.63;;;;0.43;;;0.52;
996610;treatment;before visit;2020-08-26 23:59:59+00:00;;18.43;;;;0.45;;;0.81;
996610;treatment;before visit;2020-08-27 23:59:59+00:00;;17.24;;;;0.47;;;0.56;
996610;treatment;before visit;2020-08-28 23:59:59+00:00;;17.89;;;;0.57;;;0.46;
996610;treatment;before visit;2020-08-29 23:59:59+00:00;;26.44;;;;0.6;;;0.63;
996610;treatment;before visit;2020-08-30 23:59:59+00:00;;24.18;;;;0.5;;;2.72;
996610;treatment;before visit;2020-08-31 23:59:59+00:00;;24.55;;;;0.19;;;2.92;
996610;treatment;before visit;2020-09-01 23:59:59+00:00;;32.88;;;;0.39;;;1.43;
996610;treatment;before visit;2020-09-02 23:59:59+00:00;;21.91;;;;0.43;;;1.96;
996610;treatment;before visit;2020-09-03 23:59:59+00:00;;19.08;;;;0.41;;;3.22;
996610;treatment;before visit;2020-09-04 23:59:59+00:00;;22.43;;;;0.35;;;2.15;
996610;treatment;before visit;2020-09-05 23:59:59+00:00;;26.61;;;;0.51;;;0.52;
996610;treatment;before visit;2020-09-06 23:59:59+00:00;;52.76;;;;0.61;;;0.84;
996610;treatment;before visit;2020-09-07 23:59:59+00:00;;32.93;;;;0.48;;;1.19;
996610;treatment;before visit;2020-09-08 23:59:59+00:00;;25.87;;;;0.33;;;3.98;
996610;treatment;before visit;2020-09-09 23:59:59+00:00;;26.1;;;;0.26;;;2.7;
996610;treatment;before visit;2020-09-10 23:59:59+00:00;;19.78;;;;0.45;;;0.99;
996610;treatment;before visit;2020-09-11 23:59:59+00:00;;22.15;;;;0.36;;;1.0;
996610;treatment;before visit;2020-09-12 23:59:59+00:00;;32.09;;;;0.31;;;0.87;
996610;treatment;before visit;2020-09-13 23:59:59+00:00;;26.23;;;;0.25;;;1.48;
996610;treatment;before visit;2020-09-14 23:59:59+00:00;;24.92;;;;0.35;;;0.75;
996610;treatment;before visit;2020-09-15 23:59:59+00:00;;24.59;;;;0.21;;;1.31;
996610;treatment;before visit;2020-09-16 23:59:59+00:00;;27.36;;;;0.14;;;1.62;
996610;treatment;before visit;2020-09-17 23:59:59+00:00;;15.59;;;;0.46;;;0.48;
996610;treatment;before visit;2020-09-18 23:59:59+00:00;;16.48;;;;0.37;;;0.5;
996610;treatment;before visit;2020-09-19 23:59:59+00:00;;11.36;;;;0.31;;;0.41;
996610;treatment;before visit;2020-09-20 23:59:59+00:00;;14.65;;;;0.26;;;0.67;
996610;treatment;before visit;2020-09-21 23:59:59+00:00;;26.46;;;;0.26;;;0.82;
996610;treatment;before visit;2020-09-22 23:59:59+00:00;;21.31;;;;0.43;;;0.75;
996610;treatment;before visit;2020-09-23 23:59:59+00:00;;28.01;;;;0.5;;;0.98;
996610;treatment;before visit;2020-09-24 23:59:59+00:00;;22.05;;;;0.3;;;1.11;
996610;treatment;before visit;2020-09-25 23:59:59+00:00;;28.26;;;;0.25;;;6.44;
996610;treatment;before visit;2020-09-26 23:59:59+00:00;;43.01;;;;0.35;;;9.85;
996610;treatment;before visit;2020-09-27 23:59:59+00:00;;37.62;;;;0.24;;;8.84;
996610;treatment;before visit;2020-09-28 23:59:59+00:00;;38.92;;;;0.15;;;8.01;
996610;treatment;before visit;2020-09-29 23:59:59+00:00;;45.85;;;;0.25;;;6.46;
996610;treatment;before visit;2020-09-30 23:59:59+00:00;;26.15;;;;0.24;;;6.46;
996610;treatment;before visit;2020-10-01 23:59:59+00:00;;21.1;;;;0.22;;;4.74;
996610;treatment;before visit;2020-10-02 23:59:59+00:00;;33.36;;;;0.17;;;4.58;
996610;treatment;before visit;2020-10-03 23:59:59+00:00;;44.24;;;;0.35;;;9.07;
996610;treatment;before visit;2020-10-04 23:59:59+00:00;;27.02;;;;0.36;;;5.4;
996610;treatment;before visit;2020-10-05 23:59:59+00:00;;38.1;;;;0.3;;;8.28;
996610;treatment;before visit;2020-10-06 23:59:59+00:00;;27.21;;;;0.15;;;7.92;
996610;treatment;before visit;2020-10-07 23:59:59+00:00;;23.01;;;;0.07;;;9.71;
996610;treatment;before visit;2020-10-08 23:59:59+00:00;;17.44;;;;0.07;;;6.77;
996610;treatment;before visit;2020-10-09 23:59:59+00:00;;12.69;;;;0.06;;;5.47;
996610;treatment;before visit;2020-10-10 23:59:59+00:00;;23.02;;;;0.09;;;9.81;
996610;treatment;before visit;2020-10-11 23:59:59+00:00;;24.14;;;;0.09;;;14.28;
996610;treatment;before visit;2020-10-12 23:59:59+00:00;;32.82;;;;0.08;;;16.96;
996610;treatment;before visit;2020-10-13 23:59:59+00:00;;24.72;;;;0.08;;;14.7;
996610;treatment;before visit;2020-10-14 23:59:59+00:00;;30.33;;;;0.08;;;14.85;
996610;treatment;before visit;2020-10-15 23:59:59+00:00;;42.14;;;;0.08;;;15.64;
996610;treatment;before visit;2020-10-16 23:59:59+00:00;;42.15;;;;0.18;;;12.95;
996610;treatment;before visit;2020-10-17 23:59:59+00:00;;48.83;;;;0.19;;;14.92;
996610;treatment;before visit;2020-10-18 23:59:59+00:00;;38.38;;;;0.16;;;11.62;
996610;treatment;before visit;2020-10-19 23:59:59+00:00;;51.28;;;;0.08;;;15.87;
996610;treatment;before visit;2020-10-20 23:59:59+00:00;;50.15;;;;0.11;;;14.87;
996610;treatment;before visit;2020-10-21 23:59:59+00:00;;34.79;;;;0.11;;;10.32;
996610;treatment;before visit;2020-10-22 23:59:59+00:00;;44.84;;;;0.16;;;9.06;
996610;treatment;before visit;2020-10-23 23:59:59+00:00;;43.48;;;;0.19;;;7.01;
996610;treatment;before visit;2020-10-24 23:59:59+00:00;;38.24;;;;0.22;;;6.34;
996610;treatment;before visit;2020-10-25 23:59:59+00:00;;21.7;;;;0.25;;;2.4;
996610;treatment;before visit;2020-10-26 23:59:59+00:00;;64.13;;;;0.14;;;20.32;
996610;treatment;before visit;2020-10-27 23:59:59+00:00;;52.8;;;;0.1;;;18.36;
996610;treatment;before visit;2020-10-28 23:59:59+00:00;;47.67;;;;0.09;;;12.48;
996610;treatment;before visit;2020-10-29 23:59:59+00:00;;38.43;;;;0.27;;;10.73;
996610;treatment;before visit;2020-10-30 23:59:59+00:00;;41.7;;;;0.29;;;9.19;
996610;treatment;before visit;2020-10-31 23:59:59+00:00;;53.26;;;;0.14;;;16.22;
996610;treatment;before visit;2020-11-01 23:59:59+00:00;;20.19;;;;0.19;;;1.91;
996610;treatment;before visit;2020-11-02 23:59:59+00:00;;25.7;;;;0.26;;;2.27;
996610;treatment;before visit;2020-11-03 23:59:59+00:00;;48.46;;;;0.1;;;10.96;
996610;treatment;before visit;2020-11-04 23:59:59+00:00;;55.66;;;;0.12;;;17.49;
996610;treatment;before visit;2020-11-05 23:59:59+00:00;;40.86;;;;0.17;;;13.88;
996610;treatment;before visit;2020-11-06 23:59:59+00:00;;50.09;;;;0.08;;;18.42;
996610;treatment;before visit;2020-11-07 23:59:59+00:00;;59.61;;;;0.11;;;15.42;
996610;treatment;before visit;2020-11-08 23:59:59+00:00;;47.78;;;;0.11;;;15.23;
996610;treatment;before visit;2020-11-09 23:59:59+00:00;;50.69;;;;0.11;;;15.5;
996610;treatment;before visit;2020-11-10 23:59:59+00:00;;52.32;;;;0.03;;;18.96;
996610;treatment;before visit;2020-11-11 23:59:59+00:00;;54.58;;;;0.27;;;16.22;
996610;treatment;before visit;2020-11-12 23:59:59+00:00;;57.94;;;;0.13;;;14.45;
996610;treatment;before visit;2020-11-13 23:59:59+00:00;;52.91;;;;0.02;;;16.45;
996610;treatment;before visit;2020-11-14 23:59:59+00:00;;49.22;;;;0.16;;;16.8;
996610;treatment;before visit;2020-11-15 23:59:59+00:00;;48.06;;;;0.13;;;17.16;
996610;treatment;before visit;2020-11-16 23:59:59+00:00;;51.27;;;;0.13;;;12.97;
996610;treatment;before visit;2020-11-17 23:59:59+00:00;;44.31;;;;0.18;;;12.88;
996610;treatment;before visit;2020-11-18 23:59:59+00:00;;57.86;;;;0.19;;;20.54;
996610;treatment;before visit;2020-11-19 23:59:59+00:00;;64.71;;;;0.17;;;19.27;
996610;treatment;before visit;2020-11-20 23:59:59+00:00;;55.94;;;;0.13;;;19.55;
996610;treatment;before visit;2020-11-21 23:59:59+00:00;;87.81;;;;0.12;;;33.38;
996610;treatment;before visit;2020-11-22 23:59:59+00:00;;87.39;;;;0.11;;;34.59;
996610;treatment;before visit;2020-11-23 23:59:59+00:00;;68.07;;;;0.17;;;26.75;
996610;treatment;before visit;2020-11-24 23:59:59+00:00;;65.34;;;;0.14;;;25.08;
996610;treatment;before visit;2020-11-25 23:59:59+00:00;;63.18;;;;0.1;;;30.05;
996610;treatment;before visit;2020-11-26 23:59:59+00:00;;66.0;;;;0.14;;;30.54;
996610;treatment;before visit;2020-11-27 23:59:59+00:00;;60.14;;;;0.22;;;32.37;
996610;treatment;before visit;2020-11-28 23:59:59+00:00;;38.55;;;;0.43;;;20.99;
996610;treatment;before visit;2020-11-29 23:59:59+00:00;;27.59;;;;0.46;;;16.11;
996610;treatment;before visit;2020-11-30 23:59:59+00:00;;63.91;;;;0.27;;;34.24;
996610;treatment;before visit;2020-12-01 23:59:59+00:00;;95.7;;;;0.11;;;39.66;
996610;treatment;before visit;2020-12-02 23:59:59+00:00;;81.39;;;;0.05;;;35.93;
996610;treatment;before visit;2020-12-03 23:59:59+00:00;;84.4;;;;0.17;;;38.4;
996610;treatment;before visit;2020-12-04 23:59:59+00:00;;69.43;;;;0.15;;;38.73;
996610;treatment;before visit;2020-12-05 23:59:59+00:00;;81.02;;;;0.14;;;33.96;
996610;treatment;before visit;2020-12-06 23:59:59+00:00;;79.76;;;;0.08;;;31.48;
996610;treatment;before visit;2020-12-07 23:59:59+00:00;;81.97;;;;0.07;;;33.91;
996610;treatment;before visit;2020-12-08 23:59:59+00:00;;78.46;;;;0.11;;;35.03;
996610;treatment;before visit;2020-12-09 23:59:59+00:00;;81.93;;;;0.16;;;36.35;
996610;treatment;before visit;2020-12-10 23:59:59+00:00;;75.24;;;;0.1;;;35.35;
996610;treatment;before visit;2020-12-11 23:59:59+00:00;;82.72;;;;0.1;;;39.56;
996610;treatment;before visit;2020-12-12 23:59:59+00:00;;80.77;;;;0.19;;;29.01;
996610;treatment;before visit;2020-12-13 23:59:59+00:00;;67.36;;;;0.04;;;24.5;
996610;treatment;before visit;2020-12-14 23:59:59+00:00;;65.45;;;;0.11;;;34.08;
996610;treatment;before visit;2020-12-15 23:59:59+00:00;;74.61;;;;0.13;;;29.61;
996610;treatment;before visit;2020-12-16 23:59:59+00:00;;67.9;;;;0.1;;;27.46;
996610;treatment;before visit;2020-12-17 23:59:59+00:00;;59.52;;;;0.3;;;24.77;
996610;treatment;before visit;2020-12-18 23:59:59+00:00;;68.87;;;;0.13;;;28.04;
996610;treatment;before visit;2020-12-19 23:59:59+00:00;;76.8;;;;0.11;;;36.1;
996610;treatment;before visit;2020-12-20 23:59:59+00:00;;75.7;;;;0.12;;;30.22;
996610;treatment;before visit;2020-12-21 23:59:59+00:00;;58.88;;;;0.12;;;25.56;
996610;treatment;before visit;2020-12-22 23:59:59+00:00;;19.42;;;;0.1;;;9.18;
996610;treatment;before visit;2020-12-23 23:59:59+00:00;;21.34;;;;0.1;;;10.53;
996610;treatment;before visit;2020-12-24 23:59:59+00:00;;30.1;;;;0.14;;;17.04;
996610;treatment;before visit;2020-12-25 23:59:59+00:00;;46.5;;;;0.12;;;29.79;
996610;treatment;before visit;2020-12-26 23:59:59+00:00;;59.51;;;;0.1;;;39.6;
996610;treatment;before visit;2020-12-27 23:59:59+00:00;;58.1;;;;0.11;;;37.99;
996610;treatment;before visit;2020-12-28 23:59:59+00:00;;48.82;;;;0.11;;;31.85;
996610;treatment;before visit;2020-12-29 23:59:59+00:00;;36.74;;;;0.1;;;22.88;
996610;treatment;before visit;2020-12-30 23:59:59+00:00;;46.05;;;;0.13;;;29.49;
996610;treatment;before visit;2020-12-31 23:59:59+00:00;;54.55;;;;0.11;;;35.92;
996610;treatment;before visit;2021-01-01 23:59:59+00:00;;46.12;;;;0.12;;;29.69;
996610;treatment;before visit;2021-01-02 23:59:59+00:00;;48.95;;;;0.12;;;31.86;
996610;treatment;before visit;2021-01-03 23:59:59+00:00;;55.16;;;;0.11;;;36.23;
996610;treatment;before visit;2021-01-04 23:59:59+00:00;;75.21;;;;0.05;;;47.02;
996610;treatment;before visit;2021-01-05 23:59:59+00:00;;76.64;;;;0.05;;;41.38;
996610;treatment;before visit;2021-01-06 23:59:59+00:00;;79.72;;;;0.06;;;39.8;
996610;treatment;before visit;2021-01-07 23:59:59+00:00;;80.99;;;;0.11;;;40.1;
996610;treatment;before visit;2021-01-08 23:59:59+00:00;;82.17;;;;0.1;;;39.6;
996610;treatment;before visit;2021-01-09 23:59:59+00:00;;84.43;;;;0.11;;;45.73;
996610;treatment;before visit;2021-01-10 23:59:59+00:00;;82.55;;;;0.09;;;40.49;
996610;treatment;before visit;2021-01-11 23:59:59+00:00;;93.99;;;;0.01;;;46.32;
996610;treatment;before visit;2021-01-12 23:59:59+00:00;;90.32;;;;0.17;;;41.18;
996610;treatment;before visit;2021-01-13 23:59:59+00:00;;68.5;;;;0.06;;;33.65;
996610;treatment;before visit;2021-01-14 23:59:59+00:00;;88.54;;;;0.06;;;43.61;
996610;treatment;before visit;2021-01-15 23:59:59+00:00;;93.76;;;;0.05;;;50.14;
996610;treatment;before visit;2021-01-16 23:59:59+00:00;;100.79;;;;0.01;;;54.59;
996610;treatment;before visit;2021-01-17 23:59:59+00:00;;73.46;;;;0.18;;;36.98;
996610;treatment;before visit;2021-01-18 23:59:59+00:00;;73.28;;;;0.08;;;34.88;
996610;treatment;before visit;2021-01-19 23:59:59+00:00;;74.87;;;;0.07;;;38.69;
996610;treatment;before visit;2021-01-20 23:59:59+00:00;;74.78;;;;0.18;;;36.45;
996610;treatment;before visit;2021-01-21 23:59:59+00:00;;65.96;;;;0.13;;;30.96;
996610;treatment;before visit;2021-01-22 23:59:59+00:00;;59.39;;;;0.24;;;23.93;
996610;treatment;before visit;2021-01-23 23:59:59+00:00;;79.29;;;;0.08;;;32.45;
996610;treatment;before visit;2021-01-24 23:59:59+00:00;;78.68;;;;0.18;;;35.25;
996610;treatment;before visit;2021-01-25 23:59:59+00:00;;86.35;;;;0.16;;;35.79;
996610;treatment;before visit;2021-01-26 23:59:59+00:00;;82.34;;;;0.18;;;37.96;
996610;treatment;before visit;2021-01-27 23:59:59+00:00;;76.89;;;;0.21;;;38.81;
996610;treatment;before visit;2021-01-28 23:59:59+00:00;;58.12;;;;0.09;;;26.31;
996610;treatment;before visit;2021-01-29 23:59:59+00:00;;49.03;;;;0.26;;;17.77;
996610;treatment;before visit;2021-01-30 23:59:59+00:00;;64.47;;;;0.31;;;23.0;
996610;treatment;before visit;2021-01-31 23:59:59+00:00;;64.77;;;;0.53;;;22.99;
996610;treatment;before visit;2021-02-01 23:59:59+00:00;;66.13;;;;0.12;;;23.69;
996610;treatment;before visit;2021-02-02 23:59:59+00:00;;45.56;;;;0.25;;;14.53;
996610;treatment;before visit;2021-02-03 23:59:59+00:00;;44.39;;;;0.28;;;16.4;
996610;treatment;before visit;2021-02-04 23:59:59+00:00;;56.44;;;;0.22;;;17.65;
996610;treatment;before visit;2021-02-05 23:59:59+00:00;;50.22;;;;0.26;;;19.25;
996610;treatment;before visit;2021-02-06 23:59:59+00:00;;61.19;;;;0.11;;;23.97;
996610;treatment;before visit;2021-02-07 23:59:59+00:00;;62.1;;;;0.14;;;28.21;
996610;treatment;before visit;2021-02-08 23:59:59+00:00;;66.9;;;;0.08;;;32.31;
996610;treatment;before visit;2021-02-09 23:59:59+00:00;;79.56;;;;0.12;;;37.55;
996610;treatment;before visit;2021-02-10 23:59:59+00:00;;82.18;;;;0.05;;;42.07;
996610;treatment;before visit;2021-02-11 23:59:59+00:00;;103.27;;;;0.12;;;55.62;
996610;treatment;before visit;2021-02-12 23:59:59+00:00;;79.33;;;;0.16;;;42.43;
996610;treatment;before visit;2021-02-13 23:59:59+00:00;;63.61;;;;0.18;;;40.1;
996610;treatment;before visit;2021-02-14 23:59:59+00:00;;63.19;;;;0.18;;;41.18;
996610;treatment;before visit;2021-02-15 23:59:59+00:00;;74.17;;;;0.08;;;46.27;
996610;treatment;before visit;2021-02-16 23:59:59+00:00;;37.37;;;;0.1;;;24.05;
996610;treatment;before visit;2021-02-17 23:59:59+00:00;;38.47;;;;0.11;;;20.93;
996610;treatment;before visit;2021-02-18 23:59:59+00:00;;40.35;;;;0.11;;;27.01;
996610;treatment;before visit;2021-02-19 23:59:59+00:00;;35.05;;;;0.1;;;18.57;
996610;treatment;before visit;2021-02-20 23:59:59+00:00;;33.89;;;;0.13;;;22.04;
996610;treatment;before visit;2021-02-21 23:59:59+00:00;;28.08;;;;0.2;;;16.47;
996610;treatment;before visit;2021-02-22 23:59:59+00:00;;29.81;;;;0.17;;;17.68;
996610;treatment;before visit;2021-02-23 23:59:59+00:00;;25.97;;;;0.17;;;15.23;
996610;treatment;before visit;2021-02-24 23:59:59+00:00;;29.81;;;;0.16;;;14.64;
996610;treatment;before visit;2021-02-25 23:59:59+00:00;;23.66;;;;0.16;;;13.12;
996610;treatment;before visit;2021-02-26 23:59:59+00:00;;22.87;;;;0.16;;;13.46;
996610;treatment;before visit;2021-02-27 23:59:59+00:00;;28.64;;;;0.18;;;17.2;
996610;treatment;before visit;2021-02-28 23:59:59+00:00;;32.85;;;;0.19;;;20.71;
996610;treatment;before visit;2021-03-01 23:59:59+00:00;;33.96;;;;0.16;;;21.78;
996610;treatment;before visit;2021-03-02 23:59:59+00:00;;67.22;;;;0.09;;;30.64;
996610;treatment;before visit;2021-03-03 23:59:59+00:00;;58.45;;;;0.19;;;25.83;
996610;treatment;before visit;2021-03-04 23:59:59+00:00;;52.58;;;;0.21;;;22.13;
996610;treatment;before visit;2021-03-05 23:59:59+00:00;;66.4;;;;0.21;;;23.87;
996610;treatment;before visit;2021-03-06 23:59:59+00:00;;64.01;;;;0.14;;;29.58;
996610;treatment;before visit;2021-03-07 23:59:59+00:00;;63.72;;;;0.17;;;26.95;
996610;treatment;before visit;2021-03-08 23:59:59+00:00;;62.01;;;;0.16;;;22.99;
996610;treatment;before visit;2021-03-09 23:59:59+00:00;;64.04;;;;0.33;;;25.92;
996610;treatment;before visit;2021-03-10 23:59:59+00:00;;56.17;;;;0.19;;;22.26;
996610;treatment;before visit;2021-03-11 23:59:59+00:00;;53.47;;;;0.09;;;12.64;
996610;treatment;before visit;2021-03-12 23:59:59+00:00;;53.45;;;;0.07;;;16.93;
996610;treatment;before visit;2021-03-13 23:59:59+00:00;;52.34;;;;0.24;;;15.91;
996610;treatment;before visit;2021-03-14 23:59:59+00:00;;63.02;;;;0.12;;;28.36;
996610;treatment;before visit;2021-03-15 23:59:59+00:00;;65.58;;;;0.15;;;27.31;
996610;treatment;before visit;2021-03-16 23:59:59+00:00;;61.41;;;;0.22;;;27.27;
996610;treatment;before visit;2021-03-17 23:59:59+00:00;;67.8;;;;0.17;;;28.34;
996610;treatment;before visit;2021-03-18 23:59:59+00:00;;69.17;;;;0.2;;;32.24;
996610;treatment;before visit;2021-03-19 23:59:59+00:00;;74.17;;;;0.14;;;31.85;
996610;treatment;before visit;2021-03-20 23:59:59+00:00;;70.4;;;;0.36;;;31.34;
996610;treatment;before visit;2021-03-21 23:59:59+00:00;;65.46;;;;0.17;;;29.16;
996610;treatment;before visit;2021-03-22 23:59:59+00:00;;62.05;;;;0.12;;;24.84;
996610;treatment;before visit;2021-03-23 23:59:59+00:00;;50.35;;;;0.31;;;21.64;
996610;treatment;before visit;2021-03-24 23:59:59+00:00;;55.85;;;;0.37;;;20.63;
996610;treatment;before visit;2021-03-25 23:59:59+00:00;;49.28;;;;0.17;;;15.39;
996610;treatment;before visit;2021-03-26 23:59:59+00:00;;39.41;;;;0.16;;;12.74;
996610;treatment;before visit;2021-03-27 23:59:59+00:00;;43.52;;;;0.35;;;13.3;
996610;treatment;before visit;2021-03-28 23:59:59+00:00;;37.98;;;;0.28;;;15.31;
996610;treatment;before visit;2021-03-29 23:59:59+00:00;;44.2;;;;0.1;;;12.52;
996610;treatment;before visit;2021-03-30 23:59:59+00:00;;36.01;;;;0.24;;;10.48;
996610;treatment;before visit;2021-03-31 23:59:59+00:00;;16.95;;;;0.22;;;4.8;
996610;treatment;before visit;2021-04-01 23:59:59+00:00;;10.34;;;;0.26;;;4.04;
996610;treatment;before visit;2021-04-02 23:59:59+00:00;;11.44;;;;0.25;;;4.6;
996610;treatment;before visit;2021-04-03 23:59:59+00:00;;21.83;;;;0.26;;;13.47;
996610;treatment;before visit;2021-04-04 23:59:59+00:00;;23.11;;;;0.27;;;14.44;
996610;treatment;before visit;2021-04-05 23:59:59+00:00;;22.55;;;;0.25;;;13.89;
996610;treatment;before visit;2021-04-06 23:59:59+00:00;;32.16;;;;0.24;;;21.22;
996610;treatment;before visit;2021-04-07 23:59:59+00:00;;79.86;;;;0.1;;;36.54;
996610;treatment;before visit;2021-04-08 23:59:59+00:00;;53.49;;;;0.19;;;23.29;
996610;treatment;before visit;2021-04-09 23:59:59+00:00;;47.16;;;;0.18;;;17.89;
996610;treatment;before visit;2021-04-10 23:59:59+00:00;;33.04;;;;0.11;;;10.72;
996610;treatment;before visit;2021-04-11 23:59:59+00:00;;31.25;;;;0.08;;;8.1;
996610;treatment;before visit;2021-04-12 23:59:59+00:00;;61.96;;;;0.09;;;25.0;
996610;treatment;before visit;2021-04-13 23:59:59+00:00;;56.04;;;;0.17;;;27.03;
996610;treatment;before visit;2021-04-14 23:59:59+00:00;;62.78;;;;0.24;;;23.62;
996610;treatment;before visit;2021-04-15 23:59:59+00:00;;64.38;;;;0.15;;;22.55;
996610;treatment;before visit;2021-04-16 23:59:59+00:00;;57.21;;;;0.12;;;23.25;
996610;treatment;before visit;2021-04-17 23:59:59+00:00;;46.84;;;;0.19;;;20.26;
996610;treatment;before visit;2021-04-18 23:59:59+00:00;;46.5;;;;0.14;;;17.13;
996610;treatment;before visit;2021-04-19 23:59:59+00:00;;46.02;;;;0.18;;;15.36;
996610;treatment;before visit;2021-04-20 23:59:59+00:00;;44.84;;;;0.13;;;13.19;
996610;treatment;before visit;2021-04-21 23:59:59+00:00;;36.37;;;;0.18;;;11.04;
996610;treatment;before visit;2021-04-22 23:59:59+00:00;;29.9;;;;0.17;;;8.97;
996610;treatment;before visit;2021-04-23 23:59:59+00:00;;34.09;;;;0.2;;;9.84;
996610;treatment;before visit;2021-04-24 23:59:59+00:00;;33.62;;;;0.33;;;9.87;
996610;treatment;before visit;2021-04-25 23:59:59+00:00;;29.46;;;;0.33;;;7.41;
996610;treatment;before visit;2021-04-26 23:59:59+00:00;;27.75;;;;0.19;;;8.83;
996610;treatment;before visit;2021-04-27 23:59:59+00:00;;22.49;;;;0.15;;;8.05;
996610;treatment;before visit;2021-04-28 23:59:59+00:00;;14.26;;;;0.19;;;7.31;
996610;treatment;before visit;2021-04-29 23:59:59+00:00;;21.41;;;;0.14;;;9.05;
996610;treatment;before visit;2021-04-30 23:59:59+00:00;;20.73;;;;0.14;;;11.9;
996610;treatment;before visit;2021-05-01 23:59:59+00:00;;33.65;;;;0.16;;;17.38;
996610;treatment;before visit;2021-05-02 23:59:59+00:00;;29.32;;;;0.18;;;18.26;
996610;treatment;before visit;2021-05-03 23:59:59+00:00;;30.89;;;;0.14;;;15.37;
996610;treatment;before visit;2021-05-04 23:59:59+00:00;;20.16;;;;0.12;;;11.47;
996610;treatment;before visit;2021-05-05 23:59:59+00:00;;33.34;;;;0.14;;;14.35;
996610;treatment;before visit;2021-05-06 23:59:59+00:00;;50.1;;;;0.11;;;15.92;
996610;treatment;before visit;2021-05-07 23:59:59+00:00;;41.18;;;;0.23;;;12.47;
996610;treatment;before visit;2021-05-08 23:59:59+00:00;;44.11;;;;0.22;;;9.71;
996610;treatment;before visit;2021-05-09 23:59:59+00:00;;27.1;;;;0.16;;;6.54;
996610;treatment;before visit;2021-05-10 23:59:59+00:00;;24.63;;;;0.08;;;2.1;
996610;treatment;before visit;2021-05-11 23:59:59+00:00;;34.07;;;;0.07;;;7.18;
996610;treatment;before visit;2021-05-12 23:59:59+00:00;;35.72;;;;0.32;;;8.63;
996610;treatment;before visit;2021-05-13 23:59:59+00:00;;36.45;;;;0.19;;;11.02;
996610;treatment;before visit;2021-05-14 23:59:59+00:00;;37.43;;;;0.28;;;9.75;
996610;treatment;before visit;2021-05-15 23:59:59+00:00;;43.15;;;;0.5;;;9.74;
996610;treatment;before visit;2021-05-16 23:59:59+00:00;;37.2;;;;0.43;;;8.88;
996610;treatment;before visit;2021-05-17 23:59:59+00:00;;39.53;;;;0.28;;;10.2;
996610;treatment;before visit;2021-05-18 23:59:59+00:00;;37.88;;;;0.23;;;8.39;
996610;treatment;before visit;2021-05-19 23:59:59+00:00;;42.63;;;;0.26;;;11.2;
996610;treatment;before visit;2021-05-20 23:59:59+00:00;;29.8;;;;0.34;;;8.77;
996610;treatment;before visit;2021-05-21 23:59:59+00:00;;20.95;;;;0.31;;;8.24;
996610;treatment;before visit;2021-05-22 23:59:59+00:00;;16.06;;;;0.26;;;6.83;
996610;treatment;before visit;2021-05-23 23:59:59+00:00;;14.57;;;;0.26;;;6.66;
996610;treatment;before visit;2021-05-24 23:59:59+00:00;;15.98;;;;0.29;;;8.17;
996610;treatment;before visit;2021-05-25 23:59:59+00:00;;40.66;;;;0.2;;;12.6;
996610;treatment;before visit;2021-05-26 23:59:59+00:00;;31.05;;;;0.23;;;8.02;
996610;treatment;before visit;2021-05-27 23:59:59+00:00;;31.46;;;;0.16;;;10.24;
996610;treatment;before visit;2021-05-28 23:59:59+00:00;;29.12;;;;0.26;;;8.41;
996610;treatment;before visit;2021-05-29 23:59:59+00:00;;27.73;;;;0.21;;;4.4;
996610;treatment;before visit;2021-05-30 23:59:59+00:00;;23.73;;;;0.2;;;6.06;
996610;treatment;before visit;2021-05-31 23:59:59+00:00;;27.46;;;;0.27;;;5.99;
996610;treatment;before visit;2021-06-01 23:59:59+00:00;;41.75;;;;0.32;;;4.59;
996610;treatment;before visit;2021-06-02 23:59:59+00:00;;23.36;;;;0.45;;;2.47;
996610;treatment;before visit;2021-06-03 23:59:59+00:00;;18.22;;;;0.32;;;0.65;
996610;treatment;before visit;2021-06-04 23:59:59+00:00;;33.34;;;;0.45;;;0.63;
996610;treatment;before visit;2021-06-05 23:59:59+00:00;;17.53;;;;0.37;;;0.53;
996610;treatment;before visit;2021-06-06 23:59:59+00:00;;20.78;;;;0.27;;;0.87;
996610;treatment;before visit;2021-06-07 23:59:59+00:00;;33.32;;;;0.16;;;2.39;
996610;treatment;before visit;2021-06-08 23:59:59+00:00;;29.21;;;;0.27;;;4.59;
996610;treatment;before visit;2021-06-09 23:59:59+00:00;;24.91;;;;0.21;;;2.89;
996610;treatment;before visit;2021-06-10 23:59:59+00:00;;22.26;;;;0.24;;;0.92;
996610;treatment;before visit;2021-06-11 23:59:59+00:00;;19.39;;;;0.46;;;0.49;
996610;treatment;before visit;2021-06-12 23:59:59+00:00;;20.92;;;;0.32;;;0.65;
996610;treatment;before visit;2021-06-13 23:59:59+00:00;;16.5;;;;0.27;;;0.62;
996610;treatment;before visit;2021-06-14 23:59:59+00:00;;22.09;;;;0.24;;;1.05;
996610;treatment;before visit;2021-06-15 23:59:59+00:00;;22.15;;;;0.38;;;0.45;
996610;treatment;before visit;2021-06-16 23:59:59+00:00;;24.46;;;;0.34;;;0.86;
996610;treatment;before visit;2021-06-17 23:59:59+00:00;;17.02;;;;0.3;;;0.5;
996610;treatment;before visit;2021-06-18 23:59:59+00:00;;22.72;;;;0.17;;;0.95;
996610;treatment;before visit;2021-06-19 23:59:59+00:00;;19.73;;;;0.19;;;1.09;
996610;treatment;before visit;2021-06-20 23:59:59+00:00;;19.44;;;;0.37;;;0.71;
996610;treatment;before visit;2021-06-21 23:59:59+00:00;;24.32;;;;0.26;;;0.74;
996610;treatment;before visit;2021-06-22 23:59:59+00:00;;20.34;;;;0.29;;;0.75;
996610;treatment;before visit;2021-06-23 23:59:59+00:00;;21.22;;;;0.18;;;0.89;
996610;treatment;before visit;2021-06-24 23:59:59+00:00;;18.82;;;;0.32;;;0.6;
996610;treatment;before visit;2021-06-25 23:59:59+00:00;;15.31;;;;0.28;;;0.65;
996610;treatment;before visit;2021-06-26 23:59:59+00:00;;6.73;;;;0.21;;;0.46;
996610;treatment;before visit;2021-06-27 23:59:59+00:00;;6.95;;;;0.23;;;0.44;
996610;treatment;before visit;2021-06-28 23:59:59+00:00;;18.33;;;;0.18;;;0.77;
996610;treatment;before visit;2021-06-29 23:59:59+00:00;;21.85;;;;0.32;;;0.76;
996610;treatment;before visit;2021-06-30 23:59:59+00:00;;28.48;;;;0.23;;;4.19;
996610;treatment;before visit;2021-07-01 23:59:59+00:00;;17.33;;;;0.28;;;1.3;
996610;treatment;before visit;2021-07-02 23:59:59+00:00;;18.19;;;;0.32;;;1.13;
996610;treatment;before visit;2021-07-03 23:59:59+00:00;;20.24;;;;0.32;;;0.66;
996610;treatment;before visit;2021-07-04 23:59:59+00:00;;18.39;;;;0.33;;;0.84;
996610;treatment;before visit;2021-07-05 23:59:59+00:00;;20.04;;;;0.25;;;0.7;
996610;treatment;before visit;2021-07-06 23:59:59+00:00;;18.54;;;;0.41;;;0.76;
996610;treatment;before visit;2021-07-07 23:59:59+00:00;;26.94;;;;0.3;;;1.07;
996610;treatment;before visit;2021-07-08 23:59:59+00:00;;17.72;;;;0.28;;;0.94;
996610;treatment;before visit;2021-07-09 23:59:59+00:00;;19.7;;;;0.26;;;1.71;
996610;treatment;before visit;2021-07-10 23:59:59+00:00;;16.57;;;;0.26;;;0.92;
996610;treatment;before visit;2021-07-11 23:59:59+00:00;;21.73;;;;0.54;;;0.61;
996610;treatment;before visit;2021-07-12 23:59:59+00:00;;20.27;;;;0.38;;;0.52;
996610;treatment;before visit;2021-07-13 23:59:59+00:00;;31.65;;;;0.36;;;0.95;
996610;treatment;before visit;2021-07-14 23:59:59+00:00;;28.33;;;;0.23;;;2.41;
996610;treatment;before visit;2021-07-15 23:59:59+00:00;;25.06;;;;0.23;;;2.7;
996610;treatment;before visit;2021-07-16 23:59:59+00:00;;34.88;;;;0.17;;;3.74;
996610;treatment;before visit;2021-07-17 23:59:59+00:00;;25.73;;;;0.31;;;0.67;
996610;treatment;before visit;2021-07-18 23:59:59+00:00;;21.2;;;;0.21;;;0.92;
996610;treatment;before visit;2021-07-19 23:59:59+00:00;;17.46;;;;0.2;;;1.04;
996610;treatment;before visit;2021-07-20 23:59:59+00:00;;20.9;;;;0.29;;;1.34;
996610;treatment;before visit;2021-07-21 23:59:59+00:00;;10.96;;;;0.13;;;1.08;
996610;treatment;before visit;2021-07-22 23:59:59+00:00;;5.99;;;;0.03;;;0.74;
996610;treatment;before visit;2021-07-23 23:59:59+00:00;;6.36;;;;0.04;;;0.75;
996610;treatment;before visit;2021-07-24 23:59:59+00:00;;7.41;;;;0.04;;;0.69;
996610;treatment;before visit;2021-07-25 23:59:59+00:00;;17.68;;;;0.04;;;0.72;
996610;treatment;before visit;2021-07-26 23:59:59+00:00;;4.9;;;;0.04;;;0.69;
996610;treatment;before visit;2021-07-27 23:59:59+00:00;;6.21;;;;0.03;;;0.73;
996610;treatment;before visit;2021-07-28 23:59:59+00:00;;10.5;;;;0.04;;;0.75;
996610;treatment;before visit;2021-07-29 23:59:59+00:00;;6.67;;;;0.02;;;0.75;
996610;treatment;before visit;2021-07-30 23:59:59+00:00;;6.14;;;;0.04;;;0.68;
996610;treatment;before visit;2021-07-31 23:59:59+00:00;;5.85;;;;0.06;;;0.66;
996610;treatment;before visit;2021-08-01 23:59:59+00:00;;5.97;;;;0.06;;;0.65;
996610;treatment;before visit;2021-08-02 23:59:59+00:00;;18.64;;;;0.02;;;4.06;
996610;treatment;before visit;2021-08-03 23:59:59+00:00;;12.51;;;;0.13;;;4.16;
996610;treatment;before visit;2021-08-04 23:59:59+00:00;;11.87;;;;0.22;;;2.41;
996610;treatment;before visit;2021-08-05 23:59:59+00:00;;11.73;;;;0.17;;;1.8;
996610;treatment;before visit;2021-08-06 23:59:59+00:00;;6.9;;;;0.02;;;1.26;
996610;treatment;before visit;2021-08-07 23:59:59+00:00;;6.03;;;;0.06;;;0.61;
996610;treatment;before visit;2021-08-08 23:59:59+00:00;;9.18;;;;0.03;;;1.81;
996610;treatment;before visit;2021-08-09 23:59:59+00:00;;8.39;;;;0.04;;;2.3;
996610;treatment;before visit;2021-08-10 23:59:59+00:00;;6.96;;;;0.03;;;1.37;
996610;treatment;before visit;2021-08-11 23:59:59+00:00;;6.14;;;;0.02;;;0.65;
996610;treatment;before visit;2021-08-12 23:59:59+00:00;;6.37;;;;0.03;;;0.64;
996610;treatment;before visit;2021-08-13 23:59:59+00:00;;5.78;;;;0.02;;;0.69;
996610;treatment;before visit;2021-08-14 23:59:59+00:00;;5.9;;;;0.05;;;0.62;
996610;treatment;before visit;2021-08-15 23:59:59+00:00;;5.75;;;;0.04;;;0.65;
996610;treatment;before visit;2021-08-16 23:59:59+00:00;;5.62;;;;0.02;;;0.65;
996610;treatment;before visit;2021-08-17 23:59:59+00:00;;27.95;;;;0.05;;;1.17;
996610;treatment;before visit;2021-08-18 23:59:59+00:00;;17.19;;;;0.22;;;1.09;
996610;treatment;before visit;2021-08-19 23:59:59+00:00;;20.18;;;;0.24;;;0.87;
996610;treatment;before visit;2021-08-20 23:59:59+00:00;;20.56;;;;0.18;;;2.53;
996610;treatment;before visit;2021-08-21 23:59:59+00:00;;18.96;;;;0.29;;;0.84;
996610;treatment;before visit;2021-08-22 23:59:59+00:00;;23.91;;;;0.24;;;0.99;
996610;treatment;before visit;2021-08-23 23:59:59+00:00;;26.6;;;;0.23;;;1.91;
996610;treatment;before visit;2021-08-24 23:59:59+00:00;;14.78;;;;0.22;;;0.97;
996610;treatment;before visit;2021-08-25 23:59:59+00:00;;16.76;;;;0.21;;;0.97;
996610;treatment;before visit;2021-08-26 23:59:59+00:00;;17.25;;;;0.22;;;2.55;
996610;treatment;before visit;2021-08-27 23:59:59+00:00;;28.62;;;;0.21;;;2.35;
996610;treatment;before visit;2021-08-28 23:59:59+00:00;;26.12;;;;0.3;;;3.41;
996610;treatment;before visit;2021-08-29 23:59:59+00:00;;22.19;;;;0.25;;;2.1;
996610;treatment;before visit;2021-08-30 23:59:59+00:00;;27.38;;;;0.18;;;2.51;
996610;treatment;before visit;2021-08-31 23:59:59+00:00;;25.92;;;;0.28;;;1.93;
996610;treatment;before visit;2021-09-01 23:59:59+00:00;;29.9;;;;0.21;;;3.19;
996610;treatment;before visit;2021-09-02 23:59:59+00:00;;25.2;;;;0.27;;;3.23;
996610;treatment;before visit;2021-09-03 23:59:59+00:00;;19.39;;;;0.26;;;2.54;
996610;treatment;before visit;2021-09-04 23:59:59+00:00;;19.53;;;;0.24;;;1.44;
996610;treatment;before visit;2021-09-05 23:59:59+00:00;;18.19;;;;0.28;;;0.68;
996610;treatment;before visit;2021-09-06 23:59:59+00:00;;20.13;;;;0.29;;;0.82;
996610;treatment;before visit;2021-09-07 23:59:59+00:00;;17.16;;;;0.43;;;0.57;
996610;treatment;before visit;2021-09-08 23:59:59+00:00;;23.23;;;;0.19;;;4.4;
996610;treatment;before visit;2021-09-09 23:59:59+00:00;;15.08;;;;0.29;;;0.87;
996610;treatment;before visit;2021-09-10 23:59:59+00:00;;26.18;;;;0.28;;;0.98;
996610;treatment;before visit;2021-09-11 23:59:59+00:00;;14.47;;;;0.42;;;0.4;
996610;treatment;before visit;2021-09-12 23:59:59+00:00;;19.4;;;;0.3;;;0.6;
996610;treatment;before visit;2021-09-13 23:59:59+00:00;;16.76;;;;0.37;;;0.52;
996610;treatment;before visit;2021-09-14 23:59:59+00:00;;18.98;;;;0.26;;;0.93;
996610;treatment;before visit;2021-09-15 23:59:59+00:00;;27.76;;;;0.18;;;1.31;
996610;treatment;before visit;2021-09-16 23:59:59+00:00;;18.77;;;;0.33;;;0.91;
996610;treatment;before visit;2021-09-17 23:59:59+00:00;;21.89;;;;0.24;;;1.62;
996610;treatment;before visit;2021-09-18 23:59:59+00:00;;32.57;;;;0.19;;;3.77;
996610;treatment;before visit;2021-09-19 23:59:59+00:00;;19.66;;;;0.16;;;4.69;
996610;treatment;before visit;2021-09-20 23:59:59+00:00;;14.51;;;;0.13;;;3.68;
996610;treatment;before visit;2021-09-21 23:59:59+00:00;;11.59;;;;0.14;;;4.7;
996610;treatment;before visit;2021-09-22 23:59:59+00:00;;18.33;;;;0.13;;;5.8;
996610;treatment;before visit;2021-09-23 23:59:59+00:00;;13.34;;;;0.14;;;6.12;
996610;treatment;before visit;2021-09-24 23:59:59+00:00;;15.7;;;;0.15;;;4.21;
996610;treatment;before visit;2021-09-25 23:59:59+00:00;;10.1;;;;0.18;;;3.97;
996610;treatment;before visit;2021-09-26 23:59:59+00:00;;18.55;;;;0.18;;;1.82;
996610;treatment;before visit;2021-09-27 23:59:59+00:00;;23.13;;;;0.16;;;3.11;
996610;treatment;before visit;2021-09-28 23:59:59+00:00;;20.4;;;;0.23;;;2.53;
996610;treatment;before visit;2021-09-29 23:59:59+00:00;;35.55;;;;0.29;;;4.35;
996610;treatment;before visit;2021-09-30 23:59:59+00:00;;22.95;;;;0.2;;;6.16;
996610;treatment;before visit;2021-10-01 23:59:59+00:00;;39.14;;;;0.29;;;7.46;
996610;treatment;before visit;2021-10-02 23:59:59+00:00;;29.27;;;;0.29;;;3.28;
996610;treatment;before visit;2021-10-03 23:59:59+00:00;;24.17;;;;0.19;;;3.29;
996610;treatment;before visit;2021-10-04 23:59:59+00:00;;33.68;;;;0.3;;;5.43;
996610;treatment;before visit;2021-10-05 23:59:59+00:00;;29.98;;;;0.24;;;5.45;
996610;treatment;before visit;2021-10-06 23:59:59+00:00;;40.28;;;;0.35;;;9.02;
996610;treatment;before visit;2021-10-07 23:59:59+00:00;;26.72;;;;0.16;;;7.68;
996610;treatment;before visit;2021-10-08 23:59:59+00:00;;29.01;;;;0.17;;;7.46;
996610;treatment;before visit;2021-10-09 23:59:59+00:00;;34.85;;;;0.21;;;9.12;
996610;treatment;before visit;2021-10-10 23:59:59+00:00;;30.54;;;;0.14;;;12.34;
996610;treatment;before visit;2021-10-11 23:59:59+00:00;;22.27;;;;0.09;;;9.51;
996610;treatment;before visit;2021-10-12 23:59:59+00:00;;19.02;;;;0.09;;;8.46;
996610;treatment;before visit;2021-10-13 23:59:59+00:00;;16.9;;;;0.11;;;9.69;
996610;treatment;before visit;2021-10-14 23:59:59+00:00;;25.95;;;;0.11;;;12.72;
996610;treatment;before visit;2021-10-15 23:59:59+00:00;;23.02;;;;0.1;;;12.3;
996610;treatment;before visit;2021-10-16 23:59:59+00:00;;20.16;;;;0.11;;;12.37;
996610;treatment;before visit;2021-10-17 23:59:59+00:00;;24.25;;;;0.11;;;11.2;
996610;treatment;before visit;2021-10-18 23:59:59+00:00;;20.08;;;;0.09;;;10.0;
996610;treatment;before visit;2021-10-19 23:59:59+00:00;;15.71;;;;0.1;;;8.92;
996610;treatment;before visit;2021-10-20 23:59:59+00:00;;22.82;;;;0.03;;;9.85;
996610;treatment;before visit;2021-10-21 23:59:59+00:00;;24.38;;;;0.12;;;7.65;
996610;treatment;before visit;2021-10-22 23:59:59+00:00;;37.0;;;;0.25;;;13.21;
996610;treatment;before visit;2021-10-23 23:59:59+00:00;;42.63;;;;0.13;;;20.73;
996610;treatment;before visit;2021-10-24 23:59:59+00:00;;53.81;;;;0.21;;;24.76;
996610;treatment;before visit;2021-10-25 23:59:59+00:00;;42.71;;;;0.2;;;16.27;
996610;treatment;before visit;2021-10-26 23:59:59+00:00;;41.1;;;;0.34;;;12.24;
996610;treatment;before visit;2021-10-27 23:59:59+00:00;;42.6;;;;0.19;;;14.87;
996610;treatment;before visit;2021-10-28 23:59:59+00:00;;41.03;;;;0.38;;;12.29;
996610;treatment;before visit;2021-10-29 23:59:59+00:00;;34.42;;;;0.31;;;10.68;
996610;treatment;before visit;2021-10-30 23:59:59+00:00;;34.86;;;;0.28;;;12.2;
996610;treatment;before visit;2021-10-31 23:59:59+00:00;;35.97;;;;0.3;;;8.81;
996610;treatment;before visit;2021-11-01 23:59:59+00:00;;44.97;;;;0.19;;;10.02;
996610;treatment;before visit;2021-11-02 23:59:59+00:00;;45.51;;;;0.24;;;12.43;
996610;treatment;before visit;2021-11-03 23:59:59+00:00;;46.0;;;;0.21;;;15.98;
996610;treatment;before visit;2021-11-04 23:59:59+00:00;;46.35;;;;0.32;;;18.76;
996610;treatment;before visit;2021-11-05 23:59:59+00:00;;54.96;;;;0.32;;;17.58;
996610;treatment;before visit;2021-11-06 23:59:59+00:00;;49.68;;;;0.36;;;18.61;
996610;treatment;before visit;2021-11-07 23:59:59+00:00;;49.47;;;;0.34;;;18.58;
996610;treatment;before visit;2021-11-08 23:59:59+00:00;;50.05;;;;0.16;;;16.48;
996610;treatment;before visit;2021-11-09 23:59:59+00:00;;53.74;;;;0.24;;;22.13;
996610;treatment;before visit;2021-11-10 23:59:59+00:00;;57.08;;;;0.22;;;24.62;
996610;treatment;before visit;2021-11-11 23:59:59+00:00;;58.57;;;;0.11;;;25.65;
996610;treatment;before visit;2021-11-12 23:59:59+00:00;;51.97;;;;0.23;;;22.04;
996610;treatment;before visit;2021-11-13 23:59:59+00:00;;43.35;;;;0.19;;;20.45;
996610;treatment;before visit;2021-11-14 23:59:59+00:00;;40.89;;;;0.13;;;15.86;
996610;treatment;before visit;2021-11-15 23:59:59+00:00;;50.42;;;;0.25;;;18.74;
996610;treatment;before visit;2021-11-16 23:59:59+00:00;;54.52;;;;0.17;;;20.06;
996610;treatment;before visit;2021-11-17 23:59:59+00:00;;54.06;;;;0.2;;;20.72;
996610;treatment;before visit;2021-11-18 23:59:59+00:00;;50.81;;;;0.16;;;23.24;
996610;treatment;before visit;2021-11-19 23:59:59+00:00;;68.45;;;;0.22;;;27.47;
996610;treatment;before visit;2021-11-20 23:59:59+00:00;;61.25;;;;0.16;;;25.47;
996610;treatment;before visit;2021-11-21 23:59:59+00:00;;59.34;;;;0.22;;;25.62;
996610;treatment;before visit;2021-11-22 23:59:59+00:00;;53.44;;;;0.19;;;23.64;
996610;treatment;before visit;2021-11-23 23:59:59+00:00;;56.39;;;;0.26;;;26.66;
996610;treatment;before visit;2021-11-24 23:59:59+00:00;;60.71;;;;0.14;;;27.29;
996610;treatment;before visit;2021-11-25 23:59:59+00:00;;64.25;;;;0.13;;;31.9;
996610;treatment;before visit;2021-11-26 23:59:59+00:00;;46.72;;;;0.19;;;23.63;
996610;treatment;before visit;2021-11-27 23:59:59+00:00;;43.35;;;;0.21;;;25.15;
996610;treatment;before visit;2021-11-28 23:59:59+00:00;;44.53;;;;0.22;;;26.63;
996610;treatment;before visit;2021-11-29 23:59:59+00:00;;67.39;;;;0.09;;;38.58;
996610;treatment;before visit;2021-11-30 23:59:59+00:00;;71.69;;;;0.11;;;32.4;
996610;treatment;before visit;2021-12-01 23:59:59+00:00;;59.19;;;;0.18;;;22.38;
996610;treatment;before visit;2021-12-02 23:59:59+00:00;;63.44;;;;0.06;;;26.67;
996610;treatment;before visit;2021-12-03 23:59:59+00:00;;74.87;;;;0.12;;;31.52;
996610;treatment;before visit;2021-12-04 23:59:59+00:00;;66.45;;;;0.05;;;26.9;
996610;treatment;before visit;2021-12-05 23:59:59+00:00;;58.66;;;;0.15;;;29.03;
996610;treatment;before visit;2021-12-06 23:59:59+00:00;;72.16;;;;0.07;;;32.48;
996610;treatment;before visit;2021-12-07 23:59:59+00:00;;65.04;;;;0.07;;;30.25;
996610;treatment;before visit;2021-12-08 23:59:59+00:00;;65.11;;;;0.06;;;32.83;
996610;treatment;before visit;2021-12-09 23:59:59+00:00;;63.09;;;;0.04;;;31.73;
996610;treatment;before visit;2021-12-10 23:59:59+00:00;;70.3;;;;0.07;;;36.66;
996610;treatment;before visit;2021-12-11 23:59:59+00:00;;67.84;;;;0.14;;;32.14;
996610;treatment;before visit;2021-12-12 23:59:59+00:00;;72.16;;;;0.05;;;33.93;
996610;treatment;before visit;2021-12-13 23:59:59+00:00;;70.63;;;;0.11;;;28.52;
996610;treatment;before visit;2021-12-14 23:59:59+00:00;;69.97;;;;0.16;;;29.77;
996610;treatment;before visit;2021-12-15 23:59:59+00:00;;65.33;;;;0.12;;;30.0;
996610;treatment;before visit;2021-12-16 23:59:59+00:00;;63.91;;;;0.08;;;31.11;
996610;treatment;before visit;2021-12-17 23:59:59+00:00;;65.56;;;;0.21;;;27.21;
996610;treatment;before visit;2021-12-18 23:59:59+00:00;;63.22;;;;0.07;;;28.26;
996610;treatment;before visit;2021-12-19 23:59:59+00:00;;83.87;;;;0.07;;;37.89;
996610;treatment;before visit;2021-12-20 23:59:59+00:00;;76.78;;;;0.08;;;36.14;
996610;treatment;before visit;2021-12-21 23:59:59+00:00;;82.2;;;;0.04;;;39.52;
996610;treatment;before visit;2021-12-22 23:59:59+00:00;;73.21;;;;0.17;;;40.23;
996610;treatment;before visit;2021-12-23 23:59:59+00:00;;43.16;;;;0.52;;;23.76;
996610;treatment;before visit;2021-12-24 23:59:59+00:00;;33.16;;;;0.5;;;16.77;
996610;treatment;before visit;2021-12-25 23:59:59+00:00;;30.9;;;;0.47;;;17.06;
996610;treatment;before visit;2021-12-26 23:59:59+00:00;;28.22;;;;0.51;;;17.31;
996610;treatment;before visit;2021-12-27 23:59:59+00:00;;37.57;;;;0.53;;;20.08;
996610;treatment;before visit;2021-12-28 23:59:59+00:00;;31.19;;;;0.6;;;16.57;
996610;treatment;before visit;2021-12-29 23:59:59+00:00;;26.16;;;;0.56;;;15.62;
996610;treatment;before visit;2021-12-30 23:59:59+00:00;;24.16;;;;0.58;;;10.39;
996610;treatment;before visit;2021-12-31 23:59:59+00:00;;26.79;;;;0.53;;;13.06;
996610;treatment;before visit;2022-01-01 23:59:59+00:00;;37.48;;;;0.5;;;24.24;
996610;treatment;before visit;2022-01-02 23:59:59+00:00;;42.59;;;;0.5;;;23.81;
996610;treatment;before visit;2022-01-03 23:59:59+00:00;;26.73;;;;0.56;;;13.14;
996610;treatment;before visit;2022-01-04 23:59:59+00:00;;21.14;;;;0.53;;;11.87;
996610;treatment;before visit;2022-01-05 23:59:59+00:00;;70.65;;;;0.27;;;35.6;
996610;treatment;before visit;2022-01-06 23:59:59+00:00;;74.15;;;;0.04;;;38.2;
996610;treatment;before visit;2022-01-07 23:59:59+00:00;;72.31;;;;0.11;;;37.73;
996610;treatment;before visit;2022-01-08 23:59:59+00:00;;67.96;;;;0.2;;;34.69;
996610;treatment;before visit;2022-01-09 23:59:59+00:00;;62.81;;;;0.07;;;32.33;
996610;treatment;before visit;2022-01-10 23:59:59+00:00;;75.7;;;;0.04;;;32.44;
996610;treatment;before visit;2022-01-11 23:59:59+00:00;;71.72;;;;0.12;;;27.88;
996610;treatment;before visit;2022-01-12 23:59:59+00:00;;66.7;;;;0.14;;;30.11;
996610;treatment;before visit;2022-01-13 23:59:59+00:00;;69.62;;;;0.24;;;29.64;
996610;treatment;before visit;2022-01-14 23:59:59+00:00;;68.67;;;;0.15;;;34.23;
996610;treatment;before visit;2022-01-15 23:59:59+00:00;;66.15;;;;0.15;;;36.11;
996610;treatment;before visit;2022-01-16 23:59:59+00:00;;70.36;;;;0.17;;;33.16;
996610;treatment;before visit;2022-01-17 23:59:59+00:00;;70.66;;;;0.18;;;33.22;
996610;treatment;before visit;2022-01-18 23:59:59+00:00;;73.46;;;;0.16;;;34.63;
996610;treatment;before visit;2022-01-19 23:59:59+00:00;;64.06;;;;0.09;;;30.18;
996610;treatment;before visit;2022-01-20 23:59:59+00:00;;70.06;;;;0.12;;;31.05;
996610;treatment;before visit;2022-01-21 23:59:59+00:00;;72.49;;;;0.21;;;34.37;
996610;treatment;before visit;2022-01-22 23:59:59+00:00;;68.23;;;;0.15;;;34.97;
996610;treatment;before visit;2022-01-23 23:59:59+00:00;;72.73;;;;0.05;;;35.18;
996610;treatment;before visit;2022-01-24 23:59:59+00:00;;74.64;;;;0.08;;;34.09;
996610;treatment;before visit;2022-01-25 23:59:59+00:00;;66.28;;;;0.11;;;33.46;
996610;treatment;before visit;2022-01-26 23:59:59+00:00;;76.29;;;;0.12;;;33.36;
996610;treatment;before visit;2022-01-27 23:59:59+00:00;;71.67;;;;0.22;;;34.48;
996610;treatment;before visit;2022-01-28 23:59:59+00:00;;57.63;;;;0.07;;;26.52;
996610;treatment;before visit;2022-01-29 23:59:59+00:00;;59.92;;;;0.13;;;27.28;
996610;treatment;before visit;2022-01-30 23:59:59+00:00;;53.06;;;;0.11;;;21.75;
996610;treatment;during visit;2022-01-31 23:59:59+00:00;;68.69;;;;0.1;;;26.65;
996610;treatment;after visit;2022-02-01 23:59:59+00:00;;67.37;;;;0.23;;;31.61;
996610;treatment;after visit;2022-02-02 23:59:59+00:00;;33.85;;;;0.2;;;15.85;
996610;treatment;after visit;2022-02-03 23:59:59+00:00;;30.8;;;;0.18;;;15.79;
996610;treatment;after visit;2022-02-04 23:59:59+00:00;;34.27;;;;0.18;;;18.46;
996610;treatment;after visit;2022-02-05 23:59:59+00:00;;54.58;;;;0.16;;;28.94;
996610;treatment;after visit;2022-02-06 23:59:59+00:00;;61.8;;;;0.07;;;28.61;
996610;treatment;after visit;2022-02-07 23:59:59+00:00;;65.07;;;;0.1;;;27.14;
996610;treatment;after visit;2022-02-08 23:59:59+00:00;;56.34;;;;0.11;;;23.8;
996610;treatment;after visit;2022-02-09 23:59:59+00:00;;59.42;;;;0.22;;;23.9;
996610;treatment;after visit;2022-02-10 23:59:59+00:00;;45.86;;;;0.1;;;19.33;
996610;treatment;after visit;2022-02-11 23:59:59+00:00;;44.65;;;;0.06;;;19.81;
996610;treatment;after visit;2022-02-12 23:59:59+00:00;;36.4;;;;0.03;;;19.52;
996610;treatment;after visit;2022-02-13 23:59:59+00:00;;34.76;;;;0.02;;;18.98;
996610;treatment;after visit;2022-02-14 23:59:59+00:00;;30.31;;;;0.02;;;19.09;
996610;treatment;after visit;2022-02-15 23:59:59+00:00;;34.71;;;;0.02;;;18.06;
996610;treatment;after visit;2022-02-16 23:59:59+00:00;;31.01;;;;0.02;;;16.35;
996610;treatment;after visit;2022-02-17 23:59:59+00:00;;21.55;;;;0.01;;;12.38;
996610;treatment;after visit;2022-02-18 23:59:59+00:00;;27.18;;;;0.01;;;12.59;
996610;treatment;after visit;2022-02-19 23:59:59+00:00;;33.0;;;;0.01;;;18.11;
996610;treatment;after visit;2022-02-20 23:59:59+00:00;;25.64;;;;0.02;;;15.52;
996610;treatment;after visit;2022-02-21 23:59:59+00:00;;31.93;;;;0.01;;;16.26;
996610;treatment;after visit;2022-02-22 23:59:59+00:00;;31.4;;;;0.01;;;16.67;
996610;treatment;after visit;2022-02-23 23:59:59+00:00;;26.06;;;;0.02;;;15.87;
996610;treatment;after visit;2022-02-24 23:59:59+00:00;;31.84;;;;0.01;;;16.65;
996610;treatment;after visit;2022-02-25 23:59:59+00:00;;32.13;;;;0.02;;;17.63;
996610;treatment;after visit;2022-02-26 23:59:59+00:00;;31.1;;;;0.02;;;20.03;
996610;treatment;after visit;2022-02-27 23:59:59+00:00;;38.03;;;;0.02;;;21.22;
996610;treatment;after visit;2022-02-28 23:59:59+00:00;;49.47;;;;0.02;;;25.83;
996610;treatment;after visit;2022-03-01 23:59:59+00:00;;66.86;;;;0.06;;;34.36;
996610;treatment;after visit;2022-03-02 23:59:59+00:00;;75.69;;;;0.12;;;32.12;
996610;treatment;after visit;2022-03-03 23:59:59+00:00;;55.67;;;;0.11;;;25.78;
996610;treatment;after visit;2022-03-04 23:59:59+00:00;;61.93;;;;0.1;;;25.64;
996610;treatment;after visit;2022-03-05 23:59:59+00:00;;65.86;;;;0.13;;;30.27;
996610;treatment;after visit;2022-03-06 23:59:59+00:00;;62.17;;;;0.06;;;31.59;
996610;treatment;after visit;2022-03-07 23:59:59+00:00;;59.27;;;;0.12;;;25.12;
996610;treatment;after visit;2022-03-08 23:59:59+00:00;;61.41;;;;0.14;;;30.1;
996610;treatment;after visit;2022-03-09 23:59:59+00:00;;54.76;;;;0.07;;;26.67;
996610;treatment;after visit;2022-03-10 23:59:59+00:00;;51.19;;;;0.08;;;23.24;
996610;treatment;after visit;2022-03-11 23:59:59+00:00;;53.41;;;;0.1;;;23.22;
996610;treatment;after visit;2022-03-12 23:59:59+00:00;;50.32;;;;0.28;;;17.55;
996610;treatment;after visit;2022-03-13 23:59:59+00:00;;45.18;;;;0.15;;;17.51;
996610;treatment;after visit;2022-03-14 23:59:59+00:00;;40.87;;;;0.04;;;14.87;
996610;treatment;after visit;2022-03-15 23:59:59+00:00;;46.76;;;;0.11;;;16.36;
996610;treatment;after visit;2022-03-16 23:59:59+00:00;;44.32;;;;0.19;;;15.27;
996610;treatment;after visit;2022-03-17 23:59:59+00:00;;42.44;;;;0.08;;;13.61;
996610;treatment;after visit;2022-03-18 23:59:59+00:00;;43.62;;;;0.12;;;15.43;
996610;treatment;after visit;2022-03-19 23:59:59+00:00;;48.23;;;;0.21;;;13.75;
996610;treatment;after visit;2022-03-20 23:59:59+00:00;;43.46;;;;0.09;;;13.89;
996610;treatment;after visit;2022-03-21 23:59:59+00:00;;47.5;;;;0.09;;;14.57;
996610;treatment;after visit;2022-03-22 23:59:59+00:00;;45.32;;;;0.09;;;15.06;
996610;treatment;after visit;2022-03-23 23:59:59+00:00;;48.15;;;;0.05;;;14.08;
996610;treatment;after visit;2022-03-24 23:59:59+00:00;;40.81;;;;0.03;;;13.37;
996610;treatment;after visit;2022-03-25 23:59:59+00:00;;44.91;;;;0.04;;;11.23;
996610;treatment;after visit;2022-03-26 23:59:59+00:00;;38.62;;;;0.14;;;8.59;
996610;treatment;after visit;2022-03-27 23:59:59+00:00;;35.02;;;;0.03;;;9.43;
996610;treatment;after visit;2022-03-28 23:59:59+00:00;;39.41;;;;0.1;;;11.15;
996610;treatment;after visit;2022-03-29 23:59:59+00:00;;37.37;;;;0.11;;;9.27;
996610;treatment;after visit;2022-03-30 23:59:59+00:00;;43.16;;;;0.15;;;11.97;
996610;treatment;after visit;2022-03-31 23:59:59+00:00;;47.4;;;;0.12;;;15.49;
996610;treatment;after visit;2022-04-01 23:59:59+00:00;;59.66;;;;0.34;;;22.45;
996610;treatment;after visit;2022-04-02 23:59:59+00:00;;76.17;;;;0.24;;;34.55;
996610;treatment;after visit;2022-04-03 23:59:59+00:00;;68.77;;;;0.11;;;35.6;
996610;treatment;after visit;2022-04-04 23:59:59+00:00;;63.05;;;;0.02;;;27.81;
996610;treatment;after visit;2022-04-05 23:59:59+00:00;;44.62;;;;0.05;;;17.76;
996610;treatment;after visit;2022-04-06 23:59:59+00:00;;44.48;;;;0.01;;;11.34;
996610;treatment;after visit;2022-04-07 23:59:59+00:00;;37.55;;;;0.09;;;11.28;
996610;treatment;after visit;2022-04-08 23:59:59+00:00;;43.08;;;;0.06;;;11.31;
996610;treatment;after visit;2022-04-09 23:59:59+00:00;;44.84;;;;0.14;;;18.81;
996610;treatment;after visit;2022-04-10 23:59:59+00:00;;49.79;;;;0.27;;;19.92;
996610;treatment;after visit;2022-04-11 23:59:59+00:00;;42.03;;;;0.1;;;14.27;
996610;treatment;after visit;2022-04-12 23:59:59+00:00;;33.49;;;;0.05;;;10.32;
996610;treatment;after visit;2022-04-13 23:59:59+00:00;;28.54;;;;0.08;;;5.68;
996610;treatment;after visit;2022-04-14 23:59:59+00:00;;21.73;;;;0.06;;;4.82;
996610;treatment;after visit;2022-04-15 23:59:59+00:00;;8.69;;;;0.03;;;2.79;
996610;treatment;after visit;2022-04-16 23:59:59+00:00;;13.12;;;;0.02;;;5.74;
996610;treatment;after visit;2022-04-17 23:59:59+00:00;;17.63;;;;0.03;;;9.56;
996610;treatment;after visit;2022-04-18 23:59:59+00:00;;17.05;;;;0.03;;;9.04;
996610;treatment;after visit;2022-04-19 23:59:59+00:00;;14.52;;;;0.04;;;7.26;
996610;treatment;after visit;2022-04-20 23:59:59+00:00;;16.25;;;;0.02;;;8.29;
996610;treatment;after visit;2022-04-21 23:59:59+00:00;;14.97;;;;0.02;;;7.42;
996610;treatment;after visit;2022-04-22 23:59:59+00:00;;14.39;;;;0.03;;;6.94;
996610;treatment;after visit;2022-04-23 23:59:59+00:00;;15.78;;;;0.04;;;7.88;
996610;treatment;after visit;2022-04-24 23:59:59+00:00;;19.93;;;;0.05;;;9.64;
996610;treatment;after visit;2022-04-25 23:59:59+00:00;;29.96;;;;;;;10.5;
996610;treatment;after visit;2022-04-26 23:59:59+00:00;;32.9;;;;0.03;;;12.6;
996610;treatment;after visit;2022-04-27 23:59:59+00:00;;36.64;;;;0.2;;;9.39;
996610;treatment;after visit;2022-04-28 23:59:59+00:00;;35.75;;;;0.19;;;9.27;
996610;treatment;after visit;2022-04-29 23:59:59+00:00;;34.63;;;;0.15;;;7.34;
996610;treatment;after visit;2022-04-30 23:59:59+00:00;;43.03;;;;0.14;;;7.99;
996610;treatment;after visit;2022-05-01 23:59:59+00:00;;32.76;;;;0.07;;;7.49;
996610;treatment;after visit;2022-05-02 23:59:59+00:00;;42.08;;;;0.2;;;7.61;
996610;treatment;after visit;2022-05-03 23:59:59+00:00;;35.6;;;;0.12;;;7.27;
996610;treatment;after visit;2022-05-04 23:59:59+00:00;;28.78;;;;0.15;;;6.4;
996610;treatment;after visit;2022-05-05 23:59:59+00:00;;28.17;;;;0.1;;;6.63;
996610;treatment;after visit;2022-05-06 23:59:59+00:00;;32.57;;;;0.07;;;6.75;
996610;treatment;after visit;2022-05-07 23:59:59+00:00;;25.99;;;;0.17;;;5.44;
996610;treatment;after visit;2022-05-08 23:59:59+00:00;;27.46;;;;0.17;;;3.81;
996610;treatment;after visit;2022-05-09 23:59:59+00:00;;27.99;;;;0.23;;;3.4;
996610;treatment;after visit;2022-05-10 23:59:59+00:00;;30.61;;;;0.22;;;3.71;
996610;treatment;after visit;2022-05-11 23:59:59+00:00;;25.25;;;;0.17;;;1.85;
996610;treatment;after visit;2022-05-12 23:59:59+00:00;;14.26;;;;0.24;;;0.75;
996610;treatment;after visit;2022-05-13 23:59:59+00:00;;17.9;;;;0.17;;;1.04;
996610;treatment;after visit;2022-05-14 23:59:59+00:00;;19.79;;;;0.16;;;0.8;
996610;treatment;after visit;2022-05-15 23:59:59+00:00;;18.11;;;;0.23;;;0.95;
996610;treatment;after visit;2022-05-16 23:59:59+00:00;;20.37;;;;0.15;;;1.13;
996610;treatment;after visit;2022-05-17 23:59:59+00:00;;19.81;;;;0.15;;;1.15;
996610;treatment;after visit;2022-05-18 23:59:59+00:00;;20.99;;;;0.26;;;0.58;
996610;treatment;after visit;2022-05-19 23:59:59+00:00;;14.16;;;;0.15;;;0.83;
996610;treatment;after visit;2022-05-20 23:59:59+00:00;;17.44;;;;0.16;;;0.83;
996610;treatment;after visit;2022-05-21 23:59:59+00:00;;16.54;;;;0.17;;;0.83;
996610;treatment;after visit;2022-05-22 23:59:59+00:00;;16.18;;;;0.26;;;0.67;
996610;treatment;after visit;2022-05-23 23:59:59+00:00;;20.37;;;;0.11;;;1.18;
996610;treatment;after visit;2022-05-24 23:59:59+00:00;;18.54;;;;0.18;;;0.95;
996610;treatment;after visit;2022-05-25 23:59:59+00:00;;18.89;;;;0.08;;;2.65;
996610;treatment;after visit;2022-05-26 23:59:59+00:00;;19.53;;;;0.16;;;1.91;
996610;treatment;after visit;2022-05-27 23:59:59+00:00;;17.12;;;;0.16;;;2.4;
996610;treatment;after visit;2022-05-28 23:59:59+00:00;;16.3;;;;0.23;;;0.79;
996610;treatment;after visit;2022-05-29 23:59:59+00:00;;28.18;;;;0.2;;;5.13;
996610;treatment;after visit;2022-05-30 23:59:59+00:00;;30.5;;;;0.06;;;5.03;
996610;treatment;after visit;2022-05-31 23:59:59+00:00;;36.98;;;;0.08;;;6.08;
996610;treatment;after visit;2022-06-01 23:59:59+00:00;;39.27;;;;0.03;;;9.62;
996610;treatment;after visit;2022-06-02 23:59:59+00:00;;23.0;;;;0.18;;;1.95;
996610;treatment;after visit;2022-06-03 23:59:59+00:00;;14.66;;;;0.16;;;1.19;
996610;treatment;after visit;2022-06-04 23:59:59+00:00;;10.78;;;;0.12;;;0.53;
996610;treatment;after visit;2022-06-05 23:59:59+00:00;;4.84;;;;0.13;;;0.5;
996610;treatment;after visit;2022-06-06 23:59:59+00:00;;6.82;;;;0.13;;;0.52;
996610;treatment;after visit;2022-06-07 23:59:59+00:00;;20.3;;;;0.11;;;1.19;
996610;treatment;after visit;2022-06-08 23:59:59+00:00;;17.63;;;;0.28;;;2.75;
996610;treatment;after visit;2022-06-09 23:59:59+00:00;;23.08;;;;0.2;;;3.16;
996610;treatment;after visit;2022-06-10 23:59:59+00:00;;21.93;;;;0.2;;;4.04;
996610;treatment;after visit;2022-06-11 23:59:59+00:00;;24.0;;;;0.24;;;3.0;
996610;treatment;after visit;2022-06-12 23:59:59+00:00;;18.01;;;;0.05;;;0.99;
996610;treatment;after visit;2022-06-13 23:59:59+00:00;;17.71;;;;0.16;;;0.81;
996610;treatment;after visit;2022-06-14 23:59:59+00:00;;18.98;;;;0.2;;;0.89;
996610;treatment;after visit;2022-06-15 23:59:59+00:00;;21.37;;;;0.23;;;0.68;
996610;treatment;after visit;2022-06-16 23:59:59+00:00;;21.87;;;;0.17;;;0.81;
996610;treatment;after visit;2022-06-17 23:59:59+00:00;;20.21;;;;0.19;;;1.07;
996610;treatment;after visit;2022-06-18 23:59:59+00:00;;25.64;;;;0.28;;;0.74;
996610;treatment;after visit;2022-06-19 23:59:59+00:00;;19.21;;;;0.21;;;0.95;
996610;treatment;after visit;2022-06-20 23:59:59+00:00;;18.33;;;;0.21;;;1.34;
996610;treatment;after visit;2022-06-21 23:59:59+00:00;;25.96;;;;0.21;;;1.24;
996610;treatment;after visit;2022-06-22 23:59:59+00:00;;20.77;;;;0.3;;;1.38;
996610;treatment;after visit;2022-06-23 23:59:59+00:00;;16.15;;;;0.21;;;0.92;
996610;treatment;after visit;2022-06-24 23:59:59+00:00;;26.13;;;;0.18;;;0.98;
996610;treatment;after visit;2022-06-25 23:59:59+00:00;;15.99;;;;0.2;;;0.76;
996610;treatment;after visit;2022-06-26 23:59:59+00:00;;17.22;;;;0.25;;;1.4;
996610;treatment;after visit;2022-06-27 23:59:59+00:00;;23.72;;;;0.44;;;0.61;
996610;treatment;after visit;2022-06-28 23:59:59+00:00;;27.29;;;;0.21;;;2.42;
996610;treatment;after visit;2022-06-29 23:59:59+00:00;;20.37;;;;0.38;;;0.61;
996610;treatment;after visit;2022-06-30 23:59:59+00:00;;14.45;;;;0.28;;;0.71;
996610;treatment;after visit;2022-07-01 23:59:59+00:00;;17.75;;;;0.28;;;0.68;
996610;treatment;after visit;2022-07-02 23:59:59+00:00;;25.03;;;;0.25;;;0.95;
996610;treatment;after visit;2022-07-03 23:59:59+00:00;;19.94;;;;0.28;;;0.69;
996610;treatment;after visit;2022-07-04 23:59:59+00:00;;19.31;;;;0.25;;;0.59;
996610;treatment;after visit;2022-07-05 23:59:59+00:00;;25.34;;;;0.19;;;1.45;
996610;treatment;after visit;2022-07-06 23:59:59+00:00;;25.86;;;;0.16;;;1.2;
996610;treatment;after visit;2022-07-07 23:59:59+00:00;;24.74;;;;0.27;;;0.72;
996610;treatment;after visit;2022-07-08 23:59:59+00:00;;13.31;;;;0.25;;;0.69;
996610;treatment;after visit;2022-07-09 23:59:59+00:00;;6.67;;;;0.13;;;0.68;
996610;treatment;after visit;2022-07-10 23:59:59+00:00;;6.01;;;;0.1;;;0.68;
996610;treatment;after visit;2022-07-11 23:59:59+00:00;;5.7;;;;0.1;;;0.65;
996610;treatment;after visit;2022-07-12 23:59:59+00:00;;5.95;;;;0.08;;;0.69;
996610;treatment;after visit;2022-07-13 23:59:59+00:00;;6.04;;;;0.1;;;0.68;
996610;treatment;after visit;2022-07-14 23:59:59+00:00;;6.13;;;;0.09;;;0.68;
996610;treatment;after visit;2022-07-15 23:59:59+00:00;;9.97;;;;0.08;;;1.39;
996610;treatment;after visit;2022-07-16 23:59:59+00:00;;24.89;;;;0.17;;;1.0;
996610;treatment;after visit;2022-07-17 23:59:59+00:00;;19.85;;;;0.13;;;1.31;
996610;treatment;after visit;2022-07-18 23:59:59+00:00;;16.62;;;;0.19;;;0.88;
996610;treatment;after visit;2022-07-19 23:59:59+00:00;;18.48;;;;0.15;;;1.02;
996610;treatment;after visit;2022-07-20 23:59:59+00:00;;27.92;;;;0.41;;;1.4;
996610;treatment;after visit;2022-07-21 23:59:59+00:00;;5.06;;;;0.17;;;0.08;
996610;treatment;after visit;2022-07-22 23:59:59+00:00;;12.53;;;;0.2;;;0.7;
996610;treatment;after visit;2022-07-23 23:59:59+00:00;;6.54;;;;;;;0.77;
996610;treatment;after visit;2022-07-24 23:59:59+00:00;;5.91;;;;0.01;;;0.79;
996610;treatment;after visit;2022-07-25 23:59:59+00:00;;5.84;;;;0.02;;;0.82;
996610;treatment;after visit;2022-07-26 23:59:59+00:00;;6.27;;;;;;;0.82;
996610;treatment;after visit;2022-07-27 23:59:59+00:00;;5.99;;;;;;;0.82;
996610;treatment;after visit;2022-07-28 23:59:59+00:00;;6.03;;;;0.01;;;0.82;
996610;treatment;after visit;2022-07-29 23:59:59+00:00;;5.88;;;;;;;0.78;
996610;treatment;after visit;2022-07-30 23:59:59+00:00;;6.05;;;;0.01;;;0.8;
996610;treatment;after visit;2022-07-31 23:59:59+00:00;;5.72;;;;;;;0.8;
996610;treatment;after visit;2022-08-01 23:59:59+00:00;;5.93;;;;0.01;;;0.78;
996610;treatment;after visit;2022-08-02 23:59:59+00:00;;5.72;;;;0.01;;;0.83;
996610;treatment;after visit;2022-08-03 23:59:59+00:00;;6.04;;;;;;;0.84;
996610;treatment;after visit;2022-08-04 23:59:59+00:00;;5.82;;;;;;;0.83;
996610;treatment;after visit;2022-08-05 23:59:59+00:00;;6.14;;;;;;;0.84;
996610;treatment;after visit;2022-08-06 23:59:59+00:00;;5.75;;;;0.01;;;0.81;
996610;treatment;after visit;2022-08-07 23:59:59+00:00;;16.49;;;;0.03;;;0.83;
996610;treatment;after visit;2022-08-08 23:59:59+00:00;;5.34;;;;0.06;;;0.75;
996610;treatment;after visit;2022-08-09 23:59:59+00:00;;5.67;;;;0.06;;;0.7;
996610;treatment;after visit;2022-08-10 23:59:59+00:00;;6.11;;;;0.04;;;0.71;
996610;treatment;after visit;2022-08-11 23:59:59+00:00;;5.68;;;;0.05;;;0.71;
996610;treatment;after visit;2022-08-12 23:59:59+00:00;;7.33;;;;0.12;;;0.69;
996610;treatment;after visit;2022-08-13 23:59:59+00:00;;15.09;;;;0.47;;;0.43;
996610;treatment;after visit;2022-08-14 23:59:59+00:00;;12.26;;;;0.36;;;0.64;
996610;treatment;after visit;2022-08-15 23:59:59+00:00;;16.25;;;;0.16;;;1.37;
996610;treatment;after visit;2022-08-16 23:59:59+00:00;;16.18;;;;0.19;;;0.81;
996610;treatment;after visit;2022-08-17 23:59:59+00:00;;17.96;;;;0.22;;;0.67;
996610;treatment;after visit;2022-08-18 23:59:59+00:00;;21.82;;;;0.19;;;1.03;
996610;treatment;after visit;2022-08-19 23:59:59+00:00;;22.27;;;;0.29;;;0.91;
996610;treatment;after visit;2022-08-20 23:59:59+00:00;;18.69;;;;0.4;;;0.71;
996610;treatment;after visit;2022-08-21 23:59:59+00:00;;15.08;;;;0.35;;;0.57;
996610;treatment;after visit;2022-08-22 23:59:59+00:00;;20.76;;;;0.17;;;1.11;
996610;treatment;after visit;2022-08-23 23:59:59+00:00;;18.2;;;;0.17;;;1.68;
996610;treatment;after visit;2022-08-24 23:59:59+00:00;;13.13;;;;0.23;;;0.68;
996610;treatment;after visit;2022-08-25 23:59:59+00:00;;17.65;;;;0.15;;;1.07;
996610;treatment;after visit;2022-08-26 23:59:59+00:00;;16.08;;;;0.16;;;0.9;
996610;treatment;after visit;2022-08-27 23:59:59+00:00;;15.72;;;;0.04;;;1.79;
996610;treatment;after visit;2022-08-28 23:59:59+00:00;;23.18;;;;0.21;;;0.77;
996610;treatment;after visit;2022-08-29 23:59:59+00:00;;15.92;;;;0.18;;;0.96;
996610;treatment;after visit;2022-08-30 23:59:59+00:00;;14.29;;;;0.13;;;0.98;
996610;treatment;after visit;2022-08-31 23:59:59+00:00;;23.32;;;;0.19;;;0.88;
996610;treatment;after visit;2022-09-01 23:59:59+00:00;;15.87;;;;0.17;;;0.79;
996610;treatment;after visit;2022-09-02 23:59:59+00:00;;24.78;;;;0.14;;;1.98;
996610;treatment;after visit;2022-09-03 23:59:59+00:00;;21.85;;;;0.28;;;0.76;
996610;treatment;after visit;2022-09-04 23:59:59+00:00;;15.46;;;;0.27;;;0.9;
996610;treatment;after visit;2022-09-05 23:59:59+00:00;;20.58;;;;0.19;;;0.89;
996610;treatment;after visit;2022-09-06 23:59:59+00:00;;23.56;;;;0.24;;;0.88;
996610;treatment;after visit;2022-09-07 23:59:59+00:00;;16.49;;;;0.15;;;1.0;
996610;treatment;after visit;2022-09-08 23:59:59+00:00;;14.91;;;;0.21;;;0.97;
996610;treatment;after visit;2022-09-09 23:59:59+00:00;;17.8;;;;0.17;;;0.95;
996610;treatment;after visit;2022-09-10 23:59:59+00:00;;18.26;;;;0.1;;;1.59;
996610;treatment;after visit;2022-09-11 23:59:59+00:00;;15.46;;;;0.15;;;1.42;
996610;treatment;after visit;2022-09-12 23:59:59+00:00;;23.41;;;;0.11;;;3.37;
996610;treatment;after visit;2022-09-13 23:59:59+00:00;;20.08;;;;0.14;;;2.26;
996610;treatment;after visit;2022-09-14 23:59:59+00:00;;16.97;;;;0.12;;;1.65;
996610;treatment;after visit;2022-09-15 23:59:59+00:00;;17.67;;;;0.16;;;0.75;
996610;treatment;after visit;2022-09-16 23:59:59+00:00;;24.2;;;;0.1;;;2.87;
996610;treatment;after visit;2022-09-17 23:59:59+00:00;;22.8;;;;0.14;;;5.88;
996610;treatment;after visit;2022-09-18 23:59:59+00:00;;23.98;;;;0.18;;;6.06;
996610;treatment;after visit;2022-09-19 23:59:59+00:00;;26.84;;;;0.1;;;5.18;
996610;treatment;after visit;2022-09-20 23:59:59+00:00;;27.56;;;;0.08;;;7.19;
996610;treatment;after visit;2022-09-21 23:59:59+00:00;;26.47;;;;0.14;;;6.77;
996610;treatment;after visit;2022-09-22 23:59:59+00:00;;25.59;;;;0.1;;;8.18;
996610;treatment;after visit;2022-09-23 23:59:59+00:00;;24.82;;;;0.1;;;6.15;
996610;treatment;after visit;2022-09-24 23:59:59+00:00;;19.59;;;;0.21;;;3.74;
996610;treatment;after visit;2022-09-25 23:59:59+00:00;;25.54;;;;0.18;;;5.27;
996610;treatment;after visit;2022-09-26 23:59:59+00:00;;26.48;;;;0.07;;;6.56;
996610;treatment;after visit;2022-09-27 23:59:59+00:00;;33.12;;;;0.08;;;9.27;
996610;treatment;after visit;2022-09-28 23:59:59+00:00;;33.47;;;;0.08;;;10.16;
996610;treatment;after visit;2022-09-29 23:59:59+00:00;;26.77;;;;0.1;;;9.28;
996610;treatment;after visit;2022-09-30 23:59:59+00:00;;34.33;;;;0.12;;;7.78;
996610;treatment;after visit;2022-10-01 23:59:59+00:00;;33.03;;;;0.1;;;10.53;
996610;treatment;after visit;2022-10-02 23:59:59+00:00;;23.7;;;;0.15;;;4.57;
996610;treatment;after visit;2022-10-03 23:59:59+00:00;;27.76;;;;0.1;;;7.0;
996610;treatment;after visit;2022-10-04 23:59:59+00:00;;33.92;;;;0.19;;;9.58;
996610;treatment;after visit;2022-10-05 23:59:59+00:00;;16.69;;;;0.09;;;5.74;
996610;treatment;after visit;2022-10-06 23:59:59+00:00;;21.65;;;;;;;5.0;
996610;treatment;after visit;2022-10-07 23:59:59+00:00;;8.93;;;;;;;3.47;
996610;treatment;after visit;2022-10-08 23:59:59+00:00;;16.65;;;;;;;4.79;
996610;treatment;after visit;2022-10-09 23:59:59+00:00;;12.24;;;;0.01;;;6.01;
996610;treatment;after visit;2022-10-10 23:59:59+00:00;;13.38;;;;;;;5.2;
996610;treatment;after visit;2022-10-11 23:59:59+00:00;;16.15;;;;;;;4.57;
996610;treatment;after visit;2022-10-12 23:59:59+00:00;;10.87;;;;;;;4.96;
996610;treatment;after visit;2022-10-13 23:59:59+00:00;;11.47;;;;0.01;;;4.27;
996610;treatment;after visit;2022-10-14 23:59:59+00:00;;15.68;;;;0.01;;;5.3;
996610;treatment;after visit;2022-10-15 23:59:59+00:00;;14.83;;;;;;;3.99;
996610;treatment;after visit;2022-10-16 23:59:59+00:00;;11.07;;;;;;;4.97;
996610;treatment;after visit;2022-10-17 23:59:59+00:00;;16.15;;;;;;;5.05;
996610;treatment;after visit;2022-10-18 23:59:59+00:00;;10.87;;;;;;;4.94;
996610;treatment;after visit;2022-10-19 23:59:59+00:00;;24.66;;;;;;;5.0;
996610;treatment;after visit;2022-10-20 23:59:59+00:00;;24.98;;;;0.1;;;5.4;
996610;treatment;after visit;2022-10-21 23:59:59+00:00;;26.59;;;;0.17;;;6.24;
996610;treatment;after visit;2022-10-22 23:59:59+00:00;;26.0;;;;0.13;;;5.66;
996610;treatment;after visit;2022-10-23 23:59:59+00:00;;27.29;;;;0.09;;;7.75;
996610;treatment;after visit;2022-10-24 23:59:59+00:00;;34.59;;;;0.07;;;7.43;
996610;treatment;after visit;2022-10-25 23:59:59+00:00;;23.94;;;;0.08;;;7.4;
996610;treatment;after visit;2022-10-26 23:59:59+00:00;;28.79;;;;0.14;;;5.6;
996610;treatment;after visit;2022-10-27 23:59:59+00:00;;25.36;;;;0.11;;;7.0;
996610;treatment;after visit;2022-10-28 23:59:59+00:00;;29.29;;;;0.14;;;5.47;
996610;treatment;after visit;2022-10-29 23:59:59+00:00;;30.1;;;;0.15;;;5.63;
996610;treatment;after visit;2022-10-30 23:59:59+00:00;;25.99;;;;0.1;;;6.73;
996610;treatment;after visit;2022-10-31 23:59:59+00:00;;35.99;;;;0.06;;;8.11;
996610;treatment;after visit;2022-11-01 23:59:59+00:00;;25.66;;;;0.08;;;6.01;
996610;treatment;after visit;2022-11-02 23:59:59+00:00;;28.73;;;;0.1;;;8.02;
996610;treatment;after visit;2022-11-03 23:59:59+00:00;;31.86;;;;0.18;;;11.11;
996610;treatment;after visit;2022-11-04 23:59:59+00:00;;39.88;;;;0.13;;;11.08;
996610;treatment;after visit;2022-11-05 23:59:59+00:00;;32.82;;;;0.22;;;12.82;
996610;treatment;after visit;2022-11-06 23:59:59+00:00;;51.38;;;;0.12;;;16.75;
996610;treatment;after visit;2022-11-07 23:59:59+00:00;;41.25;;;;0.09;;;13.69;
996610;treatment;after visit;2022-11-08 23:59:59+00:00;;42.58;;;;0.07;;;16.13;
996610;treatment;after visit;2022-11-09 23:59:59+00:00;;35.91;;;;0.04;;;12.68;
996610;treatment;after visit;2022-11-10 23:59:59+00:00;;37.44;;;;0.18;;;12.42;
996610;treatment;after visit;2022-11-11 23:59:59+00:00;;38.16;;;;0.14;;;13.73;
996610;treatment;after visit;2022-11-12 23:59:59+00:00;;42.98;;;;0.16;;;15.36;
996610;treatment;after visit;2022-11-13 23:59:59+00:00;;49.01;;;;0.14;;;19.14;
996610;treatment;after visit;2022-11-14 23:59:59+00:00;;46.24;;;;0.1;;;16.62;
996610;treatment;after visit;2022-11-15 23:59:59+00:00;;43.14;;;;0.13;;;16.2;
996610;treatment;after visit;2022-11-16 23:59:59+00:00;;34.14;;;;0.11;;;10.82;
996610;treatment;after visit;2022-11-17 23:59:59+00:00;;31.07;;;;0.09;;;10.65;
996610;treatment;after visit;2022-11-18 23:59:59+00:00;;44.42;;;;0.11;;;14.78;
996610;treatment;after visit;2022-11-19 23:59:59+00:00;;50.22;;;;0.09;;;18.11;
996610;treatment;after visit;2022-11-20 23:59:59+00:00;;47.03;;;;0.1;;;17.21;
996610;treatment;after visit;2022-11-21 23:59:59+00:00;;49.14;;;;0.08;;;18.06;
996610;treatment;after visit;2022-11-22 23:59:59+00:00;;48.68;;;;0.11;;;17.69;
996610;treatment;after visit;2022-11-23 23:59:59+00:00;;47.09;;;;0.06;;;18.77;
996610;treatment;after visit;2022-11-24 23:59:59+00:00;;39.16;;;;0.17;;;15.79;
996610;treatment;after visit;2022-11-25 23:59:59+00:00;;47.29;;;;0.1;;;19.65;
996610;treatment;after visit;2022-11-26 23:59:59+00:00;;50.78;;;;0.17;;;18.7;
996610;treatment;after visit;2022-11-27 23:59:59+00:00;;56.56;;;;0.12;;;21.4;
996610;treatment;after visit;2022-11-28 23:59:59+00:00;;57.65;;;;0.09;;;19.98;
996610;treatment;after visit;2022-11-29 23:59:59+00:00;;48.85;;;;0.16;;;16.01;
996610;treatment;after visit;2022-11-30 23:59:59+00:00;;53.19;;;;0.08;;;18.53;
996610;treatment;after visit;2022-12-01 23:59:59+00:00;;55.18;;;;0.13;;;24.13;
996610;treatment;after visit;2022-12-02 23:59:59+00:00;;56.72;;;;0.12;;;28.93;
996610;treatment;after visit;2022-12-03 23:59:59+00:00;;66.19;;;;0.13;;;32.94;
996610;treatment;after visit;2022-12-04 23:59:59+00:00;;60.99;;;;0.13;;;32.12;
996610;treatment;after visit;2022-12-05 23:59:59+00:00;;60.24;;;;0.06;;;26.03;
996610;treatment;after visit;2022-12-06 23:59:59+00:00;;56.35;;;;0.11;;;25.51;
996610;treatment;after visit;2022-12-07 23:59:59+00:00;;65.52;;;;0.17;;;30.95;
996610;treatment;after visit;2022-12-08 23:59:59+00:00;;65.14;;;;0.08;;;34.07;
996610;treatment;after visit;2022-12-09 23:59:59+00:00;;76.2;;;;0.09;;;33.47;
996610;treatment;after visit;2022-12-10 23:59:59+00:00;;79.72;;;;0.11;;;35.84;
996610;treatment;after visit;2022-12-11 23:59:59+00:00;;75.49;;;;0.13;;;36.58;
996610;treatment;after visit;2022-12-12 23:59:59+00:00;;89.57;;;;0.05;;;43.73;
996610;treatment;after visit;2022-12-13 23:59:59+00:00;;80.37;;;;0.12;;;43.83;
996610;treatment;after visit;2022-12-14 23:59:59+00:00;;69.39;;;;0.12;;;34.21;
996610;treatment;after visit;2022-12-15 23:59:59+00:00;;62.54;;;;0.17;;;31.73;
996610;treatment;after visit;2022-12-16 23:59:59+00:00;;84.71;;;;0.12;;;37.75;
996610;treatment;after visit;2022-12-17 23:59:59+00:00;;90.93;;;;0.11;;;43.67;
996610;treatment;after visit;2022-12-18 23:59:59+00:00;;81.16;;;;0.07;;;42.55;
996610;treatment;after visit;2022-12-19 23:59:59+00:00;;73.29;;;;0.05;;;37.58;
996610;treatment;after visit;2022-12-20 23:59:59+00:00;;70.82;;;;0.05;;;34.1;
996610;treatment;after visit;2022-12-21 23:59:59+00:00;;52.15;;;;0.04;;;22.22;
996610;treatment;after visit;2022-12-22 23:59:59+00:00;;47.88;;;;0.04;;;15.19;
996610;treatment;after visit;2022-12-23 23:59:59+00:00;;51.22;;;;0.03;;;11.64;
996610;treatment;after visit;2022-12-24 23:59:59+00:00;;43.22;;;;0.14;;;13.55;
996610;treatment;after visit;2022-12-25 23:59:59+00:00;;61.83;;;;0.08;;;15.97;
996610;treatment;after visit;2022-12-26 23:59:59+00:00;;55.57;;;;0.07;;;15.29;
996610;treatment;after visit;2022-12-27 23:59:59+00:00;;42.56;;;;0.03;;;19.22;
996610;treatment;after visit;2022-12-28 23:59:59+00:00;;30.51;;;;0.06;;;15.01;
996610;treatment;after visit;2022-12-29 23:59:59+00:00;;18.52;;;;0.06;;;10.55;
996610;treatment;after visit;2022-12-30 23:59:59+00:00;;24.39;;;;0.09;;;13.38;
996610;treatment;after visit;2022-12-31 23:59:59+00:00;;18.45;;;;0.07;;;9.06;
996610;treatment;after visit;2023-01-01 23:59:59+00:00;;18.85;;;;0.06;;;9.31;
996610;treatment;after visit;2023-01-02 23:59:59+00:00;;21.24;;;;0.06;;;11.15;
996610;treatment;after visit;2023-01-03 23:59:59+00:00;;24.35;;;;0.07;;;13.38;
996610;treatment;after visit;2023-01-04 23:59:59+00:00;;24.54;;;;0.07;;;13.81;
996610;treatment;after visit;2023-01-05 23:59:59+00:00;;21.51;;;;0.07;;;11.37;
996610;treatment;after visit;2023-01-06 23:59:59+00:00;;25.01;;;;0.07;;;14.25;
996610;treatment;after visit;2023-01-07 23:59:59+00:00;;24.95;;;;0.08;;;14.17;
996610;treatment;after visit;2023-01-08 23:59:59+00:00;;49.46;;;;0.02;;;27.89;
996610;treatment;after visit;2023-01-09 23:59:59+00:00;;48.04;;;;;;;24.79;
996610;treatment;after visit;2023-01-10 23:59:59+00:00;;60.08;;;;0.05;;;28.66;
996610;treatment;after visit;2023-01-11 23:59:59+00:00;;53.34;;;;0.04;;;23.96;
996610;treatment;after visit;2023-01-12 23:59:59+00:00;;49.0;;;;0.03;;;22.86;
996610;treatment;after visit;2023-01-13 23:59:59+00:00;;45.05;;;;0.12;;;20.19;
996610;treatment;after visit;2023-01-14 23:59:59+00:00;;48.55;;;;0.15;;;23.32;
996610;treatment;after visit;2023-01-15 23:59:59+00:00;;48.39;;;;0.07;;;25.18;
996610;treatment;after visit;2023-01-16 23:59:59+00:00;;73.45;;;;0.12;;;32.84;
996610;treatment;after visit;2023-01-17 23:59:59+00:00;;66.32;;;;0.05;;;34.93;
996610;treatment;after visit;2023-01-18 23:59:59+00:00;;71.2;;;;0.09;;;35.98;
996610;treatment;after visit;2023-01-19 23:59:59+00:00;;75.5;;;;0.05;;;40.57;
996610;treatment;after visit;2023-01-20 23:59:59+00:00;;76.72;;;;0.03;;;37.62;
996610;treatment;after visit;2023-01-21 23:59:59+00:00;;76.37;;;;0.07;;;39.11;
996610;treatment;after visit;2023-01-22 23:59:59+00:00;;79.95;;;;0.07;;;40.0;
996610;treatment;after visit;2023-01-23 23:59:59+00:00;;74.28;;;;0.04;;;38.47;
996610;treatment;after visit;2023-01-24 23:59:59+00:00;;65.61;;;;0.04;;;33.56;
996610;treatment;after visit;2023-01-25 23:59:59+00:00;;68.73;;;;0.02;;;33.63;
996610;treatment;after visit;2023-01-26 23:59:59+00:00;;71.14;;;;0.07;;;37.17;
996610;treatment;after visit;2023-01-27 23:59:59+00:00;;68.92;;;;0.03;;;37.9;
996610;treatment;after visit;2023-01-28 23:59:59+00:00;;70.3;;;;0.06;;;37.6;
996610;treatment;after visit;2023-01-29 23:59:59+00:00;;74.07;;;;0.07;;;36.81;
996610;treatment;after visit;2023-01-30 23:59:59+00:00;;72.63;;;;0.02;;;36.14;
996610;treatment;after visit;2023-01-31 23:59:59+00:00;;62.26;;;;0.08;;;31.08;
996610;treatment;after visit;2023-02-01 23:59:59+00:00;;56.3;;;;0.04;;;27.28;
996610;treatment;after visit;2023-02-02 23:59:59+00:00;;52.14;;;;0.07;;;24.29;
996610;treatment;after visit;2023-02-03 23:59:59+00:00;;56.36;;;;0.11;;;22.61;
996610;treatment;after visit;2023-02-04 23:59:59+00:00;;53.19;;;;0.16;;;24.15;
996610;treatment;after visit;2023-02-05 23:59:59+00:00;;66.43;;;;0.19;;;31.84;
996610;treatment;after visit;2023-02-06 23:59:59+00:00;;64.31;;;;0.05;;;30.46;
996610;treatment;after visit;2023-02-07 23:59:59+00:00;;66.8;;;;0.02;;;35.87;
996610;treatment;after visit;2023-02-08 23:59:59+00:00;;74.28;;;;0.03;;;38.84;
996610;treatment;after visit;2023-02-09 23:59:59+00:00;;77.49;;;;0.05;;;39.64;
996610;treatment;after visit;2023-02-10 23:59:59+00:00;;45.25;;;;0.06;;;25.25;
996610;treatment;after visit;2023-02-11 23:59:59+00:00;;42.67;;;;0.03;;;27.56;
996610;treatment;after visit;2023-02-12 23:59:59+00:00;;37.11;;;;0.01;;;23.97;
996610;treatment;after visit;2023-02-13 23:59:59+00:00;;29.07;;;;0.01;;;18.18;
996610;treatment;after visit;2023-02-14 23:59:59+00:00;;39.62;;;;;;;27.45;
996610;treatment;after visit;2023-02-15 23:59:59+00:00;;44.72;;;;;;;31.14;
996610;treatment;after visit;2023-02-16 23:59:59+00:00;;39.9;;;;;;;27.37;
996610;treatment;after visit;2023-02-17 23:59:59+00:00;;24.02;;;;0.01;;;15.34;
996610;treatment;after visit;2023-02-18 23:59:59+00:00;;22.29;;;;;;;13.99;
996610;treatment;after visit;2023-02-19 23:59:59+00:00;;25.59;;;;;;;16.32;
996610;treatment;after visit;2023-02-20 23:59:59+00:00;;27.0;;;;;;;17.63;
996610;treatment;after visit;2023-02-21 23:59:59+00:00;;51.18;;;;;;;29.75;
996610;treatment;after visit;2023-02-22 23:59:59+00:00;;34.31;;;;;;;23.83;
996610;treatment;after visit;2023-02-23 23:59:59+00:00;;26.05;;;;;;;13.74;
996610;treatment;after visit;2023-02-24 23:59:59+00:00;;21.61;;;;0.01;;;15.22;
996610;treatment;after visit;2023-02-25 23:59:59+00:00;;29.85;;;;;;;19.49;
996610;treatment;after visit;2023-02-26 23:59:59+00:00;;44.55;;;;;;;30.59;
996610;treatment;after visit;2023-02-27 23:59:59+00:00;;70.74;;;;0.01;;;38.06;
996610;treatment;after visit;2023-02-28 23:59:59+00:00;;73.22;;;;0.07;;;41.37;
996610;treatment;after visit;2023-03-01 23:59:59+00:00;;75.08;;;;0.1;;;35.13;
996610;treatment;after visit;2023-03-02 23:59:59+00:00;;60.32;;;;0.03;;;30.55;
996610;treatment;after visit;2023-03-03 23:59:59+00:00;;53.84;;;;0.02;;;25.56;
996610;treatment;after visit;2023-03-04 23:59:59+00:00;;55.03;;;;0.03;;;25.45;
996610;treatment;after visit;2023-03-05 23:59:59+00:00;;56.96;;;;0.04;;;25.43;
996610;treatment;after visit;2023-03-06 23:59:59+00:00;;55.26;;;;0.04;;;23.89;
996610;treatment;after visit;2023-03-07 23:59:59+00:00;;48.21;;;;0.08;;;23.19;
996610;treatment;after visit;2023-03-08 23:59:59+00:00;;46.23;;;;0.02;;;18.35;
996610;treatment;after visit;2023-03-09 23:59:59+00:00;;35.98;;;;0.04;;;12.33;
996610;treatment;after visit;2023-03-10 23:59:59+00:00;;43.82;;;;0.06;;;17.04;
996610;treatment;after visit;2023-03-11 23:59:59+00:00;;56.48;;;;0.06;;;23.77;
996610;treatment;after visit;2023-03-12 23:59:59+00:00;;41.91;;;;0.05;;;17.61;
996610;treatment;after visit;2023-03-13 23:59:59+00:00;;39.25;;;;;;;10.66;
996610;treatment;after visit;2023-03-14 23:59:59+00:00;;39.24;;;;0.02;;;15.53;
996610;treatment;after visit;2023-03-15 23:59:59+00:00;;52.95;;;;0.04;;;22.49;
996610;treatment;after visit;2023-03-16 23:59:59+00:00;;49.98;;;;0.03;;;22.59;
996610;treatment;after visit;2023-03-17 23:59:59+00:00;;36.05;;;;0.02;;;16.29;
996610;treatment;after visit;2023-03-18 23:59:59+00:00;;34.48;;;;0.01;;;11.64;
996610;treatment;after visit;2023-03-19 23:59:59+00:00;;32.78;;;;0.05;;;10.86;
996610;treatment;after visit;2023-03-20 23:59:59+00:00;;40.64;;;;;;;14.24;
996610;treatment;after visit;2023-03-21 23:59:59+00:00;;38.51;;;;0.02;;;14.14;
996610;treatment;after visit;2023-03-22 23:59:59+00:00;;33.25;;;;;;;10.36;
996610;treatment;after visit;2023-03-23 23:59:59+00:00;;24.09;;;;0.01;;;7.47;
996610;treatment;after visit;2023-03-24 23:59:59+00:00;;34.94;;;;0.07;;;11.34;
996610;treatment;after visit;2023-03-25 23:59:59+00:00;;39.12;;;;0.09;;;16.3;
996610;treatment;after visit;2023-03-26 23:59:59+00:00;;55.62;;;;0.01;;;15.83;
996610;treatment;after visit;2023-03-27 23:59:59+00:00;;47.4;;;;0.02;;;20.27;
996610;treatment;after visit;2023-03-28 23:59:59+00:00;;45.64;;;;0.03;;;22.41;
996610;treatment;after visit;2023-03-29 23:59:59+00:00;;30.97;;;;0.01;;;10.09;
996610;treatment;after visit;2023-03-30 23:59:59+00:00;;32.39;;;;0.07;;;8.95;
996610;treatment;after visit;2023-03-31 23:59:59+00:00;;34.47;;;;0.01;;;11.39;
996610;treatment;after visit;2023-04-01 23:59:59+00:00;;37.48;;;;0.03;;;15.68;
996610;treatment;after visit;2023-04-02 23:59:59+00:00;;36.23;;;;0.04;;;12.43;
996610;treatment;after visit;2023-04-03 23:59:59+00:00;;57.84;;;;0.02;;;20.83;
996610;treatment;after visit;2023-04-04 23:59:59+00:00;;51.92;;;;0.1;;;23.47;
996610;treatment;after visit;2023-04-05 23:59:59+00:00;;50.01;;;;0.01;;;21.69;
996610;treatment;after visit;2023-04-06 23:59:59+00:00;;24.51;;;;0.1;;;11.92;
996610;treatment;after visit;2023-04-07 23:59:59+00:00;;20.92;;;;0.04;;;12.03;
996610;treatment;after visit;2023-04-08 23:59:59+00:00;;20.82;;;;0.04;;;12.04;
996610;treatment;after visit;2023-04-09 23:59:59+00:00;;21.18;;;;0.04;;;12.58;
996610;treatment;after visit;2023-04-10 23:59:59+00:00;;19.07;;;;0.03;;;11.05;
996610;treatment;after visit;2023-04-11 23:59:59+00:00;;45.91;;;;0.01;;;13.55;
996610;treatment;after visit;2023-04-12 23:59:59+00:00;;34.37;;;;0.11;;;14.34;
996610;treatment;after visit;2023-04-13 23:59:59+00:00;;39.69;;;;0.11;;;18.89;
996610;treatment;after visit;2023-04-14 23:59:59+00:00;;41.88;;;;0.09;;;17.54;
996610;treatment;after visit;2023-04-15 23:59:59+00:00;;36.1;;;;0.09;;;15.87;
996610;treatment;after visit;2023-04-16 23:59:59+00:00;;38.53;;;;0.1;;;15.42;
996610;treatment;after visit;2023-04-17 23:59:59+00:00;;38.26;;;;0.09;;;12.4;
996610;treatment;after visit;2023-04-18 23:59:59+00:00;;31.84;;;;0.11;;;10.07;
996610;treatment;after visit;2023-04-19 23:59:59+00:00;;31.68;;;;0.09;;;12.45;
996610;treatment;after visit;2023-04-20 23:59:59+00:00;;48.76;;;;0.12;;;20.35;
996610;treatment;after visit;2023-04-21 23:59:59+00:00;;47.46;;;;0.13;;;16.92;
996610;treatment;after visit;2023-04-22 23:59:59+00:00;;30.36;;;;0.12;;;9.54;
996610;treatment;after visit;2023-04-23 23:59:59+00:00;;27.81;;;;0.08;;;7.37;
996610;treatment;after visit;2023-04-24 23:59:59+00:00;;36.02;;;;0.11;;;10.4;
996610;treatment;after visit;2023-04-25 23:59:59+00:00;;21.8;;;;0.1;;;10.39;
996610;treatment;after visit;2023-04-26 23:59:59+00:00;;16.94;;;;0.03;;;9.42;
996610;treatment;after visit;2023-04-27 23:59:59+00:00;;14.0;;;;0.04;;;6.91;
996610;treatment;after visit;2023-04-28 23:59:59+00:00;;13.44;;;;0.04;;;6.42;
996610;treatment;after visit;2023-04-29 23:59:59+00:00;;9.84;;;;0.03;;;3.73;
996610;treatment;after visit;2023-04-30 23:59:59+00:00;;11.67;;;;0.03;;;5.23;
996610;treatment;after visit;2023-05-01 23:59:59+00:00;;13.79;;;;0.03;;;6.35;
996610;treatment;after visit;2023-05-02 23:59:59+00:00;;13.79;;;;0.02;;;6.82;
996610;treatment;after visit;2023-05-03 23:59:59+00:00;;30.22;;;;0.01;;;10.35;
996610;treatment;after visit;2023-05-04 23:59:59+00:00;;20.26;;;;0.03;;;7.3;
996610;treatment;after visit;2023-05-05 23:59:59+00:00;;23.07;;;;0.05;;;5.18;
996610;treatment;after visit;2023-05-06 23:59:59+00:00;;18.22;;;;0.17;;;3.15;
996610;treatment;after visit;2023-05-07 23:59:59+00:00;;18.34;;;;0.1;;;3.8;
996610;treatment;after visit;2023-05-08 23:59:59+00:00;;25.38;;;;0.08;;;4.4;
996610;treatment;after visit;2023-05-09 23:59:59+00:00;;22.52;;;;0.08;;;3.94;
996610;treatment;after visit;2023-05-10 23:59:59+00:00;;23.34;;;;0.08;;;5.15;
996610;treatment;after visit;2023-05-11 23:59:59+00:00;;28.25;;;;0.17;;;7.11;
996610;treatment;after visit;2023-05-12 23:59:59+00:00;;25.48;;;;0.06;;;5.64;
996610;treatment;after visit;2023-05-13 23:59:59+00:00;;23.86;;;;0.06;;;6.2;
996610;treatment;after visit;2023-05-14 23:59:59+00:00;;30.38;;;;0.05;;;8.17;
996610;treatment;after visit;2023-05-15 23:59:59+00:00;;31.04;;;;0.06;;;7.97;
996610;treatment;after visit;2023-05-16 23:59:59+00:00;;27.84;;;;0.08;;;8.57;
996610;treatment;after visit;2023-05-17 23:59:59+00:00;;31.52;;;;0.09;;;8.85;
996610;treatment;after visit;2023-05-18 23:59:59+00:00;;24.98;;;;0.13;;;9.45;
996610;treatment;after visit;2023-05-19 23:59:59+00:00;;30.89;;;;0.1;;;8.06;
996610;treatment;after visit;2023-05-20 23:59:59+00:00;;31.57;;;;0.12;;;5.11;
996610;treatment;after visit;2023-05-21 23:59:59+00:00;;18.85;;;;0.05;;;3.5;
996610;treatment;after visit;2023-05-22 23:59:59+00:00;;19.23;;;;0.01;;;1.97;
996610;treatment;after visit;2023-05-23 23:59:59+00:00;;18.13;;;;0.01;;;1.43;
996610;treatment;after visit;2023-05-24 23:59:59+00:00;;30.18;;;;0.01;;;4.78;
996610;treatment;after visit;2023-05-25 23:59:59+00:00;;21.88;;;;;;;4.93;
996610;treatment;after visit;2023-05-26 23:59:59+00:00;;11.36;;;;0.02;;;3.46;
996610;treatment;after visit;2023-05-27 23:59:59+00:00;;6.64;;;;;;;2.69;
996610;treatment;after visit;2023-05-28 23:59:59+00:00;;6.63;;;;;;;2.68;
996610;treatment;after visit;2023-05-29 23:59:59+00:00;;6.2;;;;;;;2.7;
996610;treatment;after visit;2023-05-30 23:59:59+00:00;;22.73;;;;0.02;;;2.54;
996610;treatment;after visit;2023-05-31 23:59:59+00:00;;17.04;;;;0.1;;;1.18;
996610;treatment;after visit;2023-06-01 23:59:59+00:00;;12.32;;;;0.12;;;0.77;
996610;treatment;after visit;2023-06-02 23:59:59+00:00;;18.96;;;;0.09;;;1.01;
996610;treatment;after visit;2023-06-03 23:59:59+00:00;;15.23;;;;0.12;;;0.79;
996610;treatment;after visit;2023-06-04 23:59:59+00:00;;20.3;;;;0.09;;;1.23;
996610;treatment;after visit;2023-06-05 23:59:59+00:00;;18.05;;;;0.08;;;1.11;
996610;treatment;after visit;2023-06-06 23:59:59+00:00;;16.38;;;;0.06;;;1.16;
996610;treatment;after visit;2023-06-07 23:59:59+00:00;;12.96;;;;0.08;;;0.92;
996610;treatment;after visit;2023-06-08 23:59:59+00:00;;14.88;;;;0.1;;;1.17;
996610;treatment;after visit;2023-06-09 23:59:59+00:00;;22.17;;;;0.08;;;1.25;
996610;treatment;after visit;2023-06-10 23:59:59+00:00;;23.99;;;;0.05;;;1.5;
996610;treatment;after visit;2023-06-11 23:59:59+00:00;;14.19;;;;0.17;;;0.82;
996610;treatment;after visit;2023-06-12 23:59:59+00:00;;19.13;;;;0.07;;;1.24;
996610;treatment;after visit;2023-06-13 23:59:59+00:00;;16.73;;;;;;;1.81;
996610;treatment;after visit;2023-06-14 23:59:59+00:00;;15.88;;;;0.04;;;1.32;
996610;treatment;after visit;2023-06-15 23:59:59+00:00;;14.93;;;;0.08;;;1.23;
996610;treatment;after visit;2023-06-16 23:59:59+00:00;;22.79;;;;0.09;;;1.08;
996610;treatment;after visit;2023-06-17 23:59:59+00:00;;13.12;;;;0.15;;;0.92;
996610;treatment;after visit;2023-06-18 23:59:59+00:00;;15.58;;;;0.16;;;0.86;
996610;treatment;after visit;2023-06-19 23:59:59+00:00;;14.11;;;;0.14;;;0.85;
996610;treatment;after visit;2023-06-20 23:59:59+00:00;;16.28;;;;0.07;;;1.91;
996610;treatment;after visit;2023-06-21 23:59:59+00:00;;21.33;;;;0.09;;;1.27;
996610;treatment;after visit;2023-06-22 23:59:59+00:00;;21.33;;;;0.09;;;1.14;
996610;treatment;after visit;2023-06-23 23:59:59+00:00;;21.98;;;;0.09;;;1.15;
996610;treatment;after visit;2023-06-24 23:59:59+00:00;;20.32;;;;0.07;;;1.09;
996610;treatment;after visit;2023-06-25 23:59:59+00:00;;9.39;;;;0.08;;;0.81;
996610;treatment;after visit;2023-06-26 23:59:59+00:00;;5.78;;;;;;;0.92;
996610;treatment;after visit;2023-06-27 23:59:59+00:00;;14.05;;;;;;;0.91;
996610;treatment;after visit;2023-06-28 23:59:59+00:00;;4.47;;;;;;;0.91;
996610;treatment;after visit;2023-06-29 23:59:59+00:00;;9.72;;;;;;;0.88;
996610;treatment;after visit;2023-06-30 23:59:59+00:00;;4.52;;;;0.01;;;0.86;
996610;treatment;after visit;2023-07-01 23:59:59+00:00;;11.97;;;;0.01;;;0.99;
996610;treatment;after visit;2023-07-02 23:59:59+00:00;;21.65;;;;0.04;;;4.88;
996610;treatment;after visit;2023-07-03 23:59:59+00:00;;17.24;;;;0.07;;;0.97;
996610;treatment;after visit;2023-07-04 23:59:59+00:00;;15.86;;;;0.08;;;1.32;
996610;treatment;after visit;2023-07-05 23:59:59+00:00;;13.21;;;;0.1;;;1.1;
996610;treatment;after visit;2023-07-06 23:59:59+00:00;;15.91;;;;0.07;;;1.24;
996610;treatment;after visit;2023-07-07 23:59:59+00:00;;19.81;;;;0.09;;;0.9;
996610;treatment;after visit;2023-07-08 23:59:59+00:00;;13.37;;;;0.12;;;1.07;
996610;treatment;after visit;2023-07-09 23:59:59+00:00;;18.69;;;;0.09;;;0.97;
996610;treatment;after visit;2023-07-10 23:59:59+00:00;;14.87;;;;0.07;;;1.04;
996610;treatment;after visit;2023-07-11 23:59:59+00:00;;19.4;;;;0.06;;;1.39;
996610;treatment;after visit;2023-07-12 23:59:59+00:00;;31.76;;;;0.04;;;4.77;
996610;treatment;after visit;2023-07-13 23:59:59+00:00;;32.28;;;;0.01;;;7.82;
996610;treatment;after visit;2023-07-14 23:59:59+00:00;;19.22;;;;0.06;;;1.07;
996610;treatment;after visit;2023-07-15 23:59:59+00:00;;27.13;;;;0.06;;;2.8;
996610;treatment;after visit;2023-07-16 23:59:59+00:00;;10.72;;;;0.07;;;0.99;
996610;treatment;after visit;2023-07-17 23:59:59+00:00;;15.78;;;;0.13;;;1.36;
996610;treatment;after visit;2023-07-18 23:59:59+00:00;;20.62;;;;0.07;;;0.8;
996610;treatment;after visit;2023-07-19 23:59:59+00:00;;6.52;;;;0.01;;;0.82;
996610;treatment;after visit;2023-07-20 23:59:59+00:00;;6.85;;;;0.01;;;0.82;
996610;treatment;after visit;2023-07-21 23:59:59+00:00;;6.81;;;;;;;0.8;
996610;treatment;after visit;2023-07-22 23:59:59+00:00;;17.38;;;;0.01;;;1.24;
996610;treatment;after visit;2023-07-23 23:59:59+00:00;;10.66;;;;0.11;;;1.57;
996610;treatment;after visit;2023-07-24 23:59:59+00:00;;16.18;;;;0.1;;;1.05;
996610;treatment;after visit;2023-07-25 23:59:59+00:00;;17.01;;;;0.08;;;1.45;
996610;treatment;after visit;2023-07-26 23:59:59+00:00;;16.93;;;;0.09;;;1.19;
996610;treatment;after visit;2023-07-27 23:59:59+00:00;;20.48;;;;0.06;;;2.46;
996610;treatment;after visit;2023-07-28 23:59:59+00:00;;20.89;;;;0.07;;;1.53;
996610;treatment;after visit;2023-07-29 23:59:59+00:00;;14.69;;;;0.11;;;0.92;
996610;treatment;after visit;2023-07-30 23:59:59+00:00;;15.27;;;;0.19;;;0.8;
996610;treatment;after visit;2023-07-31 23:59:59+00:00;;12.74;;;;0.04;;;0.93;
996610;treatment;after visit;2023-08-01 23:59:59+00:00;;5.94;;;;;;;0.93;
996610;treatment;after visit;2023-08-02 23:59:59+00:00;;6.16;;;;0.02;;;1.21;
996610;treatment;after visit;2023-08-03 23:59:59+00:00;;5.85;;;;;;;1.0;
996610;treatment;after visit;2023-08-04 23:59:59+00:00;;5.91;;;;;;;0.96;
996610;treatment;after visit;2023-08-05 23:59:59+00:00;;6.06;;;;;;;0.96;
996610;treatment;after visit;2023-08-06 23:59:59+00:00;;7.94;;;;;;;2.0;
996610;treatment;after visit;2023-08-07 23:59:59+00:00;;8.78;;;;;;;2.71;
996610;treatment;after visit;2023-08-08 23:59:59+00:00;;8.69;;;;;;;3.07;
996610;treatment;after visit;2023-08-09 23:59:59+00:00;;6.54;;;;;;;1.51;
996610;treatment;after visit;2023-08-10 23:59:59+00:00;;5.72;;;;;;;0.95;
996610;treatment;after visit;2023-08-11 23:59:59+00:00;;5.91;;;;;;;0.95;
996610;treatment;after visit;2023-08-12 23:59:59+00:00;;5.74;;;;0.01;;;0.91;
996610;treatment;after visit;2023-08-13 23:59:59+00:00;;5.93;;;;;;;0.93;
996610;treatment;after visit;2023-08-14 23:59:59+00:00;;5.9;;;;;;;0.96;
996610;treatment;after visit;2023-08-15 23:59:59+00:00;;5.77;;;;;;;0.97;
996610;treatment;after visit;2023-08-16 23:59:59+00:00;;5.76;;;;;;;0.99;
996610;treatment;after visit;2023-08-17 23:59:59+00:00;;5.9;;;;;;;0.99;
996610;treatment;after visit;2023-08-18 23:59:59+00:00;;5.58;;;;;;;1.0;
996610;treatment;after visit;2023-08-19 23:59:59+00:00;;22.6;;;;0.01;;;2.59;
996610;treatment;after visit;2023-08-20 23:59:59+00:00;;19.35;;;;0.09;;;1.26;
996610;treatment;after visit;2023-08-21 23:59:59+00:00;;20.76;;;;0.05;;;1.56;
996610;treatment;after visit;2023-08-22 23:59:59+00:00;;20.04;;;;0.03;;;1.52;
996610;treatment;after visit;2023-08-23 23:59:59+00:00;;15.24;;;;0.08;;;1.06;
996610;treatment;after visit;2023-08-24 23:59:59+00:00;;16.66;;;;0.26;;;1.39;
996610;treatment;after visit;2023-08-25 23:59:59+00:00;;12.0;;;;0.02;;;1.61;
996610;treatment;after visit;2023-08-26 23:59:59+00:00;;14.66;;;;0.03;;;1.28;
996610;treatment;after visit;2023-08-27 23:59:59+00:00;;15.42;;;;0.1;;;1.24;
996610;treatment;after visit;2023-08-28 23:59:59+00:00;;18.87;;;;0.04;;;2.25;
996610;treatment;after visit;2023-08-29 23:59:59+00:00;;26.92;;;;0.04;;;4.23;
996610;treatment;after visit;2023-08-30 23:59:59+00:00;;21.69;;;;0.03;;;3.87;
996610;treatment;after visit;2023-08-31 23:59:59+00:00;;29.89;;;;;;;5.34;
996610;treatment;after visit;2023-09-01 23:59:59+00:00;;12.56;;;;0.06;;;3.34;
996610;treatment;after visit;2023-09-02 23:59:59+00:00;;6.33;;;;0.03;;;0.94;
996610;treatment;after visit;2023-09-03 23:59:59+00:00;;6.85;;;;0.03;;;0.87;
996610;treatment;after visit;2023-09-04 23:59:59+00:00;;11.15;;;;0.02;;;1.53;
996610;treatment;after visit;2023-09-05 23:59:59+00:00;;21.78;;;;0.06;;;1.08;
996610;treatment;after visit;2023-09-06 23:59:59+00:00;;17.47;;;;0.05;;;1.06;
996610;treatment;after visit;2023-09-07 23:59:59+00:00;;13.56;;;;0.07;;;0.94;
996610;treatment;after visit;2023-09-08 23:59:59+00:00;;21.5;;;;0.05;;;1.32;
996610;treatment;after visit;2023-09-09 23:59:59+00:00;;16.96;;;;0.08;;;1.3;
996610;treatment;after visit;2023-09-10 23:59:59+00:00;;16.47;;;;0.06;;;1.34;
996610;treatment;after visit;2023-09-11 23:59:59+00:00;;16.63;;;;0.07;;;1.25;
996610;treatment;after visit;2023-09-12 23:59:59+00:00;;21.28;;;;0.04;;;1.5;
996610;treatment;after visit;2023-09-13 23:59:59+00:00;;23.35;;;;0.09;;;1.17;
996610;treatment;after visit;2023-09-14 23:59:59+00:00;;14.86;;;;0.09;;;0.85;
996610;treatment;after visit;2023-09-15 23:59:59+00:00;;19.98;;;;0.09;;;1.26;
996610;treatment;after visit;2023-09-16 23:59:59+00:00;;16.54;;;;0.12;;;1.03;
996610;treatment;after visit;2023-09-17 23:59:59+00:00;;15.2;;;;0.1;;;0.88;
996610;treatment;after visit;2023-09-18 23:59:59+00:00;;22.5;;;;0.04;;;1.9;
996610;treatment;after visit;2023-09-19 23:59:59+00:00;;16.81;;;;0.07;;;1.27;
996610;treatment;after visit;2023-09-20 23:59:59+00:00;;20.33;;;;0.1;;;1.65;
996610;treatment;after visit;2023-09-21 23:59:59+00:00;;17.98;;;;0.09;;;0.91;
996610;treatment;after visit;2023-09-22 23:59:59+00:00;;19.4;;;;0.04;;;1.94;
996610;treatment;after visit;2023-09-23 23:59:59+00:00;;23.62;;;;0.03;;;3.94;
996610;treatment;after visit;2023-09-24 23:59:59+00:00;;20.59;;;;0.05;;;4.85;
996610;treatment;after visit;2023-09-25 23:59:59+00:00;;26.57;;;;0.07;;;5.99;
996610;treatment;after visit;2023-09-26 23:59:59+00:00;;26.05;;;;0.02;;;5.11;
996610;treatment;after visit;2023-09-27 23:59:59+00:00;;22.69;;;;0.03;;;4.59;
996610;treatment;after visit;2023-09-28 23:59:59+00:00;;22.06;;;;0.07;;;3.15;
996610;treatment;after visit;2023-09-29 23:59:59+00:00;;17.67;;;;0.1;;;3.02;
996610;treatment;after visit;2023-09-30 23:59:59+00:00;;14.22;;;;0.1;;;0.95;
996610;treatment;after visit;2023-10-01 23:59:59+00:00;;20.87;;;;0.03;;;3.26;
996610;treatment;after visit;2023-10-02 23:59:59+00:00;;22.83;;;;0.01;;;3.38;
996610;treatment;after visit;2023-10-03 23:59:59+00:00;;16.18;;;;0.02;;;2.33;
996610;treatment;after visit;2023-10-04 23:59:59+00:00;;26.82;;;;0.03;;;3.46;
996610;treatment;after visit;2023-10-05 23:59:59+00:00;;18.66;;;;0.04;;;4.72;
996610;treatment;after visit;2023-10-06 23:59:59+00:00;;14.39;;;;0.03;;;4.93;
996610;treatment;after visit;2023-10-07 23:59:59+00:00;;10.69;;;;;;;4.66;
996610;treatment;after visit;2023-10-08 23:59:59+00:00;;9.3;;;;;;;3.71;
996610;treatment;after visit;2023-10-09 23:59:59+00:00;;8.99;;;;;;;3.09;
996610;treatment;after visit;2023-10-10 23:59:59+00:00;;8.63;;;;;;;2.99;
996610;treatment;after visit;2023-10-11 23:59:59+00:00;;9.55;;;;;;;3.6;
996610;treatment;after visit;2023-10-12 23:59:59+00:00;;8.85;;;;;;;3.13;
996610;treatment;after visit;2023-10-13 23:59:59+00:00;;8.64;;;;;;;3.03;
996610;treatment;after visit;2023-10-14 23:59:59+00:00;;8.97;;;;0.01;;;2.94;
996610;treatment;after visit;2023-10-15 23:59:59+00:00;;13.72;;;;;;;6.6;
996610;treatment;after visit;2023-10-16 23:59:59+00:00;;18.59;;;;;;;10.64;
996610;treatment;after visit;2023-10-17 23:59:59+00:00;;20.24;;;;0.03;;;11.04;
996610;treatment;after visit;2023-10-18 23:59:59+00:00;;17.47;;;;0.02;;;9.42;
996610;treatment;after visit;2023-10-19 23:59:59+00:00;;20.7;;;;0.09;;;7.4;
996610;treatment;after visit;2023-10-20 23:59:59+00:00;;30.22;;;;0.06;;;6.92;
996610;treatment;after visit;2023-10-21 23:59:59+00:00;;24.12;;;;0.01;;;7.85;
996610;treatment;after visit;2023-10-22 23:59:59+00:00;;32.5;;;;0.08;;;11.77;
996610;treatment;after visit;2023-10-23 23:59:59+00:00;;33.96;;;;0.1;;;10.15;
996610;treatment;after visit;2023-10-24 23:59:59+00:00;;30.54;;;;0.13;;;9.33;
996610;treatment;after visit;2023-10-25 23:59:59+00:00;;25.08;;;;0.07;;;8.94;
996610;treatment;after visit;2023-10-26 23:59:59+00:00;;39.93;;;;0.02;;;11.48;
996610;treatment;after visit;2023-10-27 23:59:59+00:00;;32.63;;;;0.08;;;11.46;
996610;treatment;after visit;2023-10-28 23:59:59+00:00;;28.55;;;;0.02;;;9.91;
996610;treatment;after visit;2023-10-29 23:59:59+00:00;;30.82;;;;0.07;;;11.51;
996610;treatment;after visit;2023-10-30 23:59:59+00:00;;35.68;;;;0.01;;;13.86;
996610;treatment;after visit;2023-10-31 23:59:59+00:00;;35.47;;;;0.01;;;12.12;
996610;treatment;after visit;2023-11-01 23:59:59+00:00;;37.43;;;;0.03;;;15.25;
996610;treatment;after visit;2023-11-02 23:59:59+00:00;;44.99;;;;0.02;;;17.2;
996610;treatment;after visit;2023-11-03 23:59:59+00:00;;43.58;;;;0.08;;;17.53;
996610;treatment;after visit;2023-11-04 23:59:59+00:00;;46.22;;;;0.02;;;19.27;
996610;treatment;after visit;2023-11-05 23:59:59+00:00;;34.07;;;;0.03;;;14.13;
996610;treatment;after visit;2023-11-06 23:59:59+00:00;;47.61;;;;0.01;;;13.68;
996610;treatment;after visit;2023-11-07 23:59:59+00:00;;46.36;;;;0.01;;;16.45;
996610;treatment;after visit;2023-11-08 23:59:59+00:00;;51.44;;;;0.1;;;19.42;
996610;treatment;after visit;2023-11-09 23:59:59+00:00;;52.29;;;;0.09;;;22.06;
996610;treatment;after visit;2023-11-10 23:59:59+00:00;;45.43;;;;0.04;;;16.12;
996610;treatment;after visit;2023-11-11 23:59:59+00:00;;48.81;;;;0.04;;;18.82;
996610;treatment;after visit;2023-11-12 23:59:59+00:00;;55.93;;;;0.04;;;22.65;
996610;treatment;after visit;2023-11-13 23:59:59+00:00;;37.49;;;;0.06;;;10.98;
996610;treatment;after visit;2023-11-14 23:59:59+00:00;;40.74;;;;0.07;;;12.9;
996610;treatment;after visit;2023-11-15 23:59:59+00:00;;39.84;;;;0.06;;;13.45;
996610;treatment;after visit;2023-11-16 23:59:59+00:00;;39.85;;;;0.06;;;15.48;
996610;treatment;after visit;2023-11-17 23:59:59+00:00;;46.26;;;;0.04;;;15.88;
996610;treatment;after visit;2023-11-18 23:59:59+00:00;;54.21;;;;0.07;;;23.49;
996610;treatment;after visit;2023-11-19 23:59:59+00:00;;37.3;;;;0.05;;;12.72;
996610;treatment;after visit;2023-11-20 23:59:59+00:00;;44.09;;;;0.02;;;14.7;
996610;treatment;after visit;2023-11-21 23:59:59+00:00;;39.78;;;;0.07;;;13.99;
996610;treatment;after visit;2023-11-22 23:59:59+00:00;;45.72;;;;0.09;;;18.65;
996610;treatment;after visit;2023-11-23 23:59:59+00:00;;53.15;;;;0.02;;;26.78;
996610;treatment;after visit;2023-11-24 23:59:59+00:00;;30.16;;;;0.09;;;15.81;
996610;treatment;after visit;2023-11-25 23:59:59+00:00;;36.74;;;;0.02;;;23.25;
996610;treatment;after visit;2023-11-26 23:59:59+00:00;;38.97;;;;0.07;;;22.69;
996610;treatment;after visit;2023-11-27 23:59:59+00:00;;69.29;;;;0.02;;;35.64;
996610;treatment;after visit;2023-11-28 23:59:59+00:00;;62.31;;;;0.02;;;26.33;
996610;treatment;after visit;2023-11-29 23:59:59+00:00;;66.53;;;;0.01;;;30.74;
996610;treatment;after visit;2023-11-30 23:59:59+00:00;;66.25;;;;0.01;;;34.67;
996610;treatment;after visit;2023-12-01 23:59:59+00:00;;61.48;;;;0.03;;;33.44;
996610;treatment;after visit;2023-12-02 23:59:59+00:00;;79.91;;;;0.02;;;38.13;
996610;treatment;after visit;2023-12-03 23:59:59+00:00;;87.82;;;;0.03;;;49.52;
996610;treatment;after visit;2023-12-04 23:59:59+00:00;;81.1;;;;;;;42.11;
996610;treatment;after visit;2023-12-05 23:59:59+00:00;;62.24;;;;0.08;;;28.52;
996610;treatment;after visit;2023-12-06 23:59:59+00:00;;63.28;;;;;;;28.25;
996610;treatment;after visit;2023-12-07 23:59:59+00:00;;65.59;;;;0.03;;;30.85;
996610;treatment;after visit;2023-12-08 23:59:59+00:00;;64.11;;;;0.01;;;28.51;
996610;treatment;after visit;2023-12-09 23:59:59+00:00;;60.08;;;;0.03;;;22.87;
996610;treatment;after visit;2023-12-10 23:59:59+00:00;;47.68;;;;0.01;;;19.67;
996610;treatment;after visit;2023-12-11 23:59:59+00:00;;47.68;;;;;;;16.87;
996610;treatment;after visit;2023-12-12 23:59:59+00:00;;31.45;;;;0.08;;;12.1;
996610;treatment;after visit;2023-12-13 23:59:59+00:00;;30.51;;;;0.14;;;13.67;
996610;treatment;after visit;2023-12-14 23:59:59+00:00;;42.51;;;;0.09;;;17.85;
996610;treatment;after visit;2023-12-15 23:59:59+00:00;;67.33;;;;0.01;;;31.4;
996610;treatment;after visit;2023-12-16 23:59:59+00:00;;71.71;;;;0.02;;;38.15;
996610;treatment;after visit;2023-12-17 23:59:59+00:00;;68.91;;;;0.01;;;37.92;
996610;treatment;after visit;2023-12-18 23:59:59+00:00;;74.29;;;;0.05;;;35.45;
996610;treatment;after visit;2023-12-19 23:59:59+00:00;;65.19;;;;0.09;;;30.28;
996610;treatment;after visit;2023-12-20 23:59:59+00:00;;48.04;;;;;;;22.67;
996610;treatment;after visit;2023-12-21 23:59:59+00:00;;46.28;;;;0.05;;;17.63;
996610;treatment;after visit;2023-12-22 23:59:59+00:00;;53.93;;;;0.05;;;18.47;
996610;treatment;after visit;2023-12-23 23:59:59+00:00;;62.66;;;;0.05;;;20.17;
996610;treatment;after visit;2023-12-24 23:59:59+00:00;;56.32;;;;0.18;;;17.28;
996610;treatment;after visit;2023-12-25 23:59:59+00:00;;30.45;;;;0.06;;;12.05;
996610;treatment;after visit;2023-12-26 23:59:59+00:00;;26.15;;;;;;;15.79;
996610;treatment;after visit;2023-12-27 23:59:59+00:00;;30.73;;;;;;;19.36;
996610;treatment;after visit;2023-12-28 23:59:59+00:00;;28.93;;;;;;;17.87;
996610;treatment;after visit;2023-12-29 23:59:59+00:00;;25.24;;;;;;;14.56;
996610;treatment;after visit;2023-12-30 23:59:59+00:00;;25.95;;;;;;;15.46;
996610;treatment;after visit;2023-12-31 23:59:59+00:00;;34.94;;;;;;;22.52;
996610;treatment;after visit;2024-01-01 23:59:59+00:00;;29.06;;;;;;;18.25;
996610;treatment;after visit;2024-01-02 23:59:59+00:00;;28.71;;;;0.01;;;17.62;
996610;treatment;after visit;2024-01-03 23:59:59+00:00;;25.28;;;;0.01;;;14.92;
996610;treatment;after visit;2024-01-04 23:59:59+00:00;;26.91;;;;;;;16.21;
996610;treatment;after visit;2024-01-05 23:59:59+00:00;;34.91;;;;;;;22.63;
996610;treatment;after visit;2024-01-06 23:59:59+00:00;;59.21;;;;0.02;;;32.55;
996610;treatment;after visit;2024-01-07 23:59:59+00:00;;60.09;;;;0.08;;;33.29;
996610;treatment;after visit;2024-01-08 23:59:59+00:00;;93.87;;;;0.01;;;42.39;
996610;treatment;after visit;2024-01-09 23:59:59+00:00;;93.69;;;;0.03;;;48.26;
996610;treatment;after visit;2024-01-10 23:59:59+00:00;;89.48;;;;0.02;;;47.73;
996610;treatment;after visit;2024-01-11 23:59:59+00:00;;84.02;;;;0.04;;;46.84;
996610;treatment;after visit;2024-01-12 23:59:59+00:00;;85.0;;;;0.02;;;45.07;
996610;treatment;after visit;2024-01-13 23:59:59+00:00;;84.1;;;;0.02;;;44.7;
996610;treatment;after visit;2024-01-14 23:59:59+00:00;;80.72;;;;0.02;;;41.47;
996610;treatment;after visit;2024-01-15 23:59:59+00:00;;82.8;;;;0.04;;;39.13;
996610;treatment;after visit;2024-01-16 23:59:59+00:00;;75.1;;;;0.01;;;42.52;
996610;treatment;after visit;2024-01-17 23:59:59+00:00;;55.99;;;;0.01;;;29.01;
996610;treatment;after visit;2024-01-18 23:59:59+00:00;;55.95;;;;0.05;;;24.9;
996610;treatment;after visit;2024-01-19 23:59:59+00:00;;76.67;;;;0.01;;;37.95;
996610;treatment;after visit;2024-01-20 23:59:59+00:00;;74.47;;;;0.01;;;39.55;
996610;treatment;after visit;2024-01-21 23:59:59+00:00;;81.26;;;;0.01;;;42.97;
996610;treatment;after visit;2024-01-22 23:59:59+00:00;;62.98;;;;;;;28.23;
996610;treatment;after visit;2024-01-23 23:59:59+00:00;;51.34;;;;0.03;;;22.0;
996610;treatment;after visit;2024-01-24 23:59:59+00:00;;41.36;;;;0.07;;;13.54;
996610;treatment;after visit;2024-01-25 23:59:59+00:00;;44.73;;;;0.02;;;15.92;
996610;treatment;after visit;2024-01-26 23:59:59+00:00;;37.77;;;;0.1;;;16.56;
996610;treatment;after visit;2024-01-27 23:59:59+00:00;;50.5;;;;0.06;;;24.89;
996610;treatment;after visit;2024-01-28 23:59:59+00:00;;65.13;;;;0.03;;;31.94;
996610;treatment;after visit;2024-01-29 23:59:59+00:00;;71.62;;;;0.02;;;37.18;
996610;treatment;after visit;2024-01-30 23:59:59+00:00;;59.67;;;;0.08;;;29.68;
996610;treatment;after visit;2024-01-31 23:59:59+00:00;;54.51;;;;0.06;;;26.05;
996610;treatment;after visit;2024-02-01 23:59:59+00:00;;50.18;;;;0.03;;;21.17;
996610;treatment;after visit;2024-02-02 23:59:59+00:00;;43.3;;;;0.04;;;22.68;
996610;treatment;after visit;2024-02-03 23:59:59+00:00;;50.75;;;;0.04;;;21.26;
996610;treatment;after visit;2024-02-04 23:59:59+00:00;;45.34;;;;0.01;;;19.15;
996610;treatment;after visit;2024-02-05 23:59:59+00:00;;55.67;;;;;;;22.6;
996610;treatment;after visit;2024-02-06 23:59:59+00:00;;50.23;;;;0.02;;;24.39;
996610;treatment;after visit;2024-02-07 23:59:59+00:00;;46.82;;;;0.02;;;19.02;
996610;treatment;after visit;2024-02-08 23:59:59+00:00;;43.01;;;;0.02;;;16.06;
996610;treatment;after visit;2024-02-09 23:59:59+00:00;;29.97;;;;0.18;;;11.17;
996610;treatment;after visit;2024-02-10 23:59:59+00:00;;26.27;;;;0.33;;;12.15;
996610;treatment;after visit;2024-02-11 23:59:59+00:00;;29.65;;;;0.33;;;14.62;
996610;treatment;after visit;2024-02-12 23:59:59+00:00;;29.97;;;;0.33;;;14.68;
996610;treatment;after visit;2024-02-13 23:59:59+00:00;;30.73;;;;0.31;;;16.09;
996610;treatment;after visit;2024-02-14 23:59:59+00:00;;27.83;;;;0.31;;;13.93;
996610;treatment;after visit;2024-02-15 23:59:59+00:00;;29.63;;;;0.3;;;14.82;
996610;treatment;after visit;2024-02-16 23:59:59+00:00;;35.71;;;;0.23;;;14.54;
996610;treatment;after visit;2024-02-17 23:59:59+00:00;;21.77;;;;0.32;;;10.84;
996610;treatment;after visit;2024-02-18 23:59:59+00:00;;29.47;;;;0.61;;;12.8;
996610;treatment;after visit;2024-02-19 23:59:59+00:00;;27.44;;;;0.5;;;11.87;
996610;treatment;after visit;2024-02-20 23:59:59+00:00;;30.41;;;;0.31;;;15.16;
996610;treatment;after visit;2024-02-21 23:59:59+00:00;;30.45;;;;0.31;;;15.99;
996610;treatment;after visit;2024-02-22 23:59:59+00:00;;28.0;;;;0.3;;;13.72;
996610;treatment;after visit;2024-02-23 23:59:59+00:00;;32.29;;;;0.33;;;16.9;
996610;treatment;after visit;2024-02-24 23:59:59+00:00;;32.9;;;;0.34;;;18.01;
996610;treatment;after visit;2024-02-25 23:59:59+00:00;;35.48;;;;0.3;;;19.85;
996610;treatment;after visit;2024-02-26 23:59:59+00:00;;54.36;;;;0.16;;;23.12;
996610;treatment;after visit;2024-02-27 23:59:59+00:00;;45.22;;;;0.06;;;19.04;
996610;treatment;after visit;2024-02-28 23:59:59+00:00;;47.08;;;;0.04;;;20.03;
996610;treatment;after visit;2024-02-29 23:59:59+00:00;;52.68;;;;0.09;;;19.69;
996610;treatment;after visit;2024-03-01 23:59:59+00:00;;57.26;;;;0.18;;;22.23;
996610;treatment;after visit;2024-03-02 23:59:59+00:00;;48.79;;;;0.03;;;21.1;
996610;treatment;after visit;2024-03-03 23:59:59+00:00;;46.42;;;;0.05;;;16.43;
996610;treatment;after visit;2024-03-04 23:59:59+00:00;;53.67;;;;0.06;;;19.73;
996610;treatment;after visit;2024-03-05 23:59:59+00:00;;46.79;;;;0.08;;;18.64;
996610;treatment;after visit;2024-03-06 23:59:59+00:00;;55.16;;;;0.04;;;26.65;
996610;treatment;after visit;2024-03-07 23:59:59+00:00;;57.24;;;;0.1;;;26.07;
996610;treatment;after visit;2024-03-08 23:59:59+00:00;;52.79;;;;0.05;;;25.52;
996610;treatment;after visit;2024-03-09 23:59:59+00:00;;47.8;;;;0.1;;;18.41;
996610;treatment;after visit;2024-03-10 23:59:59+00:00;;45.33;;;;0.09;;;18.47;
996610;treatment;after visit;2024-03-11 23:59:59+00:00;;49.39;;;;0.04;;;19.7;
996610;treatment;after visit;2024-03-12 23:59:59+00:00;;43.72;;;;0.08;;;18.1;
996610;treatment;after visit;2024-03-13 23:59:59+00:00;;41.95;;;;0.13;;;14.66;
996610;treatment;after visit;2024-03-14 23:59:59+00:00;;34.79;;;;0.11;;;12.56;
996610;treatment;after visit;2024-03-15 23:59:59+00:00;;33.38;;;;0.06;;;9.11;
996610;treatment;after visit;2024-03-16 23:59:59+00:00;;34.4;;;;0.22;;;11.45;
996610;treatment;after visit;2024-03-17 23:59:59+00:00;;36.22;;;;0.15;;;11.85;
996610;treatment;after visit;2024-03-18 23:59:59+00:00;;45.32;;;;0.1;;;13.73;
996610;treatment;after visit;2024-03-19 23:59:59+00:00;;34.62;;;;0.06;;;13.0;
996610;treatment;after visit;2024-03-20 23:59:59+00:00;;32.49;;;;0.06;;;11.13;
