Household_ID;SMD_daily_TimeAvailable_EarliestTimestamp;SMD_daily_TimeAvailable_LatestTimestamp;SMD_daily_TimeAvailable_NumberDays;SMD_daily_TimeAvailable_DaysBeforeVisit;SMD_daily_TimeAvailable_DaysAfterVisit;SMD_daily_MeasurementsAvailable_Total;SMD_daily_MeasurementsAvailable_HeatPump;SMDdaily_MeasurementsAvailable_Other;SMDdaily_MeasurementsAvailable_kWh_received;SMDdaily_MeasurementsAvailable_kWh_returned;SMDdaily_MeasurementsAvailable_kvarh_received_capacitive;SMDdaily_MeasurementsAvailable_kvarh_received_inductive
100119;2021-03-26 23:59:59+00:00;2024-03-20 23:59:59+00:00;1091;846;244;True;False;False;True;False;True;True
100120;2022-01-28 23:59:59+00:00;2024-03-20 23:59:59+00:00;783;684;98;True;False;False;True;False;True;True
103721;2020-08-12 23:59:59+00:00;2021-01-07 23:59:59+00:00;149;149;0;True;False;False;True;False;True;True
104118;2021-07-03 23:59:59+00:00;2024-03-20 23:59:59+00:00;992;873;118;True;False;False;True;False;True;True
105714;2022-05-11 23:59:59+00:00;2024-03-20 23:59:59+00:00;680;573;106;True;False;False;True;False;True;True
105900;2020-10-26 23:59:59+00:00;2021-01-07 23:59:59+00:00;74;0;74;True;False;False;True;False;True;True
106100;2022-02-02 23:59:59+00:00;2024-03-20 23:59:59+00:00;778;259;518;True;False;False;True;False;True;True
107114;2018-11-02 23:59:59+00:00;2020-03-17 23:59:59+00:00;498;498;0;True;False;False;True;False;False;False
107461;2021-11-04 23:59:59+00:00;2024-03-20 23:59:59+00:00;863;349;513;True;False;False;True;False;True;True
108511;2018-11-02 23:59:59+00:00;2023-09-06 23:59:59+00:00;1770;1165;604;True;True;True;True;False;False;False
108987;2020-11-12 23:59:59+00:00;2024-03-20 23:59:59+00:00;1223;642;580;True;False;False;True;False;True;True
109104;2024-02-28 23:59:59+00:00;2024-03-20 23:59:59+00:00;22;0;22;True;False;False;True;False;True;True
109711;2021-11-09 23:59:59+00:00;2024-03-20 23:59:59+00:00;863;0;863;True;False;False;True;True;True;True
111119;2018-11-02 23:59:59+00:00;2019-11-19 23:59:59+00:00;383;383;0;True;False;False;True;False;False;False
111901;2021-11-25 23:59:59+00:00;2024-03-20 23:59:59+00:00;847;803;43;True;False;False;True;False;True;True
112120;2022-02-03 23:59:59+00:00;2024-03-20 23:59:59+00:00;777;382;394;True;False;False;True;True;True;True
112691;2021-10-10 23:59:59+00:00;2024-03-20 23:59:59+00:00;893;837;55;True;False;False;True;True;True;True
112810;2021-03-25 23:59:59+00:00;2024-03-20 23:59:59+00:00;1090;461;628;True;False;False;True;True;True;True
114721;2018-11-02 23:59:59+00:00;2019-12-02 23:59:59+00:00;396;396;0;True;False;False;True;False;False;False
114798;2020-08-11 23:59:59+00:00;2020-12-16 23:59:59+00:00;128;128;0;True;False;False;True;False;True;True
116121;2018-11-02 23:59:59+00:00;2020-08-04 23:59:59+00:00;642;642;0;True;False;False;True;False;False;False
118117;2020-10-27 23:59:59+00:00;2021-01-19 23:59:59+00:00;85;85;0;True;False;False;True;False;True;True
118708;2020-04-03 23:59:59+00:00;2020-05-03 23:59:59+00:00;31;31;0;True;False;False;True;False;False;False
119498;2021-02-04 23:59:59+00:00;2024-03-20 23:59:59+00:00;1141;1022;118;True;False;False;True;False;True;True
120701;2021-05-06 23:59:59+00:00;2024-03-13 23:59:59+00:00;1043;0;1043;True;False;False;True;True;True;True
120741;2018-11-02 23:59:59+00:00;2020-11-06 23:59:59+00:00;736;736;0;True;False;False;True;False;False;False
121728;2018-11-02 23:59:59+00:00;2019-02-28 23:59:59+00:00;119;119;0;True;False;False;True;False;False;False
121887;2022-05-24 23:59:59+00:00;2024-03-20 23:59:59+00:00;658;239;418;True;False;False;True;False;True;True
122671;2023-01-13 23:59:59+00:00;2024-03-20 23:59:59+00:00;433;329;103;True;False;False;True;False;True;True
122850;2020-06-11 23:59:59+00:00;2021-01-08 23:59:59+00:00;209;209;0;True;False;False;True;False;True;True
122887;2021-01-26 23:59:59+00:00;2021-02-24 23:59:59+00:00;30;30;0;True;False;False;True;False;True;True
190821;2020-05-07 23:59:59+00:00;2020-08-12 23:59:59+00:00;95;0;95;True;False;False;True;True;True;True
310610;2020-11-25 23:59:59+00:00;2021-01-07 23:59:59+00:00;44;44;0;True;False;False;True;False;True;True
412211;2023-09-08 23:59:59+00:00;2024-03-19 23:59:59+00:00;194;0;194;True;False;False;True;False;True;True
417510;2021-12-02 23:59:59+00:00;2024-03-20 23:59:59+00:00;840;735;104;True;False;False;True;False;True;True
461089;2018-11-02 23:59:59+00:00;2020-03-19 23:59:59+00:00;504;493;10;True;False;False;True;False;False;False
461104;2021-01-12 23:59:59+00:00;2021-02-01 23:59:59+00:00;21;21;0;True;False;False;True;False;True;True
461158;2018-11-15 23:59:59+00:00;2020-12-25 23:59:59+00:00;738;738;0;True;False;False;True;False;False;False
468646;2018-11-02 23:59:59+00:00;2021-01-06 23:59:59+00:00;797;797;0;True;False;False;True;False;False;False
468980;2019-03-28 23:59:59+00:00;2020-08-04 23:59:59+00:00;496;496;0;True;False;False;True;False;True;True
477661;2021-01-18 23:59:59+00:00;2024-03-20 23:59:59+00:00;1158;1053;104;True;False;False;True;True;True;True
512280;2018-11-02 23:59:59+00:00;2019-01-06 23:59:59+00:00;66;66;0;True;False;False;True;False;False;False
610891;2020-07-25 23:59:59+00:00;2020-12-25 23:59:59+00:00;154;154;0;True;True;True;True;False;True;True
611629;2018-11-02 23:59:59+00:00;2024-03-20 23:59:59+00:00;1720;1607;112;True;False;False;True;True;False;False
658466;2021-03-09 23:59:59+00:00;2021-04-07 23:59:59+00:00;30;30;0;True;False;False;True;False;True;True
661091;2018-11-02 23:59:59+00:00;2020-12-16 23:59:59+00:00;776;0;776;True;False;False;True;False;False;False
669010;2021-11-11 23:59:59+00:00;2024-03-20 23:59:59+00:00;861;453;407;True;False;False;True;False;True;True
679810;2020-06-11 23:59:59+00:00;2021-01-03 23:59:59+00:00;204;204;0;True;False;False;True;False;True;True
680861;2018-11-02 23:59:59+00:00;2019-11-17 23:59:59+00:00;381;381;0;True;True;True;True;False;False;False
698983;2023-03-08 23:59:59+00:00;2024-03-20 23:59:59+00:00;369;263;105;True;False;False;True;True;True;True
699801;2019-03-02 23:59:59+00:00;2024-03-20 23:59:59+00:00;1661;1605;55;True;False;False;True;True;False;False
706817;2020-12-15 23:59:59+00:00;2021-04-18 23:59:59+00:00;123;123;0;True;False;False;True;False;True;True
712718;2018-11-02 23:59:59+00:00;2021-01-06 23:59:59+00:00;710;710;0;True;False;False;True;True;False;False
716869;2018-11-02 23:59:59+00:00;2020-12-12 23:59:59+00:00;728;728;0;True;False;False;True;False;False;False
721074;2021-01-21 23:59:59+00:00;2021-02-22 23:59:59+00:00;33;33;0;True;False;False;True;False;True;True
721077;2018-11-02 23:59:59+00:00;2021-01-06 23:59:59+00:00;797;797;0;True;False;False;True;False;False;False
727690;2022-06-28 23:59:59+00:00;2024-03-17 23:59:59+00:00;629;223;405;True;False;False;True;False;True;True
728210;2022-12-13 23:59:59+00:00;2024-03-20 23:59:59+00:00;464;23;440;True;False;False;True;True;True;True
731027;2023-12-08 23:59:59+00:00;2024-03-20 23:59:59+00:00;104;6;97;True;False;False;True;True;True;True
747511;2018-11-02 23:59:59+00:00;2020-12-16 23:59:59+00:00;770;770;0;False;True;False;False;False;False;False
748773;2018-11-02 23:59:59+00:00;2021-01-22 23:59:59+00:00;813;813;0;True;False;False;True;False;False;False
751108;2022-10-18 23:59:59+00:00;2024-03-20 23:59:59+00:00;520;427;92;True;False;False;True;False;True;True
757271;2019-02-11 23:59:59+00:00;2021-01-04 23:59:59+00:00;691;691;0;True;False;False;True;False;True;True
758039;2023-11-22 23:59:59+00:00;2024-03-20 23:59:59+00:00;120;0;120;True;False;False;True;False;True;True
760117;2021-01-22 23:59:59+00:00;2021-02-20 23:59:59+00:00;30;30;0;True;False;False;True;False;True;True
761079;2018-11-02 23:59:59+00:00;2020-03-04 23:59:59+00:00;489;483;5;True;True;True;True;False;False;False
767371;2022-12-01 23:59:59+00:00;2024-03-20 23:59:59+00:00;476;357;118;True;False;False;True;False;True;True
768113;2023-10-07 23:59:59+00:00;2024-03-20 23:59:59+00:00;166;0;166;True;False;False;True;True;True;True
768498;2018-11-02 23:59:59+00:00;2020-11-04 23:59:59+00:00;734;734;0;False;True;False;False;False;False;False
778721;2020-05-21 23:59:59+00:00;2021-02-19 23:59:59+00:00;272;272;0;True;True;True;True;False;True;True
781099;2018-11-02 23:59:59+00:00;2020-02-27 23:59:59+00:00;483;483;0;True;False;False;True;False;False;False
788488;2020-10-22 23:59:59+00:00;2021-01-07 23:59:59+00:00;78;78;0;True;False;False;True;False;True;True
796869;2020-12-17 23:59:59+00:00;2021-04-19 23:59:59+00:00;122;122;0;True;False;False;True;False;True;True
801031;2021-03-18 23:59:59+00:00;2024-03-20 23:59:59+00:00;1099;978;120;True;False;False;True;False;True;True
808112;2018-11-02 23:59:59+00:00;2020-03-03 23:59:59+00:00;488;488;0;True;False;False;True;False;False;False
808410;2022-08-27 23:59:59+00:00;2024-03-20 23:59:59+00:00;570;519;50;True;False;False;True;True;True;True
811080;2020-07-17 23:59:59+00:00;2020-12-17 23:59:59+00:00;154;154;0;True;False;False;True;False;True;True
816571;2021-07-03 23:59:59+00:00;2024-03-20 23:59:59+00:00;992;899;92;True;False;False;True;False;True;True
816910;2020-11-07 23:59:59+00:00;2023-09-06 23:59:59+00:00;1034;703;330;True;True;True;True;False;True;True
821088;2020-09-30 23:59:59+00:00;2021-04-26 23:59:59+00:00;209;209;0;True;False;False;True;False;True;True
823761;2018-11-02 23:59:59+00:00;2019-11-16 23:59:59+00:00;380;380;0;True;False;False;True;False;False;False
826780;2019-03-02 23:59:59+00:00;2024-03-20 23:59:59+00:00;1846;542;1303;True;False;False;True;True;True;True
841211;2023-10-12 23:59:59+00:00;2023-12-23 23:59:59+00:00;67;42;24;True;False;False;True;True;True;True
858577;2020-08-06 23:59:59+00:00;2020-12-20 23:59:59+00:00;137;137;0;True;False;False;True;False;True;True
861116;2018-11-02 23:59:59+00:00;2024-03-20 23:59:59+00:00;1633;828;804;True;False;False;True;True;False;False
865116;2021-03-03 23:59:59+00:00;2024-03-20 23:59:59+00:00;1114;580;533;True;False;False;True;True;True;True
868122;2018-11-02 23:59:59+00:00;2019-11-11 23:59:59+00:00;375;375;0;True;False;False;True;False;False;False
876790;2021-05-06 23:59:59+00:00;2021-09-25 23:59:59+00:00;143;143;0;True;False;False;True;False;True;True
877881;2023-10-03 23:59:59+00:00;2024-03-20 23:59:59+00:00;170;0;170;True;False;False;True;False;True;True
881223;2020-02-07 23:59:59+00:00;2020-11-01 23:59:59+00:00;133;133;0;True;False;False;True;False;False;False
896968;2023-03-03 23:59:59+00:00;2024-03-20 23:59:59+00:00;384;0;384;True;False;False;True;True;False;False
970979;2023-03-21 23:59:59+00:00;2024-03-20 23:59:59+00:00;366;336;29;True;False;False;True;True;True;False
971071;2018-11-02 23:59:59+00:00;2019-11-14 23:59:59+00:00;378;378;0;True;False;False;True;False;False;False
991118;2018-11-02 23:59:59+00:00;2019-11-12 23:59:59+00:00;376;376;0;True;False;False;True;False;False;False
996610;2019-03-22 23:59:59+00:00;2024-03-20 23:59:59+00:00;1823;1043;779;False;True;False;False;False;False;False
1001228;2022-06-01 23:59:59+00:00;2024-03-20 23:59:59+00:00;580;133;446;True;False;False;True;False;True;True
1015877;2021-05-17 23:59:59+00:00;2024-03-20 23:59:59+00:00;1039;1009;29;True;False;False;True;True;True;True
1019970;2018-11-02 23:59:59+00:00;2020-06-08 23:59:59+00:00;585;585;0;True;False;False;True;False;False;False
1037311;2018-11-02 23:59:59+00:00;2020-11-17 23:59:59+00:00;747;747;0;True;False;False;True;False;False;False
1037610;2019-08-16 23:59:59+00:00;2020-06-23 23:59:59+00:00;313;313;0;True;False;False;True;False;True;True
1061168;2023-06-21 23:59:59+00:00;2024-03-20 23:59:59+00:00;274;0;274;True;False;False;True;False;True;True
1071058;2020-04-29 23:59:59+00:00;2021-01-08 23:59:59+00:00;252;252;0;True;False;False;True;False;True;True
1078861;2021-01-27 23:59:59+00:00;2023-10-16 23:59:59+00:00;989;0;989;True;False;False;True;True;True;True
1081057;2020-03-11 23:59:59+00:00;2020-11-15 23:59:59+00:00;247;247;0;True;False;False;True;False;True;True
1091217;2020-06-10 23:59:59+00:00;2021-01-08 23:59:59+00:00;210;210;0;True;False;False;True;False;True;True
1101758;2018-11-02 23:59:59+00:00;2019-07-06 23:59:59+00:00;247;247;0;True;False;False;True;False;False;False
1111201;2021-09-04 23:59:59+00:00;2021-10-12 23:59:59+00:00;39;39;0;True;False;False;True;True;False;False
1137376;2022-02-25 23:59:59+00:00;2024-03-20 23:59:59+00:00;755;0;755;True;False;False;True;False;True;True
1141047;2019-03-02 23:59:59+00:00;2024-03-20 23:59:59+00:00;1846;1825;20;True;False;False;True;True;False;False
1148611;2019-03-02 23:59:59+00:00;2019-05-21 23:59:59+00:00;81;81;0;True;False;False;True;True;False;False
1159664;2021-07-16 23:59:59+00:00;2024-03-20 23:59:59+00:00;969;574;394;True;False;False;True;False;True;True
1171127;2023-03-01 23:59:59+00:00;2024-03-20 23:59:59+00:00;386;265;120;True;False;False;True;True;True;True
1191021;2021-12-17 23:59:59+00:00;2024-03-19 23:59:59+00:00;824;767;56;True;False;False;True;False;True;True
1191127;2023-04-05 23:59:59+00:00;2024-03-20 23:59:59+00:00;351;0;351;True;False;False;True;True;True;True
1211151;2019-03-02 23:59:59+00:00;2021-04-05 23:59:59+00:00;766;766;0;True;False;False;True;False;False;False
1228011;2022-03-16 23:59:59+00:00;2022-04-21 23:59:59+00:00;37;0;37;True;False;False;True;False;False;False
2794690;2020-06-06 23:59:59+00:00;2020-10-30 23:59:59+00:00;144;144;0;True;False;False;True;False;True;True
4710670;2022-05-02 23:59:59+00:00;2024-03-20 23:59:59+00:00;689;0;689;True;False;False;True;True;False;False
5769106;2020-05-30 23:59:59+00:00;2024-03-20 23:59:59+00:00;1386;912;473;True;False;False;True;False;True;True
5831058;2020-11-24 23:59:59+00:00;2021-01-22 23:59:59+00:00;58;58;0;True;False;False;True;False;True;False
5845834;2021-12-15 23:59:59+00:00;2024-03-20 23:59:59+00:00;827;312;514;True;False;False;True;False;True;True
6683113;2023-02-04 23:59:59+00:00;2024-03-20 23:59:59+00:00;411;0;411;True;False;False;True;False;True;True
6773102;2022-02-08 23:59:59+00:00;2024-03-20 23:59:59+00:00;772;0;772;True;False;False;True;False;True;True
6808461;2020-05-06 23:59:59+00:00;2020-12-08 23:59:59+00:00;214;214;0;True;False;False;True;False;True;True
6885841;2018-11-02 23:59:59+00:00;2020-06-03 23:59:59+00:00;580;580;0;True;False;False;True;False;False;False
6901131;2022-04-06 23:59:59+00:00;2024-03-20 23:59:59+00:00;715;588;126;True;False;False;True;False;True;True
6981151;2018-11-02 23:59:59+00:00;2021-04-05 23:59:59+00:00;886;886;0;True;False;False;True;False;False;False
7048688;2023-03-07 23:59:59+00:00;2024-03-20 23:59:59+00:00;380;0;380;True;False;False;True;True;True;True
7069411;2020-05-08 23:59:59+00:00;2020-12-17 23:59:59+00:00;221;221;0;True;True;True;True;False;True;True
7086681;2020-04-28 23:59:59+00:00;2020-05-02 23:59:59+00:00;5;5;0;True;False;False;True;False;True;True
7099511;2018-11-02 23:59:59+00:00;2021-01-10 23:59:59+00:00;801;801;0;True;False;False;True;False;True;True
7146661;2019-03-02 23:59:59+00:00;2024-03-20 23:59:59+00:00;1821;1778;42;True;False;False;True;False;False;False
7211010;2022-02-10 23:59:59+00:00;2024-03-20 23:59:59+00:00;770;284;485;True;False;False;True;True;True;True
7211189;2020-11-25 23:59:59+00:00;2021-01-22 23:59:59+00:00;57;57;0;True;False;False;True;False;True;False
7374981;2019-03-02 23:59:59+00:00;2020-12-17 23:59:59+00:00;657;657;0;True;False;False;True;False;False;False
7411491;2020-09-10 23:59:59+00:00;2021-01-19 23:59:59+00:00;132;132;0;True;False;False;True;False;True;False
7474976;2019-03-02 23:59:59+00:00;2024-03-20 23:59:59+00:00;1776;1655;120;True;False;False;True;True;False;False
7646451;2023-03-10 23:59:59+00:00;2024-03-20 23:59:59+00:00;377;272;104;True;False;False;True;True;True;True
7679818;2021-08-24 23:59:59+00:00;2021-10-12 23:59:59+00:00;50;50;0;True;False;False;True;True;False;False
7710511;2018-11-02 23:59:59+00:00;2020-08-14 23:59:59+00:00;652;652;0;True;False;False;True;False;False;False
7747482;2021-09-30 23:59:59+00:00;2024-03-20 23:59:59+00:00;899;799;99;True;False;False;True;False;True;True
7771161;2021-04-10 23:59:59+00:00;2021-07-23 23:59:59+00:00;105;105;0;True;False;False;True;False;False;False
7984107;2020-11-06 23:59:59+00:00;2021-04-22 23:59:59+00:00;168;168;0;True;False;False;True;False;True;True
8010411;2018-11-14 23:59:59+00:00;2020-11-21 23:59:59+00:00;739;739;0;True;False;False;True;False;False;False
8087988;2020-10-23 23:59:59+00:00;2023-09-06 23:59:59+00:00;1047;1031;0;True;False;False;True;False;True;True
8190108;2021-09-29 23:59:59+00:00;2022-01-29 23:59:59+00:00;123;123;0;True;False;False;True;False;False;False
8280779;2018-11-02 23:59:59+00:00;2020-12-26 23:59:59+00:00;786;786;0;True;False;False;True;False;False;False
8399121;2020-10-16 23:59:59+00:00;2021-04-25 23:59:59+00:00;190;190;0;True;False;False;True;False;True;True
8612210;2022-02-19 23:59:59+00:00;2024-03-20 23:59:59+00:00;761;264;496;True;False;False;True;True;True;True
8773113;2021-03-03 23:59:59+00:00;2024-03-20 23:59:59+00:00;1114;1023;90;True;False;False;True;False;True;True
9073879;2022-04-07 23:59:59+00:00;2024-03-20 23:59:59+00:00;714;642;71;True;False;False;True;False;True;True
9097838;2021-07-09 23:59:59+00:00;2024-03-20 23:59:59+00:00;986;929;56;True;False;False;True;True;True;True
9776611;2019-07-18 23:59:59+00:00;2020-05-14 23:59:59+00:00;302;302;0;True;False;False;True;False;False;False
9889114;2021-02-04 23:59:59+00:00;2021-04-01 23:59:59+00:00;57;57;0;True;False;False;True;False;True;True
9889190;2018-11-02 23:59:59+00:00;2020-11-02 23:59:59+00:00;732;732;0;True;False;False;True;False;False;False
9981041;2023-02-24 23:59:59+00:00;2024-03-20 23:59:59+00:00;391;0;391;True;False;False;True;True;True;True
8790869;2018-11-02 23:59:59+00:00;2024-03-20 23:59:59+00:00;1959;0;0;True;False;False;True;False;False;False
119781;2020-07-10 23:59:59+00:00;2020-12-17 23:59:59+00:00;158;0;0;True;False;False;True;False;True;True
9711086;2018-11-02 23:59:59+00:00;2021-01-06 23:59:59+00:00;797;0;0;True;False;False;True;False;False;False
709911;2020-11-27 23:59:59+00:00;2024-03-20 23:59:59+00:00;1208;0;0;True;False;False;True;False;True;True
1031061;2020-12-15 23:59:59+00:00;2024-03-20 23:59:59+00:00;1156;0;0;True;False;False;True;False;True;True
9011578;2022-03-17 23:59:59+00:00;2024-03-20 23:59:59+00:00;735;0;0;True;False;False;True;False;False;False
801001;2020-11-26 23:59:59+00:00;2024-03-20 23:59:59+00:00;1209;0;0;True;False;False;True;False;True;True
1228211;2022-05-20 23:59:59+00:00;2024-03-20 23:59:59+00:00;671;0;0;True;False;False;True;True;True;True
110766;2022-03-16 23:59:59+00:00;2024-03-20 23:59:59+00:00;736;0;0;True;False;False;True;False;True;True
1125799;2021-06-01 23:59:59+00:00;2024-03-20 23:59:59+00:00;1024;0;0;True;False;False;True;False;True;True
781218;2018-11-02 23:59:59+00:00;2024-03-20 23:59:59+00:00;1966;0;0;True;False;False;True;False;False;False
769968;2023-01-13 23:59:59+00:00;2024-03-20 23:59:59+00:00;433;0;0;True;False;False;True;False;True;True
8175116;2022-02-16 23:59:59+00:00;2024-03-20 23:59:59+00:00;764;0;0;True;False;False;True;True;True;True
2103971;2022-09-17 23:59:59+00:00;2024-03-20 23:59:59+00:00;551;0;0;True;False;False;True;True;True;True
5122717;2021-04-27 23:59:59+00:00;2024-03-20 23:59:59+00:00;1059;0;0;True;False;False;True;True;False;False
747897;2022-03-01 23:59:59+00:00;2024-03-20 23:59:59+00:00;751;0;0;True;False;False;True;False;True;True
490811;2019-03-02 23:59:59+00:00;2024-03-20 23:59:59+00:00;1846;0;0;True;False;False;True;True;False;False
756811;2021-02-06 23:59:59+00:00;2024-03-20 23:59:59+00:00;1139;0;0;True;False;False;True;False;True;True
707486;2020-10-14 23:59:59+00:00;2024-03-20 23:59:59+00:00;1252;0;0;True;False;False;True;False;True;True
610878;2022-02-04 23:59:59+00:00;2024-03-20 23:59:59+00:00;774;0;0;True;False;False;True;True;True;True
7104988;2018-11-02 23:59:59+00:00;2021-04-05 23:59:59+00:00;886;0;0;True;False;False;True;False;False;False
8546677;2022-01-28 23:59:59+00:00;2024-03-20 23:59:59+00:00;783;0;0;True;False;False;True;False;True;True
881211;2020-11-25 23:59:59+00:00;2024-02-19 23:59:59+00:00;1180;0;0;True;False;False;True;False;True;True
664874;2023-04-19 23:59:59+00:00;2024-03-20 23:59:59+00:00;337;0;0;True;False;False;True;True;True;True
114104;2022-12-09 23:59:59+00:00;2024-03-20 23:59:59+00:00;468;0;0;True;False;False;True;False;True;True
113119;2020-08-25 23:59:59+00:00;2021-02-01 23:59:59+00:00;159;0;0;True;False;False;True;False;True;True
811158;2022-02-22 23:59:59+00:00;2024-03-20 23:59:59+00:00;758;0;0;True;False;False;True;True;True;True
667399;2022-06-15 23:59:59+00:00;2023-09-06 23:59:59+00:00;449;0;0;True;True;True;True;False;False;True
1041141;2018-11-02 23:59:59+00:00;2021-01-06 23:59:59+00:00;797;0;0;True;False;False;True;False;False;False
1158410;2018-11-02 23:59:59+00:00;2020-12-16 23:59:59+00:00;776;0;0;True;False;False;True;False;False;False
1141141;2022-05-11 23:59:59+00:00;2024-03-20 23:59:59+00:00;680;0;0;True;False;False;True;True;True;True
2701087;2018-11-02 23:59:59+00:00;2021-01-05 23:59:59+00:00;796;0;0;True;False;False;True;False;False;False
120706;2020-06-06 23:59:59+00:00;2020-11-20 23:59:59+00:00;165;0;0;True;True;True;True;False;False;True
115971;2022-08-09 23:59:59+00:00;2024-03-20 23:59:59+00:00;590;0;0;True;False;False;True;True;True;True
1076504;2022-09-28 23:59:59+00:00;2024-03-20 23:59:59+00:00;540;0;0;True;False;False;True;True;True;True
1090081;2018-11-02 23:59:59+00:00;2019-11-13 23:59:59+00:00;377;0;0;True;False;False;True;False;False;False
886783;2022-03-18 23:59:59+00:00;2024-03-20 23:59:59+00:00;734;0;0;True;False;False;True;False;True;True
1051178;2022-08-23 23:59:59+00:00;2024-03-20 23:59:59+00:00;576;0;0;True;False;False;True;True;True;True
103108;2022-07-15 23:59:59+00:00;2024-03-20 23:59:59+00:00;615;0;0;True;False;False;True;True;False;False
5707486;2018-11-02 23:59:59+00:00;2020-12-16 23:59:59+00:00;653;0;0;True;False;False;True;False;False;False
103120;2020-08-25 23:59:59+00:00;2021-04-04 23:59:59+00:00;221;0;0;True;False;False;True;False;True;True
696610;2022-05-07 23:59:59+00:00;2024-03-20 23:59:59+00:00;684;0;0;True;False;False;True;False;True;True
108707;2020-09-08 23:59:59+00:00;2024-03-20 23:59:59+00:00;1290;0;0;True;False;False;True;True;True;True
5586109;2022-02-22 23:59:59+00:00;2024-03-20 23:59:59+00:00;758;0;0;True;False;False;True;True;True;True
747510;2018-11-02 23:59:59+00:00;2021-01-05 23:59:59+00:00;793;0;0;True;False;False;True;False;False;False
997102;2019-03-06 23:59:59+00:00;2021-03-23 23:59:59+00:00;576;0;0;True;False;False;True;True;True;True
7751047;2021-04-02 23:59:59+00:00;2024-03-20 23:59:59+00:00;1082;0;0;True;False;False;True;False;True;True
4676816;2022-11-08 23:59:59+00:00;2024-03-20 23:59:59+00:00;499;0;0;True;False;False;True;True;True;True
888787;2022-08-24 23:59:59+00:00;2024-03-20 23:59:59+00:00;575;0;0;True;False;False;True;True;True;True
122110;2021-11-17 23:59:59+00:00;2024-03-20 23:59:59+00:00;855;0;0;True;False;False;True;True;True;True
672781;2022-09-12 23:59:59+00:00;2024-03-20 23:59:59+00:00;556;0;0;True;False;False;True;True;True;True
719120;2021-11-10 23:59:59+00:00;2024-03-20 23:59:59+00:00;862;0;0;True;False;False;True;False;True;True
846767;2022-10-15 23:59:59+00:00;2024-03-20 23:59:59+00:00;523;0;0;True;False;False;True;True;True;True
110411;2021-05-04 23:59:59+00:00;2024-03-20 23:59:59+00:00;1052;0;0;True;False;False;True;False;True;True
114677;2023-02-22 23:59:59+00:00;2024-03-20 23:59:59+00:00;393;0;0;True;False;False;True;True;True;True
851227;2023-02-24 23:59:59+00:00;2024-03-20 23:59:59+00:00;391;0;0;True;False;False;True;True;True;True
1009851;2020-05-08 23:59:59+00:00;2020-12-18 23:59:59+00:00;222;0;0;True;True;True;True;False;False;True
784611;2020-11-26 23:59:59+00:00;2021-03-28 23:59:59+00:00;121;0;0;True;False;False;True;False;True;True
797651;2022-06-29 23:59:59+00:00;2024-03-20 23:59:59+00:00;631;0;0;True;False;False;True;True;True;True
766870;2019-03-02 23:59:59+00:00;2020-12-17 23:59:59+00:00;657;0;0;True;False;False;True;False;False;False
116100;2018-11-15 23:59:59+00:00;2020-04-18 23:59:59+00:00;521;0;0;True;False;False;True;False;False;False
4788699;2020-10-01 23:59:59+00:00;2024-03-20 23:59:59+00:00;1267;0;0;True;False;False;True;True;True;True
5849911;2022-04-29 23:59:59+00:00;2024-03-20 23:59:59+00:00;692;0;0;True;False;False;True;True;True;True
1121071;2021-02-20 23:59:59+00:00;2024-03-20 23:59:59+00:00;1125;0;0;True;False;False;True;True;True;True
7687011;2019-03-02 23:59:59+00:00;2024-03-20 23:59:59+00:00;1846;0;0;True;False;False;True;True;False;False
8910697;2021-09-18 23:59:59+00:00;2024-03-20 23:59:59+00:00;915;0;0;True;False;False;True;False;False;False
1179971;2022-10-28 23:59:59+00:00;2024-03-20 23:59:59+00:00;510;0;0;True;False;False;True;True;True;True
108100;2022-04-27 23:59:59+00:00;2024-03-20 23:59:59+00:00;694;0;0;True;False;False;True;False;True;True
106105;2019-03-02 23:59:59+00:00;2019-07-06 23:59:59+00:00;127;0;0;True;False;False;True;True;False;False
6110784;2022-03-12 23:59:59+00:00;2023-09-06 23:59:59+00:00;544;0;0;True;True;True;True;False;False;False
9115910;2018-11-02 23:59:59+00:00;2020-12-25 23:59:59+00:00;785;0;0;True;False;False;True;False;False;False
771101;2021-07-08 23:59:59+00:00;2024-03-20 23:59:59+00:00;987;0;0;True;False;False;True;True;False;False
984977;2019-03-02 23:59:59+00:00;2020-12-16 23:59:59+00:00;656;0;0;True;False;False;True;True;False;False
668446;2020-06-30 23:59:59+00:00;2024-03-20 23:59:59+00:00;1358;0;0;True;False;False;True;True;True;True
120659;2021-05-06 23:59:59+00:00;2021-09-25 23:59:59+00:00;141;0;0;True;False;False;True;False;True;True
8116101;2019-03-02 23:59:59+00:00;2024-03-20 23:59:59+00:00;1846;0;0;True;False;False;True;True;False;False
7810010;2022-03-22 23:59:59+00:00;2024-03-20 23:59:59+00:00;730;0;0;True;False;False;True;True;False;False
7511977;2020-05-07 23:59:59+00:00;2024-03-20 23:59:59+00:00;1411;0;0;True;False;False;True;False;True;True
897276;2022-11-11 23:59:59+00:00;2024-03-20 23:59:59+00:00;496;0;0;True;False;False;True;False;True;True
118113;2022-03-02 23:59:59+00:00;2024-03-20 23:59:59+00:00;750;0;0;True;False;False;True;False;True;True
111651;2020-04-03 23:59:59+00:00;2024-03-20 23:59:59+00:00;1445;0;0;True;False;False;True;False;True;True
8079897;2021-09-28 23:59:59+00:00;2022-09-05 23:59:59+00:00;343;0;0;True;False;False;True;False;False;False
8673111;2022-03-19 23:59:59+00:00;2024-03-20 23:59:59+00:00;733;0;0;True;False;False;True;False;False;False
6946989;2022-04-28 23:59:59+00:00;2024-03-20 23:59:59+00:00;693;0;0;True;False;False;True;True;True;True
1046611;2019-03-02 23:59:59+00:00;2019-08-13 23:59:59+00:00;165;0;0;True;False;False;True;True;True;True
891001;2019-03-02 23:59:59+00:00;2021-01-06 23:59:59+00:00;677;0;0;True;False;False;True;False;True;True
114891;2022-05-12 23:59:59+00:00;2024-03-20 23:59:59+00:00;679;0;0;True;False;False;True;True;True;True
681179;2021-01-12 23:59:59+00:00;2024-03-11 23:59:59+00:00;1155;0;0;True;False;False;True;False;True;True
468005;2022-03-24 23:59:59+00:00;2022-05-02 23:59:59+00:00;40;0;0;True;False;False;True;False;False;False
726885;2020-09-10 23:59:59+00:00;2024-03-20 23:59:59+00:00;986;0;0;True;False;False;True;False;False;False
738311;2021-09-29 23:59:59+00:00;2024-03-20 23:59:59+00:00;904;0;0;True;False;False;True;False;False;False
697280;2018-11-02 23:59:59+00:00;2019-05-21 23:59:59+00:00;201;0;0;True;True;True;True;False;False;False
987461;2019-03-02 23:59:59+00:00;2024-03-20 23:59:59+00:00;1840;0;0;True;False;False;True;False;True;True
110611;2021-09-14 23:59:59+00:00;2024-03-20 23:59:59+00:00;919;0;0;True;False;False;True;False;True;True
688411;2021-03-11 23:59:59+00:00;2024-03-14 23:59:59+00:00;1098;0;0;True;False;False;True;False;True;True
101708;2021-06-26 23:59:59+00:00;2024-03-20 23:59:59+00:00;999;0;0;True;False;False;True;False;False;False
9097118;2022-03-16 23:59:59+00:00;2024-03-20 23:59:59+00:00;736;0;0;True;False;False;True;False;True;True
8212283;2019-10-11 23:59:59+00:00;2020-12-16 23:59:59+00:00;430;0;0;True;False;False;True;True;True;True
680717;2020-06-18 23:59:59+00:00;2024-03-20 23:59:59+00:00;1367;0;0;True;False;False;True;False;True;True
652122;2019-03-07 23:59:59+00:00;2023-09-06 23:59:59+00:00;1642;0;0;True;True;True;True;False;True;True
847678;2019-03-02 23:59:59+00:00;2020-12-16 23:59:59+00:00;656;0;0;True;False;False;True;True;False;False
710311;2019-03-02 23:59:59+00:00;2024-03-20 23:59:59+00:00;1841;0;0;True;False;False;True;True;True;True
1019880;2020-08-25 23:59:59+00:00;2024-03-20 23:59:59+00:00;1302;0;0;True;False;False;True;False;True;True
101721;2021-10-06 23:59:59+00:00;2024-03-20 23:59:59+00:00;897;0;0;True;False;False;True;True;True;True
7997585;2021-11-04 23:59:59+00:00;2024-03-20 23:59:59+00:00;868;0;0;True;False;False;True;True;True;True
759711;2022-02-02 23:59:59+00:00;2024-03-20 23:59:59+00:00;778;0;0;True;False;False;True;True;False;False
8011069;2022-07-06 23:59:59+00:00;2024-03-20 23:59:59+00:00;624;0;0;True;False;False;True;True;True;True
708210;2018-11-23 23:59:59+00:00;2021-01-06 23:59:59+00:00;776;0;0;True;False;False;True;False;False;False
791196;2022-11-08 23:59:59+00:00;2024-03-20 23:59:59+00:00;499;0;0;True;False;False;True;False;True;True
1117311;2019-03-02 23:59:59+00:00;2021-01-06 23:59:59+00:00;677;0;0;True;False;False;True;False;False;False
851218;2019-03-02 23:59:59+00:00;2020-08-13 23:59:59+00:00;531;0;0;True;False;False;True;True;False;False
8086103;2022-05-26 23:59:59+00:00;2024-03-20 23:59:59+00:00;665;0;0;True;False;False;True;True;True;True
461034;2020-12-07 23:59:59+00:00;2024-03-20 23:59:59+00:00;1200;0;0;True;False;False;True;True;True;True
100167;2022-08-12 23:59:59+00:00;2024-03-20 23:59:59+00:00;587;0;0;True;False;False;True;False;True;True
1214111;2022-09-06 23:59:59+00:00;2024-03-20 23:59:59+00:00;562;0;0;True;False;False;True;False;False;False
1128678;2021-03-22 23:59:59+00:00;2024-03-20 23:59:59+00:00;1095;0;0;True;False;False;True;False;True;True
7999741;2022-12-02 23:59:59+00:00;2024-03-20 23:59:59+00:00;475;0;0;True;False;False;True;False;False;False
4120571;2018-11-02 23:59:59+00:00;2020-12-25 23:59:59+00:00;785;0;0;True;False;False;True;False;False;False
1113771;2021-11-04 23:59:59+00:00;2024-03-20 23:59:59+00:00;868;0;0;True;False;False;True;False;True;True
106310;2018-11-02 23:59:59+00:00;2024-03-20 23:59:59+00:00;1966;0;0;True;False;False;True;False;False;False
116117;2021-07-13 23:59:59+00:00;2024-03-20 23:59:59+00:00;982;0;0;True;False;False;True;True;True;True
7906883;2021-01-21 23:59:59+00:00;2021-04-24 23:59:59+00:00;94;0;0;True;False;False;True;True;True;False
734112;2018-11-02 23:59:59+00:00;2021-04-05 23:59:59+00:00;886;0;0;True;False;False;True;False;False;False
8354610;2018-11-02 23:59:59+00:00;2019-10-08 23:59:59+00:00;341;0;0;True;False;False;True;False;False;False
701181;2022-12-07 23:59:59+00:00;2024-03-20 23:59:59+00:00;470;0;0;True;False;False;True;True;True;True
8081081;2018-11-02 23:59:59+00:00;2020-09-04 23:59:59+00:00;673;0;0;True;False;False;True;False;False;False
121778;2021-08-24 23:59:59+00:00;2024-03-20 23:59:59+00:00;940;0;0;True;False;False;True;False;True;True
1077787;2020-08-26 23:59:59+00:00;2024-03-20 23:59:59+00:00;1301;0;0;True;False;False;True;False;True;True
103724;2022-02-21 23:59:59+00:00;2024-03-20 23:59:59+00:00;759;0;0;True;False;False;True;True;True;True
908741;2020-06-04 23:59:59+00:00;2024-03-20 23:59:59+00:00;1381;0;0;True;False;False;True;False;True;True
100211;2020-08-12 23:59:59+00:00;2021-01-07 23:59:59+00:00;149;0;0;True;False;False;True;True;True;True
1199104;2022-01-10 23:59:59+00:00;2024-03-20 23:59:59+00:00;801;0;0;True;False;False;True;False;True;True
6687105;2022-03-30 23:59:59+00:00;2023-09-06 23:59:59+00:00;526;0;0;True;True;True;True;False;True;True
120116;2021-02-02 23:59:59+00:00;2024-03-20 23:59:59+00:00;1143;0;0;True;False;False;True;False;True;True
828446;2018-11-02 23:59:59+00:00;2020-11-04 23:59:59+00:00;734;0;0;True;False;False;True;False;False;False
386751;2023-03-23 23:59:59+00:00;2024-03-20 23:59:59+00:00;364;0;0;True;False;False;True;True;True;True
827771;2019-03-02 23:59:59+00:00;2021-01-06 23:59:59+00:00;677;0;0;True;False;False;True;True;True;True
108852;2022-06-16 23:59:59+00:00;2024-03-20 23:59:59+00:00;644;0;0;True;False;False;True;True;True;True
6870806;2021-01-29 23:59:59+00:00;2021-01-30 23:59:59+00:00;2;0;0;True;False;False;True;True;True;True
108846;2022-08-19 23:59:59+00:00;2024-03-20 23:59:59+00:00;580;0;0;True;False;False;True;True;True;True
120112;2021-10-07 23:59:59+00:00;2024-03-20 23:59:59+00:00;896;0;0;True;False;False;True;True;False;False
1068884;2021-02-05 23:59:59+00:00;2023-09-06 23:59:59+00:00;944;0;0;True;True;True;True;False;True;True
7899341;2020-05-09 23:59:59+00:00;2020-06-04 23:59:59+00:00;27;0;0;True;False;False;True;False;True;True
469097;2023-03-02 23:59:59+00:00;2024-03-20 23:59:59+00:00;385;0;0;True;False;False;True;True;True;True
1001167;2018-11-02 23:59:59+00:00;2024-03-20 23:59:59+00:00;1966;0;0;True;False;False;True;False;False;False
8781751;2019-08-29 23:59:59+00:00;2021-01-22 23:59:59+00:00;497;0;0;True;False;False;True;False;False;False
106102;2020-10-19 23:59:59+00:00;2024-03-20 23:59:59+00:00;1249;0;0;True;False;False;True;True;True;True
1131098;2018-11-02 23:59:59+00:00;2020-12-16 23:59:59+00:00;776;0;0;True;False;False;True;False;False;False
701191;2023-03-10 23:59:59+00:00;2024-03-20 23:59:59+00:00;377;0;0;True;False;False;True;True;True;True
4612011;2021-09-22 23:59:59+00:00;2024-03-20 23:59:59+00:00;911;0;0;True;False;False;True;False;True;True
841184;2019-03-28 23:59:59+00:00;2020-12-17 23:59:59+00:00;628;0;0;True;False;False;True;False;True;True
781008;2022-09-12 23:59:59+00:00;2024-03-20 23:59:59+00:00;556;0;0;True;False;False;True;True;True;True
681008;2021-05-06 23:59:59+00:00;2024-03-20 23:59:59+00:00;1050;0;0;True;False;False;True;False;True;True
1228997;2021-04-08 23:59:59+00:00;2024-02-13 23:59:59+00:00;1042;0;0;True;False;False;True;False;True;False
991158;2019-03-02 23:59:59+00:00;2021-01-06 23:59:59+00:00;677;0;0;True;False;False;True;True;False;False
708610;2019-03-02 23:59:59+00:00;2021-01-08 23:59:59+00:00;679;0;0;True;False;False;True;True;True;True
801211;2022-02-02 23:59:59+00:00;2023-09-06 23:59:59+00:00;582;0;0;True;True;True;True;False;False;True
116107;2021-01-12 23:59:59+00:00;2024-03-20 23:59:59+00:00;1164;0;0;True;False;False;True;False;True;True
116661;2021-02-26 23:59:59+00:00;2024-03-20 23:59:59+00:00;1119;0;0;True;False;False;True;False;True;True
8966100;2019-03-02 23:59:59+00:00;2021-01-06 23:59:59+00:00;677;0;0;True;False;False;True;False;False;False
821076;2020-09-09 23:59:59+00:00;2021-01-25 23:59:59+00:00;139;0;0;True;False;False;True;True;True;True
111907;2022-09-13 23:59:59+00:00;2024-03-20 23:59:59+00:00;555;0;0;True;False;False;True;False;True;True
711209;2023-02-23 23:59:59+00:00;2024-03-20 23:59:59+00:00;392;0;0;True;False;False;True;False;True;True
1048611;2020-04-28 23:59:59+00:00;2021-04-04 23:59:59+00:00;337;0;0;True;False;False;True;False;True;True
8682112;2022-04-05 23:59:59+00:00;2024-03-20 23:59:59+00:00;716;0;0;True;False;False;True;False;True;True
461018;2019-03-05 23:59:59+00:00;2024-03-20 23:59:59+00:00;1843;0;0;True;False;False;True;True;True;True
122881;2022-04-30 23:59:59+00:00;2024-03-20 23:59:59+00:00;691;0;0;True;False;False;True;False;True;True
122117;2022-06-11 23:59:59+00:00;2024-03-20 23:59:59+00:00;649;0;0;True;False;False;True;False;False;False
812127;2021-10-06 23:59:59+00:00;2024-03-20 23:59:59+00:00;897;0;0;True;False;False;True;True;True;True
856765;2022-03-16 23:59:59+00:00;2023-09-06 23:59:59+00:00;540;0;0;True;True;True;True;False;False;True
461226;2020-05-19 23:59:59+00:00;2021-01-16 23:59:59+00:00;238;0;0;True;False;False;True;True;True;True
881001;2019-02-12 23:59:59+00:00;2024-03-20 23:59:59+00:00;1861;0;0;True;False;False;True;False;True;True
1111228;2019-04-16 23:59:59+00:00;2024-03-20 23:59:59+00:00;1798;0;0;True;False;False;True;False;True;True
8210485;2018-11-02 23:59:59+00:00;2020-10-28 23:59:59+00:00;432;0;0;True;False;False;True;False;False;False
691151;2023-08-12 23:59:59+00:00;2024-03-20 23:59:59+00:00;222;0;0;True;False;False;True;True;True;True
901166;2019-03-03 23:59:59+00:00;2024-03-20 23:59:59+00:00;1701;0;0;True;False;False;True;True;False;False
8461026;2023-02-28 23:59:59+00:00;2024-03-20 23:59:59+00:00;387;0;0;True;False;False;True;True;True;True
8946986;2019-03-02 23:59:59+00:00;2020-10-10 23:59:59+00:00;589;0;0;True;False;False;True;True;False;False
8976851;2022-04-13 23:59:59+00:00;2024-03-20 23:59:59+00:00;708;0;0;True;False;False;True;True;False;False
1151157;2019-03-02 23:59:59+00:00;2024-03-20 23:59:59+00:00;1846;0;0;True;False;False;True;True;True;True
3737828;2021-07-02 23:59:59+00:00;2024-03-20 23:59:59+00:00;993;0;0;True;False;False;True;False;True;True
122102;2023-01-12 23:59:59+00:00;2024-03-20 23:59:59+00:00;434;0;0;True;False;False;True;False;True;True
1088811;2021-01-07 23:59:59+00:00;2024-03-20 23:59:59+00:00;1167;0;0;True;False;False;True;False;True;True
108927;2021-07-08 23:59:59+00:00;2024-03-20 23:59:59+00:00;987;0;0;True;False;False;True;False;False;False
7910410;2022-01-01 23:59:59+00:00;2024-03-20 23:59:59+00:00;810;0;0;True;False;False;True;True;True;True
119816;2021-03-10 23:59:59+00:00;2024-03-20 23:59:59+00:00;1107;0;0;True;False;False;True;False;True;True
11769;2021-01-06 23:59:59+00:00;2024-03-20 23:59:59+00:00;1170;0;0;True;False;False;True;False;True;True
814741;2021-01-27 23:59:59+00:00;2024-03-20 23:59:59+00:00;1147;0;0;True;False;False;True;False;True;True
461031;2021-07-02 23:59:59+00:00;2024-03-20 23:59:59+00:00;993;0;0;True;False;False;True;True;False;False
118711;2019-03-02 23:59:59+00:00;2024-03-20 23:59:59+00:00;1846;0;0;True;False;False;True;True;True;True
677172;2022-08-24 23:59:59+00:00;2024-03-20 23:59:59+00:00;575;0;0;True;False;False;True;True;True;True
847480;2021-02-23 23:59:59+00:00;2024-03-20 23:59:59+00:00;1122;0;0;True;False;False;True;True;True;True
876107;2021-04-01 23:59:59+00:00;2024-03-20 23:59:59+00:00;1085;0;0;True;False;False;True;False;True;True
1021117;2022-05-19 23:59:59+00:00;2024-03-20 23:59:59+00:00;672;0;0;True;False;False;True;True;True;True
7711667;2023-02-22 23:59:59+00:00;2024-03-20 23:59:59+00:00;393;0;0;True;False;False;True;True;True;False
118665;2020-10-07 23:59:59+00:00;2021-01-19 23:59:59+00:00;103;0;0;True;False;False;True;True;True;True
1091011;2020-11-13 23:59:59+00:00;2021-04-06 23:59:59+00:00;145;0;0;True;False;False;True;True;False;False
9816877;2023-04-07 23:59:59+00:00;2024-03-20 23:59:59+00:00;349;0;0;True;False;False;True;True;True;True
116847;2023-07-26 23:59:59+00:00;2024-03-20 23:59:59+00:00;239;0;0;True;False;False;True;False;True;True
876701;2020-11-19 23:59:59+00:00;2024-03-20 23:59:59+00:00;1216;0;0;True;False;False;True;False;True;True
668668;2021-01-21 23:59:59+00:00;2024-03-20 23:59:59+00:00;1155;0;0;True;False;False;True;False;True;True
1037173;2022-03-05 23:59:59+00:00;2024-03-20 23:59:59+00:00;747;0;0;True;False;False;True;False;True;True
777984;2022-03-19 23:59:59+00:00;2024-03-20 23:59:59+00:00;733;0;0;True;False;False;True;True;False;False
106103;2020-08-27 23:59:59+00:00;2024-03-20 23:59:59+00:00;1300;0;0;True;False;False;True;False;True;True
116310;2023-03-10 23:59:59+00:00;2024-03-20 23:59:59+00:00;377;0;0;True;False;False;True;True;True;True
1017710;2021-10-20 23:59:59+00:00;2023-09-06 23:59:59+00:00;687;0;0;True;True;True;True;False;False;True
771107;2019-03-02 23:59:59+00:00;2019-12-03 23:59:59+00:00;277;0;0;True;False;False;True;True;True;True
7111010;2022-04-01 23:59:59+00:00;2024-03-20 23:59:59+00:00;720;0;0;True;False;False;True;False;True;True
711181;2021-09-29 23:59:59+00:00;2022-05-04 23:59:59+00:00;218;0;0;True;False;False;True;False;False;False
4610411;2018-11-02 23:59:59+00:00;2019-08-13 23:59:59+00:00;285;0;0;True;False;False;True;False;False;False
7976811;2019-08-08 23:59:59+00:00;2020-12-15 23:59:59+00:00;493;0;0;True;False;False;True;True;True;True
120891;2021-01-26 23:59:59+00:00;2024-03-20 23:59:59+00:00;1150;0;0;True;False;False;True;False;True;True
831138;2020-01-31 23:59:59+00:00;2020-12-18 23:59:59+00:00;320;0;0;True;False;False;True;True;True;True
117781;2021-03-11 23:59:59+00:00;2024-03-15 23:59:59+00:00;1101;0;0;True;False;False;True;False;True;True
746971;2020-09-18 23:59:59+00:00;2024-03-20 23:59:59+00:00;1278;0;0;True;False;False;True;False;True;True
105346;2018-11-02 23:59:59+00:00;2021-04-05 23:59:59+00:00;886;0;0;True;False;False;True;False;False;False
8011668;2021-12-14 23:59:59+00:00;2024-03-17 23:59:59+00:00;825;0;0;True;False;False;True;False;True;True
1021061;2019-12-21 23:59:59+00:00;2020-12-26 23:59:59+00:00;368;0;0;True;False;False;True;False;True;True
859910;2021-11-11 23:59:59+00:00;2024-03-20 23:59:59+00:00;861;0;0;True;False;False;True;True;True;True
1121049;2023-02-22 23:59:59+00:00;2024-03-20 23:59:59+00:00;393;0;0;True;False;False;True;True;True;True
120461;2022-03-01 23:59:59+00:00;2024-03-20 23:59:59+00:00;751;0;0;True;False;False;True;False;True;True
971044;2020-09-30 23:59:59+00:00;2021-01-26 23:59:59+00:00;117;0;0;True;False;False;True;False;True;True
287100;2022-10-18 23:59:59+00:00;2024-03-20 23:59:59+00:00;520;0;0;True;False;False;True;False;True;True
468611;2019-03-02 23:59:59+00:00;2024-03-20 23:59:59+00:00;1841;0;0;True;False;False;True;True;False;False
1017510;2020-02-05 23:59:59+00:00;2020-10-30 23:59:59+00:00;266;0;0;True;False;False;True;True;True;True
118101;2022-05-04 23:59:59+00:00;2024-03-20 23:59:59+00:00;687;0;0;True;False;False;True;True;False;False
811983;2022-11-11 23:59:59+00:00;2024-03-20 23:59:59+00:00;496;0;0;True;False;False;True;False;True;True
1191761;2022-04-01 23:59:59+00:00;2024-03-20 23:59:59+00:00;720;0;0;True;False;False;True;True;False;False
768078;2022-12-09 23:59:59+00:00;2024-03-20 23:59:59+00:00;468;0;0;True;False;False;True;False;True;True
1091198;2019-03-02 23:59:59+00:00;2019-12-18 23:59:59+00:00;292;0;0;True;False;False;True;True;True;True
113861;2022-03-04 23:59:59+00:00;2024-03-20 23:59:59+00:00;748;0;0;True;False;False;True;False;True;True
4675102;2022-03-26 23:59:59+00:00;2024-03-20 23:59:59+00:00;726;0;0;True;False;False;True;False;True;True
8911412;2018-11-02 23:59:59+00:00;2024-03-20 23:59:59+00:00;1966;0;0;True;False;False;True;False;False;False
566748;2021-06-08 23:59:59+00:00;2024-03-20 23:59:59+00:00;1017;0;0;True;False;False;True;False;True;True
1011001;2020-11-20 23:59:59+00:00;2024-03-20 23:59:59+00:00;1215;0;0;True;False;False;True;True;True;True
410190;2022-11-15 23:59:59+00:00;2024-03-20 23:59:59+00:00;492;0;0;True;False;False;True;True;True;True
717486;2022-08-23 23:59:59+00:00;2024-03-20 23:59:59+00:00;576;0;0;True;False;False;True;True;True;True
188116;2018-11-02 23:59:59+00:00;2020-12-16 23:59:59+00:00;776;0;0;True;False;False;True;False;False;False
112996;2019-03-02 23:59:59+00:00;2019-11-04 23:59:59+00:00;248;0;0;True;False;False;True;True;False;False
122841;2021-11-10 23:59:59+00:00;2024-03-20 23:59:59+00:00;862;0;0;True;False;False;True;True;True;True
728689;2018-11-02 23:59:59+00:00;2020-12-15 23:59:59+00:00;775;0;0;True;False;False;True;False;False;False
103119;2021-01-27 23:59:59+00:00;2021-04-29 23:59:59+00:00;93;0;0;True;False;False;True;False;True;True
104110;2022-02-02 23:59:59+00:00;2024-03-20 23:59:59+00:00;778;0;0;True;False;False;True;False;True;True
104104;2020-10-14 23:59:59+00:00;2021-01-19 23:59:59+00:00;96;0;0;False;True;False;False;False;False;False
755110;2022-02-01 23:59:59+00:00;2023-09-06 23:59:59+00:00;583;0;0;True;True;True;True;False;True;True
701226;2019-03-02 23:59:59+00:00;2024-03-20 23:59:59+00:00;1843;0;0;True;False;False;True;False;False;False
104105;2019-03-02 23:59:59+00:00;2019-10-27 23:59:59+00:00;240;0;0;True;False;False;True;False;False;False
9911510;2021-01-23 23:59:59+00:00;2021-03-26 23:59:59+00:00;63;0;0;True;False;False;True;False;True;True
410387;2020-05-21 23:59:59+00:00;2024-03-20 23:59:59+00:00;1397;0;0;True;False;False;True;False;True;True
461218;2021-05-05 23:59:59+00:00;2024-03-20 23:59:59+00:00;1051;0;0;True;False;False;True;False;True;True
984635;2021-02-05 23:59:59+00:00;2021-09-25 23:59:59+00:00;233;0;0;False;True;False;False;False;False;False
986988;2019-05-28 23:59:59+00:00;2024-03-20 23:59:59+00:00;1754;0;0;True;False;False;True;False;True;True
1161068;2018-11-02 23:59:59+00:00;2024-03-20 23:59:59+00:00;1966;0;0;True;False;False;True;False;False;False
747298;2018-11-02 23:59:59+00:00;2024-03-20 23:59:59+00:00;1966;0;0;True;False;False;True;True;True;True
104461;2022-03-19 23:59:59+00:00;2024-03-20 23:59:59+00:00;733;0;0;True;False;False;True;False;False;False
8849888;2021-09-08 23:59:59+00:00;2022-05-18 23:59:59+00:00;253;0;0;True;False;False;True;False;False;False
7368811;2018-11-02 23:59:59+00:00;2020-12-15 23:59:59+00:00;775;0;0;True;False;False;True;False;False;False
697046;2023-02-23 23:59:59+00:00;2024-03-20 23:59:59+00:00;392;0;0;True;False;False;True;True;True;True
1028118;2021-08-19 23:59:59+00:00;2024-03-20 23:59:59+00:00;945;0;0;True;False;False;True;False;True;True
1021114;2022-04-13 23:59:59+00:00;2024-03-20 23:59:59+00:00;708;0;0;True;False;False;True;False;False;False
9010312;2020-12-16 23:59:59+00:00;2024-03-20 23:59:59+00:00;1189;0;0;True;False;False;True;False;True;True
747105;2022-05-04 23:59:59+00:00;2024-03-20 23:59:59+00:00;687;0;0;True;False;False;True;False;True;True
1221027;2019-03-02 23:59:59+00:00;2020-12-17 23:59:59+00:00;657;0;0;True;False;False;True;True;False;False
901207;2022-01-20 23:59:59+00:00;2024-03-20 23:59:59+00:00;791;0;0;True;False;False;True;False;True;True
479721;2022-02-09 23:59:59+00:00;2024-03-20 23:59:59+00:00;771;0;0;True;False;False;True;True;True;True
6690866;2022-11-29 23:59:59+00:00;2024-03-20 23:59:59+00:00;478;0;0;True;False;False;True;True;True;True
103246;2022-04-06 23:59:59+00:00;2024-03-20 23:59:59+00:00;715;0;0;True;False;False;True;True;True;True
10266;2019-08-28 23:59:59+00:00;2020-12-15 23:59:59+00:00;473;0;0;True;False;False;True;False;False;False
118114;2020-06-05 23:59:59+00:00;2020-12-19 23:59:59+00:00;195;0;0;True;False;False;True;False;True;True
837951;2022-10-14 23:59:59+00:00;2024-03-20 23:59:59+00:00;524;0;0;True;False;False;True;False;True;True
898181;2022-08-30 23:59:59+00:00;2024-03-20 23:59:59+00:00;569;0;0;True;False;False;True;True;True;True
998181;2020-09-07 23:59:59+00:00;2024-03-20 23:59:59+00:00;1291;0;0;True;False;False;True;True;True;True
726510;2022-05-31 23:59:59+00:00;2024-03-20 23:59:59+00:00;660;0;0;True;False;False;True;True;True;True
741004;2022-03-03 23:59:59+00:00;2024-03-20 23:59:59+00:00;749;0;0;True;False;False;True;False;True;True
108887;2019-03-02 23:59:59+00:00;2020-11-08 23:59:59+00:00;618;0;0;True;False;False;True;True;True;True
694611;2021-10-20 23:59:59+00:00;2024-03-20 23:59:59+00:00;883;0;0;True;False;False;True;True;False;False
769978;2022-09-26 23:59:59+00:00;2024-03-20 23:59:59+00:00;542;0;0;True;False;False;True;True;False;False
120104;2022-05-05 23:59:59+00:00;2024-03-20 23:59:59+00:00;686;0;0;True;False;False;True;True;True;True
106841;2022-08-03 23:59:59+00:00;2024-03-20 23:59:59+00:00;596;0;0;True;False;False;True;False;True;True
1088901;2022-07-18 23:59:59+00:00;2024-03-20 23:59:59+00:00;612;0;0;True;False;False;True;False;True;True
115866;2022-03-02 23:59:59+00:00;2024-03-20 23:59:59+00:00;750;0;0;True;False;False;True;False;True;True
1186910;2020-11-26 23:59:59+00:00;2023-09-06 23:59:59+00:00;1013;0;0;True;True;True;True;False;False;True
687811;2020-02-25 23:59:59+00:00;2024-03-20 23:59:59+00:00;1475;0;0;True;False;False;True;True;True;True
112106;2022-02-19 23:59:59+00:00;2024-03-20 23:59:59+00:00;761;0;0;True;False;False;True;False;True;True
6283122;2021-05-06 23:59:59+00:00;2021-09-25 23:59:59+00:00;143;0;0;True;False;False;True;False;True;True
848310;2021-02-16 23:59:59+00:00;2021-03-09 23:59:59+00:00;22;0;0;True;False;False;True;True;True;True
112112;2022-08-25 23:59:59+00:00;2024-03-20 23:59:59+00:00;574;0;0;True;False;False;True;True;True;True
310781;2019-01-25 23:59:59+00:00;2024-03-20 23:59:59+00:00;1879;0;0;True;False;False;True;False;True;True
468475;2023-02-22 23:59:59+00:00;2024-03-20 23:59:59+00:00;393;0;0;True;False;False;True;False;True;True
710210;2021-03-05 23:59:59+00:00;2024-03-20 23:59:59+00:00;1112;0;0;True;False;False;True;False;True;True
1075697;2022-05-04 23:59:59+00:00;2024-03-20 23:59:59+00:00;687;0;0;True;False;False;True;False;True;True
7410610;2023-01-19 23:59:59+00:00;2023-09-06 23:59:59+00:00;231;0;0;True;True;True;True;False;False;True
1101116;2021-01-28 23:59:59+00:00;2024-03-20 23:59:59+00:00;1148;0;0;True;False;False;True;False;True;True
831189;2020-09-10 23:59:59+00:00;2024-03-20 23:59:59+00:00;1286;0;0;True;False;False;True;False;True;True
311110;2022-11-03 23:59:59+00:00;2024-03-20 23:59:59+00:00;504;0;0;True;False;False;True;False;True;True
7968691;2021-04-17 23:59:59+00:00;2024-03-20 23:59:59+00:00;1069;0;0;True;False;False;True;False;True;True
4698365;2021-03-26 23:59:59+00:00;2024-03-20 23:59:59+00:00;1091;0;0;True;False;False;True;True;True;True
887788;2021-06-23 23:59:59+00:00;2024-03-20 23:59:59+00:00;1002;0;0;True;False;False;True;True;True;True
1071156;2022-06-18 23:59:59+00:00;2024-03-20 23:59:59+00:00;642;0;0;True;False;False;True;True;True;True
720106;2020-11-10 23:59:59+00:00;2024-03-20 23:59:59+00:00;1227;0;0;True;False;False;True;False;True;True
775891;2020-06-10 23:59:59+00:00;2020-12-17 23:59:59+00:00;188;0;0;True;False;False;True;True;True;True
8270738;2022-04-09 23:59:59+00:00;2024-03-20 23:59:59+00:00;712;0;0;True;False;False;True;True;True;True
684667;2021-10-06 23:59:59+00:00;2024-03-20 23:59:59+00:00;897;0;0;True;False;False;True;True;True;True
610199;2019-03-02 23:59:59+00:00;2020-11-01 23:59:59+00:00;611;0;0;True;False;False;True;True;False;False
671215;2022-03-02 23:59:59+00:00;2024-03-20 23:59:59+00:00;750;0;0;True;False;False;True;False;True;True
667477;2021-12-24 23:59:59+00:00;2024-03-20 23:59:59+00:00;818;0;0;True;False;False;True;False;True;True
1118080;2021-09-22 23:59:59+00:00;2024-03-20 23:59:59+00:00;911;0;0;True;False;False;True;False;True;True
100847;2021-10-30 23:59:59+00:00;2024-03-20 23:59:59+00:00;873;0;0;True;False;False;True;True;True;True
118985;2020-06-05 23:59:59+00:00;2024-03-20 23:59:59+00:00;1379;0;0;True;False;False;True;False;True;True
7210073;2018-11-02 23:59:59+00:00;2021-01-19 23:59:59+00:00;810;0;0;True;False;False;True;False;False;False
897410;2020-10-02 23:59:59+00:00;2024-03-20 23:59:59+00:00;1266;0;0;True;False;False;True;False;True;True
121876;2018-11-02 23:59:59+00:00;2024-03-20 23:59:59+00:00;737;0;0;True;False;False;True;False;True;True
1087011;2021-05-06 23:59:59+00:00;2024-03-20 23:59:59+00:00;1050;0;0;True;False;False;True;True;True;True
907759;2020-09-01 23:59:59+00:00;2024-03-20 23:59:59+00:00;1295;0;0;True;False;False;True;False;True;True
1221108;2019-03-02 23:59:59+00:00;2020-03-08 23:59:59+00:00;373;0;0;True;False;False;True;True;True;True
101797;2022-10-27 23:59:59+00:00;2024-03-20 23:59:59+00:00;511;0;0;True;False;False;True;False;True;True
4657676;2022-05-06 23:59:59+00:00;2024-03-20 23:59:59+00:00;685;0;0;True;False;False;True;False;True;True
108758;2020-03-20 23:59:59+00:00;2020-12-23 23:59:59+00:00;271;0;0;True;False;False;True;True;False;False
8681127;2022-04-08 23:59:59+00:00;2024-03-20 23:59:59+00:00;713;0;0;True;False;False;True;False;True;True
776751;2019-03-02 23:59:59+00:00;2024-03-20 23:59:59+00:00;1160;0;0;True;False;False;True;True;True;True
7571827;2018-11-02 23:59:59+00:00;2020-11-01 23:59:59+00:00;731;0;0;True;False;False;True;False;False;False
8646875;2018-11-02 23:59:59+00:00;2024-03-20 23:59:59+00:00;1966;0;0;True;False;False;True;False;False;False
7569701;2021-05-24 23:59:59+00:00;2024-03-20 23:59:59+00:00;1004;0;0;True;False;False;True;False;True;True
9483106;2018-11-02 23:59:59+00:00;2021-03-09 23:59:59+00:00;859;0;0;True;False;False;True;False;False;False
468676;2020-06-23 23:59:59+00:00;2021-05-04 23:59:59+00:00;254;0;0;True;False;False;True;True;False;False
1011106;2020-09-11 23:59:59+00:00;2021-01-08 23:59:59+00:00;120;0;0;True;False;False;True;True;True;True
410083;2022-04-26 23:59:59+00:00;2024-03-20 23:59:59+00:00;695;0;0;True;False;False;True;True;True;True
6697809;2019-03-02 23:59:59+00:00;2024-03-20 23:59:59+00:00;1782;0;0;True;False;False;True;True;True;True
411389;2018-11-02 23:59:59+00:00;2021-09-25 23:59:59+00:00;618;0;0;True;True;True;True;False;False;False
102857;2019-03-06 23:59:59+00:00;2020-12-24 23:59:59+00:00;657;0;0;True;False;False;True;False;True;True
838351;2020-05-01 23:59:59+00:00;2024-03-20 23:59:59+00:00;1415;0;0;True;False;False;True;False;True;True
1106678;2020-11-08 23:59:59+00:00;2024-03-20 23:59:59+00:00;1227;0;0;True;False;False;True;False;True;True
468312;2022-11-12 23:59:59+00:00;2024-03-20 23:59:59+00:00;495;0;0;True;False;False;True;False;True;True
1161191;2020-01-02 23:59:59+00:00;2020-07-05 23:59:59+00:00;186;0;0;True;False;False;True;False;True;True
850210;2022-02-03 23:59:59+00:00;2024-03-20 23:59:59+00:00;777;0;0;True;False;False;True;False;True;True
716890;2021-10-19 23:59:59+00:00;2024-03-20 23:59:59+00:00;884;0;0;True;False;False;True;False;True;True
112113;2022-02-25 23:59:59+00:00;2024-03-20 23:59:59+00:00;755;0;0;True;False;False;True;True;True;True
1138999;2023-03-11 23:59:59+00:00;2024-03-20 23:59:59+00:00;376;0;0;True;False;False;True;True;True;True
210757;2022-02-04 23:59:59+00:00;2024-03-20 23:59:59+00:00;776;0;0;True;False;False;True;False;True;True
7910273;2018-11-02 23:59:59+00:00;2024-03-20 23:59:59+00:00;1905;0;0;True;False;False;True;False;False;False
4610310;2022-06-16 23:59:59+00:00;2024-03-20 23:59:59+00:00;644;0;0;True;False;False;True;False;True;True
7111711;2022-06-21 23:59:59+00:00;2024-03-20 23:59:59+00:00;639;0;0;True;False;False;True;True;True;True
511610;2021-02-24 23:59:59+00:00;2024-03-20 23:59:59+00:00;1121;0;0;True;False;False;True;False;True;True
1031001;2018-11-02 23:59:59+00:00;2024-03-20 23:59:59+00:00;1966;0;0;True;False;False;True;False;False;False
1127111;2020-09-29 23:59:59+00:00;2021-04-04 23:59:59+00:00;186;0;0;True;False;False;True;False;True;True
671148;2022-05-10 23:59:59+00:00;2024-03-20 23:59:59+00:00;681;0;0;True;False;False;True;True;True;True
727483;2020-08-07 23:59:59+00:00;2020-12-17 23:59:59+00:00;133;0;0;True;False;False;True;False;True;True
112105;2019-03-02 23:59:59+00:00;2024-03-20 23:59:59+00:00;1846;0;0;True;False;False;True;True;False;False
7811190;2022-04-14 23:59:59+00:00;2024-03-20 23:59:59+00:00;707;0;0;True;False;False;True;False;True;False
696710;2020-11-26 23:59:59+00:00;2024-03-20 23:59:59+00:00;1208;0;0;True;False;False;True;False;True;True
7746610;2019-03-02 23:59:59+00:00;2021-01-06 23:59:59+00:00;677;0;0;True;False;False;True;False;True;True
1057810;2022-03-05 23:59:59+00:00;2024-03-20 23:59:59+00:00;747;0;0;True;False;False;True;False;True;True
6891687;2022-03-10 23:59:59+00:00;2024-03-20 23:59:59+00:00;742;0;0;True;False;False;True;False;False;False
817367;2020-11-04 23:59:59+00:00;2021-01-22 23:59:59+00:00;78;0;0;True;False;False;True;True;True;True
868410;2022-04-12 23:59:59+00:00;2024-03-20 23:59:59+00:00;709;0;0;True;False;False;True;True;True;True
461095;2019-03-02 23:59:59+00:00;2024-03-20 23:59:59+00:00;1843;0;0;True;False;False;True;True;True;True
1071021;2018-11-02 23:59:59+00:00;2021-01-23 23:59:59+00:00;814;0;0;True;False;False;True;False;False;False
976612;2023-06-21 23:59:59+00:00;2024-03-20 23:59:59+00:00;274;0;0;True;False;False;True;False;True;True
121120;2020-09-30 23:59:59+00:00;2024-03-20 23:59:59+00:00;1268;0;0;True;False;False;True;True;True;True
8884861;2019-03-02 23:59:59+00:00;2021-01-06 23:59:59+00:00;677;0;0;True;False;False;True;True;True;True
100105;2022-03-25 23:59:59+00:00;2023-02-19 23:59:59+00:00;332;0;0;True;False;False;True;True;True;True
1011058;2022-04-07 23:59:59+00:00;2024-03-20 23:59:59+00:00;689;0;0;True;False;False;True;False;True;True
109109;2020-09-01 23:59:59+00:00;2024-03-20 23:59:59+00:00;1295;0;0;True;False;False;True;False;True;True
1041121;2018-11-02 23:59:59+00:00;2019-05-09 23:59:59+00:00;189;0;0;True;False;False;True;False;False;False
7286748;2021-06-08 23:59:59+00:00;2024-03-20 23:59:59+00:00;1017;0;0;True;False;False;True;True;False;False
108798;2023-02-21 23:59:59+00:00;2024-03-20 23:59:59+00:00;394;0;0;True;False;False;True;True;True;True
119681;2023-08-15 23:59:59+00:00;2024-03-20 23:59:59+00:00;219;0;0;True;False;False;True;True;True;True
711910;2019-03-02 23:59:59+00:00;2019-11-19 23:59:59+00:00;263;0;0;True;False;False;True;True;False;False
7873107;2021-08-27 23:59:59+00:00;2024-03-20 23:59:59+00:00;937;0;0;True;False;False;True;False;False;False
119118;2020-04-25 23:59:59+00:00;2020-04-26 23:59:59+00:00;2;0;0;True;False;False;True;True;True;True
9075869;2022-04-06 23:59:59+00:00;2024-03-20 23:59:59+00:00;715;0;0;True;False;False;True;False;True;True
697221;2019-03-02 23:59:59+00:00;2021-01-06 23:59:59+00:00;677;0;0;True;False;False;True;True;True;True
997610;2022-05-03 23:59:59+00:00;2024-03-20 23:59:59+00:00;688;0;0;True;False;False;True;False;True;True
110115;2021-07-06 23:59:59+00:00;2024-03-20 23:59:59+00:00;989;0;0;False;True;False;False;False;False;False
6667870;2020-04-30 23:59:59+00:00;2021-02-17 23:59:59+00:00;291;0;0;True;False;False;True;False;True;True
469812;2022-08-23 23:59:59+00:00;2024-03-20 23:59:59+00:00;576;0;0;True;False;False;True;True;True;True
851086;2023-03-05 23:59:59+00:00;2024-03-20 23:59:59+00:00;382;0;0;True;False;False;True;True;True;True
8412079;2022-03-09 23:59:59+00:00;2024-03-20 23:59:59+00:00;743;0;0;True;False;False;True;True;False;False
829883;2022-03-01 23:59:59+00:00;2024-03-20 23:59:59+00:00;751;0;0;True;False;False;True;False;True;True
861151;2022-08-12 23:59:59+00:00;2024-03-20 23:59:59+00:00;587;0;0;True;False;False;True;False;True;True
109108;2020-05-20 23:59:59+00:00;2020-12-19 23:59:59+00:00;211;0;0;True;False;False;True;False;True;True
121848;2022-02-16 23:59:59+00:00;2024-03-20 23:59:59+00:00;764;0;0;True;False;False;True;True;True;True
466710;2021-04-09 23:59:59+00:00;2024-03-20 23:59:59+00:00;1077;0;0;True;False;False;True;False;True;True
797976;2022-04-21 23:59:59+00:00;2024-03-07 23:59:59+00:00;687;0;0;True;False;False;True;True;True;True
121121;2020-12-10 23:59:59+00:00;2024-03-20 23:59:59+00:00;1195;0;0;True;False;False;True;True;True;True
661038;2022-06-15 23:59:59+00:00;2024-03-20 23:59:59+00:00;645;0;0;True;False;False;True;True;True;True
109691;2022-02-24 23:59:59+00:00;2024-03-20 23:59:59+00:00;756;0;0;True;False;False;True;True;True;True
841097;2019-08-12 23:59:59+00:00;2021-01-07 23:59:59+00:00;512;0;0;True;False;False;True;False;True;True
121109;2022-05-19 23:59:59+00:00;2024-03-20 23:59:59+00:00;672;0;0;True;False;False;True;True;True;True
6531091;2018-11-02 23:59:59+00:00;2020-11-01 23:59:59+00:00;731;0;0;True;False;False;True;False;False;False
107737;2020-07-14 23:59:59+00:00;2021-01-18 23:59:59+00:00;187;0;0;True;False;False;True;True;True;True
468675;2020-11-07 23:59:59+00:00;2021-01-08 23:59:59+00:00;63;0;0;True;False;False;True;False;True;True
1171197;2023-01-17 23:59:59+00:00;2024-03-20 23:59:59+00:00;429;0;0;True;False;False;True;False;True;True
708111;2022-04-11 23:59:59+00:00;2024-03-20 23:59:59+00:00;710;0;0;True;False;False;True;True;False;False
182067;2020-06-17 23:59:59+00:00;2024-03-20 23:59:59+00:00;1368;0;0;True;False;False;True;True;True;True
461686;2022-04-12 23:59:59+00:00;2024-03-20 23:59:59+00:00;709;0;0;True;False;False;True;False;True;True
1191088;2022-04-22 23:59:59+00:00;2024-03-20 23:59:59+00:00;699;0;0;True;False;False;True;True;True;True
731021;2021-04-10 23:59:59+00:00;2024-03-20 23:59:59+00:00;1076;0;0;True;False;False;True;True;True;True
1171168;2021-07-17 23:59:59+00:00;2024-03-20 23:59:59+00:00;978;0;0;True;False;False;True;True;True;True
113971;2022-12-09 23:59:59+00:00;2024-03-20 23:59:59+00:00;468;0;0;True;False;False;True;False;True;True
8466897;2023-02-25 23:59:59+00:00;2024-03-20 23:59:59+00:00;390;0;0;True;False;False;True;True;True;True
778186;2021-07-20 23:59:59+00:00;2024-03-20 23:59:59+00:00;975;0;0;True;False;False;True;True;True;True
888888;2021-04-16 23:59:59+00:00;2024-03-20 23:59:59+00:00;1070;0;0;True;False;False;True;False;True;True
112110;2022-09-11 23:59:59+00:00;2024-03-20 23:59:59+00:00;557;0;0;True;False;False;True;True;True;True
115119;2022-06-30 23:59:59+00:00;2024-03-20 23:59:59+00:00;630;0;0;True;False;False;True;False;True;True
112845;2022-05-18 23:59:59+00:00;2024-03-20 23:59:59+00:00;673;0;0;True;False;False;True;False;True;True
410269;2021-11-25 23:59:59+00:00;2024-03-20 23:59:59+00:00;847;0;0;True;False;False;True;True;True;True
4614611;2021-05-03 23:59:59+00:00;2024-03-20 23:59:59+00:00;1053;0;0;True;False;False;True;True;True;True
1108849;2019-07-02 23:59:59+00:00;2024-03-20 23:59:59+00:00;1672;0;0;True;False;False;True;True;True;True
9011284;2022-03-23 23:59:59+00:00;2024-03-20 23:59:59+00:00;729;0;0;True;False;False;True;False;False;False
804685;2018-11-02 23:59:59+00:00;2020-12-17 23:59:59+00:00;777;0;0;True;False;False;True;False;False;False
5102111;2020-06-06 23:59:59+00:00;2024-03-20 23:59:59+00:00;1379;0;0;True;False;False;True;False;True;True
6771838;2018-11-02 23:59:59+00:00;2024-03-20 23:59:59+00:00;1966;0;0;True;False;False;True;False;False;False
7910512;2022-07-12 23:59:59+00:00;2024-03-20 23:59:59+00:00;618;0;0;True;False;False;True;False;True;True
1147810;2022-02-24 23:59:59+00:00;2024-03-20 23:59:59+00:00;756;0;0;True;False;False;True;False;True;True
468467;2021-07-07 23:59:59+00:00;2024-03-20 23:59:59+00:00;988;0;0;True;False;False;True;False;False;False
8566105;2022-12-17 23:59:59+00:00;2024-03-20 23:59:59+00:00;460;0;0;True;False;False;True;False;True;True
112672;2019-03-02 23:59:59+00:00;2021-01-06 23:59:59+00:00;677;0;0;True;False;False;True;False;False;False
120818;2021-10-01 23:59:59+00:00;2022-05-02 23:59:59+00:00;214;0;0;True;False;False;True;False;False;False
9710869;2018-11-02 23:59:59+00:00;2020-08-05 23:59:59+00:00;643;0;0;True;False;False;True;False;False;False
846688;2022-02-23 23:59:59+00:00;2024-03-20 23:59:59+00:00;757;0;0;True;False;False;True;True;True;True
775840;2022-11-15 23:59:59+00:00;2024-03-20 23:59:59+00:00;492;0;0;True;False;False;True;False;True;True
683654;2022-04-27 23:59:59+00:00;2024-03-20 23:59:59+00:00;694;0;0;True;False;False;True;False;True;True
102105;2019-03-02 23:59:59+00:00;2020-03-02 23:59:59+00:00;367;0;0;True;False;False;True;True;False;False
988456;2020-09-02 23:59:59+00:00;2021-03-19 23:59:59+00:00;199;0;0;True;False;False;True;True;True;True
6511379;2020-11-27 23:59:59+00:00;2024-03-20 23:59:59+00:00;1210;0;0;True;False;False;True;True;True;True
788846;2023-01-14 23:59:59+00:00;2024-03-20 23:59:59+00:00;432;0;0;True;False;False;True;False;True;True
8351121;2022-03-12 23:59:59+00:00;2024-03-20 23:59:59+00:00;740;0;0;True;False;False;True;False;False;False
771207;2018-11-02 23:59:59+00:00;2020-06-02 23:59:59+00:00;579;0;0;True;False;False;True;False;False;False
841087;2022-07-01 23:59:59+00:00;2024-03-20 23:59:59+00:00;629;0;0;True;False;False;True;True;True;True
6681117;2022-04-06 23:59:59+00:00;2024-03-20 23:59:59+00:00;715;0;0;True;False;False;True;False;True;True
298120;2022-02-01 23:59:59+00:00;2024-03-20 23:59:59+00:00;779;0;0;True;False;False;True;True;True;True
8369469;2022-08-11 23:59:59+00:00;2024-03-20 23:59:59+00:00;588;0;0;True;False;False;True;False;True;True
5101791;2022-12-06 23:59:59+00:00;2024-03-20 23:59:59+00:00;471;0;0;True;False;False;True;False;True;True
468711;2022-10-27 23:59:59+00:00;2024-03-20 23:59:59+00:00;511;0;0;True;False;False;True;True;True;True
869910;2018-11-02 23:59:59+00:00;2019-11-19 23:59:59+00:00;383;0;0;True;False;False;True;False;False;False
7110973;2022-05-10 23:59:59+00:00;2024-03-20 23:59:59+00:00;681;0;0;True;False;False;True;True;True;True
987611;2020-08-26 23:59:59+00:00;2024-03-20 23:59:59+00:00;1209;0;0;True;False;False;True;False;True;True
110461;2022-11-07 23:59:59+00:00;2024-03-20 23:59:59+00:00;500;0;0;True;False;False;True;True;False;False
1161021;2021-01-30 23:59:59+00:00;2024-03-20 23:59:59+00:00;1146;0;0;True;False;False;True;False;True;True
511991;2023-01-23 23:59:59+00:00;2024-03-20 23:59:59+00:00;423;0;0;True;False;False;True;False;True;True
845791;2022-11-26 23:59:59+00:00;2024-03-20 23:59:59+00:00;481;0;0;True;False;False;True;False;True;True
819011;2019-03-02 23:59:59+00:00;2021-01-06 23:59:59+00:00;677;0;0;True;False;False;True;True;False;False
8211908;2022-11-17 23:59:59+00:00;2024-03-20 23:59:59+00:00;490;0;0;True;False;False;True;False;True;True
6512274;2022-10-24 23:59:59+00:00;2024-03-20 23:59:59+00:00;514;0;0;True;False;False;True;True;False;False
897166;2022-07-06 23:59:59+00:00;2024-03-20 23:59:59+00:00;624;0;0;True;False;False;True;False;True;True
798116;2021-07-08 23:59:59+00:00;2024-03-20 23:59:59+00:00;987;0;0;True;False;False;True;True;True;True
7410986;2022-01-11 23:59:59+00:00;2024-03-20 23:59:59+00:00;787;0;0;True;False;False;True;True;False;False
848510;2022-03-10 23:59:59+00:00;2024-03-20 23:59:59+00:00;742;0;0;True;False;False;True;False;False;False
688310;2018-11-02 23:59:59+00:00;2021-01-22 23:59:59+00:00;813;0;0;True;False;False;True;False;False;False
4679573;2020-11-24 23:59:59+00:00;2021-01-07 23:59:59+00:00;45;0;0;True;False;False;True;False;True;True
117119;2022-02-01 23:59:59+00:00;2024-03-20 23:59:59+00:00;779;0;0;True;False;False;True;True;True;True
108011;2020-12-23 23:59:59+00:00;2021-01-07 23:59:59+00:00;16;0;0;True;False;False;True;True;True;True
117657;2020-08-11 23:59:59+00:00;2020-12-16 23:59:59+00:00;128;0;0;True;False;False;True;True;True;True
819776;2022-03-12 23:59:59+00:00;2024-03-20 23:59:59+00:00;740;0;0;True;False;False;True;True;False;False
8111796;2021-10-02 23:59:59+00:00;2024-03-20 23:59:59+00:00;901;0;0;True;False;False;True;False;True;True
831011;2020-07-11 23:59:59+00:00;2021-01-08 23:59:59+00:00;182;0;0;True;False;False;True;False;True;True
689973;2021-04-30 23:59:59+00:00;2024-03-20 23:59:59+00:00;1056;0;0;True;False;False;True;True;True;True
102299;2021-07-27 23:59:59+00:00;2024-03-20 23:59:59+00:00;968;0;0;True;False;False;True;False;False;False
120986;2021-04-21 23:59:59+00:00;2024-03-20 23:59:59+00:00;1065;0;0;True;False;False;True;False;True;True
7611412;2019-03-22 23:59:59+00:00;2024-03-20 23:59:59+00:00;1826;0;0;True;False;False;True;False;True;True
771038;2020-10-23 23:59:59+00:00;2021-09-25 23:59:59+00:00;338;0;0;True;False;False;True;True;True;True
1148897;2022-02-26 23:59:59+00:00;2024-03-20 23:59:59+00:00;754;0;0;True;False;False;True;True;True;True
1011048;2021-07-03 23:59:59+00:00;2024-03-20 23:59:59+00:00;992;0;0;True;False;False;True;False;False;False
697998;2022-09-28 23:59:59+00:00;2024-03-20 23:59:59+00:00;540;0;0;True;False;False;True;True;True;True
107108;2022-03-04 23:59:59+00:00;2024-03-20 23:59:59+00:00;748;0;0;True;False;False;True;False;True;True
100101;2019-03-02 23:59:59+00:00;2020-03-08 23:59:59+00:00;373;0;0;True;False;False;True;True;True;True
121681;2020-06-04 23:59:59+00:00;2024-03-20 23:59:59+00:00;1381;0;0;True;False;False;True;True;True;True
7101116;2020-08-27 23:59:59+00:00;2024-03-20 23:59:59+00:00;1300;0;0;True;False;False;True;False;True;True
971151;2022-03-18 23:59:59+00:00;2023-09-06 23:59:59+00:00;538;0;0;True;True;True;True;False;False;False
799976;2021-11-11 23:59:59+00:00;2024-03-20 23:59:59+00:00;861;0;0;True;False;False;True;True;True;True
111781;2020-11-25 23:59:59+00:00;2021-01-07 23:59:59+00:00;44;0;0;True;False;False;True;False;True;True
848667;2021-02-25 23:59:59+00:00;2024-03-20 23:59:59+00:00;1120;0;0;True;False;False;True;False;True;True
7870998;2018-11-02 23:59:59+00:00;2019-05-21 23:59:59+00:00;201;0;0;True;False;False;True;False;False;False
461132;2022-05-18 23:59:59+00:00;2024-03-20 23:59:59+00:00;673;0;0;True;False;False;True;True;True;True
1107010;2018-11-02 23:59:59+00:00;2024-03-20 23:59:59+00:00;1296;0;0;True;False;False;True;False;False;False
846104;2022-10-27 23:59:59+00:00;2024-03-20 23:59:59+00:00;511;0;0;True;False;False;True;True;False;False
6988311;2021-05-06 23:59:59+00:00;2023-09-06 23:59:59+00:00;854;0;0;True;True;True;True;False;True;True
8487107;2023-06-28 23:59:59+00:00;2024-03-20 23:59:59+00:00;267;0;0;True;False;False;True;False;True;True
384468;2022-02-03 23:59:59+00:00;2024-03-20 23:59:59+00:00;777;0;0;True;False;False;True;True;True;True
111811;2021-11-11 23:59:59+00:00;2024-03-20 23:59:59+00:00;861;0;0;True;False;False;True;False;True;True
4911611;2020-06-11 23:59:59+00:00;2024-03-20 23:59:59+00:00;1374;0;0;True;False;False;True;False;True;True
1071145;2022-04-17 23:59:59+00:00;2024-03-20 23:59:59+00:00;704;0;0;True;False;False;True;True;True;True
1126586;2019-06-06 23:59:59+00:00;2020-08-04 23:59:59+00:00;393;0;0;True;False;False;True;True;False;False
8310587;2022-04-07 23:59:59+00:00;2024-03-20 23:59:59+00:00;714;0;0;True;False;False;True;False;True;True
911510;2022-11-09 23:59:59+00:00;2024-03-20 23:59:59+00:00;498;0;0;True;False;False;True;False;True;True
801059;2022-02-16 23:59:59+00:00;2024-03-20 23:59:59+00:00;764;0;0;True;False;False;True;False;True;False
115120;2020-05-12 23:59:59+00:00;2021-02-26 23:59:59+00:00;285;0;0;True;False;False;True;False;True;True
840777;2020-07-14 23:59:59+00:00;2021-01-19 23:59:59+00:00;188;0;0;True;False;False;True;True;True;True
101800;2019-03-02 23:59:59+00:00;2021-03-23 23:59:59+00:00;753;0;0;True;False;False;True;True;False;False
806911;2021-01-18 23:59:59+00:00;2024-03-20 23:59:59+00:00;1158;0;0;True;False;False;True;False;True;True
868010;2021-11-11 23:59:59+00:00;2024-03-20 23:59:59+00:00;861;0;0;True;False;False;True;False;True;True
1197198;2022-11-18 23:59:59+00:00;2024-03-20 23:59:59+00:00;489;0;0;True;False;False;True;False;True;True
708499;2019-02-14 23:59:59+00:00;2024-03-20 23:59:59+00:00;1862;0;0;True;False;False;True;False;True;True
966771;2020-09-29 23:59:59+00:00;2021-04-05 23:59:59+00:00;187;0;0;True;False;False;True;False;True;True
111387;2022-03-23 23:59:59+00:00;2024-03-20 23:59:59+00:00;729;0;0;True;False;False;True;False;True;True
167211;2022-11-29 23:59:59+00:00;2024-03-20 23:59:59+00:00;478;0;0;True;False;False;True;False;True;True
6988111;2018-11-02 23:59:59+00:00;2020-08-04 23:59:59+00:00;642;0;0;True;False;False;True;False;False;False
1079731;2019-03-23 23:59:59+00:00;2024-03-20 23:59:59+00:00;1817;0;0;True;False;False;True;False;True;True
1218377;2022-01-14 23:59:59+00:00;2024-03-20 23:59:59+00:00;797;0;0;True;False;False;True;True;True;True
7610646;2022-05-19 23:59:59+00:00;2024-03-20 23:59:59+00:00;672;0;0;True;False;False;True;True;True;True
691079;2022-11-15 23:59:59+00:00;2024-03-20 23:59:59+00:00;492;0;0;True;False;False;True;False;True;True
667089;2018-11-02 23:59:59+00:00;2020-12-17 23:59:59+00:00;777;0;0;True;False;False;True;False;False;False
478111;2021-06-11 23:59:59+00:00;2024-03-20 23:59:59+00:00;1014;0;0;True;False;False;True;False;True;True
8410090;2018-11-02 23:59:59+00:00;2024-03-20 23:59:59+00:00;1281;0;0;True;False;False;True;False;False;False
7382110;2022-02-09 23:59:59+00:00;2024-03-20 23:59:59+00:00;771;0;0;True;False;False;True;True;True;True
102310;2018-11-02 23:59:59+00:00;2020-09-24 23:59:59+00:00;693;0;0;True;False;False;True;False;False;False
1060;2022-04-15 23:59:59+00:00;2024-03-20 23:59:59+00:00;706;0;0;True;False;False;True;False;True;True
121046;2022-06-28 23:59:59+00:00;2024-03-20 23:59:59+00:00;632;0;0;True;False;False;True;False;True;True
1197401;2021-11-25 23:59:59+00:00;2024-03-20 23:59:59+00:00;847;0;0;True;False;False;True;False;True;True
9980121;2022-03-11 23:59:59+00:00;2024-03-20 23:59:59+00:00;741;0;0;True;False;False;True;True;False;False
4113691;2021-10-28 23:59:59+00:00;2024-03-20 23:59:59+00:00;864;0;0;True;False;False;True;False;False;False
668190;2018-11-02 23:59:59+00:00;2021-04-05 23:59:59+00:00;886;0;0;True;False;False;True;False;False;False
102106;2018-11-02 23:59:59+00:00;2024-03-20 23:59:59+00:00;1966;0;0;True;False;False;True;False;False;False
698511;2021-03-26 23:59:59+00:00;2024-03-20 23:59:59+00:00;1091;0;0;True;False;False;True;True;True;True
6510689;2019-03-02 23:59:59+00:00;2020-12-16 23:59:59+00:00;656;0;0;True;False;False;True;False;False;False
111797;2022-01-19 23:59:59+00:00;2022-03-18 23:59:59+00:00;59;0;0;True;False;False;True;True;True;True
7857510;2018-11-02 23:59:59+00:00;2020-12-23 23:59:59+00:00;783;0;0;True;False;False;True;False;False;False
8910784;2020-09-30 23:59:59+00:00;2024-03-20 23:59:59+00:00;1266;0;0;True;False;False;True;False;True;True
6736812;2022-03-16 23:59:59+00:00;2024-03-20 23:59:59+00:00;736;0;0;True;False;False;True;False;True;True
7510211;2022-02-16 23:59:59+00:00;2024-03-20 23:59:59+00:00;764;0;0;True;False;False;True;True;True;True
463121;2020-11-12 23:59:59+00:00;2021-01-07 23:59:59+00:00;57;0;0;True;False;False;True;False;True;True
681108;2021-04-09 23:59:59+00:00;2024-03-20 23:59:59+00:00;1077;0;0;True;False;False;True;True;False;False
121697;2020-09-10 23:59:59+00:00;2024-03-20 23:59:59+00:00;876;0;0;True;False;False;True;False;False;False
787784;2021-09-08 23:59:59+00:00;2024-03-20 23:59:59+00:00;925;0;0;True;False;False;True;False;False;False
7111111;2020-09-02 23:59:59+00:00;2021-01-21 23:59:59+00:00;140;0;0;True;False;False;True;True;True;True
721157;2022-03-17 23:59:59+00:00;2024-03-20 23:59:59+00:00;735;0;0;True;False;False;True;False;False;False
119122;2022-08-13 23:59:59+00:00;2024-03-20 23:59:59+00:00;586;0;0;True;False;False;True;True;True;False
819991;2023-01-26 23:59:59+00:00;2024-03-20 23:59:59+00:00;420;0;0;True;False;False;True;False;True;True
110113;2022-01-25 23:59:59+00:00;2024-03-20 23:59:59+00:00;786;0;0;True;False;False;True;False;True;True
7011879;2019-03-02 23:59:59+00:00;2020-12-15 23:59:59+00:00;655;0;0;True;False;False;True;False;False;False
110891;2018-11-02 23:59:59+00:00;2024-03-20 23:59:59+00:00;1267;0;0;True;False;False;True;False;False;False
1151137;2021-08-10 23:59:59+00:00;2024-03-20 23:59:59+00:00;954;0;0;True;False;False;True;False;True;True
881048;2021-04-07 23:59:59+00:00;2024-03-20 23:59:59+00:00;1065;0;0;True;False;False;True;False;True;True
872117;2022-06-16 23:59:59+00:00;2024-03-20 23:59:59+00:00;644;0;0;True;False;False;True;True;False;False
111580;2021-08-26 23:59:59+00:00;2024-03-20 23:59:59+00:00;938;0;0;True;False;False;True;True;True;True
182101;2022-05-03 23:59:59+00:00;2024-03-20 23:59:59+00:00;688;0;0;True;False;False;True;True;True;True
1228100;2022-05-04 23:59:59+00:00;2024-03-20 23:59:59+00:00;687;0;0;True;False;False;True;True;False;False
688105;2021-12-14 23:59:59+00:00;2024-03-20 23:59:59+00:00;828;0;0;True;False;False;True;True;True;True
991071;2022-09-12 23:59:59+00:00;2024-03-20 23:59:59+00:00;556;0;0;True;False;False;True;True;True;True
6121113;2019-03-02 23:59:59+00:00;2020-12-16 23:59:59+00:00;656;0;0;True;False;False;True;True;False;False
108210;2022-06-18 23:59:59+00:00;2024-03-20 23:59:59+00:00;642;0;0;True;False;False;True;False;True;True
111972;2018-11-02 23:59:59+00:00;2024-03-20 23:59:59+00:00;1958;0;0;True;False;False;True;False;False;False
113817;2023-10-12 23:59:59+00:00;2024-03-20 23:59:59+00:00;161;0;0;True;False;False;True;False;True;True
117481;2022-03-02 23:59:59+00:00;2024-03-20 23:59:59+00:00;750;0;0;True;False;False;True;False;True;True
461086;2021-01-30 23:59:59+00:00;2024-03-20 23:59:59+00:00;779;0;0;True;False;False;True;True;True;True
107719;2019-03-02 23:59:59+00:00;2024-03-20 23:59:59+00:00;1131;0;0;True;False;False;True;True;False;False
711446;2021-11-11 23:59:59+00:00;2024-03-20 23:59:59+00:00;861;0;0;True;False;False;True;True;True;True
102113;2022-07-28 23:59:59+00:00;2024-03-20 23:59:59+00:00;602;0;0;True;False;False;True;True;True;True
7710486;2021-11-04 23:59:59+00:00;2024-03-20 23:59:59+00:00;868;0;0;True;False;False;True;False;True;True
8478885;2020-11-27 23:59:59+00:00;2024-03-20 23:59:59+00:00;1208;0;0;True;False;False;True;False;True;True
9074807;2022-11-08 23:59:59+00:00;2023-09-06 23:59:59+00:00;303;0;0;True;False;False;True;False;True;True
510910;2022-12-02 23:59:59+00:00;2024-03-20 23:59:59+00:00;475;0;0;True;False;False;True;True;True;True
419075;2020-05-21 23:59:59+00:00;2024-03-20 23:59:59+00:00;1400;0;0;True;False;False;True;True;True;True
8778168;2020-06-08 23:59:59+00:00;2020-10-12 23:59:59+00:00;124;0;0;True;False;False;True;False;False;False
1141091;2023-03-07 23:59:59+00:00;2024-03-20 23:59:59+00:00;380;0;0;True;False;False;True;True;True;True
105697;2023-01-06 23:59:59+00:00;2023-09-06 23:59:59+00:00;244;0;0;True;False;False;True;False;True;True
1118682;2021-11-10 23:59:59+00:00;2024-03-20 23:59:59+00:00;862;0;0;True;False;False;True;False;True;True
9100837;2022-04-12 23:59:59+00:00;2024-03-20 23:59:59+00:00;709;0;0;True;False;False;True;False;True;True
8701118;2020-08-04 23:59:59+00:00;2020-12-16 23:59:59+00:00;135;0;0;True;False;False;True;False;True;True
104012;2021-06-29 23:59:59+00:00;2024-03-20 23:59:59+00:00;996;0;0;True;False;False;True;True;True;True
671198;2020-12-04 23:59:59+00:00;2024-03-20 23:59:59+00:00;1203;0;0;True;False;False;True;False;True;True
684461;2021-12-04 23:59:59+00:00;2024-03-20 23:59:59+00:00;824;0;0;True;False;False;True;False;True;True
1181060;2022-06-01 23:59:59+00:00;2023-09-06 23:59:59+00:00;463;0;0;True;True;True;True;False;False;True
4678901;2020-11-18 23:59:59+00:00;2021-01-22 23:59:59+00:00;64;0;0;True;False;False;True;True;True;True
469790;2020-05-21 23:59:59+00:00;2020-11-17 23:59:59+00:00;178;0;0;True;False;False;True;False;True;True
968749;2021-04-24 23:59:59+00:00;2024-03-20 23:59:59+00:00;1062;0;0;True;False;False;True;False;False;False
7046666;2022-03-02 23:59:59+00:00;2024-03-20 23:59:59+00:00;750;0;0;True;False;False;True;True;True;True
877669;2020-09-30 23:59:59+00:00;2024-03-20 23:59:59+00:00;1268;0;0;True;False;False;True;False;True;True
971201;2020-09-15 23:59:59+00:00;2021-09-25 23:59:59+00:00;374;0;0;True;False;False;True;False;True;True
698910;2021-04-02 23:59:59+00:00;2024-03-20 23:59:59+00:00;1084;0;0;True;False;False;True;True;True;True
671181;2021-03-05 23:59:59+00:00;2024-03-20 23:59:59+00:00;1092;0;0;True;False;False;True;False;True;True
115106;2022-03-11 23:59:59+00:00;2024-03-20 23:59:59+00:00;741;0;0;True;False;False;True;False;True;True
898879;2022-07-07 23:59:59+00:00;2024-03-20 23:59:59+00:00;623;0;0;True;False;False;True;True;True;True
656927;2022-06-14 23:59:59+00:00;2024-03-20 23:59:59+00:00;646;0;0;True;False;False;True;False;True;True
1193858;2018-11-02 23:59:59+00:00;2021-04-05 23:59:59+00:00;886;0;0;True;False;False;True;False;False;False
1031221;2022-03-09 23:59:59+00:00;2024-03-20 23:59:59+00:00;743;0;0;True;False;False;True;False;False;False
461128;2022-03-16 23:59:59+00:00;2024-03-20 23:59:59+00:00;736;0;0;True;False;False;True;False;True;True
100721;2022-05-15 23:59:59+00:00;2024-03-20 23:59:59+00:00;676;0;0;True;False;False;True;True;True;True
464736;2020-10-16 23:59:59+00:00;2021-01-19 23:59:59+00:00;96;0;0;True;False;False;True;False;True;True
897237;2019-03-02 23:59:59+00:00;2019-03-04 23:59:59+00:00;3;0;0;True;False;False;True;True;False;False
859770;2021-11-29 23:59:59+00:00;2024-03-20 23:59:59+00:00;843;0;0;True;False;False;True;False;False;False
111610;2021-12-03 23:59:59+00:00;2024-03-20 23:59:59+00:00;839;0;0;True;False;False;True;False;True;True
105117;2022-06-02 23:59:59+00:00;2024-03-20 23:59:59+00:00;658;0;0;True;False;False;True;True;False;False
1011091;2022-01-21 23:59:59+00:00;2024-03-20 23:59:59+00:00;790;0;0;True;False;False;True;False;True;True
4828868;2022-11-30 23:59:59+00:00;2024-03-20 23:59:59+00:00;477;0;0;True;False;False;True;False;True;True
7911575;2023-12-14 23:59:59+00:00;2024-03-20 23:59:59+00:00;98;0;0;False;True;False;False;False;False;False
121116;2019-06-13 23:59:59+00:00;2021-04-28 23:59:59+00:00;683;0;0;True;False;False;True;True;True;True
6577811;2022-03-11 23:59:59+00:00;2024-03-20 23:59:59+00:00;741;0;0;True;False;False;True;False;False;False
109103;2018-11-02 23:59:59+00:00;2021-01-06 23:59:59+00:00;797;0;0;True;False;False;True;False;False;False
118998;2022-02-18 23:59:59+00:00;2024-03-20 23:59:59+00:00;762;0;0;True;False;False;True;True;True;True
8910987;2018-11-02 23:59:59+00:00;2024-03-20 23:59:59+00:00;1966;0;0;True;False;False;True;False;False;False
978812;2023-02-22 23:59:59+00:00;2024-03-18 23:59:59+00:00;391;0;0;True;False;False;True;True;True;True
107112;2022-06-20 23:59:59+00:00;2022-09-19 23:59:59+00:00;92;0;0;True;False;False;True;True;False;False
2737946;2022-11-15 23:59:59+00:00;2024-03-20 23:59:59+00:00;492;0;0;True;False;False;True;False;True;True
5109103;2019-03-02 23:59:59+00:00;2019-11-18 23:59:59+00:00;262;0;0;True;False;False;True;True;False;False
7437311;2022-08-17 23:59:59+00:00;2024-03-20 23:59:59+00:00;582;0;0;True;False;False;True;False;False;False
771036;2018-11-02 23:59:59+00:00;2019-05-20 23:59:59+00:00;200;0;0;True;False;False;True;False;False;False
8498411;2021-10-07 23:59:59+00:00;2024-03-20 23:59:59+00:00;896;0;0;True;False;False;True;True;True;True
827127;2021-01-14 23:59:59+00:00;2024-03-20 23:59:59+00:00;1162;0;0;True;False;False;True;False;True;True
1038167;2021-02-04 23:59:59+00:00;2021-09-25 23:59:59+00:00;234;0;0;True;False;False;True;True;True;True
488371;2022-11-14 23:59:59+00:00;2024-03-20 23:59:59+00:00;493;0;0;True;False;False;True;True;True;True
110877;2022-12-03 23:59:59+00:00;2024-03-20 23:59:59+00:00;474;0;0;True;False;False;True;False;True;True
1061006;2022-12-15 23:59:59+00:00;2024-03-20 23:59:59+00:00;462;0;0;True;False;False;True;False;True;True
758467;2022-09-11 23:59:59+00:00;2024-03-20 23:59:59+00:00;557;0;0;True;False;False;True;False;True;True
1066796;2021-06-30 23:59:59+00:00;2021-10-12 23:59:59+00:00;105;0;0;True;False;False;True;True;False;False
884673;2022-03-09 23:59:59+00:00;2023-09-06 23:59:59+00:00;547;0;0;True;True;True;True;False;True;True
1057211;2021-03-26 23:59:59+00:00;2024-03-20 23:59:59+00:00;1091;0;0;True;False;False;True;True;True;True
101761;2022-05-11 23:59:59+00:00;2024-03-20 23:59:59+00:00;680;0;0;True;False;False;True;False;True;True
106769;2021-11-17 23:59:59+00:00;2024-03-20 23:59:59+00:00;855;0;0;True;False;False;True;False;True;True
117102;2018-11-02 23:59:59+00:00;2024-03-20 23:59:59+00:00;1966;0;0;True;False;False;True;True;False;False
110651;2022-04-30 23:59:59+00:00;2024-03-20 23:59:59+00:00;691;0;0;True;False;False;True;True;True;True
108787;2019-03-02 23:59:59+00:00;2020-12-17 23:59:59+00:00;657;0;0;True;False;False;True;True;False;False
1020729;2023-10-28 23:59:59+00:00;2024-03-20 23:59:59+00:00;145;0;0;True;False;False;True;False;True;True
1136611;2023-03-08 23:59:59+00:00;2024-03-20 23:59:59+00:00;379;0;0;True;False;False;True;True;True;True
2887690;2020-11-27 23:59:59+00:00;2024-03-20 23:59:59+00:00;1208;0;0;True;False;False;True;False;True;True
700816;2020-10-19 23:59:59+00:00;2024-03-20 23:59:59+00:00;1249;0;0;True;False;False;True;False;True;True
4682731;2018-11-02 23:59:59+00:00;2024-03-20 23:59:59+00:00;1903;0;0;True;False;False;True;False;True;True
279461;2022-02-04 23:59:59+00:00;2024-03-20 23:59:59+00:00;776;0;0;True;False;False;True;True;True;True
7511880;2023-01-17 23:59:59+00:00;2024-03-20 23:59:59+00:00;429;0;0;True;False;False;True;False;True;True
908310;2022-03-26 23:59:59+00:00;2024-03-20 23:59:59+00:00;726;0;0;True;False;False;True;False;True;True
658116;2018-11-02 23:59:59+00:00;2021-01-22 23:59:59+00:00;813;0;0;True;False;False;True;False;False;False
5411784;2022-06-08 23:59:59+00:00;2024-03-20 23:59:59+00:00;652;0;0;True;False;False;True;True;True;True
109857;2018-11-02 23:59:59+00:00;2024-03-20 23:59:59+00:00;1966;0;0;True;False;False;True;False;False;False
116977;2021-10-11 23:59:59+00:00;2024-03-20 23:59:59+00:00;892;0;0;True;False;False;True;True;True;True
666761;2020-11-24 23:59:59+00:00;2021-01-07 23:59:59+00:00;45;0;0;True;False;False;True;False;True;True
121103;2022-03-11 23:59:59+00:00;2024-03-20 23:59:59+00:00;736;0;0;True;False;False;True;False;True;True
987810;2019-04-24 23:59:59+00:00;2020-04-20 23:59:59+00:00;363;0;0;True;False;False;True;True;True;True
664610;2018-11-02 23:59:59+00:00;2020-03-12 23:59:59+00:00;497;0;0;True;False;False;True;False;False;False
747787;2022-06-29 23:59:59+00:00;2024-03-20 23:59:59+00:00;631;0;0;True;False;False;True;True;True;True
461101;2020-07-15 23:59:59+00:00;2021-01-18 23:59:59+00:00;186;0;0;True;False;False;True;True;True;True
610768;2019-01-30 23:59:59+00:00;2024-03-20 23:59:59+00:00;1874;0;0;True;False;False;True;False;True;True
1194677;2018-11-02 23:59:59+00:00;2024-03-20 23:59:59+00:00;1964;0;0;True;False;False;True;False;False;False
104546;2021-01-27 23:59:59+00:00;2024-03-20 23:59:59+00:00;1149;0;0;True;False;False;True;True;True;True
736778;2022-02-26 23:59:59+00:00;2024-03-20 23:59:59+00:00;754;0;0;True;False;False;True;False;True;True
1151067;2021-03-25 23:59:59+00:00;2021-04-24 23:59:59+00:00;31;0;0;True;False;False;True;False;True;True
103765;2018-11-02 23:59:59+00:00;2021-01-06 23:59:59+00:00;797;0;0;True;False;False;True;False;False;False
7978677;2023-03-22 23:59:59+00:00;2024-03-20 23:59:59+00:00;365;0;0;True;False;False;True;True;True;True
882411;2022-09-11 23:59:59+00:00;2024-03-20 23:59:59+00:00;557;0;0;True;False;False;True;True;True;True
1184672;2021-06-04 23:59:59+00:00;2024-03-20 23:59:59+00:00;1021;0;0;True;False;False;True;True;True;True
758512;2018-11-02 23:59:59+00:00;2024-03-20 23:59:59+00:00;1274;0;0;True;False;False;True;False;False;False
1008890;2018-11-02 23:59:59+00:00;2021-03-09 23:59:59+00:00;859;0;0;True;False;False;True;False;False;False
467969;2022-11-22 23:59:59+00:00;2024-03-20 23:59:59+00:00;485;0;0;True;False;False;True;True;True;True
1056907;2022-05-05 23:59:59+00:00;2024-03-20 23:59:59+00:00;686;0;0;True;False;False;True;False;True;True
115846;2022-11-30 23:59:59+00:00;2024-03-20 23:59:59+00:00;477;0;0;True;False;False;True;True;True;True
801081;2021-07-03 23:59:59+00:00;2024-03-20 23:59:59+00:00;992;0;0;True;False;False;True;False;True;True
671157;2022-06-29 23:59:59+00:00;2024-03-20 23:59:59+00:00;631;0;0;True;False;False;True;False;True;True
678617;2021-12-02 23:59:59+00:00;2024-03-20 23:59:59+00:00;840;0;0;True;False;False;True;False;True;True
210774;2020-10-01 23:59:59+00:00;2021-01-29 23:59:59+00:00;121;0;0;True;False;False;True;False;True;True
707772;2022-03-14 23:59:59+00:00;2024-03-20 23:59:59+00:00;738;0;0;True;False;False;True;False;True;True
6810810;2023-08-31 23:59:59+00:00;2024-03-20 23:59:59+00:00;203;0;0;True;False;False;True;True;True;True
881126;2020-08-11 23:59:59+00:00;2020-09-13 23:59:59+00:00;34;0;0;True;False;False;True;True;True;True
817178;2020-10-28 23:59:59+00:00;2024-03-20 23:59:59+00:00;1240;0;0;True;False;False;True;True;True;True
867110;2021-03-23 23:59:59+00:00;2021-04-12 23:59:59+00:00;21;0;0;False;True;False;False;False;False;False
7710311;2022-05-16 23:59:59+00:00;2024-03-20 23:59:59+00:00;675;0;0;True;False;False;True;True;True;True
8969472;2022-03-09 23:59:59+00:00;2024-03-20 23:59:59+00:00;743;0;0;True;False;False;True;False;True;True
118810;2021-09-30 23:59:59+00:00;2024-03-20 23:59:59+00:00;903;0;0;True;False;False;True;True;False;False
1021031;2022-03-25 23:59:59+00:00;2024-03-20 23:59:59+00:00;727;0;0;True;False;False;True;False;False;False
8678172;2022-03-17 23:59:59+00:00;2024-03-20 23:59:59+00:00;735;0;0;True;False;False;True;False;True;True
105896;2021-05-06 23:59:59+00:00;2024-03-20 23:59:59+00:00;1048;0;0;True;False;False;True;False;True;True
1065698;2022-03-31 23:59:59+00:00;2024-03-20 23:59:59+00:00;721;0;0;False;True;False;False;False;False;False
1223661;2020-11-27 23:59:59+00:00;2021-01-08 23:59:59+00:00;43;0;0;True;False;False;True;False;True;True
781067;2022-05-07 23:59:59+00:00;2024-03-20 23:59:59+00:00;684;0;0;True;False;False;True;True;True;True
481791;2021-01-06 23:59:59+00:00;2024-03-20 23:59:59+00:00;1168;0;0;True;False;False;True;False;True;True
751078;2022-12-15 23:59:59+00:00;2024-03-20 23:59:59+00:00;462;0;0;True;False;False;True;False;True;True
102109;2022-02-08 23:59:59+00:00;2024-03-20 23:59:59+00:00;772;0;0;True;False;False;True;False;True;True
2119808;2021-05-06 23:59:59+00:00;2024-03-20 23:59:59+00:00;997;0;0;True;False;False;True;True;True;True
100871;2022-08-03 23:59:59+00:00;2024-03-20 23:59:59+00:00;596;0;0;True;False;False;True;False;True;True
109114;2021-09-17 23:59:59+00:00;2024-03-20 23:59:59+00:00;916;0;0;True;False;False;True;False;True;True
1178971;2023-01-14 23:59:59+00:00;2024-03-20 23:59:59+00:00;432;0;0;True;False;False;True;False;True;True
119461;2020-06-04 23:59:59+00:00;2021-01-23 23:59:59+00:00;229;0;0;True;False;False;True;False;True;True
101574;2022-06-24 23:59:59+00:00;2024-03-20 23:59:59+00:00;636;0;0;True;False;False;True;True;False;False
103834;2021-01-26 23:59:59+00:00;2024-03-20 23:59:59+00:00;1150;0;0;True;False;False;True;True;True;True
875110;2018-11-02 23:59:59+00:00;2021-01-06 23:59:59+00:00;797;0;0;True;False;False;True;False;False;False
119878;2021-11-03 23:59:59+00:00;2024-03-20 23:59:59+00:00;869;0;0;True;False;False;True;False;True;True
103808;2018-11-02 23:59:59+00:00;2020-12-25 23:59:59+00:00;785;0;0;True;False;False;True;False;False;False
6591818;2019-03-02 23:59:59+00:00;2019-12-03 23:59:59+00:00;277;0;0;True;False;False;True;True;True;True
1028411;2021-07-06 23:59:59+00:00;2024-03-20 23:59:59+00:00;987;0;0;True;False;False;True;True;True;True
726810;2023-01-07 23:59:59+00:00;2024-03-20 23:59:59+00:00;439;0;0;True;False;False;True;True;True;True
1101068;2020-07-14 23:59:59+00:00;2021-01-22 23:59:59+00:00;191;0;0;True;False;False;True;True;True;True
6769114;2018-11-02 23:59:59+00:00;2020-08-04 23:59:59+00:00;642;0;0;True;False;False;True;False;False;False
1227981;2022-03-28 23:59:59+00:00;2024-03-20 23:59:59+00:00;724;0;0;True;False;False;True;True;False;False
101776;2021-06-26 23:59:59+00:00;2024-03-20 23:59:59+00:00;999;0;0;True;False;False;True;True;True;True
8311087;2022-06-28 23:59:59+00:00;2024-03-20 23:59:59+00:00;632;0;0;True;False;False;True;True;True;True
851058;2019-03-02 23:59:59+00:00;2021-04-05 23:59:59+00:00;766;0;0;True;False;False;True;True;False;False
759747;2021-04-09 23:59:59+00:00;2024-03-20 23:59:59+00:00;1077;0;0;True;False;False;True;True;True;True
117101;2021-01-23 23:59:59+00:00;2024-03-20 23:59:59+00:00;1153;0;0;True;False;False;True;False;True;True
114346;2023-02-10 23:59:59+00:00;2024-03-20 23:59:59+00:00;405;0;0;True;False;False;True;True;False;False
119110;2019-03-02 23:59:59+00:00;2020-12-17 23:59:59+00:00;657;0;0;True;False;False;True;False;False;False
866804;2019-03-02 23:59:59+00:00;2020-06-18 23:59:59+00:00;475;0;0;True;False;False;True;True;True;True
1154901;2022-01-22 23:59:59+00:00;2024-03-20 23:59:59+00:00;789;0;0;True;False;False;True;True;True;True
101978;2019-03-02 23:59:59+00:00;2020-12-17 23:59:59+00:00;657;0;0;True;False;False;True;False;False;False
727272;2019-08-29 23:59:59+00:00;2021-01-06 23:59:59+00:00;494;0;0;True;False;False;True;False;True;True
746698;2020-06-05 23:59:59+00:00;2024-03-20 23:59:59+00:00;1380;0;0;True;False;False;True;True;True;True
836982;2022-07-16 23:59:59+00:00;2024-03-10 23:59:59+00:00;604;0;0;True;False;False;True;False;True;True
732119;2023-02-22 23:59:59+00:00;2024-03-20 23:59:59+00:00;393;0;0;True;False;False;True;True;True;True
582662;2019-02-11 23:59:59+00:00;2021-01-06 23:59:59+00:00;696;0;0;True;False;False;True;False;True;True
1191122;2022-02-22 23:59:59+00:00;2024-03-20 23:59:59+00:00;758;0;0;True;False;False;True;True;True;True
107104;2020-09-29 23:59:59+00:00;2021-01-07 23:59:59+00:00;101;0;0;True;False;False;True;False;True;True
818882;2020-10-14 23:59:59+00:00;2021-01-19 23:59:59+00:00;98;0;0;True;True;True;True;False;False;True
1668910;2023-05-10 23:59:59+00:00;2024-03-20 23:59:59+00:00;316;0;0;True;False;False;True;True;True;True
996711;2019-02-03 23:59:59+00:00;2024-03-20 23:59:59+00:00;1873;0;0;True;False;False;True;False;True;True
121841;2019-03-02 23:59:59+00:00;2020-12-15 23:59:59+00:00;655;0;0;True;False;False;True;False;False;False
109115;2018-11-02 23:59:59+00:00;2020-12-24 23:59:59+00:00;784;0;0;True;False;False;True;False;False;False
116747;2019-03-19 23:59:59+00:00;2020-01-16 23:59:59+00:00;304;0;0;True;False;False;True;False;True;True
8412266;2020-08-07 23:59:59+00:00;2020-10-17 23:59:59+00:00;72;0;0;True;False;False;True;True;True;True
1161206;2018-11-02 23:59:59+00:00;2021-01-22 23:59:59+00:00;813;0;0;True;False;False;True;False;False;False
731148;2020-12-08 23:59:59+00:00;2024-03-20 23:59:59+00:00;1199;0;0;True;False;False;True;True;True;True
725101;2019-03-02 23:59:59+00:00;2024-03-20 23:59:59+00:00;1595;0;0;True;False;False;True;True;False;False
1211017;2019-03-02 23:59:59+00:00;2024-03-20 23:59:59+00:00;1846;0;0;True;False;False;True;True;False;False
1021178;2021-05-12 23:59:59+00:00;2024-03-20 23:59:59+00:00;1044;0;0;True;False;False;True;True;True;True
877510;2019-12-03 23:59:59+00:00;2020-12-23 23:59:59+00:00;384;0;0;True;False;False;True;False;False;False
467567;2019-03-02 23:59:59+00:00;2020-12-23 23:59:59+00:00;663;0;0;True;False;False;True;False;False;False
113987;2022-11-30 23:59:59+00:00;2024-03-20 23:59:59+00:00;477;0;0;True;False;False;True;False;True;True
651051;2022-12-08 23:59:59+00:00;2024-03-20 23:59:59+00:00;469;0;0;True;False;False;True;False;False;False
102120;2022-05-05 23:59:59+00:00;2024-03-20 23:59:59+00:00;686;0;0;True;False;False;True;False;True;True
9011921;2022-08-01 23:59:59+00:00;2024-03-20 23:59:59+00:00;598;0;0;True;False;False;True;True;True;True
7612088;2022-06-04 23:59:59+00:00;2024-03-20 23:59:59+00:00;656;0;0;True;False;False;True;False;True;True
7069107;2022-03-05 23:59:59+00:00;2023-09-06 23:59:59+00:00;551;0;0;True;True;True;True;False;False;False
807356;2019-03-02 23:59:59+00:00;2020-12-15 23:59:59+00:00;655;0;0;True;False;False;True;True;False;False
1001109;2022-08-18 23:59:59+00:00;2024-03-20 23:59:59+00:00;553;0;0;True;False;False;True;False;True;True
1084671;2020-04-08 23:59:59+00:00;2020-05-08 23:59:59+00:00;31;0;0;True;False;False;True;False;False;False
8311865;2021-12-15 23:59:59+00:00;2024-03-20 23:59:59+00:00;827;0;0;True;False;False;True;False;True;True
88721;2022-12-15 23:59:59+00:00;2024-03-20 23:59:59+00:00;462;0;0;True;False;False;True;False;True;True
211457;2021-01-21 23:59:59+00:00;2024-03-20 23:59:59+00:00;1155;0;0;True;False;False;True;False;True;True
971217;2018-11-02 23:59:59+00:00;2024-03-20 23:59:59+00:00;1966;0;0;True;False;False;True;False;False;False
671178;2022-02-16 23:59:59+00:00;2024-03-20 23:59:59+00:00;764;0;0;True;False;False;True;True;True;True
899787;2022-06-14 23:59:59+00:00;2024-03-20 23:59:59+00:00;646;0;0;True;False;False;True;False;True;True
831179;2019-03-02 23:59:59+00:00;2020-12-16 23:59:59+00:00;656;0;0;True;False;False;True;True;False;False
1103097;2022-04-07 23:59:59+00:00;2024-03-20 23:59:59+00:00;714;0;0;True;False;False;True;True;True;True
108810;2018-11-02 23:59:59+00:00;2019-12-01 23:59:59+00:00;395;0;0;True;False;False;True;False;False;False
737105;2022-12-17 23:59:59+00:00;2024-03-20 23:59:59+00:00;460;0;0;True;False;False;True;False;True;True
7212284;2022-03-02 23:59:59+00:00;2024-03-20 23:59:59+00:00;750;0;0;True;False;False;True;True;True;True
469980;2022-09-06 23:59:59+00:00;2024-03-20 23:59:59+00:00;559;0;0;True;False;False;True;True;True;True
6970105;2021-01-12 23:59:59+00:00;2024-03-20 23:59:59+00:00;1164;0;0;True;False;False;True;True;True;True
7011912;2019-02-06 23:59:59+00:00;2020-12-17 23:59:59+00:00;678;0;0;True;False;False;True;False;True;True
105461;2022-04-29 23:59:59+00:00;2024-03-20 23:59:59+00:00;692;0;0;True;False;False;True;True;True;True
121299;2022-03-02 23:59:59+00:00;2024-03-20 23:59:59+00:00;750;0;0;True;False;False;True;True;True;True
771193;2019-06-17 23:59:59+00:00;2019-06-19 23:59:59+00:00;3;0;0;True;False;False;True;True;True;True
801051;2021-10-14 23:59:59+00:00;2024-03-20 23:59:59+00:00;889;0;0;True;False;False;True;True;False;False
466866;2022-02-16 23:59:59+00:00;2024-03-20 23:59:59+00:00;764;0;0;True;False;False;True;False;True;True
761141;2022-09-12 23:59:59+00:00;2024-03-20 23:59:59+00:00;556;0;0;True;False;False;True;True;True;True
1207711;2018-11-02 23:59:59+00:00;2020-12-16 23:59:59+00:00;776;0;0;True;False;False;True;False;False;False
114791;2022-06-17 23:59:59+00:00;2024-03-19 23:59:59+00:00;642;0;0;True;False;False;True;False;True;True
107706;2019-08-29 23:59:59+00:00;2020-12-15 23:59:59+00:00;472;0;0;True;False;False;True;True;True;True
8611670;2021-11-04 23:59:59+00:00;2024-03-20 23:59:59+00:00;868;0;0;True;False;False;True;False;True;True
385971;2021-09-15 23:59:59+00:00;2024-03-20 23:59:59+00:00;918;0;0;True;False;False;True;True;False;False
109717;2019-03-02 23:59:59+00:00;2021-01-16 23:59:59+00:00;687;0;0;True;False;False;True;False;True;True
988311;2021-03-08 23:59:59+00:00;2021-03-10 23:59:59+00:00;3;0;0;True;False;False;True;True;True;True
2767178;2021-04-19 23:59:59+00:00;2024-03-20 23:59:59+00:00;1067;0;0;True;False;False;True;False;True;True
8610383;2020-05-29 23:59:59+00:00;2020-12-17 23:59:59+00:00;198;0;0;True;False;False;True;False;False;False
109677;2021-03-26 23:59:59+00:00;2023-09-06 23:59:59+00:00;895;0;0;True;True;True;True;False;True;True
978182;2018-11-02 23:59:59+00:00;2021-01-05 23:59:59+00:00;796;0;0;True;False;False;True;False;False;False
109111;2020-11-08 23:59:59+00:00;2024-03-20 23:59:59+00:00;1227;0;0;True;False;False;True;False;True;True
891046;2021-06-16 23:59:59+00:00;2021-09-25 23:59:59+00:00;102;0;0;True;False;False;True;True;False;False
1067471;2021-01-09 23:59:59+00:00;2024-03-20 23:59:59+00:00;1167;0;0;True;False;False;True;False;False;False
1071207;2023-02-21 23:59:59+00:00;2024-03-20 23:59:59+00:00;394;0;0;True;False;False;True;True;True;True
106791;2022-11-16 23:59:59+00:00;2024-03-20 23:59:59+00:00;491;0;0;True;False;False;True;True;False;False
7699120;2022-01-18 23:59:59+00:00;2024-03-20 23:59:59+00:00;793;0;0;True;False;False;True;True;True;True
7710710;2021-04-21 23:59:59+00:00;2024-03-20 23:59:59+00:00;1065;0;0;True;False;False;True;False;False;False
117105;2022-05-31 23:59:59+00:00;2024-03-20 23:59:59+00:00;660;0;0;True;False;False;True;False;True;True
1068781;2018-11-02 23:59:59+00:00;2021-01-22 23:59:59+00:00;813;0;0;True;False;False;True;False;False;False
687771;2021-09-15 23:59:59+00:00;2022-05-31 23:59:59+00:00;259;0;0;True;False;False;True;False;False;False
912170;2019-03-08 23:59:59+00:00;2024-03-20 23:59:59+00:00;1205;0;0;True;False;False;True;False;False;False
771031;2021-04-29 23:59:59+00:00;2024-03-20 23:59:59+00:00;1057;0;0;True;False;False;True;True;True;True
1177105;2019-08-02 23:59:59+00:00;2020-03-03 23:59:59+00:00;215;0;0;True;False;False;True;True;False;False
1038174;2018-11-02 23:59:59+00:00;2023-09-06 23:59:59+00:00;1770;0;0;True;True;True;True;False;True;True
1107179;2020-09-29 23:59:59+00:00;2021-04-26 23:59:59+00:00;210;0;0;True;False;False;True;False;True;True
681103;2022-03-09 23:59:59+00:00;2024-03-20 23:59:59+00:00;743;0;0;True;False;False;True;False;False;False
811121;2020-09-02 23:59:59+00:00;2021-01-25 23:59:59+00:00;144;0;0;True;False;False;True;False;True;True
7811599;2019-03-02 23:59:59+00:00;2024-03-20 23:59:59+00:00;1846;0;0;True;False;False;True;True;True;True
711510;2020-05-21 23:59:59+00:00;2021-02-22 23:59:59+00:00;276;0;0;True;False;False;True;True;True;True
818111;2022-04-16 23:59:59+00:00;2024-03-20 23:59:59+00:00;705;0;0;True;False;False;True;True;False;False
993650;2021-05-20 23:59:59+00:00;2024-03-20 23:59:59+00:00;1036;0;0;True;False;False;True;False;True;True
1126821;2021-12-27 23:59:59+00:00;2024-03-20 23:59:59+00:00;815;0;0;True;False;False;True;True;True;True
728346;2022-03-15 23:59:59+00:00;2022-05-04 23:59:59+00:00;51;0;0;True;False;False;True;False;False;False
114828;2022-08-18 23:59:59+00:00;2024-03-20 23:59:59+00:00;581;0;0;True;False;False;True;True;True;True
109879;2022-11-05 23:59:59+00:00;2024-03-20 23:59:59+00:00;502;0;0;True;False;False;True;True;True;True
727707;2020-08-20 23:59:59+00:00;2021-05-06 23:59:59+00:00;260;0;0;True;False;False;True;False;True;True
1105791;2018-11-02 23:59:59+00:00;2021-04-18 23:59:59+00:00;899;0;0;True;False;False;True;False;False;False
908510;2022-12-12 23:59:59+00:00;2024-03-20 23:59:59+00:00;465;0;0;True;False;False;True;True;True;True
847575;2020-12-03 23:59:59+00:00;2021-01-31 23:59:59+00:00;60;0;0;True;False;False;True;False;True;True
989768;2021-03-26 23:59:59+00:00;2024-03-20 23:59:59+00:00;1091;0;0;True;False;False;True;True;True;True
7890681;2022-03-23 23:59:59+00:00;2023-09-06 23:59:59+00:00;533;0;0;True;True;True;True;False;False;False
1118887;2019-08-27 23:59:59+00:00;2020-12-25 23:59:59+00:00;484;0;0;True;False;False;True;True;True;True
8646701;2022-03-15 23:59:59+00:00;2024-03-20 23:59:59+00:00;737;0;0;True;False;False;True;False;False;False
8190120;2021-04-02 23:59:59+00:00;2024-03-20 23:59:59+00:00;771;0;0;True;False;False;True;True;False;False
1118111;2019-08-28 23:59:59+00:00;2024-03-20 23:59:59+00:00;1651;0;0;True;False;False;True;False;False;False
719010;2022-03-23 23:59:59+00:00;2024-03-20 23:59:59+00:00;729;0;0;True;False;False;True;False;True;True
7878467;2021-11-25 23:59:59+00:00;2024-03-20 23:59:59+00:00;847;0;0;True;False;False;True;True;True;True
9011071;2021-09-03 23:59:59+00:00;2024-03-20 23:59:59+00:00;904;0;0;True;False;False;True;True;True;True
102119;2021-10-20 23:59:59+00:00;2024-03-20 23:59:59+00:00;883;0;0;True;False;False;True;True;True;True
4675977;2022-11-09 23:59:59+00:00;2024-03-20 23:59:59+00:00;498;0;0;True;False;False;True;False;True;True
871038;2020-12-18 23:59:59+00:00;2024-03-20 23:59:59+00:00;1187;0;0;True;False;False;True;False;True;True
1073767;2020-11-25 23:59:59+00:00;2024-03-20 23:59:59+00:00;1119;0;0;True;False;False;True;False;True;True
173737;2020-07-16 23:59:59+00:00;2021-04-29 23:59:59+00:00;288;0;0;False;True;False;False;False;False;False
4685312;2018-11-02 23:59:59+00:00;2019-02-19 23:59:59+00:00;110;0;0;True;False;False;True;False;False;False
8369717;2020-10-03 23:59:59+00:00;2024-03-20 23:59:59+00:00;1265;0;0;True;False;False;True;False;False;False
815031;2022-08-23 23:59:59+00:00;2024-03-20 23:59:59+00:00;576;0;0;True;False;False;True;True;True;True
1119757;2022-04-05 23:59:59+00:00;2024-03-20 23:59:59+00:00;716;0;0;True;False;False;True;False;True;True
1001118;2021-04-08 23:59:59+00:00;2024-03-20 23:59:59+00:00;1078;0;0;True;False;False;True;False;True;True
9970781;2022-04-23 23:59:59+00:00;2024-03-20 23:59:59+00:00;698;0;0;True;False;False;True;False;True;True
112108;2022-10-01 23:59:59+00:00;2024-03-20 23:59:59+00:00;537;0;0;True;False;False;True;False;False;False
871212;2021-03-30 23:59:59+00:00;2024-03-20 23:59:59+00:00;1087;0;0;True;False;False;True;False;True;True
971206;2022-10-27 23:59:59+00:00;2024-03-20 23:59:59+00:00;511;0;0;True;False;False;True;False;False;True
115698;2022-06-30 23:59:59+00:00;2024-03-20 23:59:59+00:00;630;0;0;True;False;False;True;True;True;True
7911610;2020-07-10 23:59:59+00:00;2020-12-25 23:59:59+00:00;166;0;0;True;False;False;True;True;False;False
1097185;2022-02-19 23:59:59+00:00;2024-03-20 23:59:59+00:00;761;0;0;True;False;False;True;True;False;False
1121221;2020-05-05 23:59:59+00:00;2021-01-29 23:59:59+00:00;267;0;0;True;False;False;True;False;True;True
8971777;2021-05-06 23:59:59+00:00;2024-03-20 23:59:59+00:00;1050;0;0;True;False;False;True;False;True;True
727467;2020-08-05 23:59:59+00:00;2021-04-26 23:59:59+00:00;265;0;0;True;True;True;True;False;True;True
731211;2021-07-18 23:59:59+00:00;2024-03-20 23:59:59+00:00;831;0;0;True;False;False;True;False;True;True
115117;2023-02-23 23:59:59+00:00;2024-03-20 23:59:59+00:00;392;0;0;True;False;False;True;True;True;True
881108;2021-07-07 23:59:59+00:00;2024-03-20 23:59:59+00:00;988;0;0;True;False;False;True;False;True;True
115103;2021-06-28 23:59:59+00:00;2024-03-20 23:59:59+00:00;997;0;0;True;False;False;True;False;False;False
411810;2021-02-13 23:59:59+00:00;2024-03-20 23:59:59+00:00;1132;0;0;True;False;False;True;True;True;True
103991;2022-05-19 23:59:59+00:00;2024-03-20 23:59:59+00:00;672;0;0;True;False;False;True;False;True;True
112122;2019-03-02 23:59:59+00:00;2020-02-29 23:59:59+00:00;365;0;0;True;False;False;True;True;True;True
7179878;2018-11-15 23:59:59+00:00;2024-03-20 23:59:59+00:00;1953;0;0;True;False;False;True;False;False;False
1189811;2018-11-02 23:59:59+00:00;2020-12-17 23:59:59+00:00;777;0;0;True;False;False;True;False;False;False
121701;2020-09-03 23:59:59+00:00;2021-05-01 23:59:59+00:00;241;0;0;True;False;False;True;False;True;True
727665;2020-11-12 23:59:59+00:00;2024-03-20 23:59:59+00:00;1223;0;0;False;True;False;False;False;False;False
65651;2019-03-02 23:59:59+00:00;2021-01-07 23:59:59+00:00;676;0;0;True;False;False;True;True;False;False
103211;2022-03-09 23:59:59+00:00;2024-03-20 23:59:59+00:00;743;0;0;True;False;False;True;True;False;False
991119;2019-03-02 23:59:59+00:00;2024-03-20 23:59:59+00:00;1843;0;0;True;False;False;True;True;True;True
811876;2022-03-05 23:59:59+00:00;2024-03-20 23:59:59+00:00;747;0;0;True;False;False;True;False;True;True
9111107;2022-02-03 23:59:59+00:00;2024-03-20 23:59:59+00:00;777;0;0;True;False;False;True;False;True;True
7211375;2021-01-19 23:59:59+00:00;2024-03-20 23:59:59+00:00;1155;0;0;True;False;False;True;False;True;True
1228108;2022-03-05 23:59:59+00:00;2022-05-08 23:59:59+00:00;65;0;0;True;False;False;True;False;False;False
8646105;2022-03-26 23:59:59+00:00;2024-03-20 23:59:59+00:00;726;0;0;True;False;False;True;False;False;False
109112;2021-03-04 23:59:59+00:00;2021-03-05 23:59:59+00:00;2;0;0;True;False;False;True;True;True;True
100888;2020-07-31 23:59:59+00:00;2020-12-16 23:59:59+00:00;139;0;0;True;False;False;True;True;True;True
991051;2022-07-06 23:59:59+00:00;2024-03-20 23:59:59+00:00;624;0;0;True;False;False;True;True;True;True
100122;2018-11-02 23:59:59+00:00;2020-12-16 23:59:59+00:00;776;0;0;True;False;False;True;False;False;False
841066;2021-07-16 23:59:59+00:00;2024-03-20 23:59:59+00:00;979;0;0;True;False;False;True;False;False;False
737072;2021-05-06 23:59:59+00:00;2024-03-20 23:59:59+00:00;1050;0;0;True;False;False;True;False;True;True
1129912;2020-05-07 23:59:59+00:00;2024-03-20 23:59:59+00:00;1411;0;0;True;False;False;True;False;True;True
981068;2022-11-23 23:59:59+00:00;2024-03-20 23:59:59+00:00;484;0;0;True;False;False;True;False;False;False
119117;2021-08-26 23:59:59+00:00;2021-10-12 23:59:59+00:00;48;0;0;True;False;False;True;True;False;False
7511311;2021-09-30 23:59:59+00:00;2024-03-20 23:59:59+00:00;897;0;0;True;False;False;True;False;False;False
110668;2020-12-16 23:59:59+00:00;2024-03-20 23:59:59+00:00;1189;0;0;True;False;False;True;False;True;True
877099;2020-08-12 23:59:59+00:00;2021-04-28 23:59:59+00:00;258;0;0;True;False;False;True;False;True;True
6511010;2022-11-08 23:59:59+00:00;2024-03-20 23:59:59+00:00;499;0;0;True;False;False;True;False;True;True
117113;2020-09-29 23:59:59+00:00;2024-03-20 23:59:59+00:00;1267;0;0;True;False;False;True;True;True;True
661221;2020-05-08 23:59:59+00:00;2020-12-17 23:59:59+00:00;221;0;0;True;False;False;True;False;True;True
761221;2022-01-25 23:59:59+00:00;2024-03-20 23:59:59+00:00;786;0;0;True;False;False;True;True;True;True
109107;2021-04-27 23:59:59+00:00;2024-03-20 23:59:59+00:00;1059;0;0;True;False;False;True;False;True;True
109113;2020-09-18 23:59:59+00:00;2021-01-08 23:59:59+00:00;113;0;0;True;False;False;True;False;True;True
376757;2022-11-17 23:59:59+00:00;2024-03-20 23:59:59+00:00;490;0;0;True;False;False;True;False;True;True
1061228;2020-11-04 23:59:59+00:00;2021-01-19 23:59:59+00:00;77;0;0;True;False;False;True;True;True;True
731172;2019-06-27 23:59:59+00:00;2020-06-08 23:59:59+00:00;348;0;0;True;False;False;True;True;True;True
109073;2019-04-03 23:59:59+00:00;2024-03-20 23:59:59+00:00;1811;0;0;True;False;False;True;False;True;True
8411812;2022-04-12 23:59:59+00:00;2024-03-20 23:59:59+00:00;709;0;0;True;False;False;True;False;True;True
105113;2021-03-25 23:59:59+00:00;2021-04-24 23:59:59+00:00;31;0;0;True;False;False;True;False;True;True
878751;2019-03-02 23:59:59+00:00;2019-08-13 23:59:59+00:00;165;0;0;True;False;False;True;True;False;False
111833;2020-07-12 23:59:59+00:00;2021-01-19 23:59:59+00:00;192;0;0;True;False;False;True;True;True;True
8312167;2020-09-09 23:59:59+00:00;2024-03-20 23:59:59+00:00;844;0;0;True;False;False;True;False;False;False
7686412;2022-03-19 23:59:59+00:00;2024-03-20 23:59:59+00:00;733;0;0;True;False;False;True;False;False;False
466870;2022-04-28 23:59:59+00:00;2024-03-20 23:59:59+00:00;693;0;0;True;False;False;True;True;True;True
274791;2021-09-03 23:59:59+00:00;2024-03-20 23:59:59+00:00;930;0;0;True;False;False;True;True;False;False
6970113;2020-09-11 23:59:59+00:00;2023-09-06 23:59:59+00:00;1091;0;0;True;True;True;True;False;False;True
4510365;2020-06-10 23:59:59+00:00;2021-01-08 23:59:59+00:00;210;0;0;True;False;False;True;False;True;True
115116;2018-11-02 23:59:59+00:00;2023-09-06 23:59:59+00:00;1329;0;0;False;True;True;False;False;False;False
888887;2022-06-18 23:59:59+00:00;2024-03-20 23:59:59+00:00;642;0;0;True;False;False;True;True;True;True
101836;2022-02-16 23:59:59+00:00;2024-03-20 23:59:59+00:00;764;0;0;True;False;False;True;False;True;True
1136774;2022-07-30 23:59:59+00:00;2024-03-20 23:59:59+00:00;600;0;0;True;False;False;True;True;True;True
128268;2020-08-08 23:59:59+00:00;2020-12-17 23:59:59+00:00;132;0;0;True;False;False;True;False;True;True
1131027;2022-08-23 23:59:59+00:00;2024-03-20 23:59:59+00:00;576;0;0;True;False;False;True;True;True;True
1207210;2021-08-05 23:59:59+00:00;2024-03-20 23:59:59+00:00;959;0;0;True;False;False;True;True;True;True
995696;2023-01-13 23:59:59+00:00;2024-03-20 23:59:59+00:00;433;0;0;True;False;False;True;False;True;True
978246;2019-03-02 23:59:59+00:00;2020-12-15 23:59:59+00:00;655;0;0;True;False;False;True;True;False;False
119788;2022-01-21 23:59:59+00:00;2024-03-20 23:59:59+00:00;790;0;0;True;False;False;True;True;True;True
108849;2019-03-02 23:59:59+00:00;2021-01-05 23:59:59+00:00;676;0;0;True;False;False;True;True;True;True
851171;2021-07-06 23:59:59+00:00;2024-03-20 23:59:59+00:00;989;0;0;True;False;False;True;False;True;True
8985109;2018-11-02 23:59:59+00:00;2024-03-20 23:59:59+00:00;1849;0;0;True;False;False;True;True;False;False
589839;2021-04-07 23:59:59+00:00;2023-09-05 23:59:59+00:00;882;0;0;False;True;False;False;False;False;False
1031097;2018-11-02 23:59:59+00:00;2020-08-04 23:59:59+00:00;642;0;0;True;False;False;True;False;False;False
122911;2022-12-09 23:59:59+00:00;2024-03-20 23:59:59+00:00;468;0;0;True;False;False;True;False;True;True
4646467;2020-10-26 23:59:59+00:00;2024-03-20 23:59:59+00:00;1240;0;0;True;False;False;True;False;True;True
788786;2021-11-18 23:59:59+00:00;2024-03-20 23:59:59+00:00;854;0;0;True;False;False;True;False;True;True
8498710;2020-12-19 23:59:59+00:00;2021-04-20 23:59:59+00:00;117;0;0;True;False;False;True;True;True;True
116861;2021-11-10 23:59:59+00:00;2024-03-20 23:59:59+00:00;862;0;0;True;False;False;True;False;True;True
121767;2019-03-02 23:59:59+00:00;2019-05-21 23:59:59+00:00;81;0;0;True;False;False;True;True;False;False
991816;2021-03-25 23:59:59+00:00;2021-03-26 23:59:59+00:00;2;0;0;True;False;False;True;True;True;True
761118;2022-06-24 23:59:59+00:00;2024-03-20 23:59:59+00:00;636;0;0;True;False;False;True;True;True;True
811031;2021-04-09 23:59:59+00:00;2024-03-19 23:59:59+00:00;1076;0;0;True;False;False;True;False;True;True
1088228;2018-11-02 23:59:59+00:00;2021-01-07 23:59:59+00:00;798;0;0;True;False;False;True;False;False;False
701161;2021-11-18 23:59:59+00:00;2024-03-20 23:59:59+00:00;854;0;0;True;False;False;True;False;True;True
847511;2021-04-17 23:59:59+00:00;2024-03-20 23:59:59+00:00;1069;0;0;False;True;False;False;False;False;False
672831;2020-06-03 23:59:59+00:00;2020-11-10 23:59:59+00:00;158;0;0;True;False;False;True;False;True;True
118657;2022-05-14 23:59:59+00:00;2024-03-20 23:59:59+00:00;677;0;0;True;False;False;True;False;True;True
676510;2018-11-02 23:59:59+00:00;2020-08-04 23:59:59+00:00;642;0;0;True;False;False;True;False;False;False
738870;2022-02-08 23:59:59+00:00;2024-03-20 23:59:59+00:00;772;0;0;True;False;False;True;False;True;True
114119;2021-03-09 23:59:59+00:00;2024-03-16 23:59:59+00:00;1104;0;0;True;False;False;True;False;True;True
1168069;2019-04-23 23:59:59+00:00;2020-12-15 23:59:59+00:00;603;0;0;True;False;False;True;True;False;False
9812028;2021-12-23 23:59:59+00:00;2024-03-20 23:59:59+00:00;798;0;0;True;False;False;True;False;False;False
787072;2020-09-17 23:59:59+00:00;2021-01-22 23:59:59+00:00;126;0;0;True;False;False;True;True;True;True
5657284;2018-11-02 23:59:59+00:00;2019-12-21 23:59:59+00:00;415;0;0;True;True;True;True;False;False;False
737969;2019-03-02 23:59:59+00:00;2021-04-05 23:59:59+00:00;170;0;0;True;False;False;True;False;False;False
6868115;2022-05-16 23:59:59+00:00;2024-03-20 23:59:59+00:00;675;0;0;True;False;False;True;True;True;True
711038;2021-06-03 23:59:59+00:00;2024-03-20 23:59:59+00:00;1022;0;0;True;False;False;True;True;True;True
741169;2021-07-29 23:59:59+00:00;2024-03-20 23:59:59+00:00;966;0;0;True;False;False;True;False;False;False
103115;2021-11-17 23:59:59+00:00;2024-03-20 23:59:59+00:00;855;0;0;True;False;False;True;False;True;True
1158626;2021-11-01 23:59:59+00:00;2023-09-06 23:59:59+00:00;675;0;0;True;False;False;True;True;False;False
120901;2021-04-01 23:59:59+00:00;2024-03-20 23:59:59+00:00;1085;0;0;True;False;False;True;False;True;True
878482;2018-11-02 23:59:59+00:00;2020-12-16 23:59:59+00:00;776;0;0;True;False;False;True;False;False;False
978482;2020-12-03 23:59:59+00:00;2021-01-29 23:59:59+00:00;56;0;0;True;False;False;True;False;True;True
7311879;2021-11-04 23:59:59+00:00;2024-03-20 23:59:59+00:00;868;0;0;True;False;False;True;False;True;True
9383109;2020-08-06 23:59:59+00:00;2024-03-20 23:59:59+00:00;1319;0;0;True;False;False;True;False;True;True
104848;2019-03-02 23:59:59+00:00;2021-01-04 23:59:59+00:00;675;0;0;True;False;False;True;True;False;False
978870;2021-04-30 23:59:59+00:00;2024-03-20 23:59:59+00:00;1056;0;0;True;False;False;True;False;True;True
896771;2020-07-10 23:59:59+00:00;2024-03-20 23:59:59+00:00;1345;0;0;True;False;False;True;True;True;True
8611006;2021-10-02 23:59:59+00:00;2024-03-20 23:59:59+00:00;897;0;0;True;False;False;True;False;False;False
114118;2021-03-26 23:59:59+00:00;2024-03-20 23:59:59+00:00;1091;0;0;True;False;False;True;True;True;True
382698;2021-07-23 23:59:59+00:00;2024-03-20 23:59:59+00:00;972;0;0;True;False;False;True;True;False;False
869799;2021-10-11 23:59:59+00:00;2022-01-12 23:59:59+00:00;94;0;0;True;False;False;True;True;False;False
7190105;2018-11-02 23:59:59+00:00;2024-03-20 23:59:59+00:00;1927;0;0;True;False;False;True;True;False;False
8410411;2022-01-26 23:59:59+00:00;2024-03-20 23:59:59+00:00;785;0;0;True;False;False;True;True;True;True
8910098;2021-09-16 23:59:59+00:00;2024-03-20 23:59:59+00:00;917;0;0;True;False;False;True;False;True;True
8272971;2018-11-02 23:59:59+00:00;2024-03-20 23:59:59+00:00;1910;0;0;True;False;False;True;False;False;False
838501;2021-11-04 23:59:59+00:00;2024-03-20 23:59:59+00:00;868;0;0;True;False;False;True;True;True;True
661051;2022-01-27 23:59:59+00:00;2024-03-20 23:59:59+00:00;784;0;0;True;False;False;True;False;True;True
6584119;2019-03-02 23:59:59+00:00;2020-12-17 23:59:59+00:00;657;0;0;True;False;False;True;True;False;False
111114;2020-08-12 23:59:59+00:00;2021-04-13 23:59:59+00:00;242;0;0;True;False;False;True;False;True;True
7574841;2022-03-16 23:59:59+00:00;2024-03-20 23:59:59+00:00;736;0;0;True;False;False;True;False;True;True
741222;2021-08-12 23:59:59+00:00;2024-03-06 23:59:59+00:00;938;0;0;True;False;False;True;True;True;True
6611384;2022-06-03 23:59:59+00:00;2024-03-20 23:59:59+00:00;657;0;0;True;False;False;True;False;True;True
598510;2020-10-07 23:59:59+00:00;2024-03-20 23:59:59+00:00;1243;0;0;True;False;False;True;True;True;True
848810;2019-03-02 23:59:59+00:00;2024-03-20 23:59:59+00:00;1846;0;0;True;False;False;True;True;False;False
661119;2021-01-09 23:59:59+00:00;2024-03-20 23:59:59+00:00;1164;0;0;True;False;False;True;True;True;True
8410565;2018-11-23 23:59:59+00:00;2020-04-10 23:59:59+00:00;505;0;0;True;False;False;True;True;False;False
661131;2022-01-03 23:59:59+00:00;2024-03-20 23:59:59+00:00;808;0;0;True;False;False;True;True;True;True
111841;2019-02-09 23:59:59+00:00;2023-09-06 23:59:59+00:00;1671;0;0;True;True;True;True;False;True;True
871061;2018-11-02 23:59:59+00:00;2020-12-17 23:59:59+00:00;777;0;0;True;False;False;True;False;False;False
6816582;2022-05-04 23:59:59+00:00;2024-03-20 23:59:59+00:00;687;0;0;True;False;False;True;True;False;False
101105;2021-07-08 23:59:59+00:00;2024-03-20 23:59:59+00:00;987;0;0;True;False;False;True;True;False;False
724690;2020-08-27 23:59:59+00:00;2023-09-06 23:59:59+00:00;1104;0;0;True;True;True;True;False;False;True
118468;2022-11-25 23:59:59+00:00;2024-03-20 23:59:59+00:00;482;0;0;True;False;False;True;False;False;False
787675;2021-09-15 23:59:59+00:00;2022-09-12 23:59:59+00:00;363;0;0;True;False;False;True;False;False;False
7085118;2021-12-14 23:59:59+00:00;2024-03-20 23:59:59+00:00;828;0;0;True;False;False;True;False;True;True
120120;2021-09-03 23:59:59+00:00;2022-05-26 23:59:59+00:00;266;0;0;True;False;False;True;False;False;False
716811;2018-11-02 23:59:59+00:00;2020-05-13 23:59:59+00:00;559;0;0;False;True;False;False;False;False;False
856810;2019-10-15 23:59:59+00:00;2019-10-21 23:59:59+00:00;7;0;0;True;False;False;True;True;True;True
1177982;2020-04-29 23:59:59+00:00;2021-01-04 23:59:59+00:00;248;0;0;True;False;False;True;False;True;True
8811970;2021-09-24 23:59:59+00:00;2021-10-20 23:59:59+00:00;27;0;0;True;False;False;True;False;False;False
721067;2021-05-06 23:59:59+00:00;2024-03-20 23:59:59+00:00;1050;0;0;True;False;False;True;False;True;True
1158778;2021-01-20 23:59:59+00:00;2024-03-20 23:59:59+00:00;1156;0;0;True;False;False;True;True;True;True
748012;2022-12-16 23:59:59+00:00;2024-03-20 23:59:59+00:00;461;0;0;True;False;False;True;False;True;True
101891;2022-02-08 23:59:59+00:00;2024-03-20 23:59:59+00:00;772;0;0;True;False;False;True;True;True;True
110750;2023-01-21 23:59:59+00:00;2024-03-20 23:59:59+00:00;425;0;0;True;False;False;True;True;True;True
707711;2021-11-25 23:59:59+00:00;2024-03-20 23:59:59+00:00;847;0;0;True;False;False;True;True;True;True
901037;2022-07-28 23:59:59+00:00;2024-03-20 23:59:59+00:00;602;0;0;True;False;False;True;False;True;True
6810697;2020-12-07 23:59:59+00:00;2021-03-18 23:59:59+00:00;102;0;0;True;False;False;True;True;True;True
107210;2019-03-08 23:59:59+00:00;2023-09-06 23:59:59+00:00;1642;0;0;True;True;True;True;False;True;True
468811;2022-03-05 23:59:59+00:00;2022-08-22 23:59:59+00:00;171;0;0;True;False;False;True;False;False;False
757481;2022-12-14 23:59:59+00:00;2024-03-20 23:59:59+00:00;463;0;0;True;False;False;True;True;True;True
887911;2020-09-04 23:59:59+00:00;2021-01-28 23:59:59+00:00;145;0;0;True;False;False;True;False;True;True
466627;2022-05-10 23:59:59+00:00;2024-03-20 23:59:59+00:00;681;0;0;True;False;False;True;False;False;False
3699704;2022-04-19 23:59:59+00:00;2024-03-20 23:59:59+00:00;701;0;0;True;False;False;True;False;True;True
801209;2022-05-03 23:59:59+00:00;2024-03-20 23:59:59+00:00;688;0;0;True;False;False;True;False;True;True
654611;2020-11-23 23:59:59+00:00;2021-01-07 23:59:59+00:00;46;0;0;True;False;False;True;True;True;True
378118;2019-03-02 23:59:59+00:00;2020-12-17 23:59:59+00:00;657;0;0;True;False;False;True;True;False;False
828710;2020-04-24 23:59:59+00:00;2020-05-07 23:59:59+00:00;14;0;0;True;False;False;True;True;True;True
512011;2020-05-19 23:59:59+00:00;2021-01-28 23:59:59+00:00;252;0;0;True;False;False;True;False;True;True
1121132;2022-08-11 23:59:59+00:00;2024-03-20 23:59:59+00:00;588;0;0;True;False;False;True;False;True;True
876122;2021-09-16 23:59:59+00:00;2024-03-20 23:59:59+00:00;917;0;0;True;False;False;True;False;True;True
981227;2022-12-08 23:59:59+00:00;2024-03-20 23:59:59+00:00;469;0;0;True;False;False;True;False;True;True
7411611;2021-04-08 23:59:59+00:00;2024-03-20 23:59:59+00:00;1078;0;0;True;False;False;True;False;True;True
102778;2021-01-27 23:59:59+00:00;2024-03-20 23:59:59+00:00;1149;0;0;True;False;False;True;False;True;True
105771;2019-03-02 23:59:59+00:00;2021-01-06 23:59:59+00:00;677;0;0;True;False;False;True;True;False;False
4115111;2023-03-03 23:59:59+00:00;2024-03-20 23:59:59+00:00;384;0;0;True;False;False;True;True;True;True
112796;2020-10-28 23:59:59+00:00;2024-03-18 23:59:59+00:00;570;0;0;True;False;False;True;True;True;True
312074;2020-08-27 23:59:59+00:00;2023-09-06 23:59:59+00:00;1104;0;0;True;True;True;True;False;False;True
567115;2022-01-24 23:59:59+00:00;2024-03-20 23:59:59+00:00;787;0;0;True;False;False;True;True;False;False
103102;2019-03-02 23:59:59+00:00;2021-01-04 23:59:59+00:00;675;0;0;True;False;False;True;True;False;False
1045107;2023-01-24 23:59:59+00:00;2024-03-20 23:59:59+00:00;422;0;0;True;False;False;True;True;True;True
8382841;2021-01-23 23:59:59+00:00;2024-03-20 23:59:59+00:00;1153;0;0;True;False;False;True;False;True;True
771094;2022-06-07 23:59:59+00:00;2024-03-20 23:59:59+00:00;653;0;0;True;False;False;True;True;True;True
1206911;2021-12-04 23:59:59+00:00;2024-03-20 23:59:59+00:00;838;0;0;True;False;False;True;False;True;True
8410610;2019-03-02 23:59:59+00:00;2024-03-20 23:59:59+00:00;1344;0;0;True;False;False;True;True;False;False
743973;2020-10-17 23:59:59+00:00;2021-01-07 23:59:59+00:00;83;0;0;False;True;False;False;False;False;False
4610233;2023-03-16 23:59:59+00:00;2024-03-20 23:59:59+00:00;371;0;0;True;False;False;True;True;True;True
118721;2021-04-28 23:59:59+00:00;2024-03-20 23:59:59+00:00;1058;0;0;True;False;False;True;True;True;True
113106;2021-08-16 23:59:59+00:00;2024-03-20 23:59:59+00:00;826;0;0;True;False;False;True;True;True;True
7411610;2022-12-06 23:59:59+00:00;2024-03-20 23:59:59+00:00;471;0;0;True;False;False;True;False;True;True
700484;2020-11-27 23:59:59+00:00;2024-03-20 23:59:59+00:00;1208;0;0;True;False;False;True;False;True;True
100768;2021-11-17 23:59:59+00:00;2024-03-20 23:59:59+00:00;855;0;0;True;False;False;True;True;True;True
681039;2019-03-02 23:59:59+00:00;2024-03-20 23:59:59+00:00;1150;0;0;True;False;False;True;True;False;False
116122;2019-03-02 23:59:59+00:00;2024-03-20 23:59:59+00:00;1781;0;0;True;False;False;True;True;False;False
781011;2020-09-29 23:59:59+00:00;2021-03-29 23:59:59+00:00;180;0;0;True;False;False;True;False;True;True
768116;2020-07-15 23:59:59+00:00;2021-01-22 23:59:59+00:00;192;0;0;True;False;False;True;True;True;True
689115;2021-12-04 23:59:59+00:00;2024-03-20 23:59:59+00:00;835;0;0;True;False;False;True;True;True;True
411684;2021-09-10 23:59:59+00:00;2024-03-20 23:59:59+00:00;923;0;0;True;False;False;True;True;True;True
651224;2020-09-10 23:59:59+00:00;2024-03-20 23:59:59+00:00;1286;0;0;True;False;False;True;True;True;True
428987;2020-12-03 23:59:59+00:00;2021-09-25 23:59:59+00:00;297;0;0;True;False;False;True;False;True;True
112807;2022-08-24 23:59:59+00:00;2024-03-20 23:59:59+00:00;575;0;0;True;False;False;True;False;True;True
789854;2022-02-26 23:59:59+00:00;2024-03-20 23:59:59+00:00;754;0;0;True;False;False;True;False;True;True
689878;2021-09-21 23:59:59+00:00;2024-03-20 23:59:59+00:00;912;0;0;True;False;False;True;False;False;False
212111;2020-08-19 23:59:59+00:00;2021-01-23 23:59:59+00:00;155;0;0;True;False;False;True;True;True;True
7809983;2022-09-28 23:59:59+00:00;2024-03-20 23:59:59+00:00;540;0;0;True;False;False;True;True;True;True
710297;2022-07-02 23:59:59+00:00;2024-03-20 23:59:59+00:00;628;0;0;True;False;False;True;True;True;True
686587;2018-11-02 23:59:59+00:00;2020-12-17 23:59:59+00:00;777;0;0;True;False;False;True;False;False;False
678103;2019-05-23 23:59:59+00:00;2020-12-16 23:59:59+00:00;574;0;0;True;False;False;True;True;False;False
676890;2020-09-18 23:59:59+00:00;2021-01-08 23:59:59+00:00;113;0;0;True;False;False;True;False;True;True
667989;2022-03-02 23:59:59+00:00;2024-03-20 23:59:59+00:00;750;0;0;True;False;False;True;False;True;True
101102;2022-02-16 23:59:59+00:00;2024-03-20 23:59:59+00:00;764;0;0;True;False;False;True;False;True;True
1148546;2021-02-13 23:59:59+00:00;2024-03-20 23:59:59+00:00;1132;0;0;True;False;False;True;True;True;True
970807;2021-09-18 23:59:59+00:00;2023-09-06 23:59:59+00:00;719;0;0;True;True;True;True;False;False;True
611610;2019-03-02 23:59:59+00:00;2021-01-06 23:59:59+00:00;677;0;0;True;False;False;True;True;False;False
8882112;2022-08-19 23:59:59+00:00;2024-03-20 23:59:59+00:00;580;0;0;True;False;False;True;False;True;True
758210;2022-04-27 23:59:59+00:00;2024-03-20 23:59:59+00:00;694;0;0;True;False;False;True;False;True;True
119771;2021-05-28 23:59:59+00:00;2024-03-20 23:59:59+00:00;1028;0;0;True;False;False;True;False;True;True
7836781;2021-01-29 23:59:59+00:00;2024-03-20 23:59:59+00:00;915;0;0;True;False;False;True;True;True;True
6910490;2018-11-02 23:59:59+00:00;2020-02-15 23:59:59+00:00;471;0;0;True;False;False;True;False;False;False
100778;2022-04-14 23:59:59+00:00;2024-03-20 23:59:59+00:00;707;0;0;True;False;False;True;False;True;True
9894115;2020-09-22 23:59:59+00:00;2024-03-20 23:59:59+00:00;1269;0;0;True;False;False;True;True;False;False
754628;2022-11-09 23:59:59+00:00;2024-03-20 23:59:59+00:00;498;0;0;True;False;False;True;False;True;True
8070101;2019-03-02 23:59:59+00:00;2020-12-23 23:59:59+00:00;663;0;0;True;False;False;True;False;False;False
113116;2022-03-29 23:59:59+00:00;2024-03-20 23:59:59+00:00;723;0;0;True;False;False;True;True;True;True
1091151;2020-06-16 23:59:59+00:00;2024-03-20 23:59:59+00:00;1369;0;0;True;False;False;True;False;True;True
891031;2021-08-05 23:59:59+00:00;2022-09-14 23:59:59+00:00;406;0;0;True;False;False;True;True;False;False
7115691;2021-11-03 23:59:59+00:00;2024-03-20 23:59:59+00:00;869;0;0;True;False;False;True;True;True;True
110806;2022-08-24 23:59:59+00:00;2024-03-20 23:59:59+00:00;575;0;0;True;False;False;True;True;True;True
566597;2020-05-29 23:59:59+00:00;2021-01-08 23:59:59+00:00;222;0;0;True;False;False;True;False;True;True
1158812;2021-12-04 23:59:59+00:00;2024-03-20 23:59:59+00:00;838;0;0;True;False;False;True;True;True;True
1118211;2022-05-05 23:59:59+00:00;2024-03-20 23:59:59+00:00;686;0;0;True;False;False;True;True;True;True
6873269;2022-11-08 23:59:59+00:00;2024-03-20 23:59:59+00:00;499;0;0;True;False;False;True;False;True;True
1018211;2019-03-02 23:59:59+00:00;2021-01-06 23:59:59+00:00;674;0;0;True;False;False;True;True;False;False
881020;2019-03-02 23:59:59+00:00;2024-03-20 23:59:59+00:00;1826;0;0;True;False;False;True;True;True;True
2808310;2019-03-29 23:59:59+00:00;2024-03-20 23:59:59+00:00;1819;0;0;True;False;False;True;False;True;True
851017;2021-04-08 23:59:59+00:00;2021-09-25 23:59:59+00:00;171;0;0;True;False;False;True;True;True;True
1061088;2021-11-17 23:59:59+00:00;2024-03-20 23:59:59+00:00;855;0;0;True;False;False;True;False;True;True
687075;2018-11-02 23:59:59+00:00;2020-12-17 23:59:59+00:00;777;0;0;True;False;False;True;False;False;False
691171;2023-04-25 23:59:59+00:00;2024-03-20 23:59:59+00:00;331;0;0;True;False;False;True;True;True;True
1077199;2022-11-09 23:59:59+00:00;2024-03-20 23:59:59+00:00;498;0;0;True;False;False;True;True;True;True
103106;2022-02-23 23:59:59+00:00;2024-03-20 23:59:59+00:00;757;0;0;True;False;False;True;True;False;False
621117;2020-11-26 23:59:59+00:00;2021-01-08 23:59:59+00:00;44;0;0;True;False;False;True;False;True;True
210129;2021-07-03 23:59:59+00:00;2021-11-17 23:59:59+00:00;138;0;0;True;False;False;True;False;False;False
887646;2020-12-10 23:59:59+00:00;2021-01-07 23:59:59+00:00;29;0;0;True;False;False;True;True;True;True
651157;2022-11-21 23:59:59+00:00;2024-03-20 23:59:59+00:00;486;0;0;True;False;False;True;True;True;True
211790;2021-02-10 23:59:59+00:00;2021-02-12 23:59:59+00:00;3;0;0;True;False;False;True;False;True;True
701006;2019-03-27 23:59:59+00:00;2023-09-06 23:59:59+00:00;1622;0;0;True;True;True;True;False;True;True
8611772;2023-07-29 23:59:59+00:00;2024-03-20 23:59:59+00:00;236;0;0;True;False;False;True;True;True;True
7390756;2020-12-05 23:59:59+00:00;2024-03-20 23:59:59+00:00;1200;0;0;True;False;False;True;False;True;True
7482109;2022-11-29 23:59:59+00:00;2024-03-20 23:59:59+00:00;478;0;0;True;False;False;True;False;True;True
118122;2021-04-01 23:59:59+00:00;2024-03-20 23:59:59+00:00;1083;0;0;True;False;False;True;False;True;True
1121081;2022-01-27 23:59:59+00:00;2024-03-20 23:59:59+00:00;784;0;0;True;False;False;True;True;True;True
766880;2020-08-27 23:59:59+00:00;2024-03-20 23:59:59+00:00;1300;0;0;True;False;False;True;False;True;True
1211111;2019-03-02 23:59:59+00:00;2019-12-02 23:59:59+00:00;276;0;0;True;False;False;True;False;False;False
6118658;2022-04-01 23:59:59+00:00;2024-03-20 23:59:59+00:00;720;0;0;True;False;False;True;False;False;False
664701;2019-03-02 23:59:59+00:00;2020-12-15 23:59:59+00:00;655;0;0;True;False;False;True;False;False;False
1077210;2018-11-02 23:59:59+00:00;2020-12-24 23:59:59+00:00;784;0;0;True;False;False;True;False;False;False
106122;2018-11-02 23:59:59+00:00;2020-11-02 23:59:59+00:00;732;0;0;True;False;False;True;False;False;False
110998;2020-11-19 23:59:59+00:00;2024-03-20 23:59:59+00:00;1216;0;0;True;False;False;True;False;True;True
767977;2020-04-28 23:59:59+00:00;2020-12-17 23:59:59+00:00;231;0;0;True;False;False;True;False;True;True
467071;2020-05-21 23:59:59+00:00;2024-03-20 23:59:59+00:00;1397;0;0;True;False;False;True;False;True;True
877172;2019-12-14 23:59:59+00:00;2024-03-20 23:59:59+00:00;1535;0;0;True;False;False;True;False;False;False
7873786;2019-06-13 23:59:59+00:00;2020-12-17 23:59:59+00:00;554;0;0;True;False;False;True;True;True;True
861048;2022-12-09 23:59:59+00:00;2024-03-20 23:59:59+00:00;468;0;0;True;False;False;True;True;True;True
8766671;2020-11-11 23:59:59+00:00;2024-03-20 23:59:59+00:00;1224;0;0;True;False;False;True;False;True;True
106691;2020-05-05 23:59:59+00:00;2024-03-20 23:59:59+00:00;1411;0;0;True;False;False;True;False;True;True
6687651;2022-03-18 23:59:59+00:00;2024-03-20 23:59:59+00:00;734;0;0;True;False;False;True;False;True;True
9975101;2022-05-03 23:59:59+00:00;2024-03-20 23:59:59+00:00;688;0;0;True;False;False;True;True;True;True
120871;2022-12-14 23:59:59+00:00;2024-03-20 23:59:59+00:00;463;0;0;True;False;False;True;True;True;True
101101;2020-11-19 23:59:59+00:00;2021-04-05 23:59:59+00:00;136;0;0;True;False;False;True;False;True;True
1101151;2022-01-28 23:59:59+00:00;2024-03-20 23:59:59+00:00;783;0;0;True;False;False;True;True;True;True
7296899;2022-04-29 23:59:59+00:00;2023-09-06 23:59:59+00:00;496;0;0;True;True;True;True;False;True;True
1081779;2021-01-26 23:59:59+00:00;2024-03-20 23:59:59+00:00;1150;0;0;True;False;False;True;False;True;True
731058;2023-04-15 23:59:59+00:00;2024-03-20 23:59:59+00:00;341;0;0;True;False;False;True;True;True;True
828110;2020-11-26 23:59:59+00:00;2021-01-07 23:59:59+00:00;43;0;0;True;False;False;True;False;True;True
116858;2022-03-10 23:59:59+00:00;2024-03-20 23:59:59+00:00;742;0;0;True;False;False;True;True;False;False
8611610;2018-11-02 23:59:59+00:00;2021-01-05 23:59:59+00:00;762;0;0;True;False;False;True;False;False;False
746575;2019-03-02 23:59:59+00:00;2021-01-22 23:59:59+00:00;693;0;0;True;False;False;True;True;False;False
7211510;2020-06-03 23:59:59+00:00;2021-01-08 23:59:59+00:00;216;0;0;True;False;False;True;False;True;True
114732;2020-10-16 23:59:59+00:00;2024-03-20 23:59:59+00:00;1252;0;0;True;False;False;True;False;True;True
508846;2019-03-02 23:59:59+00:00;2021-01-06 23:59:59+00:00;677;0;0;True;False;False;True;True;False;False
7899997;2019-03-05 23:59:59+00:00;2024-03-20 23:59:59+00:00;1665;0;0;True;False;False;True;True;False;False
6911148;2022-05-06 23:59:59+00:00;2022-05-10 23:59:59+00:00;5;0;0;True;False;False;True;True;False;False
677179;2021-11-25 23:59:59+00:00;2024-03-20 23:59:59+00:00;847;0;0;True;False;False;True;True;True;True
8175708;2022-09-29 23:59:59+00:00;2024-03-20 23:59:59+00:00;539;0;0;True;False;False;True;False;True;True
8877761;2022-05-05 23:59:59+00:00;2024-03-20 23:59:59+00:00;686;0;0;True;False;False;True;True;True;True
107821;2023-02-24 23:59:59+00:00;2024-03-20 23:59:59+00:00;391;0;0;True;False;False;True;True;True;True
110385;2021-11-30 23:59:59+00:00;2024-03-20 23:59:59+00:00;842;0;0;True;False;False;True;True;True;True
9871788;2021-06-01 23:59:59+00:00;2024-03-20 23:59:59+00:00;1024;0;0;True;False;False;True;True;True;True
810510;2020-07-16 23:59:59+00:00;2021-01-21 23:59:59+00:00;190;0;0;True;False;False;True;True;True;True
1167377;2020-12-16 23:59:59+00:00;2021-01-07 23:59:59+00:00;23;0;0;True;False;False;True;False;True;True
766510;2020-08-08 23:59:59+00:00;2020-12-19 23:59:59+00:00;134;0;0;True;False;False;True;False;True;True
826511;2020-11-17 23:59:59+00:00;2024-03-20 23:59:59+00:00;1218;0;0;True;False;False;True;False;True;True
8486107;2022-07-12 23:59:59+00:00;2024-03-20 23:59:59+00:00;618;0;0;True;False;False;True;True;True;True
7846661;2022-11-09 23:59:59+00:00;2024-03-20 23:59:59+00:00;498;0;0;True;False;False;True;False;True;True
8785461;2019-11-21 23:59:59+00:00;2024-03-20 23:59:59+00:00;1522;0;0;True;False;False;True;False;False;False
101707;2019-09-04 23:59:59+00:00;2024-03-20 23:59:59+00:00;1655;0;0;True;False;False;True;False;True;True
881037;2021-01-26 23:59:59+00:00;2024-03-20 23:59:59+00:00;1150;0;0;True;False;False;True;False;True;True
9831192;2018-11-02 23:59:59+00:00;2021-01-05 23:59:59+00:00;796;0;0;True;False;False;True;False;False;False
687711;2021-09-10 23:59:59+00:00;2021-12-31 23:59:59+00:00;113;0;0;True;False;False;True;False;True;True
777384;2021-04-24 23:59:59+00:00;2024-03-20 23:59:59+00:00;1062;0;0;True;False;False;True;True;False;False
711001;2022-09-26 23:59:59+00:00;2024-03-20 23:59:59+00:00;542;0;0;True;False;False;True;False;True;True
785107;2018-11-02 23:59:59+00:00;2021-01-05 23:59:59+00:00;796;0;0;True;False;False;True;False;False;False
827183;2022-06-14 23:59:59+00:00;2024-03-20 23:59:59+00:00;646;0;0;True;False;False;True;False;False;False
881022;2023-01-19 23:59:59+00:00;2024-03-20 23:59:59+00:00;427;0;0;True;False;False;True;True;True;True
707110;2022-03-04 23:59:59+00:00;2024-03-20 23:59:59+00:00;748;0;0;True;False;False;True;False;True;True
847111;2022-10-28 23:59:59+00:00;2024-03-20 23:59:59+00:00;510;0;0;True;False;False;True;True;True;True
1011223;2018-11-02 23:59:59+00:00;2021-04-05 23:59:59+00:00;886;0;0;True;False;False;True;False;False;False
801178;2019-03-02 23:59:59+00:00;2020-11-24 23:59:59+00:00;634;0;0;True;False;False;True;True;False;False
107377;2021-09-07 23:59:59+00:00;2024-03-20 23:59:59+00:00;926;0;0;True;False;False;True;False;False;False
103105;2018-11-02 23:59:59+00:00;2020-12-18 23:59:59+00:00;778;0;0;True;False;False;True;False;False;False
446889;2018-11-02 23:59:59+00:00;2019-03-14 23:59:59+00:00;133;0;0;True;False;False;True;False;False;False
977777;2022-03-18 23:59:59+00:00;2022-08-22 23:59:59+00:00;158;0;0;True;False;False;True;False;False;False
110810;2023-02-23 23:59:59+00:00;2024-03-20 23:59:59+00:00;392;0;0;True;False;False;True;True;True;True
6975801;2022-05-14 23:59:59+00:00;2024-03-20 23:59:59+00:00;677;0;0;True;False;False;True;True;True;True
122108;2022-02-18 23:59:59+00:00;2024-03-20 23:59:59+00:00;762;0;0;True;False;False;True;False;True;True
1161061;2020-04-08 23:59:59+00:00;2020-12-25 23:59:59+00:00;259;0;0;True;False;False;True;False;False;False
681177;2022-01-14 23:59:59+00:00;2024-03-20 23:59:59+00:00;797;0;0;True;False;False;True;True;False;False
8511911;2018-11-02 23:59:59+00:00;2021-01-20 23:59:59+00:00;811;0;0;True;False;False;True;False;False;False
1128878;2022-02-24 23:59:59+00:00;2024-03-20 23:59:59+00:00;756;0;0;True;False;False;True;False;True;True
699710;2022-04-14 23:59:59+00:00;2024-03-20 23:59:59+00:00;707;0;0;True;False;False;True;True;True;True
8469114;2020-09-14 23:59:59+00:00;2021-01-22 23:59:59+00:00;131;0;0;True;False;False;True;True;True;True
710861;2020-12-18 23:59:59+00:00;2024-03-20 23:59:59+00:00;1189;0;0;True;False;False;True;True;True;True
1189907;2019-11-01 23:59:59+00:00;2020-08-25 23:59:59+00:00;296;0;0;True;False;False;True;False;True;True
781771;2020-08-03 23:59:59+00:00;2020-12-15 23:59:59+00:00;135;0;0;True;False;False;True;True;False;False
384398;2022-10-27 23:59:59+00:00;2024-03-20 23:59:59+00:00;511;0;0;True;False;False;True;True;False;False
857712;2018-11-02 23:59:59+00:00;2019-11-03 23:59:59+00:00;367;0;0;True;False;False;True;False;False;False
701171;2020-08-04 23:59:59+00:00;2020-12-17 23:59:59+00:00;136;0;0;True;False;False;True;False;True;True
1007079;2021-02-05 23:59:59+00:00;2024-03-20 23:59:59+00:00;1140;0;0;True;False;False;True;False;True;True
8710527;2021-02-20 23:59:59+00:00;2021-03-05 23:59:59+00:00;14;0;0;True;False;False;True;True;True;True
8011310;2018-11-02 23:59:59+00:00;2020-12-25 23:59:59+00:00;785;0;0;False;True;False;False;False;False;False
1121096;2022-11-02 23:59:59+00:00;2024-03-20 23:59:59+00:00;505;0;0;True;False;False;True;False;False;False
173794;2022-07-29 23:59:59+00:00;2023-09-06 23:59:59+00:00;405;0;0;True;True;True;True;False;True;True
867612;2021-06-01 23:59:59+00:00;2024-03-20 23:59:59+00:00;1024;0;0;True;False;False;True;False;True;True
9770887;2019-12-17 23:59:59+00:00;2024-03-20 23:59:59+00:00;1553;0;0;True;False;False;True;False;False;False
1011196;2021-12-07 23:59:59+00:00;2024-03-20 23:59:59+00:00;835;0;0;True;False;False;True;False;True;True
681201;2018-11-02 23:59:59+00:00;2019-07-06 23:59:59+00:00;247;0;0;True;False;False;True;False;False;False
1151001;2021-11-25 23:59:59+00:00;2024-03-20 23:59:59+00:00;839;0;0;True;False;False;True;True;True;True
117010;2019-12-04 23:59:59+00:00;2024-03-20 23:59:59+00:00;1564;0;0;True;False;False;True;False;False;False
467072;2022-02-22 23:59:59+00:00;2024-03-20 23:59:59+00:00;758;0;0;True;False;False;True;False;True;True
106109;2018-11-02 23:59:59+00:00;2020-10-15 23:59:59+00:00;714;0;0;True;False;False;True;False;True;True
1201117;2019-03-02 23:59:59+00:00;2019-03-03 23:59:59+00:00;2;0;0;True;False;False;True;True;False;False
1156791;2018-11-02 23:59:59+00:00;2020-12-17 23:59:59+00:00;777;0;0;True;False;False;True;False;False;False
861061;2020-11-07 23:59:59+00:00;2024-03-20 23:59:59+00:00;1230;0;0;True;False;False;True;False;True;True
5858421;2018-11-02 23:59:59+00:00;2020-05-08 23:59:59+00:00;554;0;0;True;False;False;True;False;False;False
819694;2022-07-22 23:59:59+00:00;2024-03-20 23:59:59+00:00;608;0;0;True;False;False;True;False;True;True
1149841;2018-11-02 23:59:59+00:00;2020-12-16 23:59:59+00:00;776;0;0;True;False;False;True;False;False;False
